epoch,sample_id,mode,switch_frame,target_frames,generated_frames,length_ratio,mean_accuracy,q0_accuracy,residual_accuracy,per_q_accuracy,first_incorrect_frame,first_q0_incorrect_frame
6,ulsan_000006,normal_ar,0,48,31,0.6458333333333334,0.010080644860863686,0.032258063554763794,0.008602150281270345,"[0.032258063554763794, 0.0, 0.0, 0.032258063554763794, 0.032258063554763794, 0.0, 0.0, 0.032258063554763794, 0.0, 0.032258063554763794, 0.0, 0.0, 0.0, 0.0, 0.0, 0.0]",0,1
6,ulsan_000006,forced_gt_length,0,48,48,1.0,0.006510416860692203,0.02083333395421505,0.005555555721124013,"[0.02083333395421505, 0.0, 0.0, 0.02083333395421505, 0.02083333395421505, 0.0, 0.0, 0.02083333395421505, 0.0, 0.02083333395421505, 0.0, 0.0, 0.0, 0.0, 0.0, 0.0]",0,1
6,ulsan_000006,switch_rollout,12,48,48,1.0,0.019531249883584678,0.1458333283662796,0.011111111318071683,"[0.1458333283662796, 0.02083333395421505, 0.02083333395421505, 0.0, 0.0416666679084301, 0.0, 0.0, 0.02083333395421505, 0.0, 0.0, 0.0, 0.0625, 0.0, 0.0, 0.0, 0.0]",0,3
6,ulsan_000006,switch_rollout,24,48,48,1.0,0.016927083604969084,0.125,0.009722222511967023,"[0.125, 0.0416666679084301, 0.02083333395421505, 0.0, 0.02083333395421505, 0.02083333395421505, 0.0, 0.0, 0.0, 0.0, 0.0, 0.02083333395421505, 0.0, 0.02083333395421505, 0.0, 0.0]",0,3
6,ulsan_000006,switch_rollout,38,48,48,1.0,0.02343750069849193,0.1666666716337204,0.013888889302810034,"[0.1666666716337204, 0.0416666679084301, 0.0416666679084301, 0.02083333395421505, 0.02083333395421505, 0.02083333395421505, 0.0, 0.0, 0.0, 0.02083333395421505, 0.0, 0.02083333395421505, 0.0, 0.02083333395421505, 0.0, 0.0]",0,3
6,ulsan_000006,teacher_forced,-1,48,48,1.0,0.05989583348855376,0.1875,0.05138888905445735,"[0.1875, 0.125, 0.0833333358168602, 0.1041666641831398, 0.1041666641831398, 0.0416666679084301, 0.0625, 0.0625, 0.0, 0.02083333395421505, 0.02083333395421505, 0.0416666679084301, 0.02083333395421505, 0.02083333395421505, 0.0625, 0.0]",0,3
6,ulsan_000429,normal_ar,0,14,18,1.2857142857142858,0.013392857741564512,0.1428571492433548,0.004761904974778493,"[0.1428571492433548, 0.0, 0.0, 0.0, 0.0714285746216774, 0.0, 0.0, 0.0, 0.0, 0.0, 0.0, 0.0, 0.0, 0.0, 0.0, 0.0]",0,2
6,ulsan_000429,forced_gt_length,0,14,14,1.0,0.013392857741564512,0.1428571492433548,0.004761904974778493,"[0.1428571492433548, 0.0, 0.0, 0.0, 0.0714285746216774, 0.0, 0.0, 0.0, 0.0, 0.0, 0.0, 0.0, 0.0, 0.0, 0.0, 0.0]",0,2
6,ulsan_000429,switch_rollout,3,14,14,1.0,0.013392857741564512,0.1428571492433548,0.004761904974778493,"[0.1428571492433548, 0.0, 0.0, 0.0, 0.0714285746216774, 0.0, 0.0, 0.0, 0.0, 0.0, 0.0, 0.0, 0.0, 0.0, 0.0, 0.0]",0,1
6,ulsan_000429,switch_rollout,4,14,14,1.0,0.013392857741564512,0.1428571492433548,0.004761904974778493,"[0.1428571492433548, 0.0, 0.0, 0.0, 0.0714285746216774, 0.0, 0.0, 0.0, 0.0, 0.0, 0.0, 0.0, 0.0, 0.0, 0.0, 0.0]",0,1
6,ulsan_000429,switch_rollout,7,14,14,1.0,0.013392857741564512,0.1428571492433548,0.004761904974778493,"[0.1428571492433548, 0.0, 0.0, 0.0, 0.0714285746216774, 0.0, 0.0, 0.0, 0.0, 0.0, 0.0, 0.0, 0.0, 0.0, 0.0, 0.0]",0,1
6,ulsan_000429,teacher_forced,-1,14,14,1.0,0.03571428684517741,0.1428571492433548,0.028571429351965588,"[0.1428571492433548, 0.0, 0.0, 0.0714285746216774, 0.2142857164144516, 0.0, 0.0, 0.0, 0.0, 0.0, 0.0714285746216774, 0.0, 0.0, 0.0714285746216774, 0.0, 0.0]",0,1
6,ulsan_000819,normal_ar,0,42,250,5.9523809523809526,0.0029761905316263437,0.02380952425301075,0.0015873016168673833,"[0.02380952425301075, 0.0, 0.0, 0.02380952425301075, 0.0, 0.0, 0.0, 0.0, 0.0, 0.0, 0.0, 0.0, 0.0, 0.0, 0.0, 0.0]",0,1
6,ulsan_000819,forced_gt_length,0,42,42,1.0,0.0029761905316263437,0.02380952425301075,0.0015873016168673833,"[0.02380952425301075, 0.0, 0.0, 0.02380952425301075, 0.0, 0.0, 0.0, 0.0, 0.0, 0.0, 0.0, 0.0, 0.0, 0.0, 0.0, 0.0]",0,1
6,ulsan_000819,switch_rollout,10,42,42,1.0,0.011904762242920697,0.0714285746216774,0.007936508084336916,"[0.0714285746216774, 0.0476190485060215, 0.0, 0.0476190485060215, 0.0, 0.0, 0.0, 0.0, 0.0, 0.0, 0.02380952425301075, 0.0, 0.0, 0.0, 0.0, 0.0]",0,1
6,ulsan_000819,switch_rollout,21,42,42,1.0,0.013392857741564512,0.0714285746216774,0.009523809949556986,"[0.0714285746216774, 0.0714285746216774, 0.0, 0.0714285746216774, 0.0, 0.0, 0.0, 0.0, 0.0, 0.0, 0.0, 0.0, 0.0, 0.0, 0.0, 0.0]",0,1
6,ulsan_000819,switch_rollout,32,42,42,1.0,0.013392857741564512,0.0714285746216774,0.009523809949556986,"[0.0714285746216774, 0.0714285746216774, 0.0, 0.0714285746216774, 0.0, 0.0, 0.0, 0.0, 0.0, 0.0, 0.0, 0.0, 0.0, 0.0, 0.0, 0.0]",0,1
6,ulsan_000819,teacher_forced,-1,42,42,1.0,0.03125000058207661,0.1190476194024086,0.025396825994054475,"[0.1190476194024086, 0.1428571492433548, 0.02380952425301075, 0.1190476194024086, 0.0, 0.0476190485060215, 0.02380952425301075, 0.0, 0.0, 0.0, 0.0, 0.02380952425301075, 0.0, 0.0, 0.0, 0.0]",0,1
6,ulsan_001087,normal_ar,0,71,250,3.5211267605633805,0.014084506779909134,0.028169013559818268,0.013145539661248524,"[0.028169013559818268, 0.014084506779909134, 0.028169013559818268, 0.056338027119636536, 0.0, 0.0, 0.028169013559818268, 0.0, 0.0, 0.028169013559818268, 0.0, 0.028169013559818268, 0.0, 0.014084506779909134, 0.0, 0.0]",0,2
6,ulsan_001087,forced_gt_length,0,71,71,1.0,0.014084506779909134,0.028169013559818268,0.013145539661248524,"[0.028169013559818268, 0.014084506779909134, 0.028169013559818268, 0.056338027119636536, 0.0, 0.0, 0.028169013559818268, 0.0, 0.0, 0.028169013559818268, 0.0, 0.028169013559818268, 0.0, 0.014084506779909134, 0.0, 0.0]",0,2
6,ulsan_001087,switch_rollout,17,71,71,1.0,0.022887323750182986,0.0845070406794548,0.018779342621564867,"[0.0845070406794548, 0.0422535203397274, 0.056338027119636536, 0.07042253762483597, 0.0, 0.028169013559818268, 0.028169013559818268, 0.0, 0.0, 0.014084506779909134, 0.014084506779909134, 0.028169013559818268, 0.0, 0.0, 0.0, 0.0]",0,2
6,ulsan_001087,switch_rollout,35,71,71,1.0,0.02552816830575466,0.1267605572938919,0.018779342373212177,"[0.1267605572938919, 0.0422535203397274, 0.056338027119636536, 0.0845070406794548, 0.0, 0.014084506779909134, 0.014084506779909134, 0.0, 0.0, 0.014084506779909134, 0.028169013559818268, 0.028169013559818268, 0.0, 0.0, 0.0, 0.0]",0,2
6,ulsan_001087,switch_rollout,61,71,71,1.0,0.030809858813881874,0.1690140813589096,0.02159624397754669,"[0.1690140813589096, 0.056338027119636536, 0.07042253762483597, 0.0845070406794548, 0.0, 0.014084506779909134, 0.028169013559818268, 0.014084506779909134, 0.0, 0.014084506779909134, 0.014084506779909134, 0.028169013559818268, 0.0, 0.0, 0.0, 0.0]",0,2
6,ulsan_001087,teacher_forced,-1,71,71,1.0,0.05809859000146389,0.18309858441352844,0.04976525704065959,"[0.18309858441352844, 0.0845070406794548, 0.1267605572938919, 0.1267605572938919, 0.07042253762483597, 0.0845070406794548, 0.0422535203397274, 0.028169013559818268, 0.014084506779909134, 0.028169013559818268, 0.014084506779909134, 0.056338027119636536, 0.028169013559818268, 0.014084506779909134, 0.014084506779909134, 0.014084506779909134]",0,2
6,ulsan_001334,normal_ar,0,42,250,5.9523809523809526,0.028273810050450265,0.095238097012043,0.02380952425301075,"[0.095238097012043, 0.0476190485060215, 0.02380952425301075, 0.02380952425301075, 0.02380952425301075, 0.0476190485060215, 0.02380952425301075, 0.02380952425301075, 0.02380952425301075, 0.0, 0.02380952425301075, 0.02380952425301075, 0.02380952425301075, 0.0, 0.0476190485060215, 0.0]",0,4
6,ulsan_001334,forced_gt_length,0,42,42,1.0,0.028273810050450265,0.095238097012043,0.02380952425301075,"[0.095238097012043, 0.0476190485060215, 0.02380952425301075, 0.02380952425301075, 0.02380952425301075, 0.0476190485060215, 0.02380952425301075, 0.02380952425301075, 0.02380952425301075, 0.0, 0.02380952425301075, 0.02380952425301075, 0.02380952425301075, 0.0, 0.0476190485060215, 0.0]",0,4
6,ulsan_001334,switch_rollout,10,42,42,1.0,0.026785714784637094,0.095238097012043,0.022222222636143367,"[0.095238097012043, 0.0476190485060215, 0.02380952425301075, 0.02380952425301075, 0.02380952425301075, 0.0476190485060215, 0.02380952425301075, 0.02380952425301075, 0.02380952425301075, 0.0, 0.02380952425301075, 0.02380952425301075, 0.02380952425301075, 0.0, 0.02380952425301075, 0.0]",0,1
6,ulsan_001334,switch_rollout,21,42,42,1.0,0.02529761951882392,0.095238097012043,0.020634921019275984,"[0.095238097012043, 0.02380952425301075, 0.02380952425301075, 0.02380952425301075, 0.02380952425301075, 0.0476190485060215, 0.02380952425301075, 0.02380952425301075, 0.02380952425301075, 0.0, 0.02380952425301075, 0.02380952425301075, 0.02380952425301075, 0.0, 0.02380952425301075, 0.0]",0,1
6,ulsan_001334,switch_rollout,32,42,42,1.0,0.026785714784637094,0.095238097012043,0.022222222636143367,"[0.095238097012043, 0.0476190485060215, 0.02380952425301075, 0.02380952425301075, 0.02380952425301075, 0.0476190485060215, 0.02380952425301075, 0.02380952425301075, 0.02380952425301075, 0.0, 0.02380952425301075, 0.02380952425301075, 0.02380952425301075, 0.0, 0.02380952425301075, 0.0]",0,1
6,ulsan_001334,teacher_forced,-1,42,42,1.0,0.043154762824997306,0.095238097012043,0.03968254054586093,"[0.095238097012043, 0.095238097012043, 0.02380952425301075, 0.0476190485060215, 0.095238097012043, 0.02380952425301075, 0.0476190485060215, 0.0714285746216774, 0.0476190485060215, 0.0, 0.02380952425301075, 0.02380952425301075, 0.0476190485060215, 0.0, 0.02380952425301075, 0.02380952425301075]",0,1
6,ulsan_001743,normal_ar,0,26,250,9.615384615384615,0.03605769341811538,0.03846153989434242,0.03589743698636691,"[0.03846153989434242, 0.03846153989434242, 0.0, 0.07692307978868484, 0.0, 0.11538461595773697, 0.07692307978868484, 0.0, 0.0, 0.03846153989434242, 0.0, 0.03846153989434242, 0.0, 0.03846153989434242, 0.07692307978868484, 0.03846153989434242]",0,1
6,ulsan_001743,forced_gt_length,0,26,26,1.0,0.03605769341811538,0.03846153989434242,0.03589743698636691,"[0.03846153989434242, 0.03846153989434242, 0.0, 0.07692307978868484, 0.0, 0.11538461595773697, 0.07692307978868484, 0.0, 0.0, 0.03846153989434242, 0.0, 0.03846153989434242, 0.0, 0.03846153989434242, 0.07692307978868484, 0.03846153989434242]",0,1
6,ulsan_001743,switch_rollout,6,26,26,1.0,0.014423077460378408,0.1538461595773697,0.005128205319245656,"[0.1538461595773697, 0.03846153989434242, 0.0, 0.03846153989434242, 0.0, 0.0, 0.0, 0.0, 0.0, 0.0, 0.0, 0.0, 0.0, 0.0, 0.0, 0.0]",0,4
6,ulsan_001743,switch_rollout,13,26,26,1.0,0.03125000116415322,0.1538461595773697,0.023076923936605452,"[0.1538461595773697, 0.07692307978868484, 0.0, 0.07692307978868484, 0.0, 0.0, 0.03846153989434242, 0.03846153989434242, 0.0, 0.03846153989434242, 0.0, 0.03846153989434242, 0.0, 0.03846153989434242, 0.0, 0.0]",0,4
6,ulsan_001743,switch_rollout,16,26,26,1.0,0.021634616190567613,0.1538461595773697,0.012820513298114141,"[0.1538461595773697, 0.03846153989434242, 0.0, 0.03846153989434242, 0.0, 0.0, 0.03846153989434242, 0.0, 0.0, 0.0, 0.0, 0.03846153989434242, 0.0, 0.0, 0.03846153989434242, 0.0]",0,4
6,ulsan_001743,teacher_forced,-1,26,26,1.0,0.09855769528076053,0.26923078298568726,0.08717948943376541,"[0.26923078298568726, 0.1538461595773697, 0.07692307978868484, 0.19230769574642181, 0.1538461595773697, 0.19230769574642181, 0.07692307978868484, 0.11538461595773697, 0.07692307978868484, 0.07692307978868484, 0.0, 0.0, 0.0, 0.03846153989434242, 0.11538461595773697, 0.03846153989434242]",0,4
6,ulsan_002080,normal_ar,0,75,250,3.3333333333333335,0.011666666949167848,0.013333333656191826,0.011555555835366249,"[0.013333333656191826, 0.013333333656191826, 0.02666666731238365, 0.02666666731238365, 0.013333333656191826, 0.0, 0.0, 0.0, 0.013333333656191826, 0.0, 0.02666666731238365, 0.0, 0.013333333656191826, 0.013333333656191826, 0.013333333656191826, 0.013333333656191826]",0,1
6,ulsan_002080,forced_gt_length,0,75,75,1.0,0.011666666949167848,0.013333333656191826,0.011555555835366249,"[0.013333333656191826, 0.013333333656191826, 0.02666666731238365, 0.02666666731238365, 0.013333333656191826, 0.0, 0.0, 0.0, 0.013333333656191826, 0.0, 0.02666666731238365, 0.0, 0.013333333656191826, 0.013333333656191826, 0.013333333656191826, 0.013333333656191826]",0,1
6,ulsan_002080,switch_rollout,18,75,75,1.0,0.013333333772607148,0.06666667014360428,0.009777778014540672,"[0.06666667014360428, 0.013333333656191826, 0.013333333656191826, 0.013333333656191826, 0.0, 0.013333333656191826, 0.0, 0.0, 0.013333333656191826, 0.0, 0.02666666731238365, 0.0, 0.013333333656191826, 0.013333333656191826, 0.013333333656191826, 0.013333333656191826]",0,1
6,ulsan_002080,switch_rollout,37,75,75,1.0,0.018333333893679082,0.06666667014360428,0.015111111477017403,"[0.06666667014360428, 0.013333333656191826, 0.02666666731238365, 0.02666666731238365, 0.013333333656191826, 0.0, 0.013333333656191826, 0.0, 0.02666666731238365, 0.0, 0.02666666731238365, 0.0, 0.02666666731238365, 0.02666666731238365, 0.013333333656191826, 0.013333333656191826]",0,1
6,ulsan_002080,switch_rollout,65,75,75,1.0,0.019166666781529784,0.07999999821186066,0.01511111135284106,"[0.07999999821186066, 0.013333333656191826, 0.03999999910593033, 0.02666666731238365, 0.013333333656191826, 0.0, 0.0, 0.0, 0.013333333656191826, 0.013333333656191826, 0.02666666731238365, 0.0, 0.02666666731238365, 0.02666666731238365, 0.013333333656191826, 0.013333333656191826]",0,1
6,ulsan_002080,teacher_forced,-1,75,75,1.0,0.0316666669677943,0.11999999731779099,0.02577777827779452,"[0.11999999731779099, 0.03999999910593033, 0.06666667014360428, 0.02666666731238365, 0.013333333656191826, 0.02666666731238365, 0.0533333346247673, 0.02666666731238365, 0.02666666731238365, 0.0, 0.013333333656191826, 0.0, 0.02666666731238365, 0.03999999910593033, 0.013333333656191826, 0.013333333656191826]",0,1
6,ulsan_002458,normal_ar,0,74,250,3.3783783783783785,0.0244932429632172,0.027027027681469917,0.02432432398200035,"[0.027027027681469917, 0.0810810774564743, 0.04054053872823715, 0.04054053872823715, 0.027027027681469917, 0.013513513840734959, 0.0, 0.027027027681469917, 0.013513513840734959, 0.013513513840734959, 0.04054053872823715, 0.013513513840734959, 0.0, 0.027027027681469917, 0.0, 0.027027027681469917]",0,2
6,ulsan_002458,forced_gt_length,0,74,74,1.0,0.0244932429632172,0.027027027681469917,0.02432432398200035,"[0.027027027681469917, 0.0810810774564743, 0.04054053872823715, 0.04054053872823715, 0.027027027681469917, 0.013513513840734959, 0.0, 0.027027027681469917, 0.013513513840734959, 0.013513513840734959, 0.04054053872823715, 0.013513513840734959, 0.0, 0.027027027681469917, 0.0, 0.027027027681469917]",0,2
6,ulsan_002458,switch_rollout,18,74,74,1.0,0.02956081018783152,0.054054055362939835,0.027927927176157632,"[0.054054055362939835, 0.0810810774564743, 0.04054053872823715, 0.04054053872823715, 0.013513513840734959, 0.013513513840734959, 0.0, 0.027027027681469917, 0.06756756454706192, 0.013513513840734959, 0.013513513840734959, 0.04054053872823715, 0.0, 0.027027027681469917, 0.0, 0.04054053872823715]",0,2
6,ulsan_002458,switch_rollout,37,74,74,1.0,0.02871621638769284,0.054054055362939835,0.02702702712267637,"[0.054054055362939835, 0.027027027681469917, 0.027027027681469917, 0.027027027681469917, 0.04054053872823715, 0.054054055362939835, 0.013513513840734959, 0.027027027681469917, 0.027027027681469917, 0.027027027681469917, 0.04054053872823715, 0.04054053872823715, 0.0, 0.027027027681469917, 0.0, 0.027027027681469917]",0,2
6,ulsan_002458,switch_rollout,64,74,74,1.0,0.04222973040305078,0.10810811072587967,0.037837838381528856,"[0.10810811072587967, 0.054054055362939835, 0.027027027681469917, 0.04054053872823715, 0.013513513840734959, 0.054054055362939835, 0.054054055362939835, 0.027027027681469917, 0.027027027681469917, 0.054054055362939835, 0.054054055362939835, 0.054054055362939835, 0.027027027681469917, 0.04054053872823715, 0.013513513840734959, 0.027027027681469917]",0,2
6,ulsan_002458,teacher_forced,-1,74,74,1.0,0.06841216143220663,0.13513512909412384,0.06396396358807882,"[0.13513512909412384, 0.09459459781646729, 0.0810810774564743, 0.04054053872823715, 0.054054055362939835, 0.04054053872823715, 0.09459459781646729, 0.09459459781646729, 0.06756756454706192, 0.09459459781646729, 0.04054053872823715, 0.06756756454706192, 0.0, 0.06756756454706192, 0.054054055362939835, 0.06756756454706192]",0,2
6,ulsan_002822,normal_ar,0,37,250,6.756756756756757,0.018581081531010568,0.027027027681469917,0.018018018454313278,"[0.027027027681469917, 0.0, 0.027027027681469917, 0.0, 0.0, 0.054054055362939835, 0.0, 0.027027027681469917, 0.054054055362939835, 0.0, 0.027027027681469917, 0.027027027681469917, 0.0, 0.027027027681469917, 0.027027027681469917, 0.0]",0,1
6,ulsan_002822,forced_gt_length,0,37,37,1.0,0.018581081531010568,0.027027027681469917,0.018018018454313278,"[0.027027027681469917, 0.0, 0.027027027681469917, 0.0, 0.0, 0.054054055362939835, 0.0, 0.027027027681469917, 0.054054055362939835, 0.0, 0.027027027681469917, 0.027027027681469917, 0.0, 0.027027027681469917, 0.027027027681469917, 0.0]",0,1
6,ulsan_002822,switch_rollout,9,37,37,1.0,0.0050675676902756095,0.054054055362939835,0.0018018018454313278,"[0.054054055362939835, 0.0, 0.0, 0.0, 0.0, 0.0, 0.0, 0.027027027681469917, 0.0, 0.0, 0.0, 0.0, 0.0, 0.0, 0.0, 0.0]",0,1
6,ulsan_002822,switch_rollout,18,37,37,1.0,0.0033783784601837397,0.054054055362939835,0.0,"[0.054054055362939835, 0.0, 0.0, 0.0, 0.0, 0.0, 0.0, 0.0, 0.0, 0.0, 0.0, 0.0, 0.0, 0.0, 0.0, 0.0]",0,1
6,ulsan_002822,switch_rollout,27,37,37,1.0,0.006756756571121514,0.0810810774564743,0.0018018018454313278,"[0.0810810774564743, 0.0, 0.0, 0.0, 0.0, 0.0, 0.0, 0.0, 0.0, 0.0, 0.0, 0.027027027681469917, 0.0, 0.0, 0.0, 0.0]",0,1
6,ulsan_002822,teacher_forced,-1,37,37,1.0,0.05912162130698562,0.1621621549129486,0.052252252399921414,"[0.1621621549129486, 0.1621621549129486, 0.027027027681469917, 0.027027027681469917, 0.0810810774564743, 0.054054055362939835, 0.10810811072587967, 0.054054055362939835, 0.0, 0.054054055362939835, 0.027027027681469917, 0.054054055362939835, 0.027027027681469917, 0.027027027681469917, 0.054054055362939835, 0.027027027681469917]",0,1
6,ulsan_003088,normal_ar,0,61,250,4.098360655737705,0.003073770320042968,0.032786883413791656,0.0010928961137930552,"[0.032786883413791656, 0.0, 0.0, 0.0, 0.0, 0.0, 0.0, 0.0, 0.0, 0.0, 0.0, 0.0, 0.0, 0.016393441706895828, 0.0, 0.0]",0,2
6,ulsan_003088,forced_gt_length,0,61,61,1.0,0.003073770320042968,0.032786883413791656,0.0010928961137930552,"[0.032786883413791656, 0.0, 0.0, 0.0, 0.0, 0.0, 0.0, 0.0, 0.0, 0.0, 0.0, 0.0, 0.0, 0.016393441706895828, 0.0, 0.0]",0,2
6,ulsan_003088,switch_rollout,15,61,61,1.0,0.005122950533404946,0.016393441706895828,0.004371584455172221,"[0.016393441706895828, 0.016393441706895828, 0.0, 0.0, 0.016393441706895828, 0.0, 0.0, 0.0, 0.0, 0.0, 0.0, 0.016393441706895828, 0.016393441706895828, 0.0, 0.0, 0.0]",0,1
6,ulsan_003088,switch_rollout,30,61,61,1.0,0.012295081280171871,0.06557376682758331,0.008743168910344441,"[0.06557376682758331, 0.032786883413791656, 0.0, 0.0, 0.016393441706895828, 0.0, 0.0, 0.0, 0.0, 0.0, 0.0, 0.032786883413791656, 0.032786883413791656, 0.016393441706895828, 0.0, 0.0]",0,1
6,ulsan_003088,switch_rollout,51,61,61,1.0,0.015368852065876126,0.1147540956735611,0.008743169158697129,"[0.1147540956735611, 0.04918032884597778, 0.0, 0.0, 0.016393441706895828, 0.0, 0.0, 0.016393441706895828, 0.0, 0.0, 0.0, 0.016393441706895828, 0.032786883413791656, 0.0, 0.0, 0.0]",0,1
6,ulsan_003088,teacher_forced,-1,61,61,1.0,0.028688523452728987,0.13114753365516663,0.021857922772566478,"[0.13114753365516663, 0.1147540956735611, 0.016393441706895828, 0.0, 0.06557376682758331, 0.016393441706895828, 0.0, 0.0, 0.032786883413791656, 0.0, 0.0, 0.04918032884597778, 0.016393441706895828, 0.016393441706895828, 0.0, 0.0]",0,1
6,ulsan_003386,normal_ar,0,67,211,3.1492537313432836,0.083022388338577,0.11940298229455948,0.08059701540817817,"[0.11940298229455948, 0.014925372786819935, 0.04477611929178238, 0.10447761416435242, 0.02985074557363987, 0.26865673065185547, 0.08955223858356476, 0.04477611929178238, 0.10447761416435242, 0.02985074557363987, 0.0, 0.23880596458911896, 0.05970149114727974, 0.08955223858356476, 0.05970149114727974, 0.02985074557363987]",0,1
6,ulsan_003386,forced_gt_length,0,67,67,1.0,0.083022388338577,0.11940298229455948,0.08059701540817817,"[0.11940298229455948, 0.014925372786819935, 0.04477611929178238, 0.10447761416435242, 0.02985074557363987, 0.26865673065185547, 0.08955223858356476, 0.04477611929178238, 0.10447761416435242, 0.02985074557363987, 0.0, 0.23880596458911896, 0.05970149114727974, 0.08955223858356476, 0.05970149114727974, 0.02985074557363987]",0,1
6,ulsan_003386,switch_rollout,16,67,67,1.0,0.07835820963373408,0.11940298229455948,0.07562189145634572,"[0.11940298229455948, 0.02985074557363987, 0.08955223858356476, 0.10447761416435242, 0.02985074557363987, 0.26865673065185547, 0.08955223858356476, 0.04477611929178238, 0.20895522832870483, 0.05970149114727974, 0.0, 0.04477611929178238, 0.014925372786819935, 0.02985074557363987, 0.11940298229455948, 0.0]",0,2
6,ulsan_003386,switch_rollout,33,67,67,1.0,0.0680970141547732,0.1492537260055542,0.06268656669805447,"[0.1492537260055542, 0.08955223858356476, 0.02985074557363987, 0.10447761416435242, 0.02985074557363987, 0.17910447716712952, 0.08955223858356476, 0.04477611929178238, 0.05970149114727974, 0.04477611929178238, 0.0, 0.02985074557363987, 0.014925372786819935, 0.04477611929178238, 0.05970149114727974, 0.11940298229455948]",0,2
6,ulsan_003386,switch_rollout,57,67,67,1.0,0.17164179228711873,0.35820895433425903,0.15920398148397605,"[0.35820895433425903, 0.28358209133148193, 0.10447761416435242, 0.23880596458911896, 0.16417910158634186, 0.20895522832870483, 0.19402985274791718, 0.2238806039094925, 0.20895522832870483, 0.11940298229455948, 0.11940298229455948, 0.17910447716712952, 0.02985074557363987, 0.04477611929178238, 0.13432836532592773, 0.13432836532592773]",0,2
6,ulsan_003386,teacher_forced,-1,67,67,1.0,0.23600746411830187,0.447761207818985,0.22189054787158966,"[0.447761207818985, 0.31343284249305725, 0.19402985274791718, 0.2985074520111084, 0.2238806039094925, 0.3283582031726837, 0.16417910158634186, 0.28358209133148193, 0.20895522832870483, 0.2537313401699066, 0.2238806039094925, 0.23880596458911896, 0.10447761416435242, 0.1492537260055542, 0.13432836532592773, 0.20895522832870483]",0,2
6,ulsan_003650,normal_ar,0,96,250,2.6041666666666665,0.07356770808110014,0.010416666977107525,0.07777777748803298,"[0.010416666977107525, 0.1041666641831398, 0.1041666641831398, 0.1145833358168602, 0.0833333358168602, 0.1041666641831398, 0.0416666679084301, 0.02083333395421505, 0.0833333358168602, 0.0729166641831398, 0.0625, 0.03125, 0.0729166641831398, 0.0729166641831398, 0.15625, 0.0416666679084301]",0,1
6,ulsan_003650,forced_gt_length,0,96,96,1.0,0.07356770808110014,0.010416666977107525,0.07777777748803298,"[0.010416666977107525, 0.1041666641831398, 0.1041666641831398, 0.1145833358168602, 0.0833333358168602, 0.1041666641831398, 0.0416666679084301, 0.02083333395421505, 0.0833333358168602, 0.0729166641831398, 0.0625, 0.03125, 0.0729166641831398, 0.0729166641831398, 0.15625, 0.0416666679084301]",0,1
6,ulsan_003650,switch_rollout,24,96,96,1.0,0.047526042617391795,0.09375,0.044444445458551245,"[0.09375, 0.0833333358168602, 0.0833333358168602, 0.03125, 0.02083333395421505, 0.0416666679084301, 0.0, 0.03125, 0.0416666679084301, 0.0416666679084301, 0.09375, 0.010416666977107525, 0.0416666679084301, 0.0416666679084301, 0.0833333358168602, 0.02083333395421505]",0,1
6,ulsan_003650,switch_rollout,48,96,96,1.0,0.08919270697515458,0.1145833358168602,0.08749999838570753,"[0.1145833358168602, 0.1458333283662796, 0.15625, 0.0520833320915699, 0.0520833320915699, 0.0833333358168602, 0.0625, 0.0729166641831398, 0.1041666641831398, 0.0729166641831398, 0.1458333283662796, 0.0520833320915699, 0.09375, 0.0520833320915699, 0.1458333283662796, 0.02083333395421505]",0,1
6,ulsan_003650,switch_rollout,86,96,96,1.0,0.0924479158129543,0.1875,0.08611111020048459,"[0.1875, 0.1354166716337204, 0.1041666641831398, 0.1041666641831398, 0.0729166641831398, 0.1041666641831398, 0.0416666679084301, 0.0833333358168602, 0.1041666641831398, 0.0729166641831398, 0.1458333283662796, 0.0520833320915699, 0.0520833320915699, 0.0416666679084301, 0.125, 0.0520833320915699]",0,1
6,ulsan_003650,teacher_forced,-1,96,96,1.0,0.1458333325572312,0.1770833283662796,0.14374999950329462,"[0.1770833283662796, 0.1458333283662796, 0.2395833283662796, 0.1145833358168602, 0.15625, 0.1979166716337204, 0.1041666641831398, 0.125, 0.1666666716337204, 0.1041666641831398, 0.15625, 0.1145833358168602, 0.1354166716337204, 0.1458333283662796, 0.1770833283662796, 0.0729166641831398]",0,1
6,ulsan_003909,normal_ar,0,31,250,8.064516129032258,0.07459677197039127,0.032258063554763794,0.0774193525314331,"[0.032258063554763794, 0.0, 0.09677419066429138, 0.16129031777381897, 0.09677419066429138, 0.19354838132858276, 0.09677419066429138, 0.06451612710952759, 0.06451612710952759, 0.06451612710952759, 0.06451612710952759, 0.06451612710952759, 0.032258063554763794, 0.0, 0.09677419066429138, 0.06451612710952759]",0,1
6,ulsan_003909,forced_gt_length,0,31,31,1.0,0.07459677197039127,0.032258063554763794,0.0774193525314331,"[0.032258063554763794, 0.0, 0.09677419066429138, 0.16129031777381897, 0.09677419066429138, 0.19354838132858276, 0.09677419066429138, 0.06451612710952759, 0.06451612710952759, 0.06451612710952759, 0.06451612710952759, 0.06451612710952759, 0.032258063554763794, 0.0, 0.09677419066429138, 0.06451612710952759]",0,1
6,ulsan_003909,switch_rollout,7,31,31,1.0,0.02016128972172737,0.09677419066429138,0.015053762992223104,"[0.09677419066429138, 0.032258063554763794, 0.032258063554763794, 0.032258063554763794, 0.0, 0.0, 0.032258063554763794, 0.0, 0.032258063554763794, 0.0, 0.0, 0.0, 0.032258063554763794, 0.0, 0.032258063554763794, 0.0]",0,3
6,ulsan_003909,switch_rollout,15,31,31,1.0,0.02822580561041832,0.16129031777381897,0.019354838132858276,"[0.16129031777381897, 0.032258063554763794, 0.032258063554763794, 0.032258063554763794, 0.032258063554763794, 0.0, 0.032258063554763794, 0.0, 0.032258063554763794, 0.0, 0.0, 0.0, 0.032258063554763794, 0.032258063554763794, 0.032258063554763794, 0.0]",0,3
6,ulsan_003909,switch_rollout,21,31,31,1.0,0.12701612524688244,0.32258063554763794,0.11397849122683207,"[0.32258063554763794, 0.29032257199287415, 0.16129031777381897, 0.19354838132858276, 0.09677419066429138, 0.19354838132858276, 0.032258063554763794, 0.032258063554763794, 0.09677419066429138, 0.16129031777381897, 0.06451612710952759, 0.06451612710952759, 0.032258063554763794, 0.12903225421905518, 0.12903225421905518, 0.032258063554763794]",0,3
6,ulsan_003909,teacher_forced,-1,31,31,1.0,0.16532257571816444,0.4193548262119293,0.14838709235191344,"[0.4193548262119293, 0.25806450843811035, 0.19354838132858276, 0.12903225421905518, 0.12903225421905518, 0.16129031777381897, 0.22580644488334656, 0.22580644488334656, 0.16129031777381897, 0.12903225421905518, 0.16129031777381897, 0.12903225421905518, 0.06451612710952759, 0.09677419066429138, 0.12903225421905518, 0.032258063554763794]",0,3
6,ulsan_004182,normal_ar,0,63,250,3.9682539682539684,0.027777778916060925,0.0476190485060215,0.026455027610063554,"[0.0476190485060215, 0.0317460335791111, 0.01587301678955555, 0.0, 0.0317460335791111, 0.0476190485060215, 0.0, 0.0317460335791111, 0.0476190485060215, 0.0317460335791111, 0.0317460335791111, 0.01587301678955555, 0.01587301678955555, 0.0476190485060215, 0.0317460335791111, 0.01587301678955555]",0,3
6,ulsan_004182,forced_gt_length,0,63,63,1.0,0.027777778916060925,0.0476190485060215,0.026455027610063554,"[0.0476190485060215, 0.0317460335791111, 0.01587301678955555, 0.0, 0.0317460335791111, 0.0476190485060215, 0.0, 0.0317460335791111, 0.0476190485060215, 0.0317460335791111, 0.0317460335791111, 0.01587301678955555, 0.01587301678955555, 0.0476190485060215, 0.0317460335791111, 0.01587301678955555]",0,3
6,ulsan_004182,switch_rollout,15,63,63,1.0,0.01686508033890277,0.0634920671582222,0.013756614550948143,"[0.0634920671582222, 0.0634920671582222, 0.01587301678955555, 0.0, 0.0, 0.01587301678955555, 0.0317460335791111, 0.0, 0.0317460335791111, 0.01587301678955555, 0.0, 0.0, 0.0, 0.01587301678955555, 0.0, 0.01587301678955555]",0,1
6,ulsan_004182,switch_rollout,31,63,63,1.0,0.023809525067918003,0.1269841343164444,0.01693121778468291,"[0.1269841343164444, 0.0793650820851326, 0.0317460335791111, 0.01587301678955555, 0.0, 0.01587301678955555, 0.0317460335791111, 0.0, 0.0317460335791111, 0.01587301678955555, 0.0, 0.0, 0.0, 0.01587301678955555, 0.0, 0.01587301678955555]",0,1
6,ulsan_004182,switch_rollout,53,63,63,1.0,0.02678571525029838,0.1587301641702652,0.017989418655633926,"[0.1587301641702652, 0.0476190485060215, 0.0476190485060215, 0.01587301678955555, 0.0, 0.0317460335791111, 0.0476190485060215, 0.0, 0.0317460335791111, 0.01587301678955555, 0.0, 0.0, 0.0, 0.01587301678955555, 0.0, 0.01587301678955555]",0,1
6,ulsan_004182,teacher_forced,-1,63,63,1.0,0.07738095475360751,0.1746031790971756,0.07089947313070297,"[0.1746031790971756, 0.1111111119389534, 0.1269841343164444, 0.0476190485060215, 0.095238097012043, 0.0476190485060215, 0.1428571492433548, 0.0476190485060215, 0.095238097012043, 0.1111111119389534, 0.0317460335791111, 0.0634920671582222, 0.0317460335791111, 0.0317460335791111, 0.0476190485060215, 0.0317460335791111]",0,1
6,ulsan_004397,normal_ar,0,100,250,2.5,0.016249999753199518,0.009999999776482582,0.01666666641831398,"[0.009999999776482582, 0.0, 0.0, 0.009999999776482582, 0.019999999552965164, 0.07000000029802322, 0.009999999776482582, 0.019999999552965164, 0.019999999552965164, 0.0, 0.03999999910593033, 0.019999999552965164, 0.0, 0.019999999552965164, 0.009999999776482582, 0.009999999776482582]",0,1
6,ulsan_004397,forced_gt_length,0,100,100,1.0,0.016249999753199518,0.009999999776482582,0.01666666641831398,"[0.009999999776482582, 0.0, 0.0, 0.009999999776482582, 0.019999999552965164, 0.07000000029802322, 0.009999999776482582, 0.019999999552965164, 0.019999999552965164, 0.0, 0.03999999910593033, 0.019999999552965164, 0.0, 0.019999999552965164, 0.009999999776482582, 0.009999999776482582]",0,1
6,ulsan_004397,switch_rollout,25,100,100,1.0,0.004999999888241291,0.029999999329447746,0.0033333332588275275,"[0.029999999329447746, 0.0, 0.0, 0.009999999776482582, 0.009999999776482582, 0.0, 0.009999999776482582, 0.0, 0.0, 0.0, 0.0, 0.0, 0.0, 0.009999999776482582, 0.009999999776482582, 0.0]",0,3
6,ulsan_004397,switch_rollout,50,100,100,1.0,0.006249999976716936,0.05000000074505806,0.0033333332588275275,"[0.05000000074505806, 0.0, 0.009999999776482582, 0.0, 0.009999999776482582, 0.0, 0.019999999552965164, 0.0, 0.0, 0.0, 0.0, 0.0, 0.0, 0.0, 0.009999999776482582, 0.0]",0,3
6,ulsan_004397,switch_rollout,90,100,100,1.0,0.03062500001396984,0.15000000596046448,0.02266666628420353,"[0.15000000596046448, 0.019999999552965164, 0.03999999910593033, 0.05000000074505806, 0.009999999776482582, 0.05999999865889549, 0.019999999552965164, 0.009999999776482582, 0.029999999329447746, 0.019999999552965164, 0.019999999552965164, 0.019999999552965164, 0.0, 0.0, 0.03999999910593033, 0.0]",0,3
6,ulsan_004397,teacher_forced,-1,100,100,1.0,0.0812500003958121,0.20000000298023224,0.07333333355685075,"[0.20000000298023224, 0.15000000596046448, 0.11999999731779099, 0.10000000149011612, 0.07000000029802322, 0.10000000149011612, 0.10999999940395355, 0.07999999821186066, 0.03999999910593033, 0.10000000149011612, 0.07000000029802322, 0.05000000074505806, 0.019999999552965164, 0.03999999910593033, 0.029999999329447746, 0.019999999552965164]",0,3
6,ulsan_004732,normal_ar,0,19,250,13.157894736842104,0.00657894741743803,0.05263157933950424,0.0035087719559669496,"[0.05263157933950424, 0.0, 0.0, 0.0, 0.05263157933950424, 0.0, 0.0, 0.0, 0.0, 0.0, 0.0, 0.0, 0.0, 0.0, 0.0, 0.0]",0,1
6,ulsan_004732,forced_gt_length,0,19,19,1.0,0.00657894741743803,0.05263157933950424,0.0035087719559669496,"[0.05263157933950424, 0.0, 0.0, 0.0, 0.05263157933950424, 0.0, 0.0, 0.0, 0.0, 0.0, 0.0, 0.0, 0.0, 0.0, 0.0, 0.0]",0,1
6,ulsan_004732,switch_rollout,4,19,19,1.0,0.01644736807793379,0.15789473056793213,0.007017543911933899,"[0.15789473056793213, 0.0, 0.0, 0.0, 0.0, 0.0, 0.0, 0.0, 0.05263157933950424, 0.0, 0.0, 0.0, 0.05263157933950424, 0.0, 0.0, 0.0]",0,1
6,ulsan_004732,switch_rollout,9,19,19,1.0,0.016447368543595076,0.21052631735801697,0.0035087719559669496,"[0.21052631735801697, 0.0, 0.0, 0.0, 0.0, 0.0, 0.0, 0.0, 0.0, 0.0, 0.0, 0.0, 0.05263157933950424, 0.0, 0.0, 0.0]",0,1
6,ulsan_004732,teacher_forced,-1,19,19,1.0,0.05921052722260356,0.2631579041481018,0.045614035427570344,"[0.2631579041481018, 0.10526315867900848, 0.05263157933950424, 0.10526315867900848, 0.05263157933950424, 0.0, 0.0, 0.10526315867900848, 0.05263157933950424, 0.05263157933950424, 0.0, 0.05263157933950424, 0.10526315867900848, 0.0, 0.0, 0.0]",0,1
6,ulsan_004949,normal_ar,0,33,250,7.575757575757576,0.05871212296187878,0.1818181872367859,0.0505050520102183,"[0.1818181872367859, 0.03030303120613098, 0.09090909361839294, 0.0, 0.0, 0.06060606241226196, 0.03030303120613098, 0.06060606241226196, 0.09090909361839294, 0.0, 0.12121212482452393, 0.09090909361839294, 0.03030303120613098, 0.03030303120613098, 0.09090909361839294, 0.03030303120613098]",0,6
6,ulsan_004949,forced_gt_length,0,33,33,1.0,0.05871212296187878,0.1818181872367859,0.0505050520102183,"[0.1818181872367859, 0.03030303120613098, 0.09090909361839294, 0.0, 0.0, 0.06060606241226196, 0.03030303120613098, 0.06060606241226196, 0.09090909361839294, 0.0, 0.12121212482452393, 0.09090909361839294, 0.03030303120613098, 0.03030303120613098, 0.09090909361839294, 0.03030303120613098]",0,6
6,ulsan_004949,switch_rollout,8,33,33,1.0,0.0416666679084301,0.1818181872367859,0.032323233286539715,"[0.1818181872367859, 0.12121212482452393, 0.09090909361839294, 0.03030303120613098, 0.03030303120613098, 0.03030303120613098, 0.0, 0.0, 0.03030303120613098, 0.03030303120613098, 0.03030303120613098, 0.03030303120613098, 0.03030303120613098, 0.0, 0.0, 0.03030303120613098]",0,6
6,ulsan_004949,switch_rollout,16,33,33,1.0,0.06818182021379471,0.21212121844291687,0.05858586033185323,"[0.21212121844291687, 0.1515151560306549, 0.12121212482452393, 0.03030303120613098, 0.06060606241226196, 0.06060606241226196, 0.03030303120613098, 0.03030303120613098, 0.09090909361839294, 0.03030303120613098, 0.03030303120613098, 0.06060606241226196, 0.03030303120613098, 0.09090909361839294, 0.0, 0.06060606241226196]",0,6
6,ulsan_004949,switch_rollout,23,33,33,1.0,0.07386363856494427,0.24242424964904785,0.0626262644926707,"[0.24242424964904785, 0.1515151560306549, 0.12121212482452393, 0.03030303120613098, 0.03030303120613098, 0.09090909361839294, 0.03030303120613098, 0.06060606241226196, 0.06060606241226196, 0.06060606241226196, 0.09090909361839294, 0.06060606241226196, 0.06060606241226196, 0.03030303120613098, 0.03030303120613098, 0.03030303120613098]",0,6
6,ulsan_004949,teacher_forced,-1,33,33,1.0,0.15719697438180447,0.3333333432674408,0.1454545497894287,"[0.3333333432674408, 0.1818181872367859, 0.24242424964904785, 0.1818181872367859, 0.21212121844291687, 0.1515151560306549, 0.1818181872367859, 0.12121212482452393, 0.1515151560306549, 0.1515151560306549, 0.09090909361839294, 0.06060606241226196, 0.06060606241226196, 0.12121212482452393, 0.09090909361839294, 0.1818181872367859]",0,6
6,ulsan_005269,normal_ar,0,47,250,5.319148936170213,0.05053191399201751,0.06382978707551956,0.049645389119784035,"[0.06382978707551956, 0.10638298094272614, 0.08510638028383255, 0.06382978707551956, 0.08510638028383255, 0.042553190141916275, 0.021276595070958138, 0.06382978707551956, 0.021276595070958138, 0.042553190141916275, 0.08510638028383255, 0.021276595070958138, 0.021276595070958138, 0.042553190141916275, 0.042553190141916275, 0.0]",0,3
6,ulsan_005269,forced_gt_length,0,47,47,1.0,0.05053191399201751,0.06382978707551956,0.049645389119784035,"[0.06382978707551956, 0.10638298094272614, 0.08510638028383255, 0.06382978707551956, 0.08510638028383255, 0.042553190141916275, 0.021276595070958138, 0.06382978707551956, 0.021276595070958138, 0.042553190141916275, 0.08510638028383255, 0.021276595070958138, 0.021276595070958138, 0.042553190141916275, 0.042553190141916275, 0.0]",0,3
6,ulsan_005269,switch_rollout,11,47,47,1.0,0.03989361599087715,0.08510638028383255,0.036879431704680124,"[0.08510638028383255, 0.06382978707551956, 0.08510638028383255, 0.042553190141916275, 0.042553190141916275, 0.042553190141916275, 0.021276595070958138, 0.06382978707551956, 0.021276595070958138, 0.021276595070958138, 0.021276595070958138, 0.042553190141916275, 0.021276595070958138, 0.021276595070958138, 0.021276595070958138, 0.021276595070958138]",0,3
6,ulsan_005269,switch_rollout,23,47,47,1.0,0.062499999068677425,0.10638298094272614,0.05957446694374084,"[0.10638298094272614, 0.12765957415103912, 0.08510638028383255, 0.06382978707551956, 0.042553190141916275, 0.042553190141916275, 0.042553190141916275, 0.06382978707551956, 0.06382978707551956, 0.042553190141916275, 0.08510638028383255, 0.042553190141916275, 0.042553190141916275, 0.06382978707551956, 0.042553190141916275, 0.042553190141916275]",0,3
6,ulsan_005269,switch_rollout,37,47,47,1.0,0.05186170118395239,0.10638298094272614,0.04822694920003414,"[0.10638298094272614, 0.12765957415103912, 0.08510638028383255, 0.06382978707551956, 0.042553190141916275, 0.042553190141916275, 0.021276595070958138, 0.08510638028383255, 0.021276595070958138, 0.042553190141916275, 0.042553190141916275, 0.042553190141916275, 0.021276595070958138, 0.021276595070958138, 0.042553190141916275, 0.021276595070958138]",0,3
6,ulsan_005269,teacher_forced,-1,47,47,1.0,0.10106382938101888,0.1489361673593521,0.09787234018246332,"[0.1489361673593521, 0.1489361673593521, 0.10638298094272614, 0.10638298094272614, 0.12765957415103912, 0.08510638028383255, 0.10638298094272614, 0.12765957415103912, 0.08510638028383255, 0.06382978707551956, 0.12765957415103912, 0.06382978707551956, 0.08510638028383255, 0.10638298094272614, 0.06382978707551956, 0.06382978707551956]",0,3
6,ulsan_005455,normal_ar,0,63,250,3.9682539682539684,0.004960317746736109,0.01587301678955555,0.004232804477214813,"[0.01587301678955555, 0.01587301678955555, 0.0317460335791111, 0.0, 0.01587301678955555, 0.0, 0.0, 0.0, 0.0, 0.0, 0.0, 0.0, 0.0, 0.0, 0.0, 0.0]",0,1
6,ulsan_005455,forced_gt_length,0,63,63,1.0,0.004960317746736109,0.01587301678955555,0.004232804477214813,"[0.01587301678955555, 0.01587301678955555, 0.0317460335791111, 0.0, 0.01587301678955555, 0.0, 0.0, 0.0, 0.0, 0.0, 0.0, 0.0, 0.0, 0.0, 0.0, 0.0]",0,1
6,ulsan_005455,switch_rollout,15,63,63,1.0,0.016865079873241484,0.1111111119389534,0.01058201106886069,"[0.1111111119389534, 0.01587301678955555, 0.0476190485060215, 0.0317460335791111, 0.01587301678955555, 0.0, 0.0, 0.0, 0.01587301678955555, 0.01587301678955555, 0.0, 0.0, 0.0, 0.0, 0.0, 0.01587301678955555]",0,3
6,ulsan_005455,switch_rollout,31,63,63,1.0,0.015873016323894262,0.1111111119389534,0.009523809949556986,"[0.1111111119389534, 0.01587301678955555, 0.0476190485060215, 0.01587301678955555, 0.0317460335791111, 0.0, 0.0, 0.0, 0.0, 0.0317460335791111, 0.0, 0.0, 0.0, 0.0, 0.0, 0.0]",0,3
6,ulsan_005455,switch_rollout,53,63,63,1.0,0.02083333407063037,0.1746031790971756,0.01058201106886069,"[0.1746031790971756, 0.01587301678955555, 0.0476190485060215, 0.0317460335791111, 0.0317460335791111, 0.0, 0.01587301678955555, 0.0, 0.0, 0.01587301678955555, 0.0, 0.0, 0.0, 0.0, 0.0, 0.0]",0,3
6,ulsan_005455,teacher_forced,-1,63,63,1.0,0.038690477260388434,0.190476194024086,0.02857142947614193,"[0.190476194024086, 0.0476190485060215, 0.1111111119389534, 0.0793650820851326, 0.0476190485060215, 0.0317460335791111, 0.0317460335791111, 0.01587301678955555, 0.0, 0.01587301678955555, 0.0317460335791111, 0.0, 0.0, 0.01587301678955555, 0.0, 0.0]",0,3
6,ulsan_005763,normal_ar,0,74,250,3.3783783783783785,0.0025337838451378047,0.013513513840734959,0.0018018018454313278,"[0.013513513840734959, 0.0, 0.0, 0.0, 0.0, 0.013513513840734959, 0.0, 0.0, 0.0, 0.0, 0.0, 0.0, 0.0, 0.0, 0.0, 0.013513513840734959]",0,1
6,ulsan_005763,forced_gt_length,0,74,74,1.0,0.0025337838451378047,0.013513513840734959,0.0018018018454313278,"[0.013513513840734959, 0.0, 0.0, 0.0, 0.0, 0.013513513840734959, 0.0, 0.0, 0.0, 0.0, 0.0, 0.0, 0.0, 0.0, 0.0, 0.013513513840734959]",0,1
6,ulsan_005763,switch_rollout,18,74,74,1.0,0.004222973075229675,0.054054055362939835,0.0009009009227156639,"[0.054054055362939835, 0.013513513840734959, 0.0, 0.0, 0.0, 0.0, 0.0, 0.0, 0.0, 0.0, 0.0, 0.0, 0.0, 0.0, 0.0, 0.0]",0,1
6,ulsan_005763,switch_rollout,37,74,74,1.0,0.007601351535413414,0.10810811072587967,0.0009009009227156639,"[0.10810811072587967, 0.013513513840734959, 0.0, 0.0, 0.0, 0.0, 0.0, 0.0, 0.0, 0.0, 0.0, 0.0, 0.0, 0.0, 0.0, 0.0]",0,1
6,ulsan_005763,switch_rollout,64,74,74,1.0,0.007601351535413414,0.10810811072587967,0.0009009009227156639,"[0.10810811072587967, 0.013513513840734959, 0.0, 0.0, 0.0, 0.0, 0.0, 0.0, 0.0, 0.0, 0.0, 0.0, 0.0, 0.0, 0.0, 0.0]",0,1
6,ulsan_005763,teacher_forced,-1,74,74,1.0,0.020270270062610507,0.1621621549129486,0.010810811072587967,"[0.1621621549129486, 0.054054055362939835, 0.0, 0.013513513840734959, 0.0, 0.027027027681469917, 0.013513513840734959, 0.013513513840734959, 0.0, 0.0, 0.0, 0.013513513840734959, 0.0, 0.027027027681469917, 0.0, 0.0]",0,1
6,ulsan_006016,normal_ar,0,26,250,9.615384615384615,0.007211538730189204,0.03846153989434242,0.005128205319245656,"[0.03846153989434242, 0.0, 0.0, 0.0, 0.03846153989434242, 0.0, 0.0, 0.0, 0.03846153989434242, 0.0, 0.0, 0.0, 0.0, 0.0, 0.0, 0.0]",0,1
6,ulsan_006016,forced_gt_length,0,26,26,1.0,0.007211538730189204,0.03846153989434242,0.005128205319245656,"[0.03846153989434242, 0.0, 0.0, 0.0, 0.03846153989434242, 0.0, 0.0, 0.0, 0.03846153989434242, 0.0, 0.0, 0.0, 0.0, 0.0, 0.0, 0.0]",0,1
6,ulsan_006016,switch_rollout,6,26,26,1.0,0.007211538730189204,0.03846153989434242,0.005128205319245656,"[0.03846153989434242, 0.03846153989434242, 0.0, 0.0, 0.0, 0.0, 0.0, 0.0, 0.0, 0.0, 0.0, 0.03846153989434242, 0.0, 0.0, 0.0, 0.0]",0,1
6,ulsan_006016,switch_rollout,13,26,26,1.0,0.019230769714340568,0.11538461595773697,0.012820513298114141,"[0.11538461595773697, 0.03846153989434242, 0.0, 0.0, 0.03846153989434242, 0.0, 0.0, 0.0, 0.07692307978868484, 0.0, 0.0, 0.03846153989434242, 0.0, 0.0, 0.0, 0.0]",0,1
6,ulsan_006016,switch_rollout,16,26,26,1.0,0.02403846220113337,0.11538461595773697,0.017948718617359798,"[0.11538461595773697, 0.03846153989434242, 0.0, 0.0, 0.03846153989434242, 0.0, 0.03846153989434242, 0.0, 0.03846153989434242, 0.0, 0.0, 0.03846153989434242, 0.0, 0.03846153989434242, 0.03846153989434242, 0.0]",0,1
6,ulsan_006016,teacher_forced,-1,26,26,1.0,0.06009615515358746,0.19230769574642181,0.0512820524473985,"[0.19230769574642181, 0.11538461595773697, 0.11538461595773697, 0.19230769574642181, 0.03846153989434242, 0.03846153989434242, 0.03846153989434242, 0.03846153989434242, 0.03846153989434242, 0.03846153989434242, 0.0, 0.03846153989434242, 0.0, 0.03846153989434242, 0.03846153989434242, 0.0]",0,1
6,ulsan_006276,normal_ar,0,23,250,10.869565217391305,0.0027173913549631834,0.0,0.002898550778627396,"[0.0, 0.0, 0.0, 0.0, 0.0, 0.0, 0.0, 0.0, 0.043478261679410934, 0.0, 0.0, 0.0, 0.0, 0.0, 0.0, 0.0]",0,0
6,ulsan_006276,forced_gt_length,0,23,23,1.0,0.0027173913549631834,0.0,0.002898550778627396,"[0.0, 0.0, 0.0, 0.0, 0.0, 0.0, 0.0, 0.0, 0.043478261679410934, 0.0, 0.0, 0.0, 0.0, 0.0, 0.0, 0.0]",0,0
6,ulsan_006276,switch_rollout,5,23,23,1.0,0.0027173913549631834,0.043478261679410934,0.0,"[0.043478261679410934, 0.0, 0.0, 0.0, 0.0, 0.0, 0.0, 0.0, 0.0, 0.0, 0.0, 0.0, 0.0, 0.0, 0.0, 0.0]",0,0
6,ulsan_006276,switch_rollout,11,23,23,1.0,0.005434782709926367,0.043478261679410934,0.002898550778627396,"[0.043478261679410934, 0.0, 0.0, 0.0, 0.043478261679410934, 0.0, 0.0, 0.0, 0.0, 0.0, 0.0, 0.0, 0.0, 0.0, 0.0, 0.0]",0,0
6,ulsan_006276,switch_rollout,13,23,23,1.0,0.005434782709926367,0.043478261679410934,0.002898550778627396,"[0.043478261679410934, 0.0, 0.0, 0.0, 0.043478261679410934, 0.0, 0.0, 0.0, 0.0, 0.0, 0.0, 0.0, 0.0, 0.0, 0.0, 0.0]",0,0
6,ulsan_006276,teacher_forced,-1,23,23,1.0,0.04347826144658029,0.1304347813129425,0.037681160122156145,"[0.1304347813129425, 0.08695652335882187, 0.043478261679410934, 0.043478261679410934, 0.08695652335882187, 0.08695652335882187, 0.043478261679410934, 0.043478261679410934, 0.0, 0.08695652335882187, 0.0, 0.0, 0.0, 0.0, 0.043478261679410934, 0.0]",0,0
6,ulsan_006489,normal_ar,0,55,250,4.545454545454546,0.0056818180019035935,0.036363635212183,0.0036363635212183,"[0.036363635212183, 0.0, 0.0, 0.0181818176060915, 0.0181818176060915, 0.0181818176060915, 0.0, 0.0, 0.0, 0.0, 0.0, 0.0, 0.0, 0.0, 0.0, 0.0]",0,2
6,ulsan_006489,forced_gt_length,0,55,55,1.0,0.0056818180019035935,0.036363635212183,0.0036363635212183,"[0.036363635212183, 0.0, 0.0, 0.0181818176060915, 0.0181818176060915, 0.0181818176060915, 0.0, 0.0, 0.0, 0.0, 0.0, 0.0, 0.0, 0.0, 0.0, 0.0]",0,2
6,ulsan_006489,switch_rollout,13,55,55,1.0,0.00909090880304575,0.036363635212183,0.0072727270424366,"[0.036363635212183, 0.0, 0.036363635212183, 0.0181818176060915, 0.0, 0.0, 0.0, 0.0181818176060915, 0.0, 0.0181818176060915, 0.0181818176060915, 0.0, 0.0, 0.0, 0.0, 0.0]",0,1
6,ulsan_006489,switch_rollout,27,55,55,1.0,0.013636363320983946,0.072727270424366,0.009696969514091809,"[0.072727270424366, 0.0181818176060915, 0.0181818176060915, 0.0181818176060915, 0.0181818176060915, 0.0, 0.0, 0.0, 0.0, 0.0, 0.05454545468091965, 0.0181818176060915, 0.0, 0.0, 0.0, 0.0]",0,1
6,ulsan_006489,switch_rollout,45,55,55,1.0,0.013636363320983946,0.072727270424366,0.009696969514091809,"[0.072727270424366, 0.0181818176060915, 0.0181818176060915, 0.05454545468091965, 0.0, 0.0181818176060915, 0.0, 0.0, 0.0, 0.0, 0.036363635212183, 0.0, 0.0, 0.0, 0.0, 0.0]",0,1
6,ulsan_006489,teacher_forced,-1,55,55,1.0,0.027272727224044502,0.09090909361839294,0.023030302797754604,"[0.09090909361839294, 0.05454545468091965, 0.05454545468091965, 0.05454545468091965, 0.0181818176060915, 0.05454545468091965, 0.0181818176060915, 0.0181818176060915, 0.0181818176060915, 0.0, 0.036363635212183, 0.0, 0.0, 0.0, 0.0, 0.0181818176060915]",0,1
6,ulsan_006709,normal_ar,0,68,250,3.676470588235294,0.019301470834761858,0.014705882407724857,0.019607843396564326,"[0.014705882407724857, 0.0, 0.0, 0.029411764815449715, 0.04411764815449715, 0.014705882407724857, 0.029411764815449715, 0.029411764815449715, 0.029411764815449715, 0.04411764815449715, 0.014705882407724857, 0.014705882407724857, 0.0, 0.0, 0.04411764815449715, 0.0]",0,1
6,ulsan_006709,forced_gt_length,0,68,68,1.0,0.019301470834761858,0.014705882407724857,0.019607843396564326,"[0.014705882407724857, 0.0, 0.0, 0.029411764815449715, 0.04411764815449715, 0.014705882407724857, 0.029411764815449715, 0.029411764815449715, 0.029411764815449715, 0.04411764815449715, 0.014705882407724857, 0.014705882407724857, 0.0, 0.0, 0.04411764815449715, 0.0]",0,1
6,ulsan_006709,switch_rollout,17,68,68,1.0,0.030330882931593806,0.0882352963089943,0.026470588706433772,"[0.0882352963089943, 0.07352941483259201, 0.029411764815449715, 0.04411764815449715, 0.029411764815449715, 0.04411764815449715, 0.0, 0.04411764815449715, 0.014705882407724857, 0.029411764815449715, 0.0, 0.014705882407724857, 0.014705882407724857, 0.014705882407724857, 0.029411764815449715, 0.014705882407724857]",0,2
6,ulsan_006709,switch_rollout,34,68,68,1.0,0.04227941215503961,0.23529411852359772,0.0294117650638024,"[0.23529411852359772, 0.0882352963089943, 0.05882352963089943, 0.04411764815449715, 0.04411764815449715, 0.014705882407724857, 0.014705882407724857, 0.014705882407724857, 0.029411764815449715, 0.029411764815449715, 0.0, 0.014705882407724857, 0.014705882407724857, 0.029411764815449715, 0.029411764815449715, 0.014705882407724857]",0,2
6,ulsan_006709,switch_rollout,58,68,68,1.0,0.04503676580497995,0.2647058963775635,0.030392157100141048,"[0.2647058963775635, 0.10294117778539658, 0.05882352963089943, 0.05882352963089943, 0.04411764815449715, 0.014705882407724857, 0.014705882407724857, 0.014705882407724857, 0.029411764815449715, 0.014705882407724857, 0.0, 0.014705882407724857, 0.014705882407724857, 0.029411764815449715, 0.029411764815449715, 0.014705882407724857]",0,2
6,ulsan_006709,teacher_forced,-1,68,68,1.0,0.0818014718242921,0.27941176295280457,0.0686274524157246,"[0.27941176295280457, 0.20588235557079315, 0.11764705926179886, 0.14705882966518402, 0.05882352963089943, 0.07352941483259201, 0.07352941483259201, 0.0882352963089943, 0.04411764815449715, 0.04411764815449715, 0.029411764815449715, 0.04411764815449715, 0.029411764815449715, 0.014705882407724857, 0.029411764815449715, 0.029411764815449715]",0,2
6,ulsan_006954,normal_ar,0,30,28,0.9333333333333333,0.006696428870782256,0.0357142873108387,0.004761904974778493,"[0.0357142873108387, 0.0, 0.0357142873108387, 0.0, 0.0, 0.0, 0.0357142873108387, 0.0, 0.0, 0.0, 0.0, 0.0, 0.0, 0.0, 0.0, 0.0]",0,1
6,ulsan_006954,forced_gt_length,0,30,30,1.0,0.006250000325962901,0.03333333507180214,0.004444444676240286,"[0.03333333507180214, 0.0, 0.03333333507180214, 0.0, 0.0, 0.0, 0.03333333507180214, 0.0, 0.0, 0.0, 0.0, 0.0, 0.0, 0.0, 0.0, 0.0]",0,1
6,ulsan_006954,switch_rollout,7,30,30,1.0,0.012500000419095159,0.10000000149011612,0.006666667014360428,"[0.10000000149011612, 0.0, 0.03333333507180214, 0.0, 0.0, 0.0, 0.03333333507180214, 0.03333333507180214, 0.0, 0.0, 0.0, 0.0, 0.0, 0.0, 0.0, 0.0]",0,1
6,ulsan_006954,switch_rollout,15,30,30,1.0,0.014583333861082792,0.10000000149011612,0.008888889352480571,"[0.10000000149011612, 0.0, 0.03333333507180214, 0.0, 0.0, 0.0, 0.03333333507180214, 0.03333333507180214, 0.0, 0.0, 0.0, 0.0, 0.0, 0.0, 0.03333333507180214, 0.0]",0,1
6,ulsan_006954,switch_rollout,20,30,30,1.0,0.016666667303070426,0.10000000149011612,0.011111111690600714,"[0.10000000149011612, 0.0, 0.06666667014360428, 0.0, 0.0, 0.0, 0.03333333507180214, 0.03333333507180214, 0.0, 0.0, 0.0, 0.0, 0.0, 0.0, 0.03333333507180214, 0.0]",0,1
6,ulsan_006954,teacher_forced,-1,30,30,1.0,0.054166668094694614,0.10000000149011612,0.05111111253499985,"[0.10000000149011612, 0.23333333432674408, 0.20000000298023224, 0.03333333507180214, 0.06666667014360428, 0.0, 0.03333333507180214, 0.06666667014360428, 0.06666667014360428, 0.0, 0.0, 0.0, 0.0, 0.0, 0.06666667014360428, 0.0]",0,1
6,ulsan_007289,normal_ar,0,97,250,2.577319587628866,0.004510309139732271,0.010309278033673763,0.0041237112134695055,"[0.010309278033673763, 0.010309278033673763, 0.010309278033673763, 0.020618556067347527, 0.0, 0.010309278033673763, 0.0, 0.0, 0.0, 0.010309278033673763, 0.0, 0.0, 0.0, 0.0, 0.0, 0.0]",0,1
6,ulsan_007289,forced_gt_length,0,97,97,1.0,0.004510309139732271,0.010309278033673763,0.0041237112134695055,"[0.010309278033673763, 0.010309278033673763, 0.010309278033673763, 0.020618556067347527, 0.0, 0.010309278033673763, 0.0, 0.0, 0.0, 0.010309278033673763, 0.0, 0.0, 0.0, 0.0, 0.0, 0.0]",0,1
6,ulsan_007289,switch_rollout,24,97,97,1.0,0.012886597716715187,0.030927835032343864,0.011683848562339942,"[0.030927835032343864, 0.030927835032343864, 0.020618556067347527, 0.020618556067347527, 0.030927835032343864, 0.010309278033673763, 0.010309278033673763, 0.020618556067347527, 0.010309278033673763, 0.0, 0.0, 0.020618556067347527, 0.0, 0.0, 0.0, 0.0]",0,1
6,ulsan_007289,switch_rollout,48,97,97,1.0,0.016108247044030577,0.06185567006468773,0.013058418842653434,"[0.06185567006468773, 0.020618556067347527, 0.020618556067347527, 0.020618556067347527, 0.04123711213469505, 0.010309278033673763, 0.010309278033673763, 0.020618556067347527, 0.0, 0.0, 0.0, 0.020618556067347527, 0.020618556067347527, 0.0, 0.010309278033673763, 0.0]",0,1
6,ulsan_007289,switch_rollout,87,97,97,1.0,0.01868556666886434,0.11340206116437912,0.012371133702496687,"[0.11340206116437912, 0.020618556067347527, 0.010309278033673763, 0.020618556067347527, 0.030927835032343864, 0.010309278033673763, 0.010309278033673763, 0.010309278033673763, 0.020618556067347527, 0.0, 0.0, 0.020618556067347527, 0.010309278033673763, 0.0, 0.010309278033673763, 0.010309278033673763]",0,1
6,ulsan_007289,teacher_forced,-1,97,97,1.0,0.03286082373233512,0.1340206116437912,0.02611683787157138,"[0.1340206116437912, 0.04123711213469505, 0.06185567006468773, 0.04123711213469505, 0.04123711213469505, 0.010309278033673763, 0.020618556067347527, 0.010309278033673763, 0.020618556067347527, 0.020618556067347527, 0.010309278033673763, 0.020618556067347527, 0.020618556067347527, 0.020618556067347527, 0.030927835032343864, 0.020618556067347527]",0,1
6,ulsan_007557,normal_ar,0,42,250,5.9523809523809526,0.0059523810632526875,0.02380952425301075,0.00476190485060215,"[0.02380952425301075, 0.0, 0.0, 0.0476190485060215, 0.0, 0.0, 0.0, 0.0, 0.02380952425301075, 0.0, 0.0, 0.0, 0.0, 0.0, 0.0, 0.0]",0,1
6,ulsan_007557,forced_gt_length,0,42,42,1.0,0.0059523810632526875,0.02380952425301075,0.00476190485060215,"[0.02380952425301075, 0.0, 0.0, 0.0476190485060215, 0.0, 0.0, 0.0, 0.0, 0.02380952425301075, 0.0, 0.0, 0.0, 0.0, 0.0, 0.0, 0.0]",0,1
6,ulsan_007557,switch_rollout,10,42,42,1.0,0.02083333407063037,0.1428571492433548,0.01269841305911541,"[0.1428571492433548, 0.0, 0.0, 0.02380952425301075, 0.0, 0.0, 0.0, 0.02380952425301075, 0.0, 0.0714285746216774, 0.02380952425301075, 0.0, 0.0, 0.02380952425301075, 0.0, 0.02380952425301075]",0,4
6,ulsan_007557,switch_rollout,21,42,42,1.0,0.017857143422588706,0.1428571492433548,0.0095238097012043,"[0.1428571492433548, 0.0, 0.0, 0.02380952425301075, 0.0, 0.0, 0.02380952425301075, 0.0, 0.02380952425301075, 0.02380952425301075, 0.02380952425301075, 0.0, 0.0, 0.02380952425301075, 0.0, 0.0]",0,4
6,ulsan_007557,switch_rollout,32,42,42,1.0,0.02380952425301075,0.190476194024086,0.012698412934939066,"[0.190476194024086, 0.02380952425301075, 0.0, 0.02380952425301075, 0.0, 0.0, 0.0, 0.0, 0.02380952425301075, 0.02380952425301075, 0.02380952425301075, 0.0, 0.02380952425301075, 0.0476190485060215, 0.0, 0.0]",0,4
6,ulsan_007557,teacher_forced,-1,42,42,1.0,0.05208333535119891,0.261904776096344,0.038095239301522574,"[0.261904776096344, 0.095238097012043, 0.0714285746216774, 0.0476190485060215, 0.02380952425301075, 0.02380952425301075, 0.0714285746216774, 0.02380952425301075, 0.0714285746216774, 0.0714285746216774, 0.02380952425301075, 0.0, 0.02380952425301075, 0.02380952425301075, 0.0, 0.0]",0,4
6,ulsan_007895,normal_ar,0,71,250,3.5211267605633805,0.0035211266949772835,0.0422535203397274,0.000938967118660609,"[0.0422535203397274, 0.0, 0.014084506779909134, 0.0, 0.0, 0.0, 0.0, 0.0, 0.0, 0.0, 0.0, 0.0, 0.0, 0.0, 0.0, 0.0]",0,1
6,ulsan_007895,forced_gt_length,0,71,71,1.0,0.0035211266949772835,0.0422535203397274,0.000938967118660609,"[0.0422535203397274, 0.0, 0.014084506779909134, 0.0, 0.0, 0.0, 0.0, 0.0, 0.0, 0.0, 0.0, 0.0, 0.0, 0.0, 0.0, 0.0]",0,1
6,ulsan_007895,switch_rollout,17,71,71,1.0,0.013204225338995457,0.07042253762483597,0.009389671186606089,"[0.07042253762483597, 0.028169013559818268, 0.056338027119636536, 0.0, 0.0, 0.0, 0.0, 0.0, 0.014084506779909134, 0.014084506779909134, 0.0, 0.0, 0.014084506779909134, 0.0, 0.014084506779909134, 0.0]",0,2
6,ulsan_007895,switch_rollout,35,71,71,1.0,0.014084506779909134,0.056338027119636536,0.011267605423927306,"[0.056338027119636536, 0.0422535203397274, 0.056338027119636536, 0.0, 0.0, 0.0, 0.014084506779909134, 0.0, 0.014084506779909134, 0.0, 0.0, 0.0, 0.028169013559818268, 0.0, 0.014084506779909134, 0.0]",0,2
6,ulsan_007895,switch_rollout,61,71,71,1.0,0.02024647849611938,0.0845070406794548,0.015962441017230353,"[0.0845070406794548, 0.0422535203397274, 0.056338027119636536, 0.0, 0.028169013559818268, 0.0, 0.028169013559818268, 0.0, 0.014084506779909134, 0.0, 0.014084506779909134, 0.0, 0.0422535203397274, 0.014084506779909134, 0.0, 0.0]",0,2
6,ulsan_007895,teacher_forced,-1,71,71,1.0,0.02728873211890459,0.09859155118465424,0.022535210847854613,"[0.09859155118465424, 0.0845070406794548, 0.056338027119636536, 0.028169013559818268, 0.0422535203397274, 0.014084506779909134, 0.014084506779909134, 0.0, 0.0, 0.014084506779909134, 0.0, 0.014084506779909134, 0.0, 0.0422535203397274, 0.014084506779909134, 0.014084506779909134]",0,2
6,ulsan_008256,normal_ar,0,58,250,4.310344827586207,0.046336207538843155,0.08620689809322357,0.04367816150188446,"[0.08620689809322357, 0.08620689809322357, 0.03448275849223137, 0.03448275849223137, 0.0517241396009922, 0.03448275849223137, 0.08620689809322357, 0.017241379246115685, 0.03448275849223137, 0.0, 0.017241379246115685, 0.03448275849223137, 0.0517241396009922, 0.0517241396009922, 0.06896551698446274, 0.0517241396009922]",0,5
6,ulsan_008256,forced_gt_length,0,58,58,1.0,0.046336207538843155,0.08620689809322357,0.04367816150188446,"[0.08620689809322357, 0.08620689809322357, 0.03448275849223137, 0.03448275849223137, 0.0517241396009922, 0.03448275849223137, 0.08620689809322357, 0.017241379246115685, 0.03448275849223137, 0.0, 0.017241379246115685, 0.03448275849223137, 0.0517241396009922, 0.0517241396009922, 0.06896551698446274, 0.0517241396009922]",0,5
6,ulsan_008256,switch_rollout,14,58,58,1.0,0.05064655188471079,0.12068965286016464,0.04597701181968053,"[0.12068965286016464, 0.06896551698446274, 0.0517241396009922, 0.017241379246115685, 0.03448275849223137, 0.06896551698446274, 0.08620689809322357, 0.06896551698446274, 0.0517241396009922, 0.0517241396009922, 0.017241379246115685, 0.017241379246115685, 0.06896551698446274, 0.0, 0.06896551698446274, 0.017241379246115685]",0,6
6,ulsan_008256,switch_rollout,29,58,58,1.0,0.04741379385814071,0.17241379618644714,0.03908046036958694,"[0.17241379618644714, 0.06896551698446274, 0.0517241396009922, 0.017241379246115685, 0.017241379246115685, 0.0517241396009922, 0.08620689809322357, 0.06896551698446274, 0.017241379246115685, 0.0517241396009922, 0.017241379246115685, 0.017241379246115685, 0.0517241396009922, 0.0, 0.0517241396009922, 0.017241379246115685]",0,6
6,ulsan_008256,switch_rollout,48,58,58,1.0,0.06357758631929755,0.22413793206214905,0.05287356326977412,"[0.22413793206214905, 0.12068965286016464, 0.06896551698446274, 0.03448275849223137, 0.017241379246115685, 0.08620689809322357, 0.08620689809322357, 0.06896551698446274, 0.017241379246115685, 0.0517241396009922, 0.03448275849223137, 0.03448275849223137, 0.06896551698446274, 0.0, 0.06896551698446274, 0.03448275849223137]",0,6
6,ulsan_008256,teacher_forced,-1,58,58,1.0,0.086206897161901,0.27586206793785095,0.073563219110171,"[0.27586206793785095, 0.08620689809322357, 0.13793103396892548, 0.1034482792019844, 0.08620689809322357, 0.08620689809322357, 0.13793103396892548, 0.0517241396009922, 0.0517241396009922, 0.0517241396009922, 0.03448275849223137, 0.03448275849223137, 0.06896551698446274, 0.03448275849223137, 0.06896551698446274, 0.06896551698446274]",0,6
6,ulsan_008528,normal_ar,0,30,250,8.333333333333334,0.004166666883975267,0.03333333507180214,0.002222222338120143,"[0.03333333507180214, 0.0, 0.0, 0.0, 0.0, 0.0, 0.0, 0.0, 0.0, 0.0, 0.0, 0.03333333507180214, 0.0, 0.0, 0.0, 0.0]",0,1
6,ulsan_008528,forced_gt_length,0,30,30,1.0,0.004166666883975267,0.03333333507180214,0.002222222338120143,"[0.03333333507180214, 0.0, 0.0, 0.0, 0.0, 0.0, 0.0, 0.0, 0.0, 0.0, 0.0, 0.03333333507180214, 0.0, 0.0, 0.0, 0.0]",0,1
6,ulsan_008528,switch_rollout,7,30,30,1.0,0.010416667209938169,0.06666667014360428,0.006666667014360428,"[0.06666667014360428, 0.06666667014360428, 0.0, 0.0, 0.0, 0.0, 0.0, 0.0, 0.0, 0.0, 0.0, 0.03333333507180214, 0.0, 0.0, 0.0, 0.0]",0,1
6,ulsan_008528,switch_rollout,15,30,30,1.0,0.016666667303070426,0.10000000149011612,0.011111111690600714,"[0.10000000149011612, 0.03333333507180214, 0.03333333507180214, 0.0, 0.03333333507180214, 0.0, 0.0, 0.0, 0.03333333507180214, 0.0, 0.0, 0.03333333507180214, 0.0, 0.0, 0.0, 0.0]",0,1
6,ulsan_008528,switch_rollout,20,30,30,1.0,0.012500000651925802,0.06666667014360428,0.008888889352480571,"[0.06666667014360428, 0.0, 0.03333333507180214, 0.0, 0.03333333507180214, 0.0, 0.0, 0.0, 0.03333333507180214, 0.0, 0.0, 0.03333333507180214, 0.0, 0.0, 0.0, 0.0]",0,1
6,ulsan_008528,teacher_forced,-1,30,30,1.0,0.033333334838971496,0.13333334028720856,0.026666667809089026,"[0.13333334028720856, 0.06666667014360428, 0.10000000149011612, 0.03333333507180214, 0.03333333507180214, 0.0, 0.06666667014360428, 0.03333333507180214, 0.03333333507180214, 0.0, 0.0, 0.0, 0.0, 0.03333333507180214, 0.0, 0.0]",0,1
6,ulsan_008768,normal_ar,0,52,250,4.8076923076923075,0.04567307839170098,0.01923076994717121,0.04743589895466963,"[0.01923076994717121, 0.01923076994717121, 0.0, 0.03846153989434242, 0.09615384787321091, 0.057692307978868484, 0.09615384787321091, 0.03846153989434242, 0.07692307978868484, 0.07692307978868484, 0.03846153989434242, 0.0, 0.13461539149284363, 0.0, 0.03846153989434242, 0.0]",0,1
6,ulsan_008768,forced_gt_length,0,52,52,1.0,0.04567307839170098,0.01923076994717121,0.04743589895466963,"[0.01923076994717121, 0.01923076994717121, 0.0, 0.03846153989434242, 0.09615384787321091, 0.057692307978868484, 0.09615384787321091, 0.03846153989434242, 0.07692307978868484, 0.07692307978868484, 0.03846153989434242, 0.0, 0.13461539149284363, 0.0, 0.03846153989434242, 0.0]",0,1
6,ulsan_008768,switch_rollout,13,52,52,1.0,0.008413461735472083,0.057692307978868484,0.005128205319245656,"[0.057692307978868484, 0.01923076994717121, 0.0, 0.0, 0.0, 0.01923076994717121, 0.0, 0.0, 0.01923076994717121, 0.0, 0.0, 0.0, 0.0, 0.0, 0.01923076994717121, 0.0]",0,1
6,ulsan_008768,switch_rollout,26,52,52,1.0,0.03004807757679373,0.057692307978868484,0.02820512888332208,"[0.057692307978868484, 0.057692307978868484, 0.0, 0.01923076994717121, 0.03846153989434242, 0.01923076994717121, 0.057692307978868484, 0.01923076994717121, 0.03846153989434242, 0.01923076994717121, 0.01923076994717121, 0.0, 0.057692307978868484, 0.0, 0.03846153989434242, 0.03846153989434242]",0,1
6,ulsan_008768,switch_rollout,42,52,52,1.0,0.051682693883776665,0.11538461595773697,0.047435899078845975,"[0.11538461595773697, 0.13461539149284363, 0.01923076994717121, 0.057692307978868484, 0.01923076994717121, 0.0, 0.01923076994717121, 0.01923076994717121, 0.03846153989434242, 0.07692307978868484, 0.057692307978868484, 0.0, 0.13461539149284363, 0.03846153989434242, 0.03846153989434242, 0.057692307978868484]",0,1
6,ulsan_008768,teacher_forced,-1,52,52,1.0,0.08533654105849564,0.13461539149284363,0.08205128436287244,"[0.13461539149284363, 0.11538461595773697, 0.057692307978868484, 0.09615384787321091, 0.07692307978868484, 0.13461539149284363, 0.09615384787321091, 0.09615384787321091, 0.13461539149284363, 0.07692307978868484, 0.057692307978868484, 0.01923076994717121, 0.1538461595773697, 0.03846153989434242, 0.01923076994717121, 0.057692307978868484]",0,1
6,ulsan_009058,normal_ar,0,72,250,3.4722222222222223,0.10156250093132257,0.0694444477558136,0.1037037044763565,"[0.0694444477558136, 0.0972222238779068, 0.0833333358168602, 0.1944444477558136, 0.0972222238779068, 0.125, 0.02777777798473835, 0.0555555559694767, 0.1527777761220932, 0.0833333358168602, 0.1111111119389534, 0.02777777798473835, 0.1111111119389534, 0.0694444477558136, 0.2083333283662796, 0.1111111119389534]",0,5
6,ulsan_009058,forced_gt_length,0,72,72,1.0,0.10156250093132257,0.0694444477558136,0.1037037044763565,"[0.0694444477558136, 0.0972222238779068, 0.0833333358168602, 0.1944444477558136, 0.0972222238779068, 0.125, 0.02777777798473835, 0.0555555559694767, 0.1527777761220932, 0.0833333358168602, 0.1111111119389534, 0.02777777798473835, 0.1111111119389534, 0.0694444477558136, 0.2083333283662796, 0.1111111119389534]",0,5
6,ulsan_009058,switch_rollout,18,72,72,1.0,0.1171875016298145,0.1111111119389534,0.11759259427587192,"[0.1111111119389534, 0.1527777761220932, 0.125, 0.1666666716337204, 0.0833333358168602, 0.0972222238779068, 0.125, 0.1388888955116272, 0.125, 0.0694444477558136, 0.1111111119389534, 0.0555555559694767, 0.1111111119389534, 0.0833333358168602, 0.1944444477558136, 0.125]",0,6
6,ulsan_009058,switch_rollout,36,72,72,1.0,0.12065972411073744,0.1944444477558136,0.11574074253439903,"[0.1944444477558136, 0.1805555522441864, 0.125, 0.1666666716337204, 0.0694444477558136, 0.0833333358168602, 0.0972222238779068, 0.1388888955116272, 0.125, 0.0694444477558136, 0.1111111119389534, 0.0555555559694767, 0.1111111119389534, 0.0833333358168602, 0.1944444477558136, 0.125]",0,6
6,ulsan_009058,switch_rollout,62,72,72,1.0,0.12326389085501432,0.2638888955116272,0.11388889054457346,"[0.2638888955116272, 0.1944444477558136, 0.1527777761220932, 0.125, 0.0694444477558136, 0.0694444477558136, 0.1111111119389534, 0.1388888955116272, 0.1111111119389534, 0.0416666679084301, 0.125, 0.0416666679084301, 0.125, 0.0972222238779068, 0.1944444477558136, 0.1111111119389534]",0,6
6,ulsan_009058,teacher_forced,-1,72,72,1.0,0.17187500093132257,0.3194444477558136,0.16203703780968984,"[0.3194444477558136, 0.2361111044883728, 0.1944444477558136, 0.2222222238779068, 0.1388888955116272, 0.1527777761220932, 0.1805555522441864, 0.125, 0.1527777761220932, 0.1805555522441864, 0.1388888955116272, 0.1388888955116272, 0.1111111119389534, 0.0833333358168602, 0.1944444477558136, 0.1805555522441864]",0,6
6,ulsan_009300,normal_ar,0,37,250,6.756756756756757,0.08783783740364015,0.1621621549129486,0.08288288290301958,"[0.1621621549129486, 0.18918919563293457, 0.13513512909412384, 0.0810810774564743, 0.027027027681469917, 0.18918919563293457, 0.054054055362939835, 0.10810811072587967, 0.027027027681469917, 0.0, 0.0, 0.027027027681469917, 0.027027027681469917, 0.13513512909412384, 0.10810811072587967, 0.13513512909412384]",0,6
6,ulsan_009300,forced_gt_length,0,37,37,1.0,0.08783783740364015,0.1621621549129486,0.08288288290301958,"[0.1621621549129486, 0.18918919563293457, 0.13513512909412384, 0.0810810774564743, 0.027027027681469917, 0.18918919563293457, 0.054054055362939835, 0.10810811072587967, 0.027027027681469917, 0.0, 0.0, 0.027027027681469917, 0.027027027681469917, 0.13513512909412384, 0.10810811072587967, 0.13513512909412384]",0,6
6,ulsan_009300,switch_rollout,9,37,37,1.0,0.10472972807474434,0.18918919563293457,0.09909909690419832,"[0.18918919563293457, 0.1621621549129486, 0.1621621549129486, 0.10810811072587967, 0.0810810774564743, 0.13513512909412384, 0.0810810774564743, 0.0810810774564743, 0.10810811072587967, 0.054054055362939835, 0.054054055362939835, 0.0810810774564743, 0.0810810774564743, 0.054054055362939835, 0.10810811072587967, 0.13513512909412384]",0,6
6,ulsan_009300,switch_rollout,18,37,37,1.0,0.11148648499511182,0.2432432472705841,0.10270270084341367,"[0.2432432472705841, 0.1621621549129486, 0.1621621549129486, 0.10810811072587967, 0.10810811072587967, 0.1621621549129486, 0.0810810774564743, 0.0810810774564743, 0.10810811072587967, 0.054054055362939835, 0.054054055362939835, 0.0810810774564743, 0.0810810774564743, 0.054054055362939835, 0.10810811072587967, 0.13513512909412384]",0,6
6,ulsan_009300,switch_rollout,27,37,37,1.0,0.16891891788691282,0.3513513505458832,0.15675675570964814,"[0.3513513505458832, 0.21621622145175934, 0.21621622145175934, 0.1621621549129486, 0.18918919563293457, 0.18918919563293457, 0.13513512909412384, 0.10810811072587967, 0.18918919563293457, 0.10810811072587967, 0.13513512909412384, 0.13513512909412384, 0.1621621549129486, 0.0810810774564743, 0.1621621549129486, 0.1621621549129486]",0,6
6,ulsan_009300,teacher_forced,-1,37,37,1.0,0.21283783903345466,0.4054054021835327,0.20000000149011612,"[0.4054054021835327, 0.29729729890823364, 0.29729729890823364, 0.18918919563293457, 0.13513512909412384, 0.2432432472705841, 0.2432432472705841, 0.13513512909412384, 0.21621622145175934, 0.10810811072587967, 0.2432432472705841, 0.18918919563293457, 0.1621621549129486, 0.1621621549129486, 0.18918919563293457, 0.18918919563293457]",0,6
6,ulsan_009553,normal_ar,0,69,250,3.6231884057971016,0.006340579828247428,0.014492753893136978,0.005797101557254792,"[0.014492753893136978, 0.0, 0.0, 0.0, 0.014492753893136978, 0.014492753893136978, 0.014492753893136978, 0.014492753893136978, 0.0, 0.0, 0.0, 0.014492753893136978, 0.0, 0.0, 0.014492753893136978, 0.0]",0,1
6,ulsan_009553,forced_gt_length,0,69,69,1.0,0.006340579828247428,0.014492753893136978,0.005797101557254792,"[0.014492753893136978, 0.0, 0.0, 0.0, 0.014492753893136978, 0.014492753893136978, 0.014492753893136978, 0.014492753893136978, 0.0, 0.0, 0.0, 0.014492753893136978, 0.0, 0.0, 0.014492753893136978, 0.0]",0,1
6,ulsan_009553,switch_rollout,17,69,69,1.0,0.011775362538173795,0.028985507786273956,0.010628019521633784,"[0.028985507786273956, 0.014492753893136978, 0.028985507786273956, 0.014492753893136978, 0.014492753893136978, 0.028985507786273956, 0.014492753893136978, 0.0, 0.0, 0.0, 0.014492753893136978, 0.0, 0.014492753893136978, 0.0, 0.014492753893136978, 0.0]",0,2
6,ulsan_009553,switch_rollout,34,69,69,1.0,0.019021739484742284,0.05797101557254791,0.016425121078888574,"[0.05797101557254791, 0.028985507786273956, 0.043478261679410934, 0.014492753893136978, 0.014492753893136978, 0.043478261679410934, 0.014492753893136978, 0.0, 0.0, 0.014492753893136978, 0.014492753893136978, 0.014492753893136978, 0.014492753893136978, 0.014492753893136978, 0.014492753893136978, 0.0]",0,2
6,ulsan_009553,switch_rollout,59,69,69,1.0,0.013586956541985273,0.07246376574039459,0.009661835928757986,"[0.07246376574039459, 0.028985507786273956, 0.043478261679410934, 0.0, 0.014492753893136978, 0.028985507786273956, 0.014492753893136978, 0.0, 0.0, 0.0, 0.0, 0.0, 0.0, 0.0, 0.014492753893136978, 0.0]",0,2
6,ulsan_009553,teacher_forced,-1,69,69,1.0,0.03804347850382328,0.11594203114509583,0.032850241661071776,"[0.11594203114509583, 0.07246376574039459, 0.1304347813129425, 0.05797101557254791, 0.028985507786273956, 0.014492753893136978, 0.0, 0.014492753893136978, 0.05797101557254791, 0.043478261679410934, 0.028985507786273956, 0.0, 0.014492753893136978, 0.028985507786273956, 0.0, 0.0]",0,2
6,ulsan_009797,normal_ar,0,45,250,5.555555555555555,0.004166666767559946,0.02222222276031971,0.0029629630347092948,"[0.02222222276031971, 0.0, 0.0, 0.0, 0.02222222276031971, 0.0, 0.02222222276031971, 0.0, 0.0, 0.0, 0.0, 0.0, 0.0, 0.0, 0.0, 0.0]",0,1
6,ulsan_009797,forced_gt_length,0,45,45,1.0,0.004166666767559946,0.02222222276031971,0.0029629630347092948,"[0.02222222276031971, 0.0, 0.0, 0.0, 0.02222222276031971, 0.0, 0.02222222276031971, 0.0, 0.0, 0.0, 0.0, 0.0, 0.0, 0.0, 0.0, 0.0]",0,1
6,ulsan_009797,switch_rollout,11,45,45,1.0,0.011111111496575177,0.06666667014360428,0.007407407586773236,"[0.06666667014360428, 0.0, 0.0, 0.02222222276031971, 0.0, 0.0, 0.04444444552063942, 0.0, 0.02222222276031971, 0.02222222276031971, 0.0, 0.0, 0.0, 0.0, 0.0, 0.0]",0,1
6,ulsan_009797,switch_rollout,22,45,45,1.0,0.02083333395421505,0.15555556118488312,0.011851852138837179,"[0.15555556118488312, 0.04444444552063942, 0.02222222276031971, 0.0, 0.0, 0.0, 0.04444444552063942, 0.02222222276031971, 0.02222222276031971, 0.02222222276031971, 0.0, 0.0, 0.0, 0.0, 0.0, 0.0]",0,1
6,ulsan_009797,switch_rollout,35,45,45,1.0,0.0347222228301689,0.2222222238779068,0.02222222276031971,"[0.2222222238779068, 0.08888889104127884, 0.04444444552063942, 0.04444444552063942, 0.0, 0.0, 0.04444444552063942, 0.02222222276031971, 0.02222222276031971, 0.02222222276031971, 0.0, 0.02222222276031971, 0.0, 0.0, 0.02222222276031971, 0.0]",0,1
6,ulsan_009797,teacher_forced,-1,45,45,1.0,0.04861111275386065,0.2666666805744171,0.03407407489915689,"[0.2666666805744171, 0.1111111119389534, 0.08888889104127884, 0.08888889104127884, 0.06666667014360428, 0.02222222276031971, 0.04444444552063942, 0.0, 0.02222222276031971, 0.0, 0.0, 0.02222222276031971, 0.02222222276031971, 0.0, 0.02222222276031971, 0.0]",0,1
6,ulsan_010053,normal_ar,0,51,250,4.901960784313726,0.07230392284691334,0.0784313753247261,0.07189542601505915,"[0.0784313753247261, 0.05882352963089943, 0.03921568766236305, 0.09803921729326248, 0.0784313753247261, 0.09803921729326248, 0.03921568766236305, 0.05882352963089943, 0.0784313753247261, 0.05882352963089943, 0.05882352963089943, 0.03921568766236305, 0.11764705926179886, 0.0784313753247261, 0.11764705926179886, 0.05882352963089943]",0,4
6,ulsan_010053,forced_gt_length,0,51,51,1.0,0.07230392284691334,0.0784313753247261,0.07189542601505915,"[0.0784313753247261, 0.05882352963089943, 0.03921568766236305, 0.09803921729326248, 0.0784313753247261, 0.09803921729326248, 0.03921568766236305, 0.05882352963089943, 0.0784313753247261, 0.05882352963089943, 0.05882352963089943, 0.03921568766236305, 0.11764705926179886, 0.0784313753247261, 0.11764705926179886, 0.05882352963089943]",0,4
6,ulsan_010053,switch_rollout,12,51,51,1.0,0.07230392331257463,0.0784313753247261,0.07189542651176453,"[0.0784313753247261, 0.0784313753247261, 0.03921568766236305, 0.09803921729326248, 0.05882352963089943, 0.09803921729326248, 0.03921568766236305, 0.0784313753247261, 0.05882352963089943, 0.05882352963089943, 0.05882352963089943, 0.03921568766236305, 0.09803921729326248, 0.0784313753247261, 0.13725490868091583, 0.05882352963089943]",0,4
6,ulsan_010053,switch_rollout,25,51,51,1.0,0.05269608017988503,0.1568627506494522,0.04575163548191388,"[0.1568627506494522, 0.0784313753247261, 0.03921568766236305, 0.0784313753247261, 0.05882352963089943, 0.03921568766236305, 0.019607843831181526, 0.03921568766236305, 0.03921568766236305, 0.03921568766236305, 0.03921568766236305, 0.0, 0.0784313753247261, 0.03921568766236305, 0.0784313753247261, 0.019607843831181526]",0,4
6,ulsan_010053,switch_rollout,41,51,51,1.0,0.07843137416057289,0.1764705926179886,0.07189542626341185,"[0.1764705926179886, 0.1568627506494522, 0.09803921729326248, 0.09803921729326248, 0.0784313753247261, 0.0784313753247261, 0.019607843831181526, 0.05882352963089943, 0.03921568766236305, 0.05882352963089943, 0.05882352963089943, 0.019607843831181526, 0.0784313753247261, 0.05882352963089943, 0.11764705926179886, 0.05882352963089943]",0,4
6,ulsan_010053,teacher_forced,-1,51,51,1.0,0.1348039247095585,0.21568627655506134,0.12941176791985828,"[0.21568627655506134, 0.23529411852359772, 0.1764705926179886, 0.11764705926179886, 0.11764705926179886, 0.13725490868091583, 0.13725490868091583, 0.1764705926179886, 0.0784313753247261, 0.09803921729326248, 0.09803921729326248, 0.0784313753247261, 0.0784313753247261, 0.1568627506494522, 0.13725490868091583, 0.11764705926179886]",0,4
6,ulsan_010388,normal_ar,0,32,250,7.8125,0.0390625,0.09375,0.035416666666666666,"[0.09375, 0.03125, 0.03125, 0.0625, 0.03125, 0.0625, 0.03125, 0.0, 0.03125, 0.0, 0.03125, 0.0625, 0.03125, 0.0625, 0.03125, 0.03125]",0,3
6,ulsan_010388,forced_gt_length,0,32,32,1.0,0.0390625,0.09375,0.035416666666666666,"[0.09375, 0.03125, 0.03125, 0.0625, 0.03125, 0.0625, 0.03125, 0.0, 0.03125, 0.0, 0.03125, 0.0625, 0.03125, 0.0625, 0.03125, 0.03125]",0,3
6,ulsan_010388,switch_rollout,8,32,32,1.0,0.068359375,0.125,0.06458333333333334,"[0.125, 0.125, 0.0625, 0.0625, 0.09375, 0.03125, 0.0625, 0.0625, 0.09375, 0.0625, 0.0625, 0.03125, 0.0625, 0.03125, 0.0625, 0.0625]",0,3
6,ulsan_010388,switch_rollout,16,32,32,1.0,0.06640625,0.125,0.0625,"[0.125, 0.125, 0.0625, 0.0625, 0.0625, 0.03125, 0.0625, 0.0625, 0.09375, 0.0625, 0.0625, 0.03125, 0.0625, 0.03125, 0.0625, 0.0625]",0,3
6,ulsan_010388,switch_rollout,22,32,32,1.0,0.06640625,0.125,0.0625,"[0.125, 0.125, 0.0625, 0.0625, 0.0625, 0.03125, 0.0625, 0.0625, 0.09375, 0.0625, 0.0625, 0.03125, 0.0625, 0.03125, 0.0625, 0.0625]",0,3
6,ulsan_010388,teacher_forced,-1,32,32,1.0,0.1640625,0.28125,0.15625,"[0.28125, 0.21875, 0.15625, 0.15625, 0.15625, 0.15625, 0.1875, 0.1875, 0.1875, 0.15625, 0.09375, 0.15625, 0.15625, 0.09375, 0.15625, 0.125]",0,3
6,ulsan_010651,normal_ar,0,38,250,6.578947368421052,0.01973684225231409,0.02631578966975212,0.019298245757818223,"[0.02631578966975212, 0.02631578966975212, 0.02631578966975212, 0.02631578966975212, 0.0, 0.05263157933950424, 0.02631578966975212, 0.0, 0.05263157933950424, 0.0, 0.0, 0.0, 0.05263157933950424, 0.0, 0.02631578966975212, 0.0]",0,1
6,ulsan_010651,forced_gt_length,0,38,38,1.0,0.01973684225231409,0.02631578966975212,0.019298245757818223,"[0.02631578966975212, 0.02631578966975212, 0.02631578966975212, 0.02631578966975212, 0.0, 0.05263157933950424, 0.02631578966975212, 0.0, 0.05263157933950424, 0.0, 0.0, 0.0, 0.05263157933950424, 0.0, 0.02631578966975212, 0.0]",0,1
6,ulsan_010651,switch_rollout,9,38,38,1.0,0.023026315961033106,0.02631578966975212,0.022807017713785172,"[0.02631578966975212, 0.02631578966975212, 0.02631578966975212, 0.05263157933950424, 0.0, 0.05263157933950424, 0.02631578966975212, 0.0, 0.05263157933950424, 0.0, 0.02631578966975212, 0.0, 0.05263157933950424, 0.0, 0.02631578966975212, 0.0]",0,1
6,ulsan_010651,switch_rollout,19,38,38,1.0,0.016447368543595076,0.02631578966975212,0.01578947380185127,"[0.02631578966975212, 0.02631578966975212, 0.02631578966975212, 0.02631578966975212, 0.0, 0.02631578966975212, 0.02631578966975212, 0.02631578966975212, 0.02631578966975212, 0.02631578966975212, 0.0, 0.0, 0.02631578966975212, 0.0, 0.0, 0.0]",0,1
6,ulsan_010651,switch_rollout,28,38,38,1.0,0.016447368543595076,0.05263157933950424,0.014035087823867799,"[0.05263157933950424, 0.02631578966975212, 0.02631578966975212, 0.02631578966975212, 0.0, 0.02631578966975212, 0.02631578966975212, 0.02631578966975212, 0.02631578966975212, 0.0, 0.0, 0.0, 0.02631578966975212, 0.0, 0.0, 0.0]",0,1
6,ulsan_010651,teacher_forced,-1,38,38,1.0,0.04934210469946265,0.05263157933950424,0.04912280639012655,"[0.05263157933950424, 0.05263157933950424, 0.07894736528396606, 0.10526315867900848, 0.02631578966975212, 0.05263157933950424, 0.02631578966975212, 0.07894736528396606, 0.07894736528396606, 0.07894736528396606, 0.05263157933950424, 0.02631578966975212, 0.05263157933950424, 0.0, 0.0, 0.02631578966975212]",0,1
6,ulsan_010943,normal_ar,0,60,250,4.166666666666667,0.035416668048128486,0.05000000074505806,0.03444444586833318,"[0.05000000074505806, 0.06666667014360428, 0.05000000074505806, 0.03333333507180214, 0.03333333507180214, 0.06666667014360428, 0.01666666753590107, 0.05000000074505806, 0.03333333507180214, 0.03333333507180214, 0.01666666753590107, 0.01666666753590107, 0.01666666753590107, 0.05000000074505806, 0.03333333507180214, 0.0]",0,3
6,ulsan_010943,forced_gt_length,0,60,60,1.0,0.035416668048128486,0.05000000074505806,0.03444444586833318,"[0.05000000074505806, 0.06666667014360428, 0.05000000074505806, 0.03333333507180214, 0.03333333507180214, 0.06666667014360428, 0.01666666753590107, 0.05000000074505806, 0.03333333507180214, 0.03333333507180214, 0.01666666753590107, 0.01666666753590107, 0.01666666753590107, 0.05000000074505806, 0.03333333507180214, 0.0]",0,3
6,ulsan_010943,switch_rollout,15,60,60,1.0,0.03125000116415322,0.0833333358168602,0.027777778853972753,"[0.0833333358168602, 0.06666667014360428, 0.05000000074505806, 0.05000000074505806, 0.03333333507180214, 0.05000000074505806, 0.01666666753590107, 0.03333333507180214, 0.03333333507180214, 0.01666666753590107, 0.01666666753590107, 0.01666666753590107, 0.01666666753590107, 0.0, 0.01666666753590107, 0.0]",0,3
6,ulsan_010943,switch_rollout,30,60,60,1.0,0.038541668094694614,0.0833333358168602,0.03555555691321691,"[0.0833333358168602, 0.05000000074505806, 0.03333333507180214, 0.05000000074505806, 0.03333333507180214, 0.06666667014360428, 0.01666666753590107, 0.06666667014360428, 0.03333333507180214, 0.01666666753590107, 0.01666666753590107, 0.01666666753590107, 0.03333333507180214, 0.05000000074505806, 0.05000000074505806, 0.0]",0,3
6,ulsan_010943,switch_rollout,50,60,60,1.0,0.04062500118743628,0.11666666716337204,0.035555556789040564,"[0.11666666716337204, 0.06666667014360428, 0.05000000074505806, 0.05000000074505806, 0.03333333507180214, 0.05000000074505806, 0.01666666753590107, 0.03333333507180214, 0.03333333507180214, 0.03333333507180214, 0.05000000074505806, 0.01666666753590107, 0.03333333507180214, 0.01666666753590107, 0.05000000074505806, 0.0]",0,3
6,ulsan_010943,teacher_forced,-1,60,60,1.0,0.07708333572372794,0.18333333730697632,0.07000000228484472,"[0.18333333730697632, 0.10000000149011612, 0.0833333358168602, 0.0833333358168602, 0.06666667014360428, 0.06666667014360428, 0.0833333358168602, 0.0833333358168602, 0.06666667014360428, 0.0833333358168602, 0.0833333358168602, 0.05000000074505806, 0.05000000074505806, 0.03333333507180214, 0.06666667014360428, 0.05000000074505806]",0,3
6,ulsan_011164,normal_ar,0,40,250,6.25,0.09687500132713467,0.15000000596046448,0.09333333435157935,"[0.15000000596046448, 0.20000000298023224, 0.125, 0.0, 0.125, 0.125, 0.05000000074505806, 0.10000000149011612, 0.10000000149011612, 0.05000000074505806, 0.125, 0.10000000149011612, 0.02500000037252903, 0.10000000149011612, 0.07500000298023224, 0.10000000149011612]",0,6
6,ulsan_011164,forced_gt_length,0,40,40,1.0,0.09687500132713467,0.15000000596046448,0.09333333435157935,"[0.15000000596046448, 0.20000000298023224, 0.125, 0.0, 0.125, 0.125, 0.05000000074505806, 0.10000000149011612, 0.10000000149011612, 0.05000000074505806, 0.125, 0.10000000149011612, 0.02500000037252903, 0.10000000149011612, 0.07500000298023224, 0.10000000149011612]",0,6
6,ulsan_011164,switch_rollout,10,40,40,1.0,0.09531250223517418,0.15000000596046448,0.09166666865348816,"[0.15000000596046448, 0.125, 0.15000000596046448, 0.10000000149011612, 0.10000000149011612, 0.10000000149011612, 0.07500000298023224, 0.10000000149011612, 0.10000000149011612, 0.07500000298023224, 0.125, 0.07500000298023224, 0.05000000074505806, 0.05000000074505806, 0.07500000298023224, 0.07500000298023224]",0,6
6,ulsan_011164,switch_rollout,20,40,40,1.0,0.09531250223517418,0.15000000596046448,0.09166666865348816,"[0.15000000596046448, 0.125, 0.15000000596046448, 0.10000000149011612, 0.10000000149011612, 0.10000000149011612, 0.07500000298023224, 0.10000000149011612, 0.10000000149011612, 0.07500000298023224, 0.125, 0.07500000298023224, 0.05000000074505806, 0.05000000074505806, 0.07500000298023224, 0.07500000298023224]",0,6
6,ulsan_011164,switch_rollout,30,40,40,1.0,0.09531250223517418,0.15000000596046448,0.09166666865348816,"[0.15000000596046448, 0.125, 0.15000000596046448, 0.10000000149011612, 0.10000000149011612, 0.10000000149011612, 0.07500000298023224, 0.10000000149011612, 0.10000000149011612, 0.07500000298023224, 0.125, 0.07500000298023224, 0.05000000074505806, 0.05000000074505806, 0.07500000298023224, 0.07500000298023224]",0,6
6,ulsan_011164,teacher_forced,-1,40,40,1.0,0.19843750167638063,0.2750000059604645,0.19333333472410838,"[0.2750000059604645, 0.2750000059604645, 0.2750000059604645, 0.20000000298023224, 0.17499999701976776, 0.20000000298023224, 0.20000000298023224, 0.20000000298023224, 0.20000000298023224, 0.22499999403953552, 0.15000000596046448, 0.20000000298023224, 0.125, 0.125, 0.22499999403953552, 0.125]",0,6
6,ulsan_011413,normal_ar,0,25,250,10.0,0.042499999050050974,0.03999999910593033,0.04266666571299235,"[0.03999999910593033, 0.03999999910593033, 0.03999999910593033, 0.03999999910593033, 0.11999999731779099, 0.0, 0.07999999821186066, 0.07999999821186066, 0.03999999910593033, 0.0, 0.07999999821186066, 0.03999999910593033, 0.03999999910593033, 0.03999999910593033, 0.0, 0.0]",0,1
6,ulsan_011413,forced_gt_length,0,25,25,1.0,0.042499999050050974,0.03999999910593033,0.04266666571299235,"[0.03999999910593033, 0.03999999910593033, 0.03999999910593033, 0.03999999910593033, 0.11999999731779099, 0.0, 0.07999999821186066, 0.07999999821186066, 0.03999999910593033, 0.0, 0.07999999821186066, 0.03999999910593033, 0.03999999910593033, 0.03999999910593033, 0.0, 0.0]",0,1
6,ulsan_011413,switch_rollout,6,25,25,1.0,0.03499999921768904,0.03999999910593033,0.03466666589180629,"[0.03999999910593033, 0.07999999821186066, 0.03999999910593033, 0.03999999910593033, 0.07999999821186066, 0.0, 0.03999999910593033, 0.11999999731779099, 0.03999999910593033, 0.0, 0.03999999910593033, 0.03999999910593033, 0.0, 0.0, 0.0, 0.0]",0,1
6,ulsan_011413,switch_rollout,12,25,25,1.0,0.039999999571591616,0.03999999910593033,0.0399999996026357,"[0.03999999910593033, 0.20000000298023224, 0.03999999910593033, 0.03999999910593033, 0.07999999821186066, 0.0, 0.03999999910593033, 0.07999999821186066, 0.03999999910593033, 0.0, 0.03999999910593033, 0.03999999910593033, 0.0, 0.0, 0.0, 0.0]",0,1
6,ulsan_011413,switch_rollout,15,25,25,1.0,0.03499999921768904,0.03999999910593033,0.03466666589180629,"[0.03999999910593033, 0.11999999731779099, 0.03999999910593033, 0.03999999910593033, 0.07999999821186066, 0.0, 0.03999999910593033, 0.07999999821186066, 0.03999999910593033, 0.0, 0.03999999910593033, 0.03999999910593033, 0.0, 0.0, 0.0, 0.0]",0,1
6,ulsan_011413,teacher_forced,-1,25,25,1.0,0.07999999867752194,0.11999999731779099,0.077333332101504,"[0.11999999731779099, 0.20000000298023224, 0.1599999964237213, 0.07999999821186066, 0.11999999731779099, 0.07999999821186066, 0.03999999910593033, 0.07999999821186066, 0.03999999910593033, 0.07999999821186066, 0.07999999821186066, 0.07999999821186066, 0.07999999821186066, 0.0, 0.03999999910593033, 0.0]",0,1
6,ulsan_011719,normal_ar,0,51,250,4.901960784313726,0.0012254902394488454,0.0,0.001307189588745435,"[0.0, 0.0, 0.0, 0.0, 0.0, 0.0, 0.0, 0.019607843831181526, 0.0, 0.0, 0.0, 0.0, 0.0, 0.0, 0.0, 0.0]",0,0
6,ulsan_011719,forced_gt_length,0,51,51,1.0,0.0012254902394488454,0.0,0.001307189588745435,"[0.0, 0.0, 0.0, 0.0, 0.0, 0.0, 0.0, 0.019607843831181526, 0.0, 0.0, 0.0, 0.0, 0.0, 0.0, 0.0, 0.0]",0,0
6,ulsan_011719,switch_rollout,12,51,51,1.0,0.006127451197244227,0.03921568766236305,0.003921568766236306,"[0.03921568766236305, 0.0, 0.0, 0.019607843831181526, 0.0, 0.0, 0.0, 0.0, 0.0, 0.0, 0.019607843831181526, 0.0, 0.0, 0.0, 0.0, 0.019607843831181526]",0,0
6,ulsan_011719,switch_rollout,25,51,51,1.0,0.0073529413202777505,0.05882352963089943,0.003921568766236306,"[0.05882352963089943, 0.0, 0.019607843831181526, 0.019607843831181526, 0.019607843831181526, 0.0, 0.0, 0.0, 0.0, 0.0, 0.0, 0.0, 0.0, 0.0, 0.0, 0.0]",0,0
6,ulsan_011719,switch_rollout,41,51,51,1.0,0.006127451080828905,0.05882352963089943,0.00261437917749087,"[0.05882352963089943, 0.0, 0.019607843831181526, 0.019607843831181526, 0.0, 0.0, 0.0, 0.0, 0.0, 0.0, 0.0, 0.0, 0.0, 0.0, 0.0, 0.0]",0,0
6,ulsan_011719,teacher_forced,-1,51,51,1.0,0.024509804439730942,0.11764705926179886,0.01830065411825975,"[0.11764705926179886, 0.019607843831181526, 0.03921568766236305, 0.0, 0.019607843831181526, 0.05882352963089943, 0.03921568766236305, 0.019607843831181526, 0.0, 0.0, 0.019607843831181526, 0.019607843831181526, 0.0, 0.0, 0.019607843831181526, 0.019607843831181526]",0,0
6,ulsan_011990,normal_ar,0,81,250,3.0864197530864197,0.0069444444961845875,0.02469135820865631,0.0057613169153531395,"[0.02469135820865631, 0.0, 0.012345679104328156, 0.02469135820865631, 0.0, 0.012345679104328156, 0.02469135820865631, 0.0, 0.0, 0.0, 0.0, 0.012345679104328156, 0.0, 0.0, 0.0, 0.0]",0,1
6,ulsan_011990,forced_gt_length,0,81,81,1.0,0.0069444444961845875,0.02469135820865631,0.0057613169153531395,"[0.02469135820865631, 0.0, 0.012345679104328156, 0.02469135820865631, 0.0, 0.012345679104328156, 0.02469135820865631, 0.0, 0.0, 0.0, 0.0, 0.012345679104328156, 0.0, 0.0, 0.0, 0.0]",0,1
6,ulsan_011990,switch_rollout,20,81,81,1.0,0.0069444444961845875,0.04938271641731262,0.0041152263681093855,"[0.04938271641731262, 0.012345679104328156, 0.0, 0.02469135820865631, 0.0, 0.0, 0.012345679104328156, 0.0, 0.0, 0.0, 0.0, 0.0, 0.0, 0.012345679104328156, 0.0, 0.0]",0,1
6,ulsan_011990,switch_rollout,40,81,81,1.0,0.010030864272266626,0.06172839552164078,0.006584362188975016,"[0.06172839552164078, 0.02469135820865631, 0.012345679104328156, 0.03703703731298447, 0.012345679104328156, 0.0, 0.0, 0.0, 0.0, 0.0, 0.0, 0.0, 0.0, 0.012345679104328156, 0.0, 0.0]",0,1
6,ulsan_011990,switch_rollout,71,81,81,1.0,0.011574074160307646,0.07407407462596893,0.0074074074625968935,"[0.07407407462596893, 0.02469135820865631, 0.012345679104328156, 0.03703703731298447, 0.012345679104328156, 0.0, 0.012345679104328156, 0.0, 0.0, 0.0, 0.0, 0.0, 0.0, 0.012345679104328156, 0.0, 0.0]",0,1
6,ulsan_011990,teacher_forced,-1,81,81,1.0,0.020833333488553762,0.09876543283462524,0.015637860198815665,"[0.09876543283462524, 0.08641975373029709, 0.02469135820865631, 0.03703703731298447, 0.02469135820865631, 0.012345679104328156, 0.0, 0.012345679104328156, 0.012345679104328156, 0.0, 0.0, 0.0, 0.0, 0.0, 0.012345679104328156, 0.012345679104328156]",0,1
6,ulsan_012303,normal_ar,0,76,250,3.289473684210526,0.0024671052815392613,0.01315789483487606,0.0017543859779834748,"[0.01315789483487606, 0.0, 0.0, 0.0, 0.0, 0.0, 0.0, 0.0, 0.0, 0.01315789483487606, 0.0, 0.0, 0.01315789483487606, 0.0, 0.0, 0.0]",0,1
6,ulsan_012303,forced_gt_length,0,76,76,1.0,0.0024671052815392613,0.01315789483487606,0.0017543859779834748,"[0.01315789483487606, 0.0, 0.0, 0.0, 0.0, 0.0, 0.0, 0.0, 0.0, 0.01315789483487606, 0.0, 0.0, 0.01315789483487606, 0.0, 0.0, 0.0]",0,1
6,ulsan_012303,switch_rollout,19,76,76,1.0,0.004934210446663201,0.03947368264198303,0.002631578966975212,"[0.03947368264198303, 0.0, 0.0, 0.0, 0.01315789483487606, 0.0, 0.0, 0.0, 0.0, 0.01315789483487606, 0.0, 0.0, 0.01315789483487606, 0.0, 0.0, 0.0]",0,1
6,ulsan_012303,switch_rollout,38,76,76,1.0,0.00740131561178714,0.07894736528396606,0.002631578966975212,"[0.07894736528396606, 0.0, 0.0, 0.0, 0.01315789483487606, 0.0, 0.0, 0.01315789483487606, 0.0, 0.0, 0.0, 0.0, 0.0, 0.0, 0.0, 0.01315789483487606]",0,1
6,ulsan_012303,switch_rollout,66,76,76,1.0,0.01233552664052695,0.1315789520740509,0.004385964944958687,"[0.1315789520740509, 0.01315789483487606, 0.0, 0.0, 0.01315789483487606, 0.0, 0.0, 0.01315789483487606, 0.0, 0.01315789483487606, 0.0, 0.0, 0.0, 0.0, 0.0, 0.01315789483487606]",0,1
6,ulsan_012303,teacher_forced,-1,76,76,1.0,0.027138158213347197,0.17105263471603394,0.017543859779834747,"[0.17105263471603394, 0.05263157933950424, 0.06578947603702545, 0.03947368264198303, 0.02631578966975212, 0.01315789483487606, 0.0, 0.01315789483487606, 0.01315789483487606, 0.02631578966975212, 0.0, 0.0, 0.01315789483487606, 0.0, 0.0, 0.0]",0,1
6,ulsan_012534,normal_ar,0,66,250,3.787878787878788,0.06723485048860312,0.03030303120613098,0.06969697177410125,"[0.03030303120613098, 0.19696970283985138, 0.19696970283985138, 0.03030303120613098, 0.01515151560306549, 0.03030303120613098, 0.12121212482452393, 0.04545454680919647, 0.04545454680919647, 0.03030303120613098, 0.04545454680919647, 0.01515151560306549, 0.09090909361839294, 0.04545454680919647, 0.03030303120613098, 0.10606060922145844]",0,2
6,ulsan_012534,forced_gt_length,0,66,66,1.0,0.06723485048860312,0.03030303120613098,0.06969697177410125,"[0.03030303120613098, 0.19696970283985138, 0.19696970283985138, 0.03030303120613098, 0.01515151560306549, 0.03030303120613098, 0.12121212482452393, 0.04545454680919647, 0.04545454680919647, 0.03030303120613098, 0.04545454680919647, 0.01515151560306549, 0.09090909361839294, 0.04545454680919647, 0.03030303120613098, 0.10606060922145844]",0,2
6,ulsan_012534,switch_rollout,16,66,66,1.0,0.040719698183238506,0.07575757801532745,0.03838383952776591,"[0.07575757801532745, 0.07575757801532745, 0.03030303120613098, 0.03030303120613098, 0.06060606241226196, 0.01515151560306549, 0.04545454680919647, 0.03030303120613098, 0.04545454680919647, 0.01515151560306549, 0.04545454680919647, 0.01515151560306549, 0.03030303120613098, 0.04545454680919647, 0.04545454680919647, 0.04545454680919647]",0,2
6,ulsan_012534,switch_rollout,33,66,66,1.0,0.1107954578474164,0.13636364042758942,0.10909091234207154,"[0.13636364042758942, 0.19696970283985138, 0.21212121844291687, 0.12121212482452393, 0.1515151560306549, 0.10606060922145844, 0.04545454680919647, 0.10606060922145844, 0.12121212482452393, 0.04545454680919647, 0.09090909361839294, 0.07575757801532745, 0.10606060922145844, 0.09090909361839294, 0.09090909361839294, 0.07575757801532745]",0,2
6,ulsan_012534,switch_rollout,56,66,66,1.0,0.10227273032069206,0.1818181872367859,0.09696969985961915,"[0.1818181872367859, 0.1666666716337204, 0.1515151560306549, 0.13636364042758942, 0.1818181872367859, 0.06060606241226196, 0.07575757801532745, 0.07575757801532745, 0.09090909361839294, 0.03030303120613098, 0.10606060922145844, 0.03030303120613098, 0.07575757801532745, 0.10606060922145844, 0.07575757801532745, 0.09090909361839294]",0,2
6,ulsan_012534,teacher_forced,-1,66,66,1.0,0.17045454867184162,0.22727273404598236,0.1666666696468989,"[0.22727273404598236, 0.24242424964904785, 0.28787878155708313, 0.1818181872367859, 0.22727273404598236, 0.12121212482452393, 0.1515151560306549, 0.25757575035095215, 0.13636364042758942, 0.1666666716337204, 0.1818181872367859, 0.06060606241226196, 0.09090909361839294, 0.13636364042758942, 0.12121212482452393, 0.13636364042758942]",0,2
6,ulsan_012799,normal_ar,0,78,250,3.2051282051282053,0.05208333506016061,0.03846153989434242,0.05299145473788182,"[0.03846153989434242, 0.10256410390138626, 0.05128205195069313, 0.0, 0.06410256773233414, 0.07692307978868484, 0.012820512987673283, 0.06410256773233414, 0.025641025975346565, 0.05128205195069313, 0.07692307978868484, 0.06410256773233414, 0.06410256773233414, 0.03846153989434242, 0.05128205195069313, 0.05128205195069313]",0,3
6,ulsan_012799,forced_gt_length,0,78,78,1.0,0.05208333506016061,0.03846153989434242,0.05299145473788182,"[0.03846153989434242, 0.10256410390138626, 0.05128205195069313, 0.0, 0.06410256773233414, 0.07692307978868484, 0.012820512987673283, 0.06410256773233414, 0.025641025975346565, 0.05128205195069313, 0.07692307978868484, 0.06410256773233414, 0.06410256773233414, 0.03846153989434242, 0.05128205195069313, 0.05128205195069313]",0,3
6,ulsan_012799,switch_rollout,19,78,78,1.0,0.055288463132455945,0.07692307978868484,0.05384615535537402,"[0.07692307978868484, 0.10256410390138626, 0.08974359184503555, 0.06410256773233414, 0.07692307978868484, 0.05128205195069313, 0.03846153989434242, 0.06410256773233414, 0.03846153989434242, 0.0, 0.05128205195069313, 0.05128205195069313, 0.025641025975346565, 0.07692307978868484, 0.05128205195069313, 0.025641025975346565]",0,3
6,ulsan_012799,switch_rollout,39,78,78,1.0,0.0592948732082732,0.11538461595773697,0.05555555702497562,"[0.11538461595773697, 0.11538461595773697, 0.08974359184503555, 0.07692307978868484, 0.07692307978868484, 0.05128205195069313, 0.03846153989434242, 0.07692307978868484, 0.03846153989434242, 0.012820512987673283, 0.03846153989434242, 0.03846153989434242, 0.025641025975346565, 0.07692307978868484, 0.05128205195069313, 0.025641025975346565]",0,3
6,ulsan_012799,switch_rollout,68,78,78,1.0,0.06570512970210984,0.1794871836900711,0.05811965943624576,"[0.1794871836900711, 0.11538461595773697, 0.10256410390138626, 0.07692307978868484, 0.07692307978868484, 0.05128205195069313, 0.03846153989434242, 0.10256410390138626, 0.03846153989434242, 0.012820512987673283, 0.03846153989434242, 0.03846153989434242, 0.025641025975346565, 0.07692307978868484, 0.05128205195069313, 0.025641025975346565]",0,3
6,ulsan_012799,teacher_forced,-1,78,78,1.0,0.09935897681862116,0.23076923191547394,0.09059829314549764,"[0.23076923191547394, 0.1794871836900711, 0.12820513546466827, 0.10256410390138626, 0.11538461595773697, 0.07692307978868484, 0.07692307978868484, 0.11538461595773697, 0.08974359184503555, 0.05128205195069313, 0.11538461595773697, 0.06410256773233414, 0.06410256773233414, 0.06410256773233414, 0.06410256773233414, 0.05128205195069313]",0,3
6,ulsan_013081,normal_ar,0,81,250,3.0864197530864197,0.002314814832061529,0.012345679104328156,0.001646090547243754,"[0.012345679104328156, 0.0, 0.012345679104328156, 0.0, 0.012345679104328156, 0.0, 0.0, 0.0, 0.0, 0.0, 0.0, 0.0, 0.0, 0.0, 0.0, 0.0]",0,1
6,ulsan_013081,forced_gt_length,0,81,81,1.0,0.002314814832061529,0.012345679104328156,0.001646090547243754,"[0.012345679104328156, 0.0, 0.012345679104328156, 0.0, 0.012345679104328156, 0.0, 0.0, 0.0, 0.0, 0.0, 0.0, 0.0, 0.0, 0.0, 0.0, 0.0]",0,1
6,ulsan_013081,switch_rollout,20,81,81,1.0,0.005401234608143568,0.012345679104328156,0.004938271641731262,"[0.012345679104328156, 0.012345679104328156, 0.012345679104328156, 0.012345679104328156, 0.012345679104328156, 0.0, 0.0, 0.0, 0.012345679104328156, 0.0, 0.0, 0.0, 0.0, 0.0, 0.012345679104328156, 0.0]",0,1
6,ulsan_013081,switch_rollout,40,81,81,1.0,0.007716049440205097,0.02469135820865631,0.006584362188975016,"[0.02469135820865631, 0.012345679104328156, 0.02469135820865631, 0.012345679104328156, 0.012345679104328156, 0.0, 0.0, 0.0, 0.012345679104328156, 0.0, 0.012345679104328156, 0.0, 0.0, 0.0, 0.012345679104328156, 0.0]",0,1
6,ulsan_013081,switch_rollout,71,81,81,1.0,0.006172839552164078,0.02469135820865631,0.004938271641731262,"[0.02469135820865631, 0.012345679104328156, 0.02469135820865631, 0.0, 0.012345679104328156, 0.0, 0.0, 0.0, 0.0, 0.0, 0.0, 0.0, 0.012345679104328156, 0.0, 0.0, 0.012345679104328156]",0,1
6,ulsan_013081,teacher_forced,-1,81,81,1.0,0.016203703824430704,0.04938271641731262,0.01399176965157191,"[0.04938271641731262, 0.03703703731298447, 0.03703703731298447, 0.012345679104328156, 0.0, 0.02469135820865631, 0.0, 0.0, 0.012345679104328156, 0.02469135820865631, 0.03703703731298447, 0.0, 0.0, 0.012345679104328156, 0.0, 0.012345679104328156]",0,1
6,ulsan_013417,normal_ar,0,28,250,8.928571428571429,0.06919643143191934,0.1428571492433548,0.06428571691115698,"[0.1428571492433548, 0.1428571492433548, 0.1428571492433548, 0.1071428582072258, 0.0, 0.0357142873108387, 0.0, 0.0714285746216774, 0.0714285746216774, 0.0357142873108387, 0.0, 0.0357142873108387, 0.0357142873108387, 0.0714285746216774, 0.0714285746216774, 0.1428571492433548]",0,4
6,ulsan_013417,forced_gt_length,0,28,28,1.0,0.06919643143191934,0.1428571492433548,0.06428571691115698,"[0.1428571492433548, 0.1428571492433548, 0.1428571492433548, 0.1071428582072258, 0.0, 0.0357142873108387, 0.0, 0.0714285746216774, 0.0714285746216774, 0.0357142873108387, 0.0, 0.0357142873108387, 0.0357142873108387, 0.0714285746216774, 0.0714285746216774, 0.1428571492433548]",0,4
6,ulsan_013417,switch_rollout,7,28,28,1.0,0.06696428824216127,0.1428571492433548,0.06190476417541504,"[0.1428571492433548, 0.1071428582072258, 0.0714285746216774, 0.0714285746216774, 0.0714285746216774, 0.0357142873108387, 0.0714285746216774, 0.0714285746216774, 0.0357142873108387, 0.0714285746216774, 0.0357142873108387, 0.0357142873108387, 0.0714285746216774, 0.0, 0.0714285746216774, 0.1071428582072258]",0,4
6,ulsan_013417,switch_rollout,14,28,28,1.0,0.0848214307334274,0.1785714328289032,0.07857143059372902,"[0.1785714328289032, 0.1428571492433548, 0.0714285746216774, 0.0714285746216774, 0.1071428582072258, 0.0357142873108387, 0.1071428582072258, 0.1071428582072258, 0.0357142873108387, 0.1071428582072258, 0.0357142873108387, 0.0357142873108387, 0.0714285746216774, 0.0357142873108387, 0.1071428582072258, 0.1071428582072258]",0,4
6,ulsan_013417,switch_rollout,18,28,28,1.0,0.08928571664728224,0.2142857164144516,0.08095238332947095,"[0.2142857164144516, 0.1428571492433548, 0.0714285746216774, 0.0714285746216774, 0.0714285746216774, 0.0357142873108387, 0.1071428582072258, 0.1071428582072258, 0.0714285746216774, 0.1071428582072258, 0.0714285746216774, 0.0357142873108387, 0.0714285746216774, 0.0357142873108387, 0.1071428582072258, 0.1071428582072258]",0,4
6,ulsan_013417,teacher_forced,-1,28,28,1.0,0.13616071757860482,0.25,0.12857143208384514,"[0.25, 0.1785714328289032, 0.1428571492433548, 0.1785714328289032, 0.1785714328289032, 0.1428571492433548, 0.1785714328289032, 0.1071428582072258, 0.1428571492433548, 0.0714285746216774, 0.1071428582072258, 0.1071428582072258, 0.1071428582072258, 0.0357142873108387, 0.1428571492433548, 0.1071428582072258]",0,4
6,ulsan_013746,normal_ar,0,38,250,6.578947368421052,0.02796052605845034,0.05263157933950424,0.026315789173046746,"[0.05263157933950424, 0.07894736528396606, 0.0, 0.05263157933950424, 0.0, 0.0, 0.07894736528396606, 0.0, 0.0, 0.02631578966975212, 0.02631578966975212, 0.02631578966975212, 0.02631578966975212, 0.0, 0.05263157933950424, 0.02631578966975212]",0,1
6,ulsan_013746,forced_gt_length,0,38,38,1.0,0.02796052605845034,0.05263157933950424,0.026315789173046746,"[0.05263157933950424, 0.07894736528396606, 0.0, 0.05263157933950424, 0.0, 0.0, 0.07894736528396606, 0.0, 0.0, 0.02631578966975212, 0.02631578966975212, 0.02631578966975212, 0.02631578966975212, 0.0, 0.05263157933950424, 0.02631578966975212]",0,1
6,ulsan_013746,switch_rollout,9,38,38,1.0,0.023026315728202462,0.07894736528396606,0.019298245757818223,"[0.07894736528396606, 0.0, 0.0, 0.05263157933950424, 0.02631578966975212, 0.0, 0.05263157933950424, 0.0, 0.0, 0.02631578966975212, 0.0, 0.02631578966975212, 0.02631578966975212, 0.02631578966975212, 0.05263157933950424, 0.0]",0,3
6,ulsan_013746,switch_rollout,19,38,38,1.0,0.01315789483487606,0.10526315867900848,0.007017543911933899,"[0.10526315867900848, 0.0, 0.0, 0.02631578966975212, 0.0, 0.0, 0.0, 0.0, 0.0, 0.0, 0.02631578966975212, 0.0, 0.02631578966975212, 0.0, 0.02631578966975212, 0.0]",0,3
6,ulsan_013746,switch_rollout,28,38,38,1.0,0.039473684038966894,0.15789473056793213,0.03157894760370254,"[0.15789473056793213, 0.1315789520740509, 0.05263157933950424, 0.07894736528396606, 0.0, 0.0, 0.0, 0.02631578966975212, 0.02631578966975212, 0.02631578966975212, 0.0, 0.02631578966975212, 0.02631578966975212, 0.02631578966975212, 0.05263157933950424, 0.0]",0,3
6,ulsan_013746,teacher_forced,-1,38,38,1.0,0.054276315961033106,0.18421052396297455,0.045614035427570344,"[0.18421052396297455, 0.10526315867900848, 0.10526315867900848, 0.10526315867900848, 0.02631578966975212, 0.05263157933950424, 0.10526315867900848, 0.02631578966975212, 0.02631578966975212, 0.02631578966975212, 0.0, 0.0, 0.02631578966975212, 0.02631578966975212, 0.02631578966975212, 0.02631578966975212]",0,2
6,ulsan_014040,normal_ar,0,43,147,3.4186046511627906,0.007267441833391786,0.023255813866853714,0.006201550364494324,"[0.023255813866853714, 0.0, 0.0, 0.0, 0.023255813866853714, 0.0, 0.0, 0.0, 0.04651162773370743, 0.0, 0.0, 0.0, 0.0, 0.0, 0.0, 0.023255813866853714]",0,1
6,ulsan_014040,forced_gt_length,0,43,43,1.0,0.007267441833391786,0.023255813866853714,0.006201550364494324,"[0.023255813866853714, 0.0, 0.0, 0.0, 0.023255813866853714, 0.0, 0.0, 0.0, 0.04651162773370743, 0.0, 0.0, 0.0, 0.0, 0.0, 0.0, 0.023255813866853714]",0,1
6,ulsan_014040,switch_rollout,10,43,43,1.0,0.0101744185667485,0.04651162773370743,0.007751937955617905,"[0.04651162773370743, 0.0, 0.0, 0.023255813866853714, 0.0, 0.0, 0.0, 0.023255813866853714, 0.023255813866853714, 0.0, 0.0, 0.0, 0.023255813866853714, 0.0, 0.0, 0.023255813866853714]",0,1
6,ulsan_014040,switch_rollout,21,43,43,1.0,0.014534883899614215,0.11627907305955887,0.007751937955617905,"[0.11627907305955887, 0.0, 0.0, 0.04651162773370743, 0.0, 0.0, 0.0, 0.023255813866853714, 0.0, 0.0, 0.0, 0.0, 0.023255813866853714, 0.0, 0.0, 0.023255813866853714]",0,1
6,ulsan_014040,switch_rollout,33,43,43,1.0,0.021802326198667288,0.13953489065170288,0.013953488568464916,"[0.13953489065170288, 0.0, 0.06976744532585144, 0.04651162773370743, 0.0, 0.0, 0.0, 0.023255813866853714, 0.023255813866853714, 0.0, 0.0, 0.0, 0.023255813866853714, 0.0, 0.0, 0.023255813866853714]",0,1
6,ulsan_014040,teacher_forced,-1,43,43,1.0,0.04651162866503,0.1627907007932663,0.03875969052314758,"[0.1627907007932663, 0.06976744532585144, 0.04651162773370743, 0.13953489065170288, 0.0, 0.023255813866853714, 0.023255813866853714, 0.023255813866853714, 0.09302325546741486, 0.0, 0.04651162773370743, 0.023255813866853714, 0.023255813866853714, 0.023255813866853714, 0.0, 0.04651162773370743]",0,1
6,ulsan_014292,normal_ar,0,49,250,5.1020408163265305,0.006377550889737904,0.020408162847161293,0.005442176759243011,"[0.020408162847161293, 0.0, 0.0, 0.020408162847161293, 0.0, 0.040816325694322586, 0.020408162847161293, 0.0, 0.0, 0.0, 0.0, 0.0, 0.0, 0.0, 0.0, 0.0]",0,1
6,ulsan_014292,forced_gt_length,0,49,49,1.0,0.006377550889737904,0.020408162847161293,0.005442176759243011,"[0.020408162847161293, 0.0, 0.0, 0.020408162847161293, 0.0, 0.040816325694322586, 0.020408162847161293, 0.0, 0.0, 0.0, 0.0, 0.0, 0.0, 0.0, 0.0, 0.0]",0,1
6,ulsan_014292,switch_rollout,12,49,49,1.0,0.008928571245633066,0.08163265138864517,0.004081632569432258,"[0.08163265138864517, 0.040816325694322586, 0.0, 0.020408162847161293, 0.0, 0.0, 0.0, 0.0, 0.0, 0.0, 0.0, 0.0, 0.0, 0.0, 0.0, 0.0]",0,1
6,ulsan_014292,switch_rollout,24,49,49,1.0,0.010204081539995968,0.06122449040412903,0.006802720949053764,"[0.06122449040412903, 0.040816325694322586, 0.020408162847161293, 0.020408162847161293, 0.0, 0.0, 0.0, 0.0, 0.0, 0.0, 0.0, 0.0, 0.0, 0.0, 0.020408162847161293, 0.0]",0,1
6,ulsan_014292,switch_rollout,39,49,49,1.0,0.014030612306669354,0.10204081982374191,0.008163265138864517,"[0.10204081982374191, 0.040816325694322586, 0.020408162847161293, 0.020408162847161293, 0.0, 0.0, 0.0, 0.0, 0.0, 0.0, 0.0, 0.0, 0.0, 0.0, 0.040816325694322586, 0.0]",0,1
6,ulsan_014292,teacher_forced,-1,49,49,1.0,0.02933673490770161,0.1428571492433548,0.02176870728532473,"[0.1428571492433548, 0.06122449040412903, 0.020408162847161293, 0.040816325694322586, 0.040816325694322586, 0.020408162847161293, 0.06122449040412903, 0.0, 0.0, 0.020408162847161293, 0.0, 0.0, 0.0, 0.0, 0.040816325694322586, 0.020408162847161293]",0,1
6,ulsan_014535,normal_ar,0,38,244,6.421052631578948,0.003289473708719015,0.0,0.0035087719559669496,"[0.0, 0.0, 0.0, 0.0, 0.0, 0.0, 0.02631578966975212, 0.0, 0.02631578966975212, 0.0, 0.0, 0.0, 0.0, 0.0, 0.0, 0.0]",0,0
6,ulsan_014535,forced_gt_length,0,38,38,1.0,0.003289473708719015,0.0,0.0035087719559669496,"[0.0, 0.0, 0.0, 0.0, 0.0, 0.0, 0.02631578966975212, 0.0, 0.02631578966975212, 0.0, 0.0, 0.0, 0.0, 0.0, 0.0, 0.0]",0,0
6,ulsan_014535,switch_rollout,9,38,38,1.0,0.0016447368543595076,0.02631578966975212,0.0,"[0.02631578966975212, 0.0, 0.0, 0.0, 0.0, 0.0, 0.0, 0.0, 0.0, 0.0, 0.0, 0.0, 0.0, 0.0, 0.0, 0.0]",0,0
6,ulsan_014535,switch_rollout,19,38,38,1.0,0.006578947184607387,0.07894736528396606,0.0017543859779834748,"[0.07894736528396606, 0.02631578966975212, 0.0, 0.0, 0.0, 0.0, 0.0, 0.0, 0.0, 0.0, 0.0, 0.0, 0.0, 0.0, 0.0, 0.0]",0,0
6,ulsan_014535,switch_rollout,28,38,38,1.0,0.006578947184607387,0.07894736528396606,0.0017543859779834748,"[0.07894736528396606, 0.02631578966975212, 0.0, 0.0, 0.0, 0.0, 0.0, 0.0, 0.0, 0.0, 0.0, 0.0, 0.0, 0.0, 0.0, 0.0]",0,0
6,ulsan_014535,teacher_forced,-1,38,38,1.0,0.02302631549537182,0.10526315867900848,0.017543859283129373,"[0.10526315867900848, 0.15789473056793213, 0.0, 0.0, 0.02631578966975212, 0.0, 0.02631578966975212, 0.0, 0.0, 0.05263157933950424, 0.0, 0.0, 0.0, 0.0, 0.0, 0.0]",0,0
6,ulsan_014821,normal_ar,0,27,250,9.25925925925926,0.039351852145045996,0.03703703731298447,0.039506173133850096,"[0.03703703731298447, 0.03703703731298447, 0.07407407462596893, 0.07407407462596893, 0.03703703731298447, 0.03703703731298447, 0.14814814925193787, 0.0, 0.03703703731298447, 0.0, 0.0, 0.03703703731298447, 0.0, 0.0, 0.07407407462596893, 0.03703703731298447]",0,1
6,ulsan_014821,forced_gt_length,0,27,27,1.0,0.039351852145045996,0.03703703731298447,0.039506173133850096,"[0.03703703731298447, 0.03703703731298447, 0.07407407462596893, 0.07407407462596893, 0.03703703731298447, 0.03703703731298447, 0.14814814925193787, 0.0, 0.03703703731298447, 0.0, 0.0, 0.03703703731298447, 0.0, 0.0, 0.07407407462596893, 0.03703703731298447]",0,1
6,ulsan_014821,switch_rollout,6,27,27,1.0,0.05324074113741517,0.1111111119389534,0.04938271641731262,"[0.1111111119389534, 0.03703703731298447, 0.1111111119389534, 0.1111111119389534, 0.0, 0.03703703731298447, 0.14814814925193787, 0.0, 0.03703703731298447, 0.03703703731298447, 0.0, 0.03703703731298447, 0.1111111119389534, 0.03703703731298447, 0.03703703731298447, 0.0]",0,2
6,ulsan_014821,switch_rollout,13,27,27,1.0,0.009259259328246117,0.1111111119389534,0.002469135820865631,"[0.1111111119389534, 0.0, 0.03703703731298447, 0.0, 0.0, 0.0, 0.0, 0.0, 0.0, 0.0, 0.0, 0.0, 0.0, 0.0, 0.0, 0.0]",0,2
6,ulsan_014821,switch_rollout,17,27,27,1.0,0.0069444444961845875,0.1111111119389534,0.0,"[0.1111111119389534, 0.0, 0.0, 0.0, 0.0, 0.0, 0.0, 0.0, 0.0, 0.0, 0.0, 0.0, 0.0, 0.0, 0.0, 0.0]",0,2
6,ulsan_014821,teacher_forced,-1,27,27,1.0,0.10648148134350777,0.25925925374031067,0.09629629651705424,"[0.25925925374031067, 0.14814814925193787, 0.2222222238779068, 0.2222222238779068, 0.07407407462596893, 0.07407407462596893, 0.18518517911434174, 0.07407407462596893, 0.07407407462596893, 0.07407407462596893, 0.1111111119389534, 0.03703703731298447, 0.07407407462596893, 0.0, 0.07407407462596893, 0.0]",0,2
6,ulsan_015102,normal_ar,0,57,250,4.385964912280702,0.0021929824724793434,0.017543859779834747,0.001169590651988983,"[0.017543859779834747, 0.0, 0.017543859779834747, 0.0, 0.0, 0.0, 0.0, 0.0, 0.0, 0.0, 0.0, 0.0, 0.0, 0.0, 0.0, 0.0]",0,1
6,ulsan_015102,forced_gt_length,0,57,57,1.0,0.0021929824724793434,0.017543859779834747,0.001169590651988983,"[0.017543859779834747, 0.0, 0.017543859779834747, 0.0, 0.0, 0.0, 0.0, 0.0, 0.0, 0.0, 0.0, 0.0, 0.0, 0.0, 0.0, 0.0]",0,1
6,ulsan_015102,switch_rollout,14,57,57,1.0,0.007675438653677702,0.05263157933950424,0.004678362607955932,"[0.05263157933950424, 0.017543859779834747, 0.0, 0.017543859779834747, 0.0, 0.0, 0.0, 0.0, 0.017543859779834747, 0.017543859779834747, 0.0, 0.0, 0.0, 0.0, 0.0, 0.0]",0,3
6,ulsan_015102,switch_rollout,28,57,57,1.0,0.009868421126157045,0.07017543911933899,0.005847953259944916,"[0.07017543911933899, 0.035087719559669495, 0.017543859779834747, 0.0, 0.0, 0.0, 0.0, 0.0, 0.035087719559669495, 0.0, 0.0, 0.0, 0.0, 0.0, 0.0, 0.0]",0,3
6,ulsan_015102,switch_rollout,47,57,57,1.0,0.010964912362396717,0.10526315867900848,0.004678362607955932,"[0.10526315867900848, 0.035087719559669495, 0.0, 0.0, 0.0, 0.017543859779834747, 0.0, 0.0, 0.017543859779834747, 0.0, 0.0, 0.0, 0.0, 0.0, 0.0, 0.0]",0,3
6,ulsan_015102,teacher_forced,-1,57,57,1.0,0.03179824538528919,0.19298245012760162,0.021052631735801696,"[0.19298245012760162, 0.10526315867900848, 0.0, 0.0, 0.035087719559669495, 0.035087719559669495, 0.017543859779834747, 0.035087719559669495, 0.05263157933950424, 0.0, 0.0, 0.017543859779834747, 0.0, 0.0, 0.017543859779834747, 0.0]",0,3
6,ulsan_015344,normal_ar,0,43,250,5.813953488372093,0.0029069767333567142,0.023255813866853714,0.001550387591123581,"[0.023255813866853714, 0.0, 0.023255813866853714, 0.0, 0.0, 0.0, 0.0, 0.0, 0.0, 0.0, 0.0, 0.0, 0.0, 0.0, 0.0, 0.0]",0,1
6,ulsan_015344,forced_gt_length,0,43,43,1.0,0.0029069767333567142,0.023255813866853714,0.001550387591123581,"[0.023255813866853714, 0.0, 0.023255813866853714, 0.0, 0.0, 0.0, 0.0, 0.0, 0.0, 0.0, 0.0, 0.0, 0.0, 0.0, 0.0, 0.0]",0,1
6,ulsan_015344,switch_rollout,10,43,43,1.0,0.008720930200070143,0.09302325546741486,0.003100775182247162,"[0.09302325546741486, 0.0, 0.023255813866853714, 0.023255813866853714, 0.0, 0.0, 0.0, 0.0, 0.0, 0.0, 0.0, 0.0, 0.0, 0.0, 0.0, 0.0]",0,4
6,ulsan_015344,switch_rollout,21,43,43,1.0,0.008720930200070143,0.09302325546741486,0.003100775182247162,"[0.09302325546741486, 0.0, 0.023255813866853714, 0.023255813866853714, 0.0, 0.0, 0.0, 0.0, 0.0, 0.0, 0.0, 0.0, 0.0, 0.0, 0.0, 0.0]",0,4
6,ulsan_015344,switch_rollout,33,43,43,1.0,0.013081395765766501,0.13953489065170288,0.004651162773370743,"[0.13953489065170288, 0.0, 0.023255813866853714, 0.023255813866853714, 0.0, 0.0, 0.0, 0.0, 0.0, 0.0, 0.023255813866853714, 0.0, 0.0, 0.0, 0.0, 0.0]",0,4
6,ulsan_015344,teacher_forced,-1,43,43,1.0,0.024709302932024002,0.13953489065170288,0.017054263750712076,"[0.13953489065170288, 0.06976744532585144, 0.023255813866853714, 0.04651162773370743, 0.023255813866853714, 0.023255813866853714, 0.04651162773370743, 0.0, 0.0, 0.023255813866853714, 0.0, 0.0, 0.0, 0.0, 0.0, 0.0]",0,4
6,ulsan_015541,normal_ar,0,36,250,6.944444444444445,0.008680555620230734,0.0555555559694767,0.00555555559694767,"[0.0555555559694767, 0.0, 0.0, 0.0555555559694767, 0.0, 0.0, 0.02777777798473835, 0.0, 0.0, 0.0, 0.0, 0.0, 0.0, 0.0, 0.0, 0.0]",0,2
6,ulsan_015541,forced_gt_length,0,36,36,1.0,0.008680555620230734,0.0555555559694767,0.00555555559694767,"[0.0555555559694767, 0.0, 0.0, 0.0555555559694767, 0.0, 0.0, 0.02777777798473835, 0.0, 0.0, 0.0, 0.0, 0.0, 0.0, 0.0, 0.0, 0.0]",0,2
6,ulsan_015541,switch_rollout,9,36,36,1.0,0.010416666744276881,0.0555555559694767,0.0074074074625968935,"[0.0555555559694767, 0.0, 0.02777777798473835, 0.0555555559694767, 0.0, 0.0, 0.0, 0.02777777798473835, 0.0, 0.0, 0.0, 0.0, 0.0, 0.0, 0.0, 0.0]",0,2
6,ulsan_015541,switch_rollout,18,36,36,1.0,0.0069444444961845875,0.0555555559694767,0.0037037037312984467,"[0.0555555559694767, 0.0, 0.0, 0.0555555559694767, 0.0, 0.0, 0.0, 0.0, 0.0, 0.0, 0.0, 0.0, 0.0, 0.0, 0.0, 0.0]",0,2
6,ulsan_015541,switch_rollout,26,36,36,1.0,0.01215277798473835,0.0833333358168602,0.0074074074625968935,"[0.0833333358168602, 0.0, 0.0, 0.0555555559694767, 0.0, 0.0, 0.0, 0.02777777798473835, 0.0, 0.0, 0.0, 0.0, 0.02777777798473835, 0.0, 0.0, 0.0]",0,2
6,ulsan_015541,teacher_forced,-1,36,36,1.0,0.03645833441987634,0.1388888955116272,0.029629630347092945,"[0.1388888955116272, 0.02777777798473835, 0.0, 0.1388888955116272, 0.02777777798473835, 0.0, 0.02777777798473835, 0.0555555559694767, 0.02777777798473835, 0.02777777798473835, 0.02777777798473835, 0.0, 0.0, 0.0, 0.0833333358168602, 0.0]",0,2
6,ulsan_015815,normal_ar,0,89,250,2.808988764044944,0.004213483189232647,0.02247191034257412,0.002996254712343216,"[0.02247191034257412, 0.01123595517128706, 0.0, 0.01123595517128706, 0.0, 0.0, 0.0, 0.0, 0.0, 0.0, 0.0, 0.0, 0.0, 0.0, 0.01123595517128706, 0.01123595517128706]",0,2
6,ulsan_015815,forced_gt_length,0,89,89,1.0,0.004213483189232647,0.02247191034257412,0.002996254712343216,"[0.02247191034257412, 0.01123595517128706, 0.0, 0.01123595517128706, 0.0, 0.0, 0.0, 0.0, 0.0, 0.0, 0.0, 0.0, 0.0, 0.0, 0.01123595517128706, 0.01123595517128706]",0,2
6,ulsan_015815,switch_rollout,22,89,89,1.0,0.009129213518463075,0.04494382068514824,0.0067415730406840645,"[0.04494382068514824, 0.033707864582538605, 0.01123595517128706, 0.0, 0.01123595517128706, 0.01123595517128706, 0.0, 0.0, 0.01123595517128706, 0.0, 0.0, 0.0, 0.0, 0.01123595517128706, 0.01123595517128706, 0.0]",0,1
6,ulsan_015815,switch_rollout,44,89,89,1.0,0.009129213634878397,0.056179776787757874,0.005992509424686432,"[0.056179776787757874, 0.01123595517128706, 0.0, 0.0, 0.01123595517128706, 0.01123595517128706, 0.0, 0.01123595517128706, 0.01123595517128706, 0.0, 0.0, 0.0, 0.0, 0.02247191034257412, 0.01123595517128706, 0.0]",0,1
6,ulsan_015815,switch_rollout,79,89,89,1.0,0.013342696882318705,0.11235955357551575,0.006741573102772236,"[0.11235955357551575, 0.02247191034257412, 0.0, 0.0, 0.01123595517128706, 0.01123595517128706, 0.0, 0.01123595517128706, 0.01123595517128706, 0.0, 0.0, 0.0, 0.0, 0.02247191034257412, 0.01123595517128706, 0.0]",0,1
6,ulsan_015815,teacher_forced,-1,89,89,1.0,0.033005617500748485,0.14606741070747375,0.025468164620300136,"[0.14606741070747375, 0.13483145833015442, 0.033707864582538605, 0.04494382068514824, 0.033707864582538605, 0.033707864582538605, 0.0, 0.01123595517128706, 0.0, 0.01123595517128706, 0.01123595517128706, 0.01123595517128706, 0.01123595517128706, 0.02247191034257412, 0.01123595517128706, 0.01123595517128706]",0,1
6,ulsan_016139,normal_ar,0,62,250,4.032258064516129,0.00705645140260458,0.016129031777381897,0.006451612710952759,"[0.016129031777381897, 0.0, 0.0, 0.016129031777381897, 0.016129031777381897, 0.016129031777381897, 0.04838709533214569, 0.0, 0.0, 0.0, 0.0, 0.0, 0.0, 0.0, 0.0, 0.0]",0,1
6,ulsan_016139,forced_gt_length,0,62,62,1.0,0.00705645140260458,0.016129031777381897,0.006451612710952759,"[0.016129031777381897, 0.0, 0.0, 0.016129031777381897, 0.016129031777381897, 0.016129031777381897, 0.04838709533214569, 0.0, 0.0, 0.0, 0.0, 0.0, 0.0, 0.0, 0.0, 0.0]",0,1
6,ulsan_016139,switch_rollout,15,62,62,1.0,0.017137096263468266,0.09677419066429138,0.011827956636746724,"[0.09677419066429138, 0.06451612710952759, 0.0, 0.032258063554763794, 0.016129031777381897, 0.0, 0.016129031777381897, 0.016129031777381897, 0.0, 0.016129031777381897, 0.016129031777381897, 0.0, 0.0, 0.0, 0.0, 0.0]",0,4
6,ulsan_016139,switch_rollout,31,62,62,1.0,0.02721774112433195,0.16129031777381897,0.018279569347699483,"[0.16129031777381897, 0.08064515888690948, 0.0, 0.04838709533214569, 0.032258063554763794, 0.0, 0.032258063554763794, 0.016129031777381897, 0.0, 0.016129031777381897, 0.016129031777381897, 0.016129031777381897, 0.016129031777381897, 0.0, 0.0, 0.0]",0,4
6,ulsan_016139,switch_rollout,52,62,62,1.0,0.032258063554763794,0.19354838132858276,0.02150537570317586,"[0.19354838132858276, 0.11290322244167328, 0.0, 0.032258063554763794, 0.032258063554763794, 0.016129031777381897, 0.016129031777381897, 0.032258063554763794, 0.0, 0.016129031777381897, 0.016129031777381897, 0.016129031777381897, 0.016129031777381897, 0.0, 0.016129031777381897, 0.0]",0,4
6,ulsan_016139,teacher_forced,-1,62,62,1.0,0.059475804679095745,0.20967741310596466,0.04946236411730449,"[0.20967741310596466, 0.17741934955120087, 0.06451612710952759, 0.08064515888690948, 0.04838709533214569, 0.032258063554763794, 0.11290322244167328, 0.016129031777381897, 0.08064515888690948, 0.032258063554763794, 0.0, 0.032258063554763794, 0.016129031777381897, 0.032258063554763794, 0.016129031777381897, 0.0]",0,2
6,ulsan_016378,normal_ar,0,88,250,2.840909090909091,0.012073863996192813,0.022727273404598236,0.011363636702299118,"[0.022727273404598236, 0.011363636702299118, 0.022727273404598236, 0.011363636702299118, 0.022727273404598236, 0.0, 0.034090910106897354, 0.022727273404598236, 0.0, 0.0, 0.0, 0.022727273404598236, 0.0, 0.0, 0.0, 0.022727273404598236]",0,2
6,ulsan_016378,forced_gt_length,0,88,88,1.0,0.012073863996192813,0.022727273404598236,0.011363636702299118,"[0.022727273404598236, 0.011363636702299118, 0.022727273404598236, 0.011363636702299118, 0.022727273404598236, 0.0, 0.034090910106897354, 0.022727273404598236, 0.0, 0.0, 0.0, 0.022727273404598236, 0.0, 0.0, 0.0, 0.022727273404598236]",0,2
6,ulsan_016378,switch_rollout,22,88,88,1.0,0.019176136702299118,0.07954545319080353,0.01515151560306549,"[0.07954545319080353, 0.04545454680919647, 0.022727273404598236, 0.011363636702299118, 0.0, 0.011363636702299118, 0.034090910106897354, 0.022727273404598236, 0.022727273404598236, 0.011363636702299118, 0.0, 0.022727273404598236, 0.0, 0.0, 0.0, 0.022727273404598236]",0,2
6,ulsan_016378,switch_rollout,44,88,88,1.0,0.021306818816810846,0.11363636702299118,0.01515151560306549,"[0.11363636702299118, 0.04545454680919647, 0.011363636702299118, 0.011363636702299118, 0.011363636702299118, 0.011363636702299118, 0.022727273404598236, 0.022727273404598236, 0.022727273404598236, 0.011363636702299118, 0.0, 0.022727273404598236, 0.0, 0.011363636702299118, 0.0, 0.022727273404598236]",0,2
6,ulsan_016378,switch_rollout,78,88,88,1.0,0.022727273404598236,0.13636364042758942,0.01515151560306549,"[0.13636364042758942, 0.05681818351149559, 0.022727273404598236, 0.011363636702299118, 0.0, 0.011363636702299118, 0.022727273404598236, 0.022727273404598236, 0.022727273404598236, 0.011363636702299118, 0.0, 0.022727273404598236, 0.0, 0.0, 0.0, 0.022727273404598236]",0,2
6,ulsan_016378,teacher_forced,-1,88,88,1.0,0.03835227317176759,0.15909090638160706,0.030303030957778296,"[0.15909090638160706, 0.07954545319080353, 0.06818182021379471, 0.05681818351149559, 0.022727273404598236, 0.011363636702299118, 0.034090910106897354, 0.022727273404598236, 0.011363636702299118, 0.04545454680919647, 0.0, 0.011363636702299118, 0.04545454680919647, 0.0, 0.011363636702299118, 0.034090910106897354]",0,2
6,ulsan_016771,normal_ar,0,83,250,3.0120481927710845,0.04141566180624068,0.03614457696676254,0.04176706746220589,"[0.03614457696676254, 0.16867469251155853, 0.012048192322254181, 0.0602409653365612, 0.0, 0.1325301229953766, 0.0, 0.048192769289016724, 0.07228915393352509, 0.012048192322254181, 0.024096384644508362, 0.0, 0.0, 0.03614457696676254, 0.03614457696676254, 0.024096384644508362]",0,0
6,ulsan_016771,forced_gt_length,0,83,83,1.0,0.04141566180624068,0.03614457696676254,0.04176706746220589,"[0.03614457696676254, 0.16867469251155853, 0.012048192322254181, 0.0602409653365612, 0.0, 0.1325301229953766, 0.0, 0.048192769289016724, 0.07228915393352509, 0.012048192322254181, 0.024096384644508362, 0.0, 0.0, 0.03614457696676254, 0.03614457696676254, 0.024096384644508362]",0,0
6,ulsan_016771,switch_rollout,20,83,83,1.0,0.004518072120845318,0.03614457696676254,0.0024096384644508363,"[0.03614457696676254, 0.0, 0.0, 0.012048192322254181, 0.0, 0.0, 0.0, 0.0, 0.012048192322254181, 0.0, 0.0, 0.012048192322254181, 0.0, 0.0, 0.0, 0.0]",0,0
6,ulsan_016771,switch_rollout,41,83,83,1.0,0.06249999930150807,0.10843373835086823,0.059437750031550725,"[0.10843373835086823, 0.012048192322254181, 0.048192769289016724, 0.0602409653365612, 0.048192769289016724, 0.1325301229953766, 0.1204819306731224, 0.048192769289016724, 0.08433734625577927, 0.03614457696676254, 0.03614457696676254, 0.048192769289016724, 0.03614457696676254, 0.048192769289016724, 0.048192769289016724, 0.08433734625577927]",0,0
6,ulsan_016771,switch_rollout,73,83,83,1.0,0.06852409546263516,0.15662650763988495,0.06265060131748518,"[0.15662650763988495, 0.15662650763988495, 0.03614457696676254, 0.07228915393352509, 0.012048192322254181, 0.1325301229953766, 0.09638553857803345, 0.048192769289016724, 0.0602409653365612, 0.024096384644508362, 0.024096384644508362, 0.048192769289016724, 0.03614457696676254, 0.012048192322254181, 0.09638553857803345, 0.08433734625577927]",0,0
6,ulsan_016771,teacher_forced,-1,83,83,1.0,0.09864457650110126,0.16867469251155853,0.0939759021004041,"[0.16867469251155853, 0.1807228922843933, 0.08433734625577927, 0.14457830786705017, 0.07228915393352509, 0.15662650763988495, 0.1204819306731224, 0.0602409653365612, 0.09638553857803345, 0.048192769289016724, 0.09638553857803345, 0.03614457696676254, 0.0602409653365612, 0.08433734625577927, 0.07228915393352509, 0.09638553857803345]",0,0
6,ulsan_017005,normal_ar,0,31,250,8.064516129032258,0.010080644860863686,0.032258063554763794,0.008602150281270345,"[0.032258063554763794, 0.0, 0.0, 0.032258063554763794, 0.032258063554763794, 0.032258063554763794, 0.0, 0.0, 0.0, 0.0, 0.0, 0.0, 0.0, 0.032258063554763794, 0.0, 0.0]",0,1
6,ulsan_017005,forced_gt_length,0,31,31,1.0,0.010080644860863686,0.032258063554763794,0.008602150281270345,"[0.032258063554763794, 0.0, 0.0, 0.032258063554763794, 0.032258063554763794, 0.032258063554763794, 0.0, 0.0, 0.0, 0.0, 0.0, 0.0, 0.0, 0.032258063554763794, 0.0, 0.0]",0,1
6,ulsan_017005,switch_rollout,7,31,31,1.0,0.024193547666072845,0.06451612710952759,0.02150537570317586,"[0.06451612710952759, 0.032258063554763794, 0.032258063554763794, 0.032258063554763794, 0.032258063554763794, 0.09677419066429138, 0.0, 0.0, 0.032258063554763794, 0.0, 0.0, 0.0, 0.032258063554763794, 0.032258063554763794, 0.0, 0.0]",0,1
6,ulsan_017005,switch_rollout,15,31,31,1.0,0.018145160749554634,0.06451612710952759,0.015053762992223104,"[0.06451612710952759, 0.032258063554763794, 0.032258063554763794, 0.032258063554763794, 0.0, 0.06451612710952759, 0.0, 0.0, 0.032258063554763794, 0.0, 0.0, 0.0, 0.032258063554763794, 0.0, 0.0, 0.0]",0,1
6,ulsan_017005,switch_rollout,21,31,31,1.0,0.026209676638245583,0.12903225421905518,0.019354838132858276,"[0.12903225421905518, 0.032258063554763794, 0.032258063554763794, 0.06451612710952759, 0.0, 0.09677419066429138, 0.0, 0.0, 0.032258063554763794, 0.0, 0.0, 0.0, 0.032258063554763794, 0.0, 0.0, 0.0]",0,1
6,ulsan_017005,teacher_forced,-1,31,31,1.0,0.060483869165182114,0.19354838132858276,0.05161290168762207,"[0.19354838132858276, 0.032258063554763794, 0.06451612710952759, 0.16129031777381897, 0.06451612710952759, 0.16129031777381897, 0.032258063554763794, 0.06451612710952759, 0.06451612710952759, 0.032258063554763794, 0.032258063554763794, 0.0, 0.032258063554763794, 0.032258063554763794, 0.0, 0.0]",0,1
6,ulsan_017267,normal_ar,0,66,250,3.787878787878788,0.04450757708400488,0.01515151560306549,0.04646464784940084,"[0.01515151560306549, 0.13636364042758942, 0.07575757801532745, 0.0, 0.01515151560306549, 0.09090909361839294, 0.10606060922145844, 0.04545454680919647, 0.01515151560306549, 0.04545454680919647, 0.03030303120613098, 0.01515151560306549, 0.03030303120613098, 0.06060606241226196, 0.03030303120613098, 0.0]",0,1
6,ulsan_017267,forced_gt_length,0,66,66,1.0,0.04450757708400488,0.01515151560306549,0.04646464784940084,"[0.01515151560306549, 0.13636364042758942, 0.07575757801532745, 0.0, 0.01515151560306549, 0.09090909361839294, 0.10606060922145844, 0.04545454680919647, 0.01515151560306549, 0.04545454680919647, 0.03030303120613098, 0.01515151560306549, 0.03030303120613098, 0.06060606241226196, 0.03030303120613098, 0.0]",0,1
6,ulsan_017267,switch_rollout,16,66,66,1.0,0.02367424312978983,0.01515151560306549,0.024242424964904787,"[0.01515151560306549, 0.07575757801532745, 0.06060606241226196, 0.01515151560306549, 0.03030303120613098, 0.01515151560306549, 0.03030303120613098, 0.0, 0.01515151560306549, 0.03030303120613098, 0.01515151560306549, 0.03030303120613098, 0.0, 0.03030303120613098, 0.0, 0.01515151560306549]",0,1
6,ulsan_017267,switch_rollout,33,66,66,1.0,0.046401516534388065,0.04545454680919647,0.04646464784940084,"[0.04545454680919647, 0.1515151560306549, 0.09090909361839294, 0.04545454680919647, 0.01515151560306549, 0.07575757801532745, 0.09090909361839294, 0.01515151560306549, 0.0, 0.03030303120613098, 0.03030303120613098, 0.01515151560306549, 0.01515151560306549, 0.04545454680919647, 0.04545454680919647, 0.03030303120613098]",0,1
6,ulsan_017267,switch_rollout,56,66,66,1.0,0.04829545598477125,0.1515151560306549,0.04141414264837901,"[0.1515151560306549, 0.12121212482452393, 0.07575757801532745, 0.01515151560306549, 0.03030303120613098, 0.06060606241226196, 0.06060606241226196, 0.01515151560306549, 0.03030303120613098, 0.03030303120613098, 0.01515151560306549, 0.03030303120613098, 0.01515151560306549, 0.04545454680919647, 0.04545454680919647, 0.03030303120613098]",0,1
6,ulsan_017267,teacher_forced,-1,66,66,1.0,0.08143939636647701,0.1666666716337204,0.07575757801532745,"[0.1666666716337204, 0.12121212482452393, 0.1515151560306549, 0.13636364042758942, 0.07575757801532745, 0.12121212482452393, 0.12121212482452393, 0.09090909361839294, 0.07575757801532745, 0.03030303120613098, 0.06060606241226196, 0.0, 0.06060606241226196, 0.03030303120613098, 0.03030303120613098, 0.03030303120613098]",0,1
6,ulsan_017533,normal_ar,0,53,68,1.2830188679245282,0.002358490601181984,0.03773584961891174,0.0,"[0.03773584961891174, 0.0, 0.0, 0.0, 0.0, 0.0, 0.0, 0.0, 0.0, 0.0, 0.0, 0.0, 0.0, 0.0, 0.0, 0.0]",0,1
6,ulsan_017533,forced_gt_length,0,53,53,1.0,0.002358490601181984,0.03773584961891174,0.0,"[0.03773584961891174, 0.0, 0.0, 0.0, 0.0, 0.0, 0.0, 0.0, 0.0, 0.0, 0.0, 0.0, 0.0, 0.0, 0.0, 0.0]",0,1
6,ulsan_017533,switch_rollout,13,53,53,1.0,0.022405660711228848,0.03773584961891174,0.02138364811738332,"[0.03773584961891174, 0.056603774428367615, 0.03773584961891174, 0.03773584961891174, 0.01886792480945587, 0.03773584961891174, 0.056603774428367615, 0.01886792480945587, 0.0, 0.01886792480945587, 0.0, 0.0, 0.0, 0.0, 0.0, 0.03773584961891174]",0,2
6,ulsan_017533,switch_rollout,26,53,53,1.0,0.016509434208273888,0.07547169923782349,0.012578616539637247,"[0.07547169923782349, 0.01886792480945587, 0.01886792480945587, 0.03773584961891174, 0.0, 0.0, 0.056603774428367615, 0.0, 0.0, 0.01886792480945587, 0.0, 0.0, 0.0, 0.0, 0.03773584961891174, 0.0]",0,2
6,ulsan_017533,switch_rollout,43,53,53,1.0,0.02358490601181984,0.15094339847564697,0.015094339847564697,"[0.15094339847564697, 0.03773584961891174, 0.01886792480945587, 0.03773584961891174, 0.01886792480945587, 0.01886792480945587, 0.03773584961891174, 0.0, 0.0, 0.01886792480945587, 0.0, 0.0, 0.0, 0.0, 0.03773584961891174, 0.0]",0,2
6,ulsan_017533,teacher_forced,-1,53,53,1.0,0.05306603852659464,0.2075471729040146,0.04276729623476664,"[0.2075471729040146, 0.09433962404727936, 0.07547169923782349, 0.056603774428367615, 0.1320754736661911, 0.03773584961891174, 0.03773584961891174, 0.0, 0.03773584961891174, 0.056603774428367615, 0.056603774428367615, 0.01886792480945587, 0.0, 0.01886792480945587, 0.01886792480945587, 0.0]",0,2
6,ulsan_017793,normal_ar,0,44,250,5.681818181818182,0.012784091290086508,0.0,0.013636364042758942,"[0.0, 0.022727273404598236, 0.022727273404598236, 0.022727273404598236, 0.0, 0.0, 0.0, 0.0, 0.0, 0.0, 0.022727273404598236, 0.022727273404598236, 0.022727273404598236, 0.022727273404598236, 0.022727273404598236, 0.022727273404598236]",0,0
6,ulsan_017793,forced_gt_length,0,44,44,1.0,0.012784091290086508,0.0,0.013636364042758942,"[0.0, 0.022727273404598236, 0.022727273404598236, 0.022727273404598236, 0.0, 0.0, 0.0, 0.0, 0.0, 0.0, 0.022727273404598236, 0.022727273404598236, 0.022727273404598236, 0.022727273404598236, 0.022727273404598236, 0.022727273404598236]",0,0
6,ulsan_017793,switch_rollout,11,44,44,1.0,0.0028409091755747795,0.0,0.0030303031206130983,"[0.0, 0.0, 0.022727273404598236, 0.0, 0.0, 0.0, 0.0, 0.0, 0.0, 0.0, 0.022727273404598236, 0.0, 0.0, 0.0, 0.0, 0.0]",0,0
6,ulsan_017793,switch_rollout,22,44,44,1.0,0.008522727526724339,0.06818182021379471,0.004545454680919647,"[0.06818182021379471, 0.0, 0.022727273404598236, 0.0, 0.0, 0.0, 0.0, 0.022727273404598236, 0.0, 0.0, 0.022727273404598236, 0.0, 0.0, 0.0, 0.0, 0.0]",0,0
6,ulsan_017793,switch_rollout,34,44,44,1.0,0.009943182114511728,0.09090909361839294,0.004545454680919647,"[0.09090909361839294, 0.0, 0.04545454680919647, 0.0, 0.0, 0.0, 0.0, 0.0, 0.0, 0.0, 0.022727273404598236, 0.0, 0.0, 0.0, 0.0, 0.0]",0,0
6,ulsan_017793,teacher_forced,-1,44,44,1.0,0.03977272845804691,0.13636364042758942,0.03333333432674408,"[0.13636364042758942, 0.11363636702299118, 0.11363636702299118, 0.06818182021379471, 0.022727273404598236, 0.0, 0.0, 0.0, 0.022727273404598236, 0.04545454680919647, 0.022727273404598236, 0.0, 0.0, 0.022727273404598236, 0.06818182021379471, 0.0]",0,0
6,ulsan_018002,normal_ar,0,63,250,3.9682539682539684,0.020833334187045693,0.0476190485060215,0.019047619899113973,"[0.0476190485060215, 0.095238097012043, 0.0317460335791111, 0.0, 0.0317460335791111, 0.01587301678955555, 0.0, 0.01587301678955555, 0.01587301678955555, 0.0, 0.01587301678955555, 0.01587301678955555, 0.01587301678955555, 0.0, 0.0317460335791111, 0.0]",0,3
6,ulsan_018002,forced_gt_length,0,63,63,1.0,0.020833334187045693,0.0476190485060215,0.019047619899113973,"[0.0476190485060215, 0.095238097012043, 0.0317460335791111, 0.0, 0.0317460335791111, 0.01587301678955555, 0.0, 0.01587301678955555, 0.01587301678955555, 0.0, 0.01587301678955555, 0.01587301678955555, 0.01587301678955555, 0.0, 0.0317460335791111, 0.0]",0,3
6,ulsan_018002,switch_rollout,15,63,63,1.0,0.02480158826801926,0.095238097012043,0.020105821018417677,"[0.095238097012043, 0.0317460335791111, 0.0317460335791111, 0.0476190485060215, 0.0317460335791111, 0.01587301678955555, 0.0, 0.01587301678955555, 0.0, 0.01587301678955555, 0.01587301678955555, 0.0317460335791111, 0.01587301678955555, 0.0, 0.0476190485060215, 0.0]",0,3
6,ulsan_018002,switch_rollout,31,63,63,1.0,0.047619049437344074,0.1428571492433548,0.041269842783610025,"[0.1428571492433548, 0.0476190485060215, 0.0317460335791111, 0.0793650820851326, 0.0476190485060215, 0.0476190485060215, 0.0476190485060215, 0.01587301678955555, 0.0317460335791111, 0.01587301678955555, 0.0317460335791111, 0.0317460335791111, 0.0476190485060215, 0.0317460335791111, 0.0634920671582222, 0.0476190485060215]",0,3
6,ulsan_018002,switch_rollout,53,63,63,1.0,0.05257936683483422,0.2063492089509964,0.042328044027090075,"[0.2063492089509964, 0.0634920671582222, 0.0317460335791111, 0.0793650820851326, 0.0634920671582222, 0.0317460335791111, 0.0476190485060215, 0.0476190485060215, 0.01587301678955555, 0.01587301678955555, 0.0317460335791111, 0.0476190485060215, 0.0476190485060215, 0.0, 0.0634920671582222, 0.0476190485060215]",0,3
6,ulsan_018002,teacher_forced,-1,63,63,1.0,0.08531746291555464,0.2380952388048172,0.07513227785627047,"[0.2380952388048172, 0.1746031790971756, 0.0793650820851326, 0.1269841343164444, 0.1111111119389534, 0.0793650820851326, 0.1111111119389534, 0.0317460335791111, 0.01587301678955555, 0.0793650820851326, 0.0634920671582222, 0.01587301678955555, 0.0634920671582222, 0.0793650820851326, 0.0634920671582222, 0.0317460335791111]",0,3
6,ulsan_018328,normal_ar,0,34,250,7.352941176470588,0.011029411805793643,0.029411764815449715,0.009803921605149904,"[0.029411764815449715, 0.0, 0.0, 0.029411764815449715, 0.0, 0.0, 0.0, 0.029411764815449715, 0.0, 0.05882352963089943, 0.0, 0.0, 0.0, 0.0, 0.029411764815449715, 0.0]",0,1
6,ulsan_018328,forced_gt_length,0,34,34,1.0,0.011029411805793643,0.029411764815449715,0.009803921605149904,"[0.029411764815449715, 0.0, 0.0, 0.029411764815449715, 0.0, 0.0, 0.0, 0.029411764815449715, 0.0, 0.05882352963089943, 0.0, 0.0, 0.0, 0.0, 0.029411764815449715, 0.0]",0,1
6,ulsan_018328,switch_rollout,8,34,34,1.0,0.007352941203862429,0.029411764815449715,0.005882352963089943,"[0.029411764815449715, 0.0, 0.0, 0.0, 0.0, 0.0, 0.0, 0.029411764815449715, 0.0, 0.05882352963089943, 0.0, 0.0, 0.0, 0.0, 0.0, 0.0]",0,1
6,ulsan_018328,switch_rollout,17,34,34,1.0,0.02022058831062168,0.05882352963089943,0.017647058889269828,"[0.05882352963089943, 0.05882352963089943, 0.0, 0.029411764815449715, 0.0, 0.029411764815449715, 0.0, 0.029411764815449715, 0.0, 0.05882352963089943, 0.0, 0.0, 0.029411764815449715, 0.0, 0.029411764815449715, 0.0]",0,1
6,ulsan_018328,switch_rollout,24,34,34,1.0,0.022058823728002608,0.0882352963089943,0.017647058889269828,"[0.0882352963089943, 0.05882352963089943, 0.0, 0.029411764815449715, 0.0, 0.029411764815449715, 0.0, 0.029411764815449715, 0.0, 0.05882352963089943, 0.0, 0.0, 0.029411764815449715, 0.0, 0.029411764815449715, 0.0]",0,1
6,ulsan_018328,teacher_forced,-1,34,34,1.0,0.04411764780525118,0.14705882966518402,0.03725490234792232,"[0.14705882966518402, 0.0882352963089943, 0.11764705926179886, 0.0882352963089943, 0.05882352963089943, 0.029411764815449715, 0.029411764815449715, 0.0, 0.029411764815449715, 0.029411764815449715, 0.0, 0.0, 0.05882352963089943, 0.0, 0.029411764815449715, 0.0]",0,1
6,ulsan_018844,normal_ar,0,47,250,5.319148936170213,0.029255318688228726,0.042553190141916275,0.028368793924649558,"[0.042553190141916275, 0.0, 0.0, 0.0, 0.0, 0.0, 0.042553190141916275, 0.021276595070958138, 0.06382978707551956, 0.06382978707551956, 0.021276595070958138, 0.0, 0.06382978707551956, 0.042553190141916275, 0.06382978707551956, 0.042553190141916275]",0,2
6,ulsan_018844,forced_gt_length,0,47,47,1.0,0.029255318688228726,0.042553190141916275,0.028368793924649558,"[0.042553190141916275, 0.0, 0.0, 0.0, 0.0, 0.0, 0.042553190141916275, 0.021276595070958138, 0.06382978707551956, 0.06382978707551956, 0.021276595070958138, 0.0, 0.06382978707551956, 0.042553190141916275, 0.06382978707551956, 0.042553190141916275]",0,2
6,ulsan_018844,switch_rollout,11,47,47,1.0,0.026595743955112994,0.021276595070958138,0.026950353880723317,"[0.021276595070958138, 0.08510638028383255, 0.06382978707551956, 0.021276595070958138, 0.042553190141916275, 0.021276595070958138, 0.0, 0.042553190141916275, 0.0, 0.0, 0.0, 0.0, 0.042553190141916275, 0.021276595070958138, 0.042553190141916275, 0.021276595070958138]",0,1
6,ulsan_018844,switch_rollout,23,47,47,1.0,0.04521276522427797,0.1489361673593521,0.03829787174860636,"[0.1489361673593521, 0.06382978707551956, 0.021276595070958138, 0.021276595070958138, 0.0, 0.021276595070958138, 0.042553190141916275, 0.042553190141916275, 0.06382978707551956, 0.042553190141916275, 0.021276595070958138, 0.0, 0.06382978707551956, 0.042553190141916275, 0.06382978707551956, 0.06382978707551956]",0,1
6,ulsan_018844,switch_rollout,37,47,47,1.0,0.04521276510786265,0.1702127605676651,0.03687943207720915,"[0.1702127605676651, 0.06382978707551956, 0.021276595070958138, 0.021276595070958138, 0.0, 0.021276595070958138, 0.021276595070958138, 0.042553190141916275, 0.06382978707551956, 0.042553190141916275, 0.021276595070958138, 0.0, 0.06382978707551956, 0.042553190141916275, 0.06382978707551956, 0.06382978707551956]",0,1
6,ulsan_018844,teacher_forced,-1,47,47,1.0,0.08510638226289302,0.25531914830207825,0.07375886452694734,"[0.25531914830207825, 0.10638298094272614, 0.12765957415103912, 0.10638298094272614, 0.021276595070958138, 0.08510638028383255, 0.06382978707551956, 0.12765957415103912, 0.042553190141916275, 0.08510638028383255, 0.042553190141916275, 0.06382978707551956, 0.06382978707551956, 0.08510638028383255, 0.042553190141916275, 0.042553190141916275]",0,1
6,ulsan_019114,normal_ar,0,65,250,3.8461538461538463,0.007692307757679373,0.03076923079788685,0.006153846221665541,"[0.03076923079788685, 0.015384615398943424, 0.015384615398943424, 0.04615384712815285, 0.0, 0.0, 0.0, 0.015384615398943424, 0.0, 0.0, 0.0, 0.0, 0.0, 0.0, 0.0, 0.0]",0,2
6,ulsan_019114,forced_gt_length,0,65,65,1.0,0.007692307757679373,0.03076923079788685,0.006153846221665541,"[0.03076923079788685, 0.015384615398943424, 0.015384615398943424, 0.04615384712815285, 0.0, 0.0, 0.0, 0.015384615398943424, 0.0, 0.0, 0.0, 0.0, 0.0, 0.0, 0.0, 0.0]",0,2
6,ulsan_019114,switch_rollout,16,65,65,1.0,0.007692307699471712,0.03076923079788685,0.00615384615957737,"[0.03076923079788685, 0.015384615398943424, 0.015384615398943424, 0.03076923079788685, 0.0, 0.0, 0.0, 0.015384615398943424, 0.0, 0.0, 0.0, 0.0, 0.0, 0.0, 0.0, 0.015384615398943424]",0,2
6,ulsan_019114,switch_rollout,32,65,65,1.0,0.009615384682547301,0.04615384712815285,0.007179487186173598,"[0.04615384712815285, 0.015384615398943424, 0.015384615398943424, 0.03076923079788685, 0.0, 0.0, 0.0, 0.015384615398943424, 0.0, 0.0, 0.0, 0.0, 0.015384615398943424, 0.0, 0.0, 0.015384615398943424]",0,2
6,ulsan_019114,switch_rollout,55,65,65,1.0,0.012500000069849193,0.04615384712815285,0.010256410265962282,"[0.04615384712815285, 0.0615384615957737, 0.015384615398943424, 0.03076923079788685, 0.0, 0.0, 0.0, 0.015384615398943424, 0.0, 0.0, 0.0, 0.0, 0.015384615398943424, 0.0, 0.0, 0.015384615398943424]",0,2
6,ulsan_019114,teacher_forced,-1,65,65,1.0,0.02692307735560462,0.04615384712815285,0.025641026037434737,"[0.04615384712815285, 0.0923076942563057, 0.04615384712815285, 0.07692307978868484, 0.0, 0.0, 0.03076923079788685, 0.03076923079788685, 0.03076923079788685, 0.015384615398943424, 0.015384615398943424, 0.015384615398943424, 0.015384615398943424, 0.0, 0.0, 0.015384615398943424]",0,2
6,ulsan_019371,normal_ar,0,55,142,2.581818181818182,0.021590908523648977,0.072727270424366,0.018181817730267842,"[0.072727270424366, 0.0181818176060915, 0.05454545468091965, 0.036363635212183, 0.0, 0.0, 0.0181818176060915, 0.036363635212183, 0.0181818176060915, 0.0, 0.0, 0.0181818176060915, 0.0181818176060915, 0.036363635212183, 0.0, 0.0181818176060915]",0,1
6,ulsan_019371,forced_gt_length,0,55,55,1.0,0.021590908523648977,0.072727270424366,0.018181817730267842,"[0.072727270424366, 0.0181818176060915, 0.05454545468091965, 0.036363635212183, 0.0, 0.0, 0.0181818176060915, 0.036363635212183, 0.0181818176060915, 0.0, 0.0, 0.0181818176060915, 0.0181818176060915, 0.036363635212183, 0.0, 0.0181818176060915]",0,1
6,ulsan_019371,switch_rollout,13,55,55,1.0,0.0249999996740371,0.09090909361839294,0.02060606007774671,"[0.09090909361839294, 0.036363635212183, 0.05454545468091965, 0.036363635212183, 0.0, 0.0, 0.036363635212183, 0.0181818176060915, 0.0181818176060915, 0.0181818176060915, 0.0, 0.0181818176060915, 0.0181818176060915, 0.036363635212183, 0.0, 0.0181818176060915]",0,2
6,ulsan_019371,switch_rollout,27,55,55,1.0,0.011363636003807187,0.072727270424366,0.0072727270424366,"[0.072727270424366, 0.036363635212183, 0.0, 0.0, 0.0, 0.0, 0.0181818176060915, 0.0, 0.0, 0.0181818176060915, 0.0, 0.0, 0.0, 0.036363635212183, 0.0, 0.0]",0,2
6,ulsan_019371,switch_rollout,45,55,55,1.0,0.01931818132288754,0.12727272510528564,0.012121211737394333,"[0.12727272510528564, 0.072727270424366, 0.0181818176060915, 0.0181818176060915, 0.0, 0.0, 0.0181818176060915, 0.0, 0.0, 0.0181818176060915, 0.0, 0.0, 0.0, 0.036363635212183, 0.0, 0.0]",0,2
6,ulsan_019371,teacher_forced,-1,55,55,1.0,0.05113636376336217,0.1818181872367859,0.04242424219846726,"[0.1818181872367859, 0.20000000298023224, 0.09090909361839294, 0.145454540848732, 0.05454545468091965, 0.0, 0.0, 0.036363635212183, 0.0181818176060915, 0.0181818176060915, 0.0, 0.0, 0.0181818176060915, 0.036363635212183, 0.0181818176060915, 0.0]",0,2
6,ulsan_019683,normal_ar,0,66,118,1.7878787878787878,0.016098485328257084,0.03030303120613098,0.01515151560306549,"[0.03030303120613098, 0.09090909361839294, 0.06060606241226196, 0.01515151560306549, 0.0, 0.0, 0.0, 0.01515151560306549, 0.01515151560306549, 0.0, 0.01515151560306549, 0.0, 0.0, 0.01515151560306549, 0.0, 0.0]",0,2
6,ulsan_019683,forced_gt_length,0,66,66,1.0,0.016098485328257084,0.03030303120613098,0.01515151560306549,"[0.03030303120613098, 0.09090909361839294, 0.06060606241226196, 0.01515151560306549, 0.0, 0.0, 0.0, 0.01515151560306549, 0.01515151560306549, 0.0, 0.01515151560306549, 0.0, 0.0, 0.01515151560306549, 0.0, 0.0]",0,2
6,ulsan_019683,switch_rollout,16,66,66,1.0,0.018939394503831863,0.03030303120613098,0.018181818723678588,"[0.03030303120613098, 0.10606060922145844, 0.03030303120613098, 0.01515151560306549, 0.03030303120613098, 0.0, 0.03030303120613098, 0.01515151560306549, 0.01515151560306549, 0.0, 0.01515151560306549, 0.0, 0.0, 0.01515151560306549, 0.0, 0.0]",0,1
6,ulsan_019683,switch_rollout,33,66,66,1.0,0.02935606148093939,0.10606060922145844,0.024242424964904787,"[0.10606060922145844, 0.13636364042758942, 0.04545454680919647, 0.03030303120613098, 0.06060606241226196, 0.0, 0.03030303120613098, 0.01515151560306549, 0.0, 0.0, 0.01515151560306549, 0.0, 0.01515151560306549, 0.01515151560306549, 0.0, 0.0]",0,1
6,ulsan_019683,switch_rollout,56,66,66,1.0,0.03219697065651417,0.13636364042758942,0.02525252600510915,"[0.13636364042758942, 0.13636364042758942, 0.04545454680919647, 0.03030303120613098, 0.07575757801532745, 0.01515151560306549, 0.03030303120613098, 0.0, 0.01515151560306549, 0.0, 0.01515151560306549, 0.0, 0.0, 0.01515151560306549, 0.0, 0.0]",0,1
6,ulsan_019683,teacher_forced,-1,66,66,1.0,0.03503787983208895,0.1666666716337204,0.026262627045313517,"[0.1666666716337204, 0.13636364042758942, 0.10606060922145844, 0.03030303120613098, 0.03030303120613098, 0.03030303120613098, 0.0, 0.0, 0.01515151560306549, 0.01515151560306549, 0.01515151560306549, 0.0, 0.0, 0.01515151560306549, 0.0, 0.0]",0,1
6,ulsan_019936,normal_ar,0,47,144,3.0638297872340425,0.013297872035764158,0.06382978707551956,0.009929077699780464,"[0.06382978707551956, 0.0, 0.08510638028383255, 0.021276595070958138, 0.0, 0.0, 0.0, 0.0, 0.0, 0.021276595070958138, 0.021276595070958138, 0.0, 0.0, 0.0, 0.0, 0.0]",0,2
6,ulsan_019936,forced_gt_length,0,47,47,1.0,0.013297872035764158,0.06382978707551956,0.009929077699780464,"[0.06382978707551956, 0.0, 0.08510638028383255, 0.021276595070958138, 0.0, 0.0, 0.0, 0.0, 0.0, 0.021276595070958138, 0.021276595070958138, 0.0, 0.0, 0.0, 0.0, 0.0]",0,2
6,ulsan_019936,switch_rollout,11,47,47,1.0,0.014627659227699041,0.06382978707551956,0.011347517371177673,"[0.06382978707551956, 0.042553190141916275, 0.08510638028383255, 0.0, 0.0, 0.0, 0.0, 0.0, 0.0, 0.021276595070958138, 0.021276595070958138, 0.0, 0.0, 0.0, 0.0, 0.0]",0,2
6,ulsan_019936,switch_rollout,23,47,47,1.0,0.017287233844399452,0.10638298094272614,0.011347517371177673,"[0.10638298094272614, 0.042553190141916275, 0.08510638028383255, 0.0, 0.0, 0.0, 0.0, 0.0, 0.0, 0.021276595070958138, 0.021276595070958138, 0.0, 0.0, 0.0, 0.0, 0.0]",0,2
6,ulsan_019936,switch_rollout,37,47,47,1.0,0.018617020919919014,0.12765957415103912,0.011347517371177673,"[0.12765957415103912, 0.042553190141916275, 0.08510638028383255, 0.0, 0.0, 0.0, 0.0, 0.0, 0.0, 0.021276595070958138, 0.021276595070958138, 0.0, 0.0, 0.0, 0.0, 0.0]",0,2
6,ulsan_019936,teacher_forced,-1,47,47,1.0,0.035904254647903144,0.1489361673593521,0.028368793800473212,"[0.1489361673593521, 0.1489361673593521, 0.12765957415103912, 0.021276595070958138, 0.021276595070958138, 0.0, 0.0, 0.0, 0.021276595070958138, 0.042553190141916275, 0.021276595070958138, 0.021276595070958138, 0.0, 0.0, 0.0, 0.0]",0,2
6,ulsan_020204,normal_ar,0,53,250,4.716981132075472,0.009433962404727936,0.01886792480945587,0.008805031577746073,"[0.01886792480945587, 0.0, 0.0, 0.0, 0.09433962404727936, 0.0, 0.0, 0.0, 0.01886792480945587, 0.01886792480945587, 0.0, 0.0, 0.0, 0.0, 0.0, 0.0]",0,1
6,ulsan_020204,forced_gt_length,0,53,53,1.0,0.009433962404727936,0.01886792480945587,0.008805031577746073,"[0.01886792480945587, 0.0, 0.0, 0.0, 0.09433962404727936, 0.0, 0.0, 0.0, 0.01886792480945587, 0.01886792480945587, 0.0, 0.0, 0.0, 0.0, 0.0, 0.0]",0,1
6,ulsan_020204,switch_rollout,13,53,53,1.0,0.010613207705318928,0.03773584961891174,0.008805031577746073,"[0.03773584961891174, 0.01886792480945587, 0.01886792480945587, 0.01886792480945587, 0.03773584961891174, 0.0, 0.0, 0.0, 0.01886792480945587, 0.0, 0.01886792480945587, 0.0, 0.0, 0.0, 0.0, 0.0]",0,1
6,ulsan_020204,switch_rollout,26,53,53,1.0,0.01768867950886488,0.11320754885673523,0.011320754885673523,"[0.11320754885673523, 0.0, 0.01886792480945587, 0.0, 0.07547169923782349, 0.01886792480945587, 0.0, 0.0, 0.01886792480945587, 0.01886792480945587, 0.01886792480945587, 0.0, 0.0, 0.0, 0.0, 0.0]",0,1
6,ulsan_020204,switch_rollout,43,53,53,1.0,0.03183962311595678,0.2075471729040146,0.020125786463419598,"[0.2075471729040146, 0.056603774428367615, 0.056603774428367615, 0.0, 0.03773584961891174, 0.01886792480945587, 0.01886792480945587, 0.0, 0.01886792480945587, 0.01886792480945587, 0.03773584961891174, 0.0, 0.03773584961891174, 0.0, 0.0, 0.0]",0,1
6,ulsan_020204,teacher_forced,-1,53,53,1.0,0.04716981202363968,0.2075471729040146,0.03647798796494802,"[0.2075471729040146, 0.09433962404727936, 0.07547169923782349, 0.07547169923782349, 0.1320754736661911, 0.01886792480945587, 0.056603774428367615, 0.03773584961891174, 0.01886792480945587, 0.0, 0.03773584961891174, 0.0, 0.0, 0.0, 0.0, 0.0]",0,1
6,ulsan_020496,normal_ar,0,36,250,6.944444444444445,0.0017361111240461469,0.02777777798473835,0.0,"[0.02777777798473835, 0.0, 0.0, 0.0, 0.0, 0.0, 0.0, 0.0, 0.0, 0.0, 0.0, 0.0, 0.0, 0.0, 0.0, 0.0]",0,1
6,ulsan_020496,forced_gt_length,0,36,36,1.0,0.0017361111240461469,0.02777777798473835,0.0,"[0.02777777798473835, 0.0, 0.0, 0.0, 0.0, 0.0, 0.0, 0.0, 0.0, 0.0, 0.0, 0.0, 0.0, 0.0, 0.0, 0.0]",0,1
6,ulsan_020496,switch_rollout,9,36,36,1.0,0.013888888992369175,0.0555555559694767,0.01111111119389534,"[0.0555555559694767, 0.0, 0.02777777798473835, 0.02777777798473835, 0.02777777798473835, 0.02777777798473835, 0.0, 0.0, 0.02777777798473835, 0.0, 0.0, 0.02777777798473835, 0.0, 0.0, 0.0, 0.0]",0,2
6,ulsan_020496,switch_rollout,18,36,36,1.0,0.015625000116415322,0.1111111119389534,0.009259259328246117,"[0.1111111119389534, 0.0, 0.0555555559694767, 0.02777777798473835, 0.02777777798473835, 0.02777777798473835, 0.0, 0.0, 0.0, 0.0, 0.0, 0.0, 0.0, 0.0, 0.0, 0.0]",0,2
6,ulsan_020496,switch_rollout,26,36,36,1.0,0.017361111706122756,0.1388888955116272,0.00925925945242246,"[0.1388888955116272, 0.0, 0.0833333358168602, 0.02777777798473835, 0.0, 0.02777777798473835, 0.0, 0.0, 0.0, 0.0, 0.0, 0.0, 0.0, 0.0, 0.0, 0.0]",0,2
6,ulsan_020496,teacher_forced,-1,36,36,1.0,0.0434027787996456,0.1666666716337204,0.03518518594404062,"[0.1666666716337204, 0.1388888955116272, 0.0833333358168602, 0.02777777798473835, 0.02777777798473835, 0.02777777798473835, 0.0, 0.0555555559694767, 0.02777777798473835, 0.0, 0.0555555559694767, 0.0, 0.0, 0.0555555559694767, 0.02777777798473835, 0.0]",0,2
6,ulsan_020739,normal_ar,0,73,250,3.4246575342465753,0.010273972526192665,0.04109589010477066,0.008219178020954131,"[0.04109589010477066, 0.0, 0.013698630034923553, 0.013698630034923553, 0.027397260069847107, 0.013698630034923553, 0.0, 0.013698630034923553, 0.0, 0.013698630034923553, 0.0, 0.0, 0.013698630034923553, 0.0, 0.013698630034923553, 0.0]",0,3
6,ulsan_020739,forced_gt_length,0,73,73,1.0,0.010273972526192665,0.04109589010477066,0.008219178020954131,"[0.04109589010477066, 0.0, 0.013698630034923553, 0.013698630034923553, 0.027397260069847107, 0.013698630034923553, 0.0, 0.013698630034923553, 0.0, 0.013698630034923553, 0.0, 0.0, 0.013698630034923553, 0.0, 0.013698630034923553, 0.0]",0,3
6,ulsan_020739,switch_rollout,18,73,73,1.0,0.014554794412106276,0.09589041024446487,0.00913242002328237,"[0.09589041024446487, 0.0, 0.013698630034923553, 0.0, 0.013698630034923553, 0.013698630034923553, 0.013698630034923553, 0.013698630034923553, 0.0, 0.0, 0.013698630034923553, 0.027397260069847107, 0.013698630034923553, 0.0, 0.013698630034923553, 0.0]",0,3
6,ulsan_020739,switch_rollout,36,73,73,1.0,0.017979451920837164,0.12328767031431198,0.010958904027938842,"[0.12328767031431198, 0.0, 0.013698630034923553, 0.0, 0.013698630034923553, 0.0, 0.013698630034923553, 0.013698630034923553, 0.0, 0.013698630034923553, 0.0, 0.027397260069847107, 0.027397260069847107, 0.0, 0.013698630034923553, 0.027397260069847107]",0,3
6,ulsan_020739,switch_rollout,63,73,73,1.0,0.023972603026777506,0.2054794579744339,0.011872146030267079,"[0.2054794579744339, 0.013698630034923553, 0.013698630034923553, 0.0, 0.013698630034923553, 0.0, 0.013698630034923553, 0.027397260069847107, 0.0, 0.0, 0.0, 0.027397260069847107, 0.027397260069847107, 0.0, 0.027397260069847107, 0.013698630034923553]",0,3
6,ulsan_020739,teacher_forced,-1,73,73,1.0,0.04623287683352828,0.232876718044281,0.03378995408614476,"[0.232876718044281, 0.08219178020954132, 0.013698630034923553, 0.027397260069847107, 0.08219178020954132, 0.04109589010477066, 0.054794520139694214, 0.027397260069847107, 0.054794520139694214, 0.027397260069847107, 0.04109589010477066, 0.0, 0.013698630034923553, 0.0, 0.04109589010477066, 0.0]",0,3
6,ulsan_021001,normal_ar,0,95,250,2.6315789473684212,0.02302631619386375,0.031578946858644485,0.022456140816211702,"[0.031578946858644485, 0.010526316240429878, 0.010526316240429878, 0.021052632480859756, 0.021052632480859756, 0.031578946858644485, 0.05263157933950424, 0.04210526496171951, 0.0, 0.021052632480859756, 0.010526316240429878, 0.010526316240429878, 0.031578946858644485, 0.021052632480859756, 0.021052632480859756, 0.031578946858644485]",0,3
6,ulsan_021001,forced_gt_length,0,95,95,1.0,0.02302631619386375,0.031578946858644485,0.022456140816211702,"[0.031578946858644485, 0.010526316240429878, 0.010526316240429878, 0.021052632480859756, 0.021052632480859756, 0.031578946858644485, 0.05263157933950424, 0.04210526496171951, 0.0, 0.021052632480859756, 0.010526316240429878, 0.010526316240429878, 0.031578946858644485, 0.021052632480859756, 0.021052632480859756, 0.031578946858644485]",0,3
6,ulsan_021001,switch_rollout,23,95,95,1.0,0.023684210726059973,0.06315789371728897,0.02105263185997804,"[0.06315789371728897, 0.021052632480859756, 0.05263157933950424, 0.010526316240429878, 0.010526316240429878, 0.010526316240429878, 0.04210526496171951, 0.031578946858644485, 0.010526316240429878, 0.0, 0.010526316240429878, 0.031578946858644485, 0.031578946858644485, 0.031578946858644485, 0.010526316240429878, 0.010526316240429878]",0,3
6,ulsan_021001,switch_rollout,47,95,95,1.0,0.02039473713375628,0.031578946858644485,0.019649123152097065,"[0.031578946858644485, 0.04210526496171951, 0.031578946858644485, 0.010526316240429878, 0.010526316240429878, 0.010526316240429878, 0.021052632480859756, 0.031578946858644485, 0.010526316240429878, 0.0, 0.010526316240429878, 0.031578946858644485, 0.021052632480859756, 0.031578946858644485, 0.010526316240429878, 0.021052632480859756]",0,3
6,ulsan_021001,switch_rollout,85,95,95,1.0,0.0388157902052626,0.09473684430122375,0.03508771993219852,"[0.09473684430122375, 0.09473684430122375, 0.05263157933950424, 0.021052632480859756, 0.021052632480859756, 0.031578946858644485, 0.05263157933950424, 0.04210526496171951, 0.021052632480859756, 0.021052632480859756, 0.031578946858644485, 0.031578946858644485, 0.021052632480859756, 0.04210526496171951, 0.010526316240429878, 0.031578946858644485]",0,3
6,ulsan_021001,teacher_forced,-1,95,95,1.0,0.0625,0.12631578743457794,0.05824561417102814,"[0.12631578743457794, 0.13684210181236267, 0.08421052992343903, 0.09473684430122375, 0.06315789371728897, 0.09473684430122375, 0.09473684430122375, 0.06315789371728897, 0.031578946858644485, 0.0736842080950737, 0.021052632480859756, 0.031578946858644485, 0.0, 0.031578946858644485, 0.031578946858644485, 0.021052632480859756]",0,3
6,ulsan_021260,normal_ar,0,85,250,2.9411764705882355,0.008088235510513186,0.0235294122248888,0.007058823729554812,"[0.0235294122248888, 0.0117647061124444, 0.0, 0.0235294122248888, 0.0117647061124444, 0.0235294122248888, 0.03529411926865578, 0.0, 0.0, 0.0, 0.0, 0.0, 0.0, 0.0, 0.0, 0.0]",0,2
6,ulsan_021260,forced_gt_length,0,85,85,1.0,0.008088235510513186,0.0235294122248888,0.007058823729554812,"[0.0235294122248888, 0.0117647061124444, 0.0, 0.0235294122248888, 0.0117647061124444, 0.0235294122248888, 0.03529411926865578, 0.0, 0.0, 0.0, 0.0, 0.0, 0.0, 0.0, 0.0, 0.0]",0,2
6,ulsan_021260,switch_rollout,21,85,85,1.0,0.0066176471882499754,0.0470588244497776,0.003921568704148133,"[0.0470588244497776, 0.0235294122248888, 0.0, 0.0117647061124444, 0.0, 0.0, 0.0235294122248888, 0.0, 0.0, 0.0, 0.0, 0.0, 0.0, 0.0, 0.0, 0.0]",0,1
6,ulsan_021260,switch_rollout,42,85,85,1.0,0.012500000244472176,0.05882352963089943,0.009411764952043692,"[0.05882352963089943, 0.0470588244497776, 0.0117647061124444, 0.0117647061124444, 0.0235294122248888, 0.0, 0.03529411926865578, 0.0, 0.0, 0.0117647061124444, 0.0, 0.0, 0.0, 0.0, 0.0, 0.0]",0,1
6,ulsan_021260,switch_rollout,75,85,85,1.0,0.015441176714375615,0.10588235408067703,0.00941176488995552,"[0.10588235408067703, 0.0235294122248888, 0.0117647061124444, 0.0235294122248888, 0.0235294122248888, 0.0117647061124444, 0.0235294122248888, 0.0, 0.0117647061124444, 0.0117647061124444, 0.0, 0.0, 0.0, 0.0, 0.0, 0.0]",0,1
6,ulsan_021260,teacher_forced,-1,85,85,1.0,0.04411764850374311,0.12941177189350128,0.03843137361109257,"[0.12941177189350128, 0.05882352963089943, 0.08235294371843338, 0.0470588244497776, 0.08235294371843338, 0.08235294371843338, 0.07058823853731155, 0.0117647061124444, 0.0235294122248888, 0.0117647061124444, 0.0117647061124444, 0.0117647061124444, 0.0, 0.03529411926865578, 0.0235294122248888, 0.0235294122248888]",0,1
6,ulsan_021566,normal_ar,0,30,250,8.333333333333334,0.010416667209938169,0.03333333507180214,0.008888889352480571,"[0.03333333507180214, 0.0, 0.0, 0.06666667014360428, 0.0, 0.0, 0.0, 0.0, 0.03333333507180214, 0.0, 0.0, 0.0, 0.0, 0.03333333507180214, 0.0, 0.0]",0,0
6,ulsan_021566,forced_gt_length,0,30,30,1.0,0.010416667209938169,0.03333333507180214,0.008888889352480571,"[0.03333333507180214, 0.0, 0.0, 0.06666667014360428, 0.0, 0.0, 0.0, 0.0, 0.03333333507180214, 0.0, 0.0, 0.0, 0.0, 0.03333333507180214, 0.0, 0.0]",0,0
6,ulsan_021566,switch_rollout,7,30,30,1.0,0.0020833334419876337,0.03333333507180214,0.0,"[0.03333333507180214, 0.0, 0.0, 0.0, 0.0, 0.0, 0.0, 0.0, 0.0, 0.0, 0.0, 0.0, 0.0, 0.0, 0.0, 0.0]",0,0
6,ulsan_021566,switch_rollout,15,30,30,1.0,0.004166666883975267,0.06666667014360428,0.0,"[0.06666667014360428, 0.0, 0.0, 0.0, 0.0, 0.0, 0.0, 0.0, 0.0, 0.0, 0.0, 0.0, 0.0, 0.0, 0.0, 0.0]",0,0
6,ulsan_021566,switch_rollout,20,30,30,1.0,0.008333333535119891,0.10000000149011612,0.002222222338120143,"[0.10000000149011612, 0.0, 0.03333333507180214, 0.0, 0.0, 0.0, 0.0, 0.0, 0.0, 0.0, 0.0, 0.0, 0.0, 0.0, 0.0, 0.0]",0,0
6,ulsan_021566,teacher_forced,-1,30,30,1.0,0.03958333469927311,0.20000000298023224,0.02888889014720917,"[0.20000000298023224, 0.03333333507180214, 0.10000000149011612, 0.06666667014360428, 0.0, 0.06666667014360428, 0.0, 0.06666667014360428, 0.03333333507180214, 0.0, 0.0, 0.0, 0.0, 0.06666667014360428, 0.0, 0.0]",0,0
6,ulsan_021810,normal_ar,0,16,41,2.5625,0.01171875,0.0625,0.008333333333333333,"[0.0625, 0.0625, 0.0625, 0.0, 0.0, 0.0, 0.0, 0.0, 0.0, 0.0, 0.0, 0.0, 0.0, 0.0, 0.0, 0.0]",0,1
6,ulsan_021810,forced_gt_length,0,16,16,1.0,0.01171875,0.0625,0.008333333333333333,"[0.0625, 0.0625, 0.0625, 0.0, 0.0, 0.0, 0.0, 0.0, 0.0, 0.0, 0.0, 0.0, 0.0, 0.0, 0.0, 0.0]",0,1
6,ulsan_021810,switch_rollout,4,16,16,1.0,0.015625,0.125,0.008333333333333333,"[0.125, 0.125, 0.0, 0.0, 0.0, 0.0, 0.0, 0.0, 0.0, 0.0, 0.0, 0.0, 0.0, 0.0, 0.0, 0.0]",0,1
6,ulsan_021810,switch_rollout,6,16,16,1.0,0.015625,0.0625,0.0125,"[0.0625, 0.0625, 0.0625, 0.0, 0.0, 0.0, 0.0, 0.0, 0.0, 0.0, 0.0, 0.0, 0.0, 0.0, 0.0625, 0.0]",0,1
6,ulsan_021810,switch_rollout,8,16,16,1.0,0.015625,0.0625,0.0125,"[0.0625, 0.0625, 0.0625, 0.0, 0.0, 0.0, 0.0, 0.0, 0.0, 0.0, 0.0, 0.0, 0.0, 0.0, 0.0625, 0.0]",0,1
6,ulsan_021810,teacher_forced,-1,16,16,1.0,0.01953125,0.125,0.0125,"[0.125, 0.0625, 0.0, 0.0625, 0.0625, 0.0, 0.0, 0.0, 0.0, 0.0, 0.0, 0.0, 0.0, 0.0, 0.0, 0.0]",0,1
6,ulsan_022111,normal_ar,0,29,72,2.4827586206896552,0.006465517217293382,0.03448275849223137,0.004597701132297516,"[0.03448275849223137, 0.0, 0.0, 0.0, 0.03448275849223137, 0.0, 0.0, 0.03448275849223137, 0.0, 0.0, 0.0, 0.0, 0.0, 0.0, 0.0, 0.0]",0,1
6,ulsan_022111,forced_gt_length,0,29,29,1.0,0.006465517217293382,0.03448275849223137,0.004597701132297516,"[0.03448275849223137, 0.0, 0.0, 0.0, 0.03448275849223137, 0.0, 0.0, 0.03448275849223137, 0.0, 0.0, 0.0, 0.0, 0.0, 0.0, 0.0, 0.0]",0,1
6,ulsan_022111,switch_rollout,7,29,29,1.0,0.015086206840351224,0.06896551698446274,0.01149425283074379,"[0.06896551698446274, 0.0, 0.0, 0.0, 0.06896551698446274, 0.03448275849223137, 0.0, 0.03448275849223137, 0.03448275849223137, 0.0, 0.0, 0.0, 0.0, 0.0, 0.0, 0.0]",0,2
6,ulsan_022111,switch_rollout,14,29,29,1.0,0.006465517217293382,0.06896551698446274,0.002298850566148758,"[0.06896551698446274, 0.0, 0.0, 0.0, 0.0, 0.0, 0.0, 0.0, 0.03448275849223137, 0.0, 0.0, 0.0, 0.0, 0.0, 0.0, 0.0]",0,2
6,ulsan_022111,switch_rollout,19,29,29,1.0,0.012931034434586763,0.13793103396892548,0.004597701132297516,"[0.13793103396892548, 0.0, 0.03448275849223137, 0.0, 0.0, 0.0, 0.0, 0.0, 0.03448275849223137, 0.0, 0.0, 0.0, 0.0, 0.0, 0.0, 0.0]",0,2
6,ulsan_022111,teacher_forced,-1,29,29,1.0,0.040948275942355394,0.24137930572032928,0.02758620729049047,"[0.24137930572032928, 0.17241379618644714, 0.0, 0.0, 0.1034482792019844, 0.03448275849223137, 0.0, 0.0, 0.06896551698446274, 0.0, 0.0, 0.0, 0.03448275849223137, 0.0, 0.0, 0.0]",0,2
6,ulsan_022355,normal_ar,0,42,250,5.9523809523809526,0.007440476329065859,0.0476190485060215,0.00476190485060215,"[0.0476190485060215, 0.0, 0.0, 0.0, 0.02380952425301075, 0.0, 0.0, 0.0, 0.0, 0.0, 0.0, 0.0, 0.02380952425301075, 0.02380952425301075, 0.0, 0.0]",0,2
6,ulsan_022355,forced_gt_length,0,42,42,1.0,0.007440476329065859,0.0476190485060215,0.00476190485060215,"[0.0476190485060215, 0.0, 0.0, 0.0, 0.02380952425301075, 0.0, 0.0, 0.0, 0.0, 0.0, 0.0, 0.0, 0.02380952425301075, 0.02380952425301075, 0.0, 0.0]",0,2
6,ulsan_022355,switch_rollout,10,42,42,1.0,0.008928571711294353,0.0714285746216774,0.00476190485060215,"[0.0714285746216774, 0.0, 0.02380952425301075, 0.0, 0.02380952425301075, 0.0, 0.0, 0.0, 0.0, 0.0, 0.0, 0.0, 0.0, 0.02380952425301075, 0.0, 0.0]",0,2
6,ulsan_022355,switch_rollout,21,42,42,1.0,0.01488095277454704,0.0714285746216774,0.011111111318071683,"[0.0714285746216774, 0.02380952425301075, 0.02380952425301075, 0.0476190485060215, 0.02380952425301075, 0.0, 0.0, 0.0, 0.0, 0.0, 0.02380952425301075, 0.0, 0.0, 0.02380952425301075, 0.0, 0.0]",0,2
6,ulsan_022355,switch_rollout,32,42,42,1.0,0.013392857392318547,0.095238097012043,0.007936508084336916,"[0.095238097012043, 0.0, 0.02380952425301075, 0.02380952425301075, 0.02380952425301075, 0.0, 0.0, 0.0, 0.0, 0.0, 0.0, 0.02380952425301075, 0.0, 0.02380952425301075, 0.0, 0.0]",0,2
6,ulsan_022355,teacher_forced,-1,42,42,1.0,0.041666667675599456,0.1666666716337204,0.03333333407839139,"[0.1666666716337204, 0.1428571492433548, 0.1190476194024086, 0.0476190485060215, 0.02380952425301075, 0.0, 0.0, 0.02380952425301075, 0.0, 0.0, 0.02380952425301075, 0.0476190485060215, 0.02380952425301075, 0.02380952425301075, 0.02380952425301075, 0.0]",0,2
6,ulsan_022683,normal_ar,0,36,250,6.944444444444445,0.0,0.0,0.0,"[0.0, 0.0, 0.0, 0.0, 0.0, 0.0, 0.0, 0.0, 0.0, 0.0, 0.0, 0.0, 0.0, 0.0, 0.0, 0.0]",0,0
6,ulsan_022683,forced_gt_length,0,36,36,1.0,0.0,0.0,0.0,"[0.0, 0.0, 0.0, 0.0, 0.0, 0.0, 0.0, 0.0, 0.0, 0.0, 0.0, 0.0, 0.0, 0.0, 0.0, 0.0]",0,0
6,ulsan_022683,switch_rollout,9,36,36,1.0,0.0,0.0,0.0,"[0.0, 0.0, 0.0, 0.0, 0.0, 0.0, 0.0, 0.0, 0.0, 0.0, 0.0, 0.0, 0.0, 0.0, 0.0, 0.0]",0,0
6,ulsan_022683,switch_rollout,18,36,36,1.0,0.0034722222480922937,0.0,0.0037037037312984467,"[0.0, 0.0, 0.02777777798473835, 0.0, 0.0, 0.0, 0.0, 0.02777777798473835, 0.0, 0.0, 0.0, 0.0, 0.0, 0.0, 0.0, 0.0]",0,0
6,ulsan_022683,switch_rollout,26,36,36,1.0,0.0017361111240461469,0.02777777798473835,0.0,"[0.02777777798473835, 0.0, 0.0, 0.0, 0.0, 0.0, 0.0, 0.0, 0.0, 0.0, 0.0, 0.0, 0.0, 0.0, 0.0, 0.0]",0,0
6,ulsan_022683,teacher_forced,-1,36,36,1.0,0.013888888992369175,0.0555555559694767,0.01111111119389534,"[0.0555555559694767, 0.02777777798473835, 0.0555555559694767, 0.02777777798473835, 0.02777777798473835, 0.0, 0.0, 0.0, 0.0, 0.02777777798473835, 0.0, 0.0, 0.0, 0.0, 0.0, 0.0]",0,0
6,ulsan_022951,normal_ar,0,46,250,5.434782608695652,0.005434782709926367,0.043478261679410934,0.002898550778627396,"[0.043478261679410934, 0.0, 0.0, 0.0, 0.021739130839705467, 0.021739130839705467, 0.0, 0.0, 0.0, 0.0, 0.0, 0.0, 0.0, 0.0, 0.0, 0.0]",0,2
6,ulsan_022951,forced_gt_length,0,46,46,1.0,0.005434782709926367,0.043478261679410934,0.002898550778627396,"[0.043478261679410934, 0.0, 0.0, 0.0, 0.021739130839705467, 0.021739130839705467, 0.0, 0.0, 0.0, 0.0, 0.0, 0.0, 0.0, 0.0, 0.0, 0.0]",0,2
6,ulsan_022951,switch_rollout,11,46,46,1.0,0.021739130490459502,0.08695652335882187,0.017391304299235345,"[0.08695652335882187, 0.10869564861059189, 0.043478261679410934, 0.021739130839705467, 0.0, 0.021739130839705467, 0.0, 0.0, 0.021739130839705467, 0.0, 0.043478261679410934, 0.0, 0.0, 0.0, 0.0, 0.0]",0,3
6,ulsan_022951,switch_rollout,23,46,46,1.0,0.02581521717365831,0.10869564861059189,0.02028985507786274,"[0.10869564861059189, 0.1304347813129425, 0.06521739065647125, 0.043478261679410934, 0.0, 0.021739130839705467, 0.0, 0.0, 0.0, 0.0, 0.043478261679410934, 0.0, 0.0, 0.0, 0.0, 0.0]",0,3
6,ulsan_022951,switch_rollout,36,46,46,1.0,0.027173912501893938,0.10869564861059189,0.021739130094647407,"[0.10869564861059189, 0.15217390656471252, 0.06521739065647125, 0.043478261679410934, 0.0, 0.021739130839705467, 0.0, 0.0, 0.0, 0.0, 0.043478261679410934, 0.0, 0.0, 0.0, 0.0, 0.0]",0,3
6,ulsan_022951,teacher_forced,-1,46,46,1.0,0.04755434789694846,0.19565217196941376,0.03768115962545077,"[0.19565217196941376, 0.17391304671764374, 0.08695652335882187, 0.10869564861059189, 0.043478261679410934, 0.021739130839705467, 0.06521739065647125, 0.021739130839705467, 0.0, 0.0, 0.043478261679410934, 0.0, 0.0, 0.0, 0.0, 0.0]",0,3
6,ulsan_023213,normal_ar,0,34,250,7.352941176470588,0.0055147059028968215,0.029411764815449715,0.003921568642059962,"[0.029411764815449715, 0.0, 0.0, 0.029411764815449715, 0.0, 0.0, 0.0, 0.0, 0.0, 0.0, 0.0, 0.0, 0.0, 0.029411764815449715, 0.0, 0.0]",0,1
6,ulsan_023213,forced_gt_length,0,34,34,1.0,0.0055147059028968215,0.029411764815449715,0.003921568642059962,"[0.029411764815449715, 0.0, 0.0, 0.029411764815449715, 0.0, 0.0, 0.0, 0.0, 0.0, 0.0, 0.0, 0.0, 0.0, 0.029411764815449715, 0.0, 0.0]",0,1
6,ulsan_023213,switch_rollout,8,34,34,1.0,0.01470588252414018,0.0882352963089943,0.009803921605149904,"[0.0882352963089943, 0.029411764815449715, 0.029411764815449715, 0.029411764815449715, 0.0, 0.0, 0.0, 0.0, 0.0, 0.0, 0.0, 0.0, 0.029411764815449715, 0.029411764815449715, 0.0, 0.0]",0,1
6,ulsan_023213,switch_rollout,17,34,34,1.0,0.022058823728002608,0.11764705926179886,0.01568627469241619,"[0.11764705926179886, 0.0882352963089943, 0.029411764815449715, 0.029411764815449715, 0.0, 0.0, 0.0, 0.0, 0.029411764815449715, 0.0, 0.0, 0.0, 0.029411764815449715, 0.029411764815449715, 0.0, 0.0]",0,1
6,ulsan_023213,switch_rollout,24,34,34,1.0,0.025735294562764466,0.14705882966518402,0.017647058889269828,"[0.14705882966518402, 0.11764705926179886, 0.029411764815449715, 0.029411764815449715, 0.0, 0.0, 0.0, 0.0, 0.029411764815449715, 0.0, 0.0, 0.0, 0.029411764815449715, 0.029411764815449715, 0.0, 0.0]",0,1
6,ulsan_023213,teacher_forced,-1,34,34,1.0,0.04227941227145493,0.23529411852359772,0.029411765187978743,"[0.23529411852359772, 0.1764705926179886, 0.029411764815449715, 0.05882352963089943, 0.0, 0.029411764815449715, 0.0, 0.029411764815449715, 0.0882352963089943, 0.0, 0.0, 0.0, 0.029411764815449715, 0.0, 0.0, 0.0]",0,1
6,ulsan_023499,normal_ar,0,55,250,4.545454545454546,0.006818181951530278,0.0181818176060915,0.006060606241226197,"[0.0181818176060915, 0.0, 0.0, 0.0, 0.09090909361839294, 0.0, 0.0, 0.0, 0.0, 0.0, 0.0, 0.0, 0.0, 0.0, 0.0, 0.0]",0,1
6,ulsan_023499,forced_gt_length,0,55,55,1.0,0.006818181951530278,0.0181818176060915,0.006060606241226197,"[0.0181818176060915, 0.0, 0.0, 0.0, 0.09090909361839294, 0.0, 0.0, 0.0, 0.0, 0.0, 0.0, 0.0, 0.0, 0.0, 0.0, 0.0]",0,1
6,ulsan_023499,switch_rollout,13,55,55,1.0,0.005681818118318915,0.05454545468091965,0.0024242423474788665,"[0.05454545468091965, 0.0, 0.036363635212183, 0.0, 0.0, 0.0, 0.0, 0.0, 0.0, 0.0, 0.0, 0.0, 0.0, 0.0, 0.0, 0.0]",0,2
6,ulsan_023499,switch_rollout,27,55,55,1.0,0.010227272752672434,0.09090909361839294,0.004848484694957733,"[0.09090909361839294, 0.036363635212183, 0.0181818176060915, 0.0, 0.0181818176060915, 0.0, 0.0, 0.0, 0.0, 0.0, 0.0, 0.0, 0.0, 0.0, 0.0, 0.0]",0,2
6,ulsan_023499,switch_rollout,45,55,55,1.0,0.011363636353053153,0.09090909361839294,0.0060606058686971664,"[0.09090909361839294, 0.036363635212183, 0.0181818176060915, 0.0, 0.036363635212183, 0.0, 0.0, 0.0, 0.0, 0.0, 0.0, 0.0, 0.0, 0.0, 0.0, 0.0]",0,2
6,ulsan_023499,teacher_forced,-1,55,55,1.0,0.03295454545877874,0.145454540848732,0.025454545766115187,"[0.145454540848732, 0.05454545468091965, 0.09090909361839294, 0.09090909361839294, 0.1090909093618393, 0.0, 0.0, 0.0, 0.0, 0.0, 0.0, 0.0, 0.0, 0.0, 0.0181818176060915, 0.0181818176060915]",0,2
6,ulsan_023772,normal_ar,0,56,250,4.464285714285714,0.01562500058207661,0.01785714365541935,0.01547619104385376,"[0.01785714365541935, 0.0, 0.01785714365541935, 0.0535714291036129, 0.0, 0.01785714365541935, 0.0357142873108387, 0.0357142873108387, 0.0, 0.01785714365541935, 0.01785714365541935, 0.01785714365541935, 0.01785714365541935, 0.0, 0.0, 0.0]",0,1
6,ulsan_023772,forced_gt_length,0,56,56,1.0,0.01562500058207661,0.01785714365541935,0.01547619104385376,"[0.01785714365541935, 0.0, 0.01785714365541935, 0.0535714291036129, 0.0, 0.01785714365541935, 0.0357142873108387, 0.0357142873108387, 0.0, 0.01785714365541935, 0.01785714365541935, 0.01785714365541935, 0.01785714365541935, 0.0, 0.0, 0.0]",0,1
6,ulsan_023772,switch_rollout,14,56,56,1.0,0.006696428754366934,0.0892857164144516,0.0011904762436946233,"[0.0892857164144516, 0.0, 0.01785714365541935, 0.0, 0.0, 0.0, 0.0, 0.0, 0.0, 0.0, 0.0, 0.0, 0.0, 0.0, 0.0, 0.0]",0,1
6,ulsan_023772,switch_rollout,28,56,56,1.0,0.011160714784637094,0.1428571492433548,0.0023809524873892466,"[0.1428571492433548, 0.01785714365541935, 0.0, 0.0, 0.0, 0.0, 0.0, 0.0, 0.0, 0.0, 0.0, 0.0, 0.0, 0.0, 0.0, 0.01785714365541935]",0,1
6,ulsan_023772,switch_rollout,46,56,56,1.0,0.03794642922002822,0.25,0.023809524501363435,"[0.25, 0.0535714291036129, 0.0357142873108387, 0.0357142873108387, 0.0357142873108387, 0.01785714365541935, 0.0535714291036129, 0.0535714291036129, 0.0, 0.0, 0.01785714365541935, 0.01785714365541935, 0.01785714365541935, 0.0, 0.01785714365541935, 0.0]",0,1
6,ulsan_023772,teacher_forced,-1,56,56,1.0,0.05915178672876209,0.3035714328289032,0.04285714365541935,"[0.3035714328289032, 0.125, 0.0714285746216774, 0.1071428582072258, 0.0535714291036129, 0.01785714365541935, 0.0535714291036129, 0.0535714291036129, 0.01785714365541935, 0.0535714291036129, 0.0, 0.01785714365541935, 0.01785714365541935, 0.0, 0.01785714365541935, 0.0357142873108387]",0,1
6,ulsan_023994,normal_ar,0,77,250,3.2467532467532467,0.10389610362472013,0.19480518996715546,0.09783549786855777,"[0.19480518996715546, 0.1818181872367859, 0.07792207598686218, 0.22077922523021698, 0.051948051899671555, 0.20779220759868622, 0.23376622796058655, 0.11688311398029327, 0.051948051899671555, 0.051948051899671555, 0.012987012974917889, 0.06493506580591202, 0.051948051899671555, 0.025974025949835777, 0.06493506580591202, 0.051948051899671555]",0,1
6,ulsan_023994,forced_gt_length,0,77,77,1.0,0.10389610362472013,0.19480518996715546,0.09783549786855777,"[0.19480518996715546, 0.1818181872367859, 0.07792207598686218, 0.22077922523021698, 0.051948051899671555, 0.20779220759868622, 0.23376622796058655, 0.11688311398029327, 0.051948051899671555, 0.051948051899671555, 0.012987012974917889, 0.06493506580591202, 0.051948051899671555, 0.025974025949835777, 0.06493506580591202, 0.051948051899671555]",0,1
6,ulsan_023994,switch_rollout,19,77,77,1.0,0.1030844152555801,0.27272728085517883,0.09177489088227352,"[0.27272728085517883, 0.19480518996715546, 0.10389610379934311, 0.20779220759868622, 0.09090909361839294, 0.20779220759868622, 0.23376622796058655, 0.03896103799343109, 0.051948051899671555, 0.03896103799343109, 0.012987012974917889, 0.07792207598686218, 0.03896103799343109, 0.025974025949835777, 0.025974025949835777, 0.025974025949835777]",0,1
6,ulsan_023994,switch_rollout,38,77,77,1.0,0.12012986850459129,0.29870128631591797,0.10822510731716951,"[0.29870128631591797, 0.20779220759868622, 0.11688311398029327, 0.15584415197372437, 0.12987013161182404, 0.20779220759868622, 0.23376622796058655, 0.06493506580591202, 0.051948051899671555, 0.06493506580591202, 0.025974025949835777, 0.07792207598686218, 0.06493506580591202, 0.06493506580591202, 0.07792207598686218, 0.07792207598686218]",0,1
6,ulsan_023994,switch_rollout,67,77,77,1.0,0.12094155768863857,0.31168830394744873,0.10822510793805122,"[0.31168830394744873, 0.20779220759868622, 0.10389610379934311, 0.1818181872367859, 0.09090909361839294, 0.19480518996715546, 0.23376622796058655, 0.07792207598686218, 0.06493506580591202, 0.06493506580591202, 0.07792207598686218, 0.06493506580591202, 0.051948051899671555, 0.03896103799343109, 0.09090909361839294, 0.07792207598686218]",0,1
6,ulsan_023994,teacher_forced,-1,77,77,1.0,0.15827922127209604,0.3246753215789795,0.1471861479183038,"[0.3246753215789795, 0.27272728085517883, 0.16883116960525513, 0.25974026322364807, 0.19480518996715546, 0.23376622796058655, 0.2467532455921173, 0.12987013161182404, 0.10389610379934311, 0.09090909361839294, 0.09090909361839294, 0.051948051899671555, 0.06493506580591202, 0.12987013161182404, 0.07792207598686218, 0.09090909361839294]",0,1
6,ulsan_024144,normal_ar,0,85,250,2.9411764705882355,0.03602941264398396,0.15294118225574493,0.028235294669866563,"[0.15294118225574493, 0.03529411926865578, 0.0470588244497776, 0.05882352963089943, 0.0, 0.0470588244497776, 0.0941176488995552, 0.0117647061124444, 0.0235294122248888, 0.0235294122248888, 0.0235294122248888, 0.0117647061124444, 0.0, 0.0235294122248888, 0.0117647061124444, 0.0117647061124444]",0,7
6,ulsan_024144,forced_gt_length,0,85,85,1.0,0.03602941264398396,0.15294118225574493,0.028235294669866563,"[0.15294118225574493, 0.03529411926865578, 0.0470588244497776, 0.05882352963089943, 0.0, 0.0470588244497776, 0.0941176488995552, 0.0117647061124444, 0.0235294122248888, 0.0235294122248888, 0.0235294122248888, 0.0117647061124444, 0.0, 0.0235294122248888, 0.0117647061124444, 0.0117647061124444]",0,7
6,ulsan_024144,switch_rollout,21,85,85,1.0,0.05073529580840841,0.1764705926179886,0.04235294268776973,"[0.1764705926179886, 0.0941176488995552, 0.07058823853731155, 0.1411764770746231, 0.03529411926865578, 0.0470588244497776, 0.07058823853731155, 0.0235294122248888, 0.0235294122248888, 0.07058823853731155, 0.0470588244497776, 0.0, 0.0, 0.0, 0.0, 0.0117647061124444]",0,7
6,ulsan_024144,switch_rollout,42,85,85,1.0,0.051470589882228523,0.1764705926179886,0.04313725636651119,"[0.1764705926179886, 0.10588235408067703, 0.07058823853731155, 0.1411764770746231, 0.03529411926865578, 0.0470588244497776, 0.07058823853731155, 0.0235294122248888, 0.0235294122248888, 0.07058823853731155, 0.0470588244497776, 0.0, 0.0, 0.0, 0.0, 0.0117647061124444]",0,7
6,ulsan_024144,switch_rollout,75,85,85,1.0,0.061029413365758955,0.24705882370471954,0.04862745267649492,"[0.24705882370471954, 0.1411764770746231, 0.0941176488995552, 0.1411764770746231, 0.03529411926865578, 0.05882352963089943, 0.07058823853731155, 0.0235294122248888, 0.0235294122248888, 0.07058823853731155, 0.0470588244497776, 0.0, 0.0, 0.0, 0.0, 0.0235294122248888]",0,7
6,ulsan_024144,teacher_forced,-1,85,85,1.0,0.0882352966000326,0.29411765933036804,0.07450980575134357,"[0.29411765933036804, 0.1764705926179886, 0.1411764770746231, 0.16470588743686676, 0.03529411926865578, 0.10588235408067703, 0.11764705926179886, 0.0470588244497776, 0.07058823853731155, 0.05882352963089943, 0.05882352963089943, 0.03529411926865578, 0.0470588244497776, 0.0235294122248888, 0.0235294122248888, 0.0117647061124444]",0,7
6,ulsan_024386,normal_ar,0,48,250,5.208333333333333,0.011718750349245965,0.02083333395421505,0.011111111442248026,"[0.02083333395421505, 0.02083333395421505, 0.02083333395421505, 0.02083333395421505, 0.0, 0.02083333395421505, 0.0416666679084301, 0.0, 0.0, 0.0, 0.0, 0.0, 0.0, 0.0416666679084301, 0.0, 0.0]",0,1
6,ulsan_024386,forced_gt_length,0,48,48,1.0,0.011718750349245965,0.02083333395421505,0.011111111442248026,"[0.02083333395421505, 0.02083333395421505, 0.02083333395421505, 0.02083333395421505, 0.0, 0.02083333395421505, 0.0416666679084301, 0.0, 0.0, 0.0, 0.0, 0.0, 0.0, 0.0416666679084301, 0.0, 0.0]",0,1
6,ulsan_024386,switch_rollout,12,48,48,1.0,0.010416666860692203,0.0625,0.006944444651405017,"[0.0625, 0.02083333395421505, 0.0, 0.02083333395421505, 0.0, 0.02083333395421505, 0.0, 0.0, 0.0, 0.02083333395421505, 0.0, 0.0, 0.02083333395421505, 0.0, 0.0, 0.0]",0,1
6,ulsan_024386,switch_rollout,24,48,48,1.0,0.011718750232830644,0.0625,0.00833333358168602,"[0.0625, 0.02083333395421505, 0.0, 0.02083333395421505, 0.0, 0.02083333395421505, 0.0, 0.0, 0.0, 0.0416666679084301, 0.0, 0.02083333395421505, 0.0, 0.0, 0.0, 0.0]",0,1
6,ulsan_024386,switch_rollout,38,48,48,1.0,0.01822916720993817,0.0833333358168602,0.013888889302810034,"[0.0833333358168602, 0.02083333395421505, 0.0, 0.02083333395421505, 0.0, 0.0416666679084301, 0.0416666679084301, 0.0, 0.0, 0.0416666679084301, 0.0, 0.02083333395421505, 0.02083333395421505, 0.0, 0.0, 0.0]",0,1
6,ulsan_024386,teacher_forced,-1,48,48,1.0,0.046875000349245965,0.1458333283662796,0.040277778481443725,"[0.1458333283662796, 0.1666666716337204, 0.1041666641831398, 0.0833333358168602, 0.0625, 0.0833333358168602, 0.0416666679084301, 0.0, 0.0, 0.0416666679084301, 0.0, 0.0, 0.0, 0.02083333395421505, 0.0, 0.0]",0,1
6,ulsan_024731,normal_ar,0,44,250,5.681818181818182,0.0014204545877873898,0.0,0.0015151515603065492,"[0.0, 0.0, 0.0, 0.0, 0.0, 0.022727273404598236, 0.0, 0.0, 0.0, 0.0, 0.0, 0.0, 0.0, 0.0, 0.0, 0.0]",0,0
6,ulsan_024731,forced_gt_length,0,44,44,1.0,0.0014204545877873898,0.0,0.0015151515603065492,"[0.0, 0.0, 0.0, 0.0, 0.0, 0.022727273404598236, 0.0, 0.0, 0.0, 0.0, 0.0, 0.0, 0.0, 0.0, 0.0, 0.0]",0,0
6,ulsan_024731,switch_rollout,11,44,44,1.0,0.008522727526724339,0.06818182021379471,0.004545454680919647,"[0.06818182021379471, 0.022727273404598236, 0.0, 0.0, 0.0, 0.022727273404598236, 0.0, 0.0, 0.0, 0.0, 0.0, 0.0, 0.0, 0.0, 0.0, 0.022727273404598236]",0,0
6,ulsan_024731,switch_rollout,22,44,44,1.0,0.007102272938936949,0.06818182021379471,0.0030303031206130983,"[0.06818182021379471, 0.04545454680919647, 0.0, 0.0, 0.0, 0.0, 0.0, 0.0, 0.0, 0.0, 0.0, 0.0, 0.0, 0.0, 0.0, 0.0]",0,0
6,ulsan_024731,switch_rollout,34,44,44,1.0,0.012784091290086508,0.09090909361839294,0.007575757801532745,"[0.09090909361839294, 0.06818182021379471, 0.0, 0.0, 0.0, 0.0, 0.022727273404598236, 0.0, 0.0, 0.0, 0.0, 0.0, 0.0, 0.0, 0.022727273404598236, 0.0]",0,0
6,ulsan_024731,teacher_forced,-1,44,44,1.0,0.03125000046566129,0.13636364042758942,0.024242424468199412,"[0.13636364042758942, 0.15909090638160706, 0.0, 0.0, 0.0, 0.06818182021379471, 0.022727273404598236, 0.022727273404598236, 0.022727273404598236, 0.022727273404598236, 0.022727273404598236, 0.0, 0.0, 0.0, 0.022727273404598236, 0.0]",0,0
6,ulsan_024910,normal_ar,0,42,250,5.9523809523809526,0.020833333721384406,0.02380952425301075,0.020634921019275984,"[0.02380952425301075, 0.02380952425301075, 0.02380952425301075, 0.0476190485060215, 0.02380952425301075, 0.02380952425301075, 0.02380952425301075, 0.02380952425301075, 0.02380952425301075, 0.02380952425301075, 0.0476190485060215, 0.02380952425301075, 0.0, 0.0, 0.0, 0.0]",0,1
6,ulsan_024910,forced_gt_length,0,42,42,1.0,0.020833333721384406,0.02380952425301075,0.020634921019275984,"[0.02380952425301075, 0.02380952425301075, 0.02380952425301075, 0.0476190485060215, 0.02380952425301075, 0.02380952425301075, 0.02380952425301075, 0.02380952425301075, 0.02380952425301075, 0.02380952425301075, 0.0476190485060215, 0.02380952425301075, 0.0, 0.0, 0.0, 0.0]",0,1
6,ulsan_024910,switch_rollout,10,42,42,1.0,0.02529761951882392,0.0476190485060215,0.02380952425301075,"[0.0476190485060215, 0.0476190485060215, 0.02380952425301075, 0.0476190485060215, 0.0476190485060215, 0.02380952425301075, 0.02380952425301075, 0.02380952425301075, 0.02380952425301075, 0.02380952425301075, 0.02380952425301075, 0.02380952425301075, 0.02380952425301075, 0.0, 0.0, 0.0]",0,1
6,ulsan_024910,switch_rollout,21,42,42,1.0,0.026785714901052415,0.0714285746216774,0.02380952425301075,"[0.0714285746216774, 0.0476190485060215, 0.0476190485060215, 0.0476190485060215, 0.02380952425301075, 0.02380952425301075, 0.02380952425301075, 0.02380952425301075, 0.02380952425301075, 0.02380952425301075, 0.0476190485060215, 0.02380952425301075, 0.0, 0.0, 0.0, 0.0]",0,1
6,ulsan_024910,switch_rollout,32,42,42,1.0,0.026785714901052415,0.0714285746216774,0.02380952425301075,"[0.0714285746216774, 0.0476190485060215, 0.0476190485060215, 0.0476190485060215, 0.02380952425301075, 0.02380952425301075, 0.02380952425301075, 0.02380952425301075, 0.02380952425301075, 0.02380952425301075, 0.0476190485060215, 0.02380952425301075, 0.0, 0.0, 0.0, 0.0]",0,1
6,ulsan_024910,teacher_forced,-1,42,42,1.0,0.04017857229337096,0.095238097012043,0.03650793731212616,"[0.095238097012043, 0.0714285746216774, 0.0476190485060215, 0.0476190485060215, 0.0476190485060215, 0.02380952425301075, 0.02380952425301075, 0.0476190485060215, 0.0476190485060215, 0.02380952425301075, 0.0476190485060215, 0.0476190485060215, 0.02380952425301075, 0.0, 0.02380952425301075, 0.02380952425301075]",0,1
6,ulsan_025160,normal_ar,0,41,250,6.097560975609756,0.009146341122686863,0.024390242993831635,0.008130080997943878,"[0.024390242993831635, 0.0, 0.024390242993831635, 0.0731707289814949, 0.0, 0.0, 0.0, 0.0, 0.0, 0.0, 0.024390242993831635, 0.0, 0.0, 0.0, 0.0, 0.0]",0,1
6,ulsan_025160,forced_gt_length,0,41,41,1.0,0.009146341122686863,0.024390242993831635,0.008130080997943878,"[0.024390242993831635, 0.0, 0.024390242993831635, 0.0731707289814949, 0.0, 0.0, 0.0, 0.0, 0.0, 0.0, 0.024390242993831635, 0.0, 0.0, 0.0, 0.0, 0.0]",0,1
6,ulsan_025160,switch_rollout,10,41,41,1.0,0.02134146261960268,0.09756097197532654,0.016260161995887756,"[0.09756097197532654, 0.024390242993831635, 0.024390242993831635, 0.04878048598766327, 0.024390242993831635, 0.0, 0.024390242993831635, 0.0, 0.0, 0.0, 0.0, 0.04878048598766327, 0.04878048598766327, 0.0, 0.0, 0.0]",0,1
6,ulsan_025160,switch_rollout,20,41,41,1.0,0.01676829205825925,0.0731707289814949,0.013008129596710206,"[0.0731707289814949, 0.024390242993831635, 0.024390242993831635, 0.0731707289814949, 0.024390242993831635, 0.0, 0.024390242993831635, 0.0, 0.0, 0.0, 0.0, 0.0, 0.024390242993831635, 0.0, 0.0, 0.0]",0,1
6,ulsan_025160,switch_rollout,31,41,41,1.0,0.018292682245373726,0.0731707289814949,0.014634145796298981,"[0.0731707289814949, 0.024390242993831635, 0.024390242993831635, 0.04878048598766327, 0.04878048598766327, 0.0, 0.024390242993831635, 0.0, 0.0, 0.0, 0.0, 0.0, 0.04878048598766327, 0.0, 0.0, 0.0]",0,1
6,ulsan_025160,teacher_forced,-1,41,41,1.0,0.03201219392940402,0.1463414579629898,0.024390242993831635,"[0.1463414579629898, 0.0731707289814949, 0.04878048598766327, 0.09756097197532654, 0.0, 0.024390242993831635, 0.024390242993831635, 0.04878048598766327, 0.0, 0.0, 0.0, 0.04878048598766327, 0.0, 0.0, 0.0, 0.0]",0,1
6,ulsan_025478,normal_ar,0,60,250,4.166666666666667,0.032291667885147035,0.01666666753590107,0.03333333457509677,"[0.01666666753590107, 0.11666666716337204, 0.06666667014360428, 0.0, 0.06666667014360428, 0.01666666753590107, 0.03333333507180214, 0.01666666753590107, 0.03333333507180214, 0.0, 0.05000000074505806, 0.03333333507180214, 0.01666666753590107, 0.01666666753590107, 0.01666666753590107, 0.01666666753590107]",0,1
6,ulsan_025478,forced_gt_length,0,60,60,1.0,0.032291667885147035,0.01666666753590107,0.03333333457509677,"[0.01666666753590107, 0.11666666716337204, 0.06666667014360428, 0.0, 0.06666667014360428, 0.01666666753590107, 0.03333333507180214, 0.01666666753590107, 0.03333333507180214, 0.0, 0.05000000074505806, 0.03333333507180214, 0.01666666753590107, 0.01666666753590107, 0.01666666753590107, 0.01666666753590107]",0,1
6,ulsan_025478,switch_rollout,15,60,60,1.0,0.02708333416376263,0.03333333507180214,0.026666667436559995,"[0.03333333507180214, 0.10000000149011612, 0.05000000074505806, 0.03333333507180214, 0.05000000074505806, 0.01666666753590107, 0.05000000074505806, 0.0, 0.01666666753590107, 0.03333333507180214, 0.0, 0.0, 0.0, 0.01666666753590107, 0.0, 0.03333333507180214]",0,1
6,ulsan_025478,switch_rollout,30,60,60,1.0,0.014583333628252149,0.11666666716337204,0.0077777780592441555,"[0.11666666716337204, 0.05000000074505806, 0.0, 0.0, 0.01666666753590107, 0.0, 0.01666666753590107, 0.0, 0.0, 0.01666666753590107, 0.0, 0.0, 0.01666666753590107, 0.0, 0.0, 0.0]",0,1
6,ulsan_025478,switch_rollout,50,60,60,1.0,0.018750000512227416,0.18333333730697632,0.0077777780592441555,"[0.18333333730697632, 0.05000000074505806, 0.0, 0.0, 0.01666666753590107, 0.0, 0.01666666753590107, 0.0, 0.0, 0.01666666753590107, 0.0, 0.0, 0.01666666753590107, 0.0, 0.0, 0.0]",0,1
6,ulsan_025478,teacher_forced,-1,60,60,1.0,0.08437500265426934,0.21666666865348816,0.07555555825432142,"[0.21666666865348816, 0.1666666716337204, 0.0833333358168602, 0.13333334028720856, 0.06666667014360428, 0.06666667014360428, 0.05000000074505806, 0.03333333507180214, 0.10000000149011612, 0.05000000074505806, 0.05000000074505806, 0.0833333358168602, 0.06666667014360428, 0.06666667014360428, 0.06666667014360428, 0.05000000074505806]",0,1
6,ulsan_025735,normal_ar,0,29,250,8.620689655172415,0.023706896463409066,0.03448275849223137,0.02298850566148758,"[0.03448275849223137, 0.06896551698446274, 0.03448275849223137, 0.03448275849223137, 0.0, 0.0, 0.06896551698446274, 0.0, 0.0, 0.03448275849223137, 0.0, 0.0, 0.03448275849223137, 0.03448275849223137, 0.0, 0.03448275849223137]",0,1
6,ulsan_025735,forced_gt_length,0,29,29,1.0,0.023706896463409066,0.03448275849223137,0.02298850566148758,"[0.03448275849223137, 0.06896551698446274, 0.03448275849223137, 0.03448275849223137, 0.0, 0.0, 0.06896551698446274, 0.0, 0.0, 0.03448275849223137, 0.0, 0.0, 0.03448275849223137, 0.03448275849223137, 0.0, 0.03448275849223137]",0,1
6,ulsan_025735,switch_rollout,7,29,29,1.0,0.021551724057644606,0.06896551698446274,0.018390804529190063,"[0.06896551698446274, 0.03448275849223137, 0.0, 0.06896551698446274, 0.0, 0.0, 0.0, 0.03448275849223137, 0.0, 0.03448275849223137, 0.03448275849223137, 0.0, 0.0, 0.03448275849223137, 0.0, 0.03448275849223137]",0,1
6,ulsan_025735,switch_rollout,14,29,29,1.0,0.02370689669623971,0.1034482792019844,0.018390804529190063,"[0.1034482792019844, 0.03448275849223137, 0.0, 0.06896551698446274, 0.0, 0.0, 0.0, 0.0, 0.0, 0.03448275849223137, 0.03448275849223137, 0.03448275849223137, 0.0, 0.03448275849223137, 0.0, 0.03448275849223137]",0,1
6,ulsan_025735,switch_rollout,19,29,29,1.0,0.03448275872506201,0.17241379618644714,0.025287356227636337,"[0.17241379618644714, 0.03448275849223137, 0.0, 0.06896551698446274, 0.03448275849223137, 0.0, 0.0, 0.0, 0.03448275849223137, 0.03448275849223137, 0.06896551698446274, 0.0, 0.0, 0.03448275849223137, 0.0, 0.06896551698446274]",0,1
6,ulsan_025735,teacher_forced,-1,29,29,1.0,0.07758620753884315,0.17241379618644714,0.07126436829566955,"[0.17241379618644714, 0.1034482792019844, 0.13793103396892548, 0.06896551698446274, 0.13793103396892548, 0.06896551698446274, 0.06896551698446274, 0.1034482792019844, 0.06896551698446274, 0.1034482792019844, 0.0, 0.03448275849223137, 0.0, 0.03448275849223137, 0.0, 0.13793103396892548]",0,1
6,ulsan_026041,normal_ar,0,15,250,16.666666666666668,0.05000000214204192,0.06666667014360428,0.04888889094193776,"[0.06666667014360428, 0.13333334028720856, 0.0, 0.20000000298023224, 0.06666667014360428, 0.06666667014360428, 0.06666667014360428, 0.0, 0.0, 0.0, 0.06666667014360428, 0.06666667014360428, 0.0, 0.06666667014360428, 0.0, 0.0]",0,1
6,ulsan_026041,forced_gt_length,0,15,15,1.0,0.05000000214204192,0.06666667014360428,0.04888889094193776,"[0.06666667014360428, 0.13333334028720856, 0.0, 0.20000000298023224, 0.06666667014360428, 0.06666667014360428, 0.06666667014360428, 0.0, 0.0, 0.0, 0.06666667014360428, 0.06666667014360428, 0.0, 0.06666667014360428, 0.0, 0.0]",0,1
6,ulsan_026041,switch_rollout,3,15,15,1.0,0.012500000651925802,0.13333334028720856,0.004444444676240286,"[0.13333334028720856, 0.0, 0.0, 0.06666667014360428, 0.0, 0.0, 0.0, 0.0, 0.0, 0.0, 0.0, 0.0, 0.0, 0.0, 0.0, 0.0]",0,2
6,ulsan_026041,switch_rollout,5,15,15,1.0,0.029166668187826872,0.13333334028720856,0.022222223381201427,"[0.13333334028720856, 0.0, 0.0, 0.13333334028720856, 0.0, 0.0, 0.0, 0.06666667014360428, 0.0, 0.0, 0.06666667014360428, 0.0, 0.06666667014360428, 0.0, 0.0, 0.0]",0,2
6,ulsan_026041,switch_rollout,7,15,15,1.0,0.020833334419876337,0.13333334028720856,0.013333334028720856,"[0.13333334028720856, 0.0, 0.0, 0.13333334028720856, 0.0, 0.0, 0.0, 0.0, 0.0, 0.0, 0.0, 0.0, 0.06666667014360428, 0.0, 0.0, 0.0]",0,2
6,ulsan_026041,teacher_forced,-1,15,15,1.0,0.1083333371207118,0.20000000298023224,0.10222222606341044,"[0.20000000298023224, 0.20000000298023224, 0.06666667014360428, 0.3333333432674408, 0.3333333432674408, 0.2666666805744171, 0.06666667014360428, 0.0, 0.13333334028720856, 0.0, 0.0, 0.06666667014360428, 0.0, 0.0, 0.06666667014360428, 0.0]",0,2
6,ulsan_026294,normal_ar,0,55,250,4.545454545454546,0.003409090801142156,0.0181818176060915,0.0024242423474788665,"[0.0181818176060915, 0.0, 0.0, 0.036363635212183, 0.0, 0.0, 0.0, 0.0, 0.0, 0.0, 0.0, 0.0, 0.0, 0.0, 0.0, 0.0]",0,1
6,ulsan_026294,forced_gt_length,0,55,55,1.0,0.003409090801142156,0.0181818176060915,0.0024242423474788665,"[0.0181818176060915, 0.0, 0.0, 0.036363635212183, 0.0, 0.0, 0.0, 0.0, 0.0, 0.0, 0.0, 0.0, 0.0, 0.0, 0.0, 0.0]",0,1
6,ulsan_026294,switch_rollout,13,55,55,1.0,0.014772726804949343,0.072727270424366,0.0109090905636549,"[0.072727270424366, 0.0181818176060915, 0.0, 0.072727270424366, 0.0, 0.0, 0.0181818176060915, 0.0, 0.0181818176060915, 0.0, 0.0, 0.0, 0.0181818176060915, 0.0181818176060915, 0.0, 0.0]",0,1
6,ulsan_026294,switch_rollout,27,55,55,1.0,0.02272727235686034,0.09090909361839294,0.0181818176060915,"[0.09090909361839294, 0.036363635212183, 0.0, 0.072727270424366, 0.0, 0.0181818176060915, 0.0, 0.0, 0.036363635212183, 0.0, 0.0, 0.0181818176060915, 0.036363635212183, 0.036363635212183, 0.0181818176060915, 0.0]",0,1
6,ulsan_026294,switch_rollout,45,55,55,1.0,0.028409090358763933,0.145454540848732,0.020606060326099396,"[0.145454540848732, 0.0181818176060915, 0.0, 0.09090909361839294, 0.036363635212183, 0.0181818176060915, 0.0, 0.0, 0.036363635212183, 0.0, 0.0181818176060915, 0.0181818176060915, 0.036363635212183, 0.0181818176060915, 0.0181818176060915, 0.0]",0,1
6,ulsan_026294,teacher_forced,-1,55,55,1.0,0.04545454517938197,0.16363635659217834,0.037575757751862206,"[0.16363635659217834, 0.05454545468091965, 0.1818181872367859, 0.1090909093618393, 0.05454545468091965, 0.0181818176060915, 0.0181818176060915, 0.0181818176060915, 0.0181818176060915, 0.0, 0.0, 0.0, 0.05454545468091965, 0.0181818176060915, 0.0181818176060915, 0.0]",0,1
6,ulsan_026577,normal_ar,0,68,250,3.676470588235294,0.007352941203862429,0.014705882407724857,0.0068627451236049335,"[0.014705882407724857, 0.014705882407724857, 0.0, 0.014705882407724857, 0.0, 0.014705882407724857, 0.014705882407724857, 0.0, 0.014705882407724857, 0.014705882407724857, 0.0, 0.0, 0.014705882407724857, 0.0, 0.0, 0.0]",0,1
6,ulsan_026577,forced_gt_length,0,68,68,1.0,0.007352941203862429,0.014705882407724857,0.0068627451236049335,"[0.014705882407724857, 0.014705882407724857, 0.0, 0.014705882407724857, 0.0, 0.014705882407724857, 0.014705882407724857, 0.0, 0.014705882407724857, 0.014705882407724857, 0.0, 0.0, 0.014705882407724857, 0.0, 0.0, 0.0]",0,1
6,ulsan_026577,switch_rollout,17,68,68,1.0,0.013786764931865036,0.07352941483259201,0.009803921605149904,"[0.07352941483259201, 0.014705882407724857, 0.014705882407724857, 0.029411764815449715, 0.014705882407724857, 0.014705882407724857, 0.014705882407724857, 0.014705882407724857, 0.0, 0.014705882407724857, 0.014705882407724857, 0.0, 0.0, 0.0, 0.0, 0.0]",0,2
6,ulsan_026577,switch_rollout,34,68,68,1.0,0.01746323541738093,0.10294117778539658,0.011764705926179887,"[0.10294117778539658, 0.014705882407724857, 0.029411764815449715, 0.014705882407724857, 0.0, 0.0, 0.014705882407724857, 0.014705882407724857, 0.0, 0.014705882407724857, 0.014705882407724857, 0.0, 0.014705882407724857, 0.029411764815449715, 0.014705882407724857, 0.0]",0,2
6,ulsan_026577,switch_rollout,58,68,68,1.0,0.015625000465661287,0.14705882966518402,0.006862745185693105,"[0.14705882966518402, 0.014705882407724857, 0.04411764815449715, 0.014705882407724857, 0.0, 0.0, 0.0, 0.0, 0.0, 0.0, 0.0, 0.0, 0.0, 0.014705882407724857, 0.014705882407724857, 0.0]",0,2
6,ulsan_026577,teacher_forced,-1,68,68,1.0,0.041360295086633414,0.1764705926179886,0.0323529419178764,"[0.1764705926179886, 0.07352941483259201, 0.0882352963089943, 0.07352941483259201, 0.0, 0.014705882407724857, 0.029411764815449715, 0.014705882407724857, 0.0, 0.029411764815449715, 0.04411764815449715, 0.029411764815449715, 0.014705882407724857, 0.04411764815449715, 0.029411764815449715, 0.0]",0,2
6,ulsan_026973,normal_ar,0,33,250,7.575757575757576,0.018939394503831863,0.06060606241226196,0.016161616643269858,"[0.06060606241226196, 0.03030303120613098, 0.03030303120613098, 0.06060606241226196, 0.03030303120613098, 0.0, 0.03030303120613098, 0.03030303120613098, 0.0, 0.0, 0.0, 0.0, 0.0, 0.0, 0.03030303120613098, 0.0]",0,2
6,ulsan_026973,forced_gt_length,0,33,33,1.0,0.018939394503831863,0.06060606241226196,0.016161616643269858,"[0.06060606241226196, 0.03030303120613098, 0.03030303120613098, 0.06060606241226196, 0.03030303120613098, 0.0, 0.03030303120613098, 0.03030303120613098, 0.0, 0.0, 0.0, 0.0, 0.0, 0.0, 0.03030303120613098, 0.0]",0,2
6,ulsan_026973,switch_rollout,8,33,33,1.0,0.018939394503831863,0.06060606241226196,0.016161616643269858,"[0.06060606241226196, 0.06060606241226196, 0.03030303120613098, 0.06060606241226196, 0.0, 0.0, 0.03030303120613098, 0.03030303120613098, 0.0, 0.0, 0.0, 0.0, 0.0, 0.0, 0.03030303120613098, 0.0]",0,2
6,ulsan_026973,switch_rollout,16,33,33,1.0,0.022727273404598236,0.12121212482452393,0.016161616643269858,"[0.12121212482452393, 0.06060606241226196, 0.03030303120613098, 0.06060606241226196, 0.0, 0.0, 0.03030303120613098, 0.03030303120613098, 0.0, 0.0, 0.0, 0.0, 0.0, 0.0, 0.03030303120613098, 0.0]",0,2
6,ulsan_026973,switch_rollout,23,33,33,1.0,0.022727273404598236,0.12121212482452393,0.016161616643269858,"[0.12121212482452393, 0.06060606241226196, 0.03030303120613098, 0.06060606241226196, 0.0, 0.0, 0.03030303120613098, 0.03030303120613098, 0.0, 0.0, 0.0, 0.0, 0.0, 0.0, 0.03030303120613098, 0.0]",0,2
6,ulsan_026973,teacher_forced,-1,33,33,1.0,0.03598484955728054,0.12121212482452393,0.03030303120613098,"[0.12121212482452393, 0.12121212482452393, 0.03030303120613098, 0.12121212482452393, 0.06060606241226196, 0.0, 0.0, 0.06060606241226196, 0.03030303120613098, 0.0, 0.0, 0.0, 0.0, 0.0, 0.03030303120613098, 0.0]",0,2
6,ulsan_027266,normal_ar,0,48,250,5.208333333333333,0.044270834303461015,0.02083333395421505,0.04583333432674408,"[0.02083333395421505, 0.0833333358168602, 0.02083333395421505, 0.0625, 0.0416666679084301, 0.0625, 0.02083333395421505, 0.0416666679084301, 0.02083333395421505, 0.02083333395421505, 0.0833333358168602, 0.02083333395421505, 0.0416666679084301, 0.0833333358168602, 0.0625, 0.02083333395421505]",1,1
6,ulsan_027266,forced_gt_length,0,48,48,1.0,0.044270834303461015,0.02083333395421505,0.04583333432674408,"[0.02083333395421505, 0.0833333358168602, 0.02083333395421505, 0.0625, 0.0416666679084301, 0.0625, 0.02083333395421505, 0.0416666679084301, 0.02083333395421505, 0.02083333395421505, 0.0833333358168602, 0.02083333395421505, 0.0416666679084301, 0.0833333358168602, 0.0625, 0.02083333395421505]",1,1
6,ulsan_027266,switch_rollout,12,48,48,1.0,0.04817708418704569,0.02083333395421505,0.0500000008692344,"[0.02083333395421505, 0.0625, 0.02083333395421505, 0.0625, 0.0416666679084301, 0.0625, 0.0416666679084301, 0.0416666679084301, 0.0833333358168602, 0.0625, 0.0833333358168602, 0.02083333395421505, 0.0416666679084301, 0.02083333395421505, 0.0625, 0.0416666679084301]",1,1
6,ulsan_027266,switch_rollout,24,48,48,1.0,0.02343750069849193,0.0416666679084301,0.022222222884496053,"[0.0416666679084301, 0.02083333395421505, 0.02083333395421505, 0.02083333395421505, 0.02083333395421505, 0.0416666679084301, 0.02083333395421505, 0.02083333395421505, 0.02083333395421505, 0.02083333395421505, 0.02083333395421505, 0.02083333395421505, 0.02083333395421505, 0.02083333395421505, 0.02083333395421505, 0.02083333395421505]",1,1
6,ulsan_027266,switch_rollout,38,48,48,1.0,0.03776041709352285,0.1458333283662796,0.03055555634200573,"[0.1458333283662796, 0.02083333395421505, 0.02083333395421505, 0.02083333395421505, 0.02083333395421505, 0.0625, 0.02083333395421505, 0.0416666679084301, 0.02083333395421505, 0.0416666679084301, 0.02083333395421505, 0.02083333395421505, 0.0833333358168602, 0.02083333395421505, 0.02083333395421505, 0.02083333395421505]",1,1
6,ulsan_027266,teacher_forced,-1,48,48,1.0,0.08723958302289248,0.1875,0.08055555522441864,"[0.1875, 0.125, 0.125, 0.1458333283662796, 0.0416666679084301, 0.1041666641831398, 0.1041666641831398, 0.0625, 0.0625, 0.0833333358168602, 0.0625, 0.0625, 0.1041666641831398, 0.0416666679084301, 0.0416666679084301, 0.0416666679084301]",1,1
6,ulsan_027495,normal_ar,0,30,188,6.266666666666667,0.0,0.0,0.0,"[0.0, 0.0, 0.0, 0.0, 0.0, 0.0, 0.0, 0.0, 0.0, 0.0, 0.0, 0.0, 0.0, 0.0, 0.0, 0.0]",0,0
6,ulsan_027495,forced_gt_length,0,30,30,1.0,0.0,0.0,0.0,"[0.0, 0.0, 0.0, 0.0, 0.0, 0.0, 0.0, 0.0, 0.0, 0.0, 0.0, 0.0, 0.0, 0.0, 0.0, 0.0]",0,0
6,ulsan_027495,switch_rollout,7,30,30,1.0,0.012500000651925802,0.13333334028720856,0.004444444676240286,"[0.13333334028720856, 0.0, 0.0, 0.0, 0.0, 0.0, 0.0, 0.0, 0.03333333507180214, 0.0, 0.0, 0.0, 0.0, 0.0, 0.03333333507180214, 0.0]",0,0
6,ulsan_027495,switch_rollout,15,30,30,1.0,0.016666667303070426,0.1666666716337204,0.006666667014360428,"[0.1666666716337204, 0.0, 0.0, 0.03333333507180214, 0.0, 0.0, 0.03333333507180214, 0.0, 0.03333333507180214, 0.0, 0.0, 0.0, 0.0, 0.0, 0.0, 0.0]",0,0
6,ulsan_027495,switch_rollout,20,30,30,1.0,0.016666667070239782,0.20000000298023224,0.004444444676240286,"[0.20000000298023224, 0.0, 0.0, 0.0, 0.0, 0.0, 0.03333333507180214, 0.0, 0.03333333507180214, 0.0, 0.0, 0.0, 0.0, 0.0, 0.0, 0.0]",0,0
6,ulsan_027495,teacher_forced,-1,30,30,1.0,0.05000000214204192,0.2666666805744171,0.03555555691321691,"[0.2666666805744171, 0.10000000149011612, 0.13333334028720856, 0.10000000149011612, 0.03333333507180214, 0.03333333507180214, 0.03333333507180214, 0.0, 0.06666667014360428, 0.0, 0.0, 0.0, 0.0, 0.0, 0.0, 0.03333333507180214]",0,0
6,ulsan_027684,normal_ar,0,35,250,7.142857142857143,0.014285714481957257,0.02857142873108387,0.013333333532015483,"[0.02857142873108387, 0.02857142873108387, 0.02857142873108387, 0.08571428805589676, 0.0, 0.0, 0.02857142873108387, 0.0, 0.0, 0.0, 0.0, 0.02857142873108387, 0.0, 0.0, 0.0, 0.0]",0,1
6,ulsan_027684,forced_gt_length,0,35,35,1.0,0.014285714481957257,0.02857142873108387,0.013333333532015483,"[0.02857142873108387, 0.02857142873108387, 0.02857142873108387, 0.08571428805589676, 0.0, 0.0, 0.02857142873108387, 0.0, 0.0, 0.0, 0.0, 0.02857142873108387, 0.0, 0.0, 0.0, 0.0]",0,1
6,ulsan_027684,switch_rollout,8,35,35,1.0,0.012500000069849193,0.05714285746216774,0.009523809577027956,"[0.05714285746216774, 0.05714285746216774, 0.0, 0.0, 0.0, 0.02857142873108387, 0.0, 0.0, 0.02857142873108387, 0.0, 0.0, 0.02857142873108387, 0.0, 0.0, 0.0, 0.0]",0,1
6,ulsan_027684,switch_rollout,17,35,35,1.0,0.021428571781143546,0.08571428805589676,0.017142857362826665,"[0.08571428805589676, 0.02857142873108387, 0.0, 0.02857142873108387, 0.08571428805589676, 0.02857142873108387, 0.0, 0.0, 0.02857142873108387, 0.0, 0.0, 0.02857142873108387, 0.0, 0.0, 0.02857142873108387, 0.0]",0,1
6,ulsan_027684,switch_rollout,25,35,35,1.0,0.028571429196745157,0.11428571492433548,0.02285714348157247,"[0.11428571492433548, 0.1428571492433548, 0.0, 0.08571428805589676, 0.0, 0.02857142873108387, 0.0, 0.0, 0.02857142873108387, 0.0, 0.0, 0.02857142873108387, 0.0, 0.0, 0.02857142873108387, 0.0]",0,1
6,ulsan_027684,teacher_forced,-1,35,35,1.0,0.05535714398138225,0.17142857611179352,0.0476190485060215,"[0.17142857611179352, 0.17142857611179352, 0.0, 0.1428571492433548, 0.11428571492433548, 0.11428571492433548, 0.05714285746216774, 0.0, 0.02857142873108387, 0.0, 0.02857142873108387, 0.0, 0.0, 0.0, 0.05714285746216774, 0.0]",0,1
