epoch,sample_id,mode,switch_frame,target_frames,generated_frames,length_ratio,mean_accuracy,q0_accuracy,residual_accuracy,per_q_accuracy,first_incorrect_frame,first_q0_incorrect_frame
8,ulsan_000006,normal_ar,0,48,206,4.291666666666667,0.0026041667442768812,0.02083333395421505,0.0013888889302810033,"[0.02083333395421505, 0.0, 0.02083333395421505, 0.0, 0.0, 0.0, 0.0, 0.0, 0.0, 0.0, 0.0, 0.0, 0.0, 0.0, 0.0, 0.0]",0,1
8,ulsan_000006,forced_gt_length,0,48,48,1.0,0.0026041667442768812,0.02083333395421505,0.0013888889302810033,"[0.02083333395421505, 0.0, 0.02083333395421505, 0.0, 0.0, 0.0, 0.0, 0.0, 0.0, 0.0, 0.0, 0.0, 0.0, 0.0, 0.0, 0.0]",0,1
8,ulsan_000006,switch_rollout,12,48,48,1.0,0.01302083337213844,0.1041666641831398,0.006944444651405017,"[0.1041666641831398, 0.02083333395421505, 0.0, 0.0, 0.02083333395421505, 0.0, 0.0, 0.0416666679084301, 0.0, 0.0, 0.0, 0.02083333395421505, 0.0, 0.0, 0.0, 0.0]",0,3
8,ulsan_000006,switch_rollout,24,48,48,1.0,0.01692708337213844,0.1041666641831398,0.011111111318071683,"[0.1041666641831398, 0.0625, 0.02083333395421505, 0.02083333395421505, 0.02083333395421505, 0.0, 0.0, 0.02083333395421505, 0.0, 0.0, 0.0, 0.02083333395421505, 0.0, 0.0, 0.0, 0.0]",0,3
8,ulsan_000006,switch_rollout,38,48,48,1.0,0.02473958337213844,0.1458333283662796,0.016666667039195695,"[0.1458333283662796, 0.0625, 0.0416666679084301, 0.0, 0.02083333395421505, 0.0, 0.0416666679084301, 0.02083333395421505, 0.0, 0.0416666679084301, 0.0, 0.02083333395421505, 0.0, 0.0, 0.0, 0.0]",0,3
8,ulsan_000006,teacher_forced,-1,48,48,1.0,0.0494791668606922,0.1458333283662796,0.043055556093653045,"[0.1458333283662796, 0.125, 0.0625, 0.125, 0.0833333358168602, 0.0416666679084301, 0.0625, 0.0416666679084301, 0.0, 0.0, 0.02083333395421505, 0.0416666679084301, 0.0, 0.0, 0.02083333395421505, 0.02083333395421505]",0,3
8,ulsan_000429,normal_ar,0,14,142,10.142857142857142,0.008928571827709675,0.0714285746216774,0.004761904974778493,"[0.0714285746216774, 0.0, 0.0, 0.0, 0.0, 0.0, 0.0, 0.0, 0.0, 0.0, 0.0, 0.0, 0.0, 0.0, 0.0, 0.0714285746216774]",0,1
8,ulsan_000429,forced_gt_length,0,14,14,1.0,0.008928571827709675,0.0714285746216774,0.004761904974778493,"[0.0714285746216774, 0.0, 0.0, 0.0, 0.0, 0.0, 0.0, 0.0, 0.0, 0.0, 0.0, 0.0, 0.0, 0.0, 0.0, 0.0714285746216774]",0,1
8,ulsan_000429,switch_rollout,3,14,14,1.0,0.013392857741564512,0.0714285746216774,0.009523809949556986,"[0.0714285746216774, 0.0, 0.0, 0.0, 0.0714285746216774, 0.0, 0.0, 0.0, 0.0, 0.0, 0.0, 0.0, 0.0, 0.0, 0.0, 0.0714285746216774]",0,1
8,ulsan_000429,switch_rollout,4,14,14,1.0,0.013392857741564512,0.0714285746216774,0.009523809949556986,"[0.0714285746216774, 0.0, 0.0, 0.0, 0.0714285746216774, 0.0, 0.0, 0.0, 0.0, 0.0, 0.0, 0.0, 0.0, 0.0, 0.0, 0.0714285746216774]",0,1
8,ulsan_000429,switch_rollout,7,14,14,1.0,0.013392857741564512,0.0714285746216774,0.009523809949556986,"[0.0714285746216774, 0.0, 0.0, 0.0, 0.0714285746216774, 0.0, 0.0, 0.0, 0.0, 0.0, 0.0, 0.0, 0.0, 0.0, 0.0, 0.0714285746216774]",0,1
8,ulsan_000429,teacher_forced,-1,14,14,1.0,0.03571428684517741,0.0714285746216774,0.03333333432674408,"[0.0714285746216774, 0.0, 0.0, 0.0714285746216774, 0.2142857164144516, 0.0, 0.0, 0.0, 0.0, 0.0714285746216774, 0.0714285746216774, 0.0, 0.0, 0.0714285746216774, 0.0, 0.0]",0,1
8,ulsan_000819,normal_ar,0,42,250,5.9523809523809526,0.004464285797439516,0.02380952425301075,0.0031746032337347666,"[0.02380952425301075, 0.0, 0.0, 0.02380952425301075, 0.0, 0.0, 0.02380952425301075, 0.0, 0.0, 0.0, 0.0, 0.0, 0.0, 0.0, 0.0, 0.0]",0,1
8,ulsan_000819,forced_gt_length,0,42,42,1.0,0.004464285797439516,0.02380952425301075,0.0031746032337347666,"[0.02380952425301075, 0.0, 0.0, 0.02380952425301075, 0.0, 0.0, 0.02380952425301075, 0.0, 0.0, 0.0, 0.0, 0.0, 0.0, 0.0, 0.0, 0.0]",0,1
8,ulsan_000819,switch_rollout,10,42,42,1.0,0.010416666860692203,0.0476190485060215,0.007936508084336916,"[0.0476190485060215, 0.0, 0.0, 0.0476190485060215, 0.0, 0.02380952425301075, 0.0, 0.0, 0.0, 0.0, 0.02380952425301075, 0.0, 0.0, 0.0, 0.02380952425301075, 0.0]",0,1
8,ulsan_000819,switch_rollout,21,42,42,1.0,0.011904762359336019,0.0714285746216774,0.00793650820851326,"[0.0714285746216774, 0.0, 0.0, 0.0714285746216774, 0.0, 0.02380952425301075, 0.0, 0.0, 0.0, 0.0, 0.0, 0.0, 0.0, 0.0, 0.02380952425301075, 0.0]",0,1
8,ulsan_000819,switch_rollout,32,42,42,1.0,0.01339285762514919,0.0714285746216774,0.009523809825380643,"[0.0714285746216774, 0.0, 0.0, 0.0714285746216774, 0.0, 0.02380952425301075, 0.0, 0.0, 0.0, 0.0, 0.0, 0.0, 0.02380952425301075, 0.0, 0.02380952425301075, 0.0]",0,1
8,ulsan_000819,teacher_forced,-1,42,42,1.0,0.02529761951882392,0.095238097012043,0.020634921019275984,"[0.095238097012043, 0.0714285746216774, 0.0, 0.1190476194024086, 0.02380952425301075, 0.0476190485060215, 0.0, 0.0, 0.02380952425301075, 0.0, 0.02380952425301075, 0.0, 0.0, 0.0, 0.0, 0.0]",0,1
8,ulsan_001087,normal_ar,0,71,250,3.5211267605633805,0.015845070127397776,0.028169013559818268,0.015023473898569744,"[0.028169013559818268, 0.014084506779909134, 0.0422535203397274, 0.056338027119636536, 0.028169013559818268, 0.0, 0.014084506779909134, 0.014084506779909134, 0.0, 0.014084506779909134, 0.0, 0.0, 0.0, 0.028169013559818268, 0.0, 0.014084506779909134]",0,2
8,ulsan_001087,forced_gt_length,0,71,71,1.0,0.015845070127397776,0.028169013559818268,0.015023473898569744,"[0.028169013559818268, 0.014084506779909134, 0.0422535203397274, 0.056338027119636536, 0.028169013559818268, 0.0, 0.014084506779909134, 0.014084506779909134, 0.0, 0.014084506779909134, 0.0, 0.0, 0.0, 0.028169013559818268, 0.0, 0.014084506779909134]",0,2
8,ulsan_001087,switch_rollout,17,71,71,1.0,0.014084507012739778,0.056338027119636536,0.011267605672279994,"[0.056338027119636536, 0.056338027119636536, 0.014084506779909134, 0.07042253762483597, 0.014084506779909134, 0.0, 0.0, 0.0, 0.0, 0.014084506779909134, 0.0, 0.0, 0.0, 0.0, 0.0, 0.0]",0,2
8,ulsan_001087,switch_rollout,35,71,71,1.0,0.02200704230926931,0.09859155118465424,0.016901408384243647,"[0.09859155118465424, 0.07042253762483597, 0.028169013559818268, 0.0845070406794548, 0.028169013559818268, 0.0, 0.0, 0.014084506779909134, 0.0, 0.028169013559818268, 0.0, 0.0, 0.0, 0.0, 0.0, 0.0]",0,2
8,ulsan_001087,switch_rollout,61,71,71,1.0,0.02640845044516027,0.1690140813589096,0.016901408384243647,"[0.1690140813589096, 0.07042253762483597, 0.028169013559818268, 0.0845070406794548, 0.014084506779909134, 0.0, 0.014084506779909134, 0.014084506779909134, 0.014084506779909134, 0.014084506779909134, 0.0, 0.0, 0.0, 0.0, 0.0, 0.0]",0,2
8,ulsan_001087,teacher_forced,-1,71,71,1.0,0.054577464470639825,0.18309858441352844,0.04600938980778058,"[0.18309858441352844, 0.09859155118465424, 0.09859155118465424, 0.09859155118465424, 0.11267605423927307, 0.0422535203397274, 0.07042253762483597, 0.028169013559818268, 0.0, 0.014084506779909134, 0.014084506779909134, 0.0422535203397274, 0.014084506779909134, 0.014084506779909134, 0.028169013559818268, 0.014084506779909134]",0,2
8,ulsan_001334,normal_ar,0,42,250,5.9523809523809526,0.020833333721384406,0.095238097012043,0.015873016168673832,"[0.095238097012043, 0.02380952425301075, 0.0, 0.0, 0.0, 0.0, 0.0476190485060215, 0.0476190485060215, 0.0, 0.0, 0.02380952425301075, 0.0, 0.02380952425301075, 0.02380952425301075, 0.0476190485060215, 0.0]",0,4
8,ulsan_001334,forced_gt_length,0,42,42,1.0,0.020833333721384406,0.095238097012043,0.015873016168673832,"[0.095238097012043, 0.02380952425301075, 0.0, 0.0, 0.0, 0.0, 0.0476190485060215, 0.0476190485060215, 0.0, 0.0, 0.02380952425301075, 0.0, 0.02380952425301075, 0.02380952425301075, 0.0476190485060215, 0.0]",0,4
8,ulsan_001334,switch_rollout,10,42,42,1.0,0.028273810050450265,0.095238097012043,0.02380952425301075,"[0.095238097012043, 0.0476190485060215, 0.02380952425301075, 0.0, 0.0, 0.02380952425301075, 0.0476190485060215, 0.0, 0.02380952425301075, 0.0, 0.02380952425301075, 0.02380952425301075, 0.0476190485060215, 0.02380952425301075, 0.0476190485060215, 0.02380952425301075]",0,4
8,ulsan_001334,switch_rollout,21,42,42,1.0,0.026785714901052415,0.095238097012043,0.02222222276031971,"[0.095238097012043, 0.0714285746216774, 0.02380952425301075, 0.0, 0.0, 0.02380952425301075, 0.0476190485060215, 0.0, 0.02380952425301075, 0.0, 0.02380952425301075, 0.0, 0.0476190485060215, 0.02380952425301075, 0.0476190485060215, 0.0]",0,4
8,ulsan_001334,switch_rollout,32,42,42,1.0,0.026785714901052415,0.095238097012043,0.02222222276031971,"[0.095238097012043, 0.0714285746216774, 0.02380952425301075, 0.0, 0.0, 0.02380952425301075, 0.0476190485060215, 0.0, 0.02380952425301075, 0.0, 0.02380952425301075, 0.0, 0.0476190485060215, 0.02380952425301075, 0.0476190485060215, 0.0]",0,4
8,ulsan_001334,teacher_forced,-1,42,42,1.0,0.046130953705869615,0.095238097012043,0.04285714415212472,"[0.095238097012043, 0.1428571492433548, 0.02380952425301075, 0.0476190485060215, 0.02380952425301075, 0.02380952425301075, 0.0714285746216774, 0.0714285746216774, 0.0476190485060215, 0.0, 0.02380952425301075, 0.02380952425301075, 0.0476190485060215, 0.02380952425301075, 0.0476190485060215, 0.02380952425301075]",0,4
8,ulsan_001743,normal_ar,0,26,250,9.615384615384615,0.033653847174718976,0.03846153989434242,0.03333333432674408,"[0.03846153989434242, 0.07692307978868484, 0.0, 0.03846153989434242, 0.03846153989434242, 0.11538461595773697, 0.03846153989434242, 0.0, 0.0, 0.07692307978868484, 0.0, 0.0, 0.0, 0.03846153989434242, 0.07692307978868484, 0.0]",0,1
8,ulsan_001743,forced_gt_length,0,26,26,1.0,0.033653847174718976,0.03846153989434242,0.03333333432674408,"[0.03846153989434242, 0.07692307978868484, 0.0, 0.03846153989434242, 0.03846153989434242, 0.11538461595773697, 0.03846153989434242, 0.0, 0.0, 0.07692307978868484, 0.0, 0.0, 0.0, 0.03846153989434242, 0.07692307978868484, 0.0]",0,1
8,ulsan_001743,switch_rollout,6,26,26,1.0,0.038461539428681135,0.19230769574642181,0.028205129007498424,"[0.19230769574642181, 0.03846153989434242, 0.07692307978868484, 0.07692307978868484, 0.03846153989434242, 0.11538461595773697, 0.0, 0.0, 0.0, 0.0, 0.0, 0.0, 0.0, 0.03846153989434242, 0.03846153989434242, 0.0]",0,4
8,ulsan_001743,switch_rollout,13,26,26,1.0,0.026442308444529772,0.19230769574642181,0.015384615957736969,"[0.19230769574642181, 0.0, 0.03846153989434242, 0.07692307978868484, 0.03846153989434242, 0.0, 0.0, 0.03846153989434242, 0.0, 0.0, 0.0, 0.0, 0.0, 0.0, 0.0, 0.03846153989434242]",0,4
8,ulsan_001743,switch_rollout,16,26,26,1.0,0.04086538543924689,0.23076923191547394,0.028205129007498424,"[0.23076923191547394, 0.11538461595773697, 0.03846153989434242, 0.07692307978868484, 0.03846153989434242, 0.0, 0.0, 0.0, 0.0, 0.03846153989434242, 0.0, 0.0, 0.0, 0.03846153989434242, 0.07692307978868484, 0.0]",0,4
8,ulsan_001743,teacher_forced,-1,26,26,1.0,0.10576923377811909,0.38461539149284363,0.08717948993047078,"[0.38461539149284363, 0.1538461595773697, 0.03846153989434242, 0.1538461595773697, 0.1538461595773697, 0.1538461595773697, 0.07692307978868484, 0.11538461595773697, 0.07692307978868484, 0.03846153989434242, 0.07692307978868484, 0.03846153989434242, 0.0, 0.07692307978868484, 0.11538461595773697, 0.03846153989434242]",0,4
8,ulsan_002080,normal_ar,0,75,250,3.3333333333333335,0.01000000024214387,0.013333333656191826,0.009777778014540672,"[0.013333333656191826, 0.013333333656191826, 0.02666666731238365, 0.013333333656191826, 0.0, 0.0, 0.013333333656191826, 0.0, 0.013333333656191826, 0.0, 0.013333333656191826, 0.013333333656191826, 0.013333333656191826, 0.0, 0.013333333656191826, 0.013333333656191826]",0,1
8,ulsan_002080,forced_gt_length,0,75,75,1.0,0.01000000024214387,0.013333333656191826,0.009777778014540672,"[0.013333333656191826, 0.013333333656191826, 0.02666666731238365, 0.013333333656191826, 0.0, 0.0, 0.013333333656191826, 0.0, 0.013333333656191826, 0.0, 0.013333333656191826, 0.013333333656191826, 0.013333333656191826, 0.0, 0.013333333656191826, 0.013333333656191826]",0,1
8,ulsan_002080,switch_rollout,18,75,75,1.0,0.012500000186264515,0.02666666731238365,0.011555555711189906,"[0.02666666731238365, 0.013333333656191826, 0.013333333656191826, 0.03999999910593033, 0.013333333656191826, 0.0, 0.0, 0.0, 0.013333333656191826, 0.0, 0.013333333656191826, 0.013333333656191826, 0.013333333656191826, 0.013333333656191826, 0.02666666731238365, 0.0]",0,1
8,ulsan_002080,switch_rollout,37,75,75,1.0,0.01500000013038516,0.07999999821186066,0.010666666924953461,"[0.07999999821186066, 0.02666666731238365, 0.013333333656191826, 0.02666666731238365, 0.013333333656191826, 0.0, 0.0, 0.013333333656191826, 0.013333333656191826, 0.0, 0.0, 0.013333333656191826, 0.013333333656191826, 0.013333333656191826, 0.013333333656191826, 0.0]",0,1
8,ulsan_002080,switch_rollout,65,75,75,1.0,0.019166666897945106,0.09333333373069763,0.01422222244242827,"[0.09333333373069763, 0.02666666731238365, 0.02666666731238365, 0.03999999910593033, 0.02666666731238365, 0.0, 0.0, 0.0, 0.013333333656191826, 0.0, 0.013333333656191826, 0.013333333656191826, 0.013333333656191826, 0.02666666731238365, 0.013333333656191826, 0.0]",0,1
8,ulsan_002080,teacher_forced,-1,75,75,1.0,0.03833333414513618,0.13333334028720856,0.03200000040233135,"[0.13333334028720856, 0.07999999821186066, 0.06666667014360428, 0.03999999910593033, 0.0, 0.03999999910593033, 0.0533333346247673, 0.02666666731238365, 0.0533333346247673, 0.013333333656191826, 0.013333333656191826, 0.02666666731238365, 0.02666666731238365, 0.013333333656191826, 0.013333333656191826, 0.013333333656191826]",0,1
8,ulsan_002458,normal_ar,0,74,250,3.3783783783783785,0.03040540509391576,0.027027027681469917,0.030630630254745484,"[0.027027027681469917, 0.0810810774564743, 0.04054053872823715, 0.04054053872823715, 0.013513513840734959, 0.013513513840734959, 0.013513513840734959, 0.027027027681469917, 0.027027027681469917, 0.027027027681469917, 0.054054055362939835, 0.04054053872823715, 0.013513513840734959, 0.04054053872823715, 0.027027027681469917, 0.0]",0,2
8,ulsan_002458,forced_gt_length,0,74,74,1.0,0.03040540509391576,0.027027027681469917,0.030630630254745484,"[0.027027027681469917, 0.0810810774564743, 0.04054053872823715, 0.04054053872823715, 0.013513513840734959, 0.013513513840734959, 0.013513513840734959, 0.027027027681469917, 0.027027027681469917, 0.027027027681469917, 0.054054055362939835, 0.04054053872823715, 0.013513513840734959, 0.04054053872823715, 0.027027027681469917, 0.0]",0,2
8,ulsan_002458,switch_rollout,18,74,74,1.0,0.023648649046663195,0.04054053872823715,0.022522523067891598,"[0.04054053872823715, 0.027027027681469917, 0.027027027681469917, 0.027027027681469917, 0.027027027681469917, 0.013513513840734959, 0.027027027681469917, 0.027027027681469917, 0.027027027681469917, 0.027027027681469917, 0.027027027681469917, 0.027027027681469917, 0.0, 0.027027027681469917, 0.013513513840734959, 0.013513513840734959]",0,2
8,ulsan_002458,switch_rollout,37,74,74,1.0,0.030405405210331082,0.06756756454706192,0.027927927921215692,"[0.06756756454706192, 0.04054053872823715, 0.027027027681469917, 0.054054055362939835, 0.027027027681469917, 0.013513513840734959, 0.027027027681469917, 0.027027027681469917, 0.06756756454706192, 0.027027027681469917, 0.027027027681469917, 0.04054053872823715, 0.0, 0.013513513840734959, 0.013513513840734959, 0.013513513840734959]",0,2
8,ulsan_002458,switch_rollout,64,74,74,1.0,0.04729729687096551,0.13513512909412384,0.04144144138942162,"[0.13513512909412384, 0.12162162363529205, 0.04054053872823715, 0.06756756454706192, 0.054054055362939835, 0.027027027681469917, 0.027027027681469917, 0.027027027681469917, 0.06756756454706192, 0.04054053872823715, 0.027027027681469917, 0.054054055362939835, 0.0, 0.027027027681469917, 0.013513513840734959, 0.027027027681469917]",0,2
8,ulsan_002458,teacher_forced,-1,74,74,1.0,0.07179053971776739,0.14864864945411682,0.06666666573534409,"[0.14864864945411682, 0.1621621549129486, 0.0810810774564743, 0.054054055362939835, 0.054054055362939835, 0.013513513840734959, 0.09459459781646729, 0.09459459781646729, 0.0810810774564743, 0.0810810774564743, 0.04054053872823715, 0.06756756454706192, 0.027027027681469917, 0.06756756454706192, 0.027027027681469917, 0.054054055362939835]",0,2
8,ulsan_002822,normal_ar,0,37,250,6.756756756756757,0.018581081531010568,0.027027027681469917,0.018018018454313278,"[0.027027027681469917, 0.0, 0.027027027681469917, 0.0, 0.0, 0.054054055362939835, 0.0, 0.027027027681469917, 0.054054055362939835, 0.0, 0.0, 0.027027027681469917, 0.0, 0.0, 0.027027027681469917, 0.054054055362939835]",0,1
8,ulsan_002822,forced_gt_length,0,37,37,1.0,0.018581081531010568,0.027027027681469917,0.018018018454313278,"[0.027027027681469917, 0.0, 0.027027027681469917, 0.0, 0.0, 0.054054055362939835, 0.0, 0.027027027681469917, 0.054054055362939835, 0.0, 0.0, 0.027027027681469917, 0.0, 0.0, 0.027027027681469917, 0.054054055362939835]",0,1
8,ulsan_002822,switch_rollout,9,37,37,1.0,0.006756756920367479,0.054054055362939835,0.0036036036908626556,"[0.054054055362939835, 0.0, 0.027027027681469917, 0.0, 0.0, 0.0, 0.0, 0.0, 0.0, 0.0, 0.0, 0.0, 0.0, 0.0, 0.0, 0.027027027681469917]",0,1
8,ulsan_002822,switch_rollout,18,37,37,1.0,0.008445945801213384,0.0810810774564743,0.0036036036908626556,"[0.0810810774564743, 0.027027027681469917, 0.027027027681469917, 0.0, 0.0, 0.0, 0.0, 0.0, 0.0, 0.0, 0.0, 0.0, 0.0, 0.0, 0.0, 0.0]",0,1
8,ulsan_002822,switch_rollout,27,37,37,1.0,0.011824324610643089,0.10810811072587967,0.0054054055362939835,"[0.10810811072587967, 0.0, 0.027027027681469917, 0.027027027681469917, 0.0, 0.0, 0.0, 0.0, 0.0, 0.0, 0.0, 0.0, 0.027027027681469917, 0.0, 0.0, 0.0]",0,1
8,ulsan_002822,teacher_forced,-1,37,37,1.0,0.05236486438661814,0.1621621549129486,0.0450450450181961,"[0.1621621549129486, 0.0810810774564743, 0.0, 0.027027027681469917, 0.0810810774564743, 0.054054055362939835, 0.0810810774564743, 0.054054055362939835, 0.0, 0.027027027681469917, 0.054054055362939835, 0.054054055362939835, 0.027027027681469917, 0.027027027681469917, 0.054054055362939835, 0.054054055362939835]",0,1
8,ulsan_003088,normal_ar,0,61,250,4.098360655737705,0.0020491802133619785,0.032786883413791656,0.0,"[0.032786883413791656, 0.0, 0.0, 0.0, 0.0, 0.0, 0.0, 0.0, 0.0, 0.0, 0.0, 0.0, 0.0, 0.0, 0.0, 0.0]",0,2
8,ulsan_003088,forced_gt_length,0,61,61,1.0,0.0020491802133619785,0.032786883413791656,0.0,"[0.032786883413791656, 0.0, 0.0, 0.0, 0.0, 0.0, 0.0, 0.0, 0.0, 0.0, 0.0, 0.0, 0.0, 0.0, 0.0, 0.0]",0,2
8,ulsan_003088,switch_rollout,15,61,61,1.0,0.004098360426723957,0.016393441706895828,0.0032786883413791655,"[0.016393441706895828, 0.016393441706895828, 0.0, 0.016393441706895828, 0.0, 0.0, 0.0, 0.0, 0.0, 0.0, 0.0, 0.0, 0.016393441706895828, 0.0, 0.0, 0.0]",0,1
8,ulsan_003088,switch_rollout,30,61,61,1.0,0.007172130746766925,0.06557376682758331,0.0032786883413791655,"[0.06557376682758331, 0.016393441706895828, 0.0, 0.0, 0.0, 0.0, 0.0, 0.0, 0.0, 0.0, 0.0, 0.0, 0.016393441706895828, 0.016393441706895828, 0.0, 0.0]",0,1
8,ulsan_003088,switch_rollout,51,61,61,1.0,0.00922131142579019,0.09836065769195557,0.0032786883413791655,"[0.09836065769195557, 0.032786883413791656, 0.0, 0.0, 0.0, 0.0, 0.0, 0.0, 0.0, 0.0, 0.0, 0.0, 0.016393441706895828, 0.0, 0.0, 0.0]",0,1
8,ulsan_003088,teacher_forced,-1,61,61,1.0,0.02254098281264305,0.1147540956735611,0.016393441955248514,"[0.1147540956735611, 0.08196721225976944, 0.032786883413791656, 0.0, 0.06557376682758331, 0.016393441706895828, 0.0, 0.0, 0.016393441706895828, 0.0, 0.0, 0.016393441706895828, 0.0, 0.016393441706895828, 0.0, 0.0]",0,1
8,ulsan_003386,normal_ar,0,67,250,3.7313432835820897,0.08115671656560153,0.05970149114727974,0.08258706492682298,"[0.05970149114727974, 0.014925372786819935, 0.0746268630027771, 0.10447761416435242, 0.08955223858356476, 0.26865673065185547, 0.08955223858356476, 0.10447761416435242, 0.08955223858356476, 0.05970149114727974, 0.014925372786819935, 0.05970149114727974, 0.0746268630027771, 0.11940298229455948, 0.0746268630027771, 0.0]",0,1
8,ulsan_003386,forced_gt_length,0,67,67,1.0,0.08115671656560153,0.05970149114727974,0.08258706492682298,"[0.05970149114727974, 0.014925372786819935, 0.0746268630027771, 0.10447761416435242, 0.08955223858356476, 0.26865673065185547, 0.08955223858356476, 0.10447761416435242, 0.08955223858356476, 0.05970149114727974, 0.014925372786819935, 0.05970149114727974, 0.0746268630027771, 0.11940298229455948, 0.0746268630027771, 0.0]",0,1
8,ulsan_003386,switch_rollout,16,67,67,1.0,0.08208955253940076,0.11940298229455948,0.0796019905557235,"[0.11940298229455948, 0.02985074557363987, 0.11940298229455948, 0.10447761416435242, 0.0, 0.2537313401699066, 0.08955223858356476, 0.02985074557363987, 0.08955223858356476, 0.04477611929178238, 0.014925372786819935, 0.13432836532592773, 0.04477611929178238, 0.08955223858356476, 0.13432836532592773, 0.014925372786819935]",0,2
8,ulsan_003386,switch_rollout,33,67,67,1.0,0.08861940389033407,0.16417910158634186,0.08358209071060022,"[0.16417910158634186, 0.05970149114727974, 0.13432836532592773, 0.11940298229455948, 0.0, 0.26865673065185547, 0.0746268630027771, 0.08955223858356476, 0.08955223858356476, 0.05970149114727974, 0.05970149114727974, 0.014925372786819935, 0.04477611929178238, 0.08955223858356476, 0.13432836532592773, 0.014925372786819935]",0,2
8,ulsan_003386,switch_rollout,57,67,67,1.0,0.18470149324275553,0.38805970549583435,0.17114427909255028,"[0.38805970549583435, 0.2985074520111084, 0.20895522832870483, 0.2537313401699066, 0.10447761416435242, 0.2985074520111084, 0.20895522832870483, 0.20895522832870483, 0.19402985274791718, 0.08955223858356476, 0.13432836532592773, 0.13432836532592773, 0.05970149114727974, 0.10447761416435242, 0.10447761416435242, 0.16417910158634186]",0,2
8,ulsan_003386,teacher_forced,-1,67,67,1.0,0.23320895433425903,0.4776119291782379,0.21691542267799377,"[0.4776119291782379, 0.2985074520111084, 0.2537313401699066, 0.28358209133148193, 0.17910447716712952, 0.35820895433425903, 0.2238806039094925, 0.23880596458911896, 0.2537313401699066, 0.20895522832870483, 0.20895522832870483, 0.20895522832870483, 0.10447761416435242, 0.1492537260055542, 0.13432836532592773, 0.1492537260055542]",0,2
8,ulsan_003650,normal_ar,0,96,250,2.6041666666666665,0.07226562511641532,0.010416666977107525,0.07638888899236917,"[0.010416666977107525, 0.1041666641831398, 0.1145833358168602, 0.1145833358168602, 0.0833333358168602, 0.09375, 0.0416666679084301, 0.010416666977107525, 0.0833333358168602, 0.03125, 0.125, 0.03125, 0.0729166641831398, 0.0416666679084301, 0.1458333283662796, 0.0520833320915699]",0,1
8,ulsan_003650,forced_gt_length,0,96,96,1.0,0.07226562511641532,0.010416666977107525,0.07638888899236917,"[0.010416666977107525, 0.1041666641831398, 0.1145833358168602, 0.1145833358168602, 0.0833333358168602, 0.09375, 0.0416666679084301, 0.010416666977107525, 0.0833333358168602, 0.03125, 0.125, 0.03125, 0.0729166641831398, 0.0416666679084301, 0.1458333283662796, 0.0520833320915699]",0,1
8,ulsan_003650,switch_rollout,24,96,96,1.0,0.08268229087116197,0.1041666641831398,0.08124999931703011,"[0.1041666641831398, 0.1458333283662796, 0.1458333283662796, 0.02083333395421505, 0.0625, 0.0520833320915699, 0.010416666977107525, 0.0833333358168602, 0.0729166641831398, 0.0729166641831398, 0.1041666641831398, 0.0833333358168602, 0.0729166641831398, 0.0833333358168602, 0.125, 0.0833333358168602]",0,1
8,ulsan_003650,switch_rollout,48,96,96,1.0,0.08854166755918413,0.1145833358168602,0.08680555634200574,"[0.1145833358168602, 0.1666666716337204, 0.15625, 0.0416666679084301, 0.0520833320915699, 0.0729166641831398, 0.02083333395421505, 0.0833333358168602, 0.0625, 0.0416666679084301, 0.1354166716337204, 0.09375, 0.0833333358168602, 0.1041666641831398, 0.1145833358168602, 0.0729166641831398]",0,1
8,ulsan_003650,switch_rollout,86,96,96,1.0,0.08528645883779973,0.1875,0.0784722227603197,"[0.1875, 0.125, 0.09375, 0.02083333395421505, 0.0520833320915699, 0.0833333358168602, 0.0416666679084301, 0.0833333358168602, 0.0729166641831398, 0.0729166641831398, 0.1354166716337204, 0.09375, 0.09375, 0.0833333358168602, 0.0625, 0.0625]",0,1
8,ulsan_003650,teacher_forced,-1,96,96,1.0,0.15169270802289248,0.1875,0.14930555522441863,"[0.1875, 0.1458333283662796, 0.2604166567325592, 0.1145833358168602, 0.15625, 0.1979166716337204, 0.1041666641831398, 0.1354166716337204, 0.1666666716337204, 0.1458333283662796, 0.15625, 0.125, 0.1354166716337204, 0.1041666641831398, 0.1770833283662796, 0.1145833358168602]",0,1
8,ulsan_003909,normal_ar,0,31,151,4.870967741935484,0.032258063554763794,0.032258063554763794,0.032258063554763794,"[0.032258063554763794, 0.0, 0.09677419066429138, 0.0, 0.032258063554763794, 0.032258063554763794, 0.0, 0.032258063554763794, 0.0, 0.0, 0.06451612710952759, 0.06451612710952759, 0.09677419066429138, 0.032258063554763794, 0.0, 0.032258063554763794]",0,1
8,ulsan_003909,forced_gt_length,0,31,31,1.0,0.032258063554763794,0.032258063554763794,0.032258063554763794,"[0.032258063554763794, 0.0, 0.09677419066429138, 0.0, 0.032258063554763794, 0.032258063554763794, 0.0, 0.032258063554763794, 0.0, 0.0, 0.06451612710952759, 0.06451612710952759, 0.09677419066429138, 0.032258063554763794, 0.0, 0.032258063554763794]",0,1
8,ulsan_003909,switch_rollout,7,31,31,1.0,0.03427419252693653,0.06451612710952759,0.032258063554763794,"[0.06451612710952759, 0.0, 0.032258063554763794, 0.0, 0.0, 0.0, 0.0, 0.0, 0.06451612710952759, 0.0, 0.06451612710952759, 0.032258063554763794, 0.06451612710952759, 0.09677419066429138, 0.06451612710952759, 0.06451612710952759]",0,1
8,ulsan_003909,switch_rollout,15,31,31,1.0,0.05645161122083664,0.12903225421905518,0.05161290168762207,"[0.12903225421905518, 0.06451612710952759, 0.09677419066429138, 0.09677419066429138, 0.032258063554763794, 0.09677419066429138, 0.0, 0.0, 0.09677419066429138, 0.06451612710952759, 0.06451612710952759, 0.0, 0.032258063554763794, 0.09677419066429138, 0.032258063554763794, 0.0]",0,1
8,ulsan_003909,switch_rollout,21,31,31,1.0,0.12903225421905518,0.22580644488334656,0.12258064150810241,"[0.22580644488334656, 0.25806450843811035, 0.12903225421905518, 0.16129031777381897, 0.09677419066429138, 0.12903225421905518, 0.12903225421905518, 0.19354838132858276, 0.16129031777381897, 0.12903225421905518, 0.06451612710952759, 0.09677419066429138, 0.06451612710952759, 0.09677419066429138, 0.06451612710952759, 0.06451612710952759]",0,1
8,ulsan_003909,teacher_forced,-1,31,31,1.0,0.15322580188512802,0.29032257199287415,0.14408601721127828,"[0.29032257199287415, 0.35483869910240173, 0.16129031777381897, 0.09677419066429138, 0.16129031777381897, 0.16129031777381897, 0.22580644488334656, 0.19354838132858276, 0.19354838132858276, 0.09677419066429138, 0.06451612710952759, 0.09677419066429138, 0.12903225421905518, 0.09677419066429138, 0.12903225421905518, 0.0]",0,1
8,ulsan_004182,normal_ar,0,63,250,3.9682539682539684,0.019841270754113793,0.0476190485060215,0.01798941890398661,"[0.0476190485060215, 0.0, 0.0, 0.0, 0.01587301678955555, 0.0476190485060215, 0.0317460335791111, 0.0317460335791111, 0.0634920671582222, 0.0, 0.0, 0.0, 0.0, 0.0317460335791111, 0.0317460335791111, 0.01587301678955555]",0,3
8,ulsan_004182,forced_gt_length,0,63,63,1.0,0.019841270754113793,0.0476190485060215,0.01798941890398661,"[0.0476190485060215, 0.0, 0.0, 0.0, 0.01587301678955555, 0.0476190485060215, 0.0317460335791111, 0.0317460335791111, 0.0634920671582222, 0.0, 0.0, 0.0, 0.0, 0.0317460335791111, 0.0317460335791111, 0.01587301678955555]",0,3
8,ulsan_004182,switch_rollout,15,63,63,1.0,0.030753969447687268,0.095238097012043,0.026455027610063554,"[0.095238097012043, 0.0317460335791111, 0.01587301678955555, 0.0, 0.0, 0.0476190485060215, 0.0634920671582222, 0.0, 0.0793650820851326, 0.0317460335791111, 0.0476190485060215, 0.0317460335791111, 0.0, 0.01587301678955555, 0.0, 0.0317460335791111]",0,3
8,ulsan_004182,switch_rollout,31,63,63,1.0,0.02380952495150268,0.1269841343164444,0.016931217660506568,"[0.1269841343164444, 0.0317460335791111, 0.01587301678955555, 0.0, 0.0, 0.01587301678955555, 0.0317460335791111, 0.0, 0.0476190485060215, 0.0476190485060215, 0.01587301678955555, 0.01587301678955555, 0.0, 0.01587301678955555, 0.0, 0.01587301678955555]",0,3
8,ulsan_004182,switch_rollout,53,63,63,1.0,0.031746032764203846,0.1746031790971756,0.022222223008672395,"[0.1746031790971756, 0.0476190485060215, 0.0317460335791111, 0.0, 0.0, 0.0317460335791111, 0.0476190485060215, 0.0, 0.0476190485060215, 0.0476190485060215, 0.01587301678955555, 0.0317460335791111, 0.0, 0.01587301678955555, 0.0, 0.01587301678955555]",0,3
8,ulsan_004182,teacher_forced,-1,63,63,1.0,0.07638889201916754,0.2063492089509964,0.06772487089037896,"[0.2063492089509964, 0.0793650820851326, 0.1269841343164444, 0.0317460335791111, 0.0793650820851326, 0.0476190485060215, 0.1428571492433548, 0.0634920671582222, 0.095238097012043, 0.1269841343164444, 0.0317460335791111, 0.0634920671582222, 0.01587301678955555, 0.0634920671582222, 0.0317460335791111, 0.01587301678955555]",0,3
8,ulsan_004397,normal_ar,0,100,250,2.5,0.02124999975785613,0.009999999776482582,0.021999999756614368,"[0.009999999776482582, 0.0, 0.03999999910593033, 0.05999999865889549, 0.0, 0.07000000029802322, 0.009999999776482582, 0.019999999552965164, 0.019999999552965164, 0.0, 0.019999999552965164, 0.019999999552965164, 0.0, 0.009999999776482582, 0.05000000074505806, 0.009999999776482582]",0,1
8,ulsan_004397,forced_gt_length,0,100,100,1.0,0.02124999975785613,0.009999999776482582,0.021999999756614368,"[0.009999999776482582, 0.0, 0.03999999910593033, 0.05999999865889549, 0.0, 0.07000000029802322, 0.009999999776482582, 0.019999999552965164, 0.019999999552965164, 0.0, 0.019999999552965164, 0.019999999552965164, 0.0, 0.009999999776482582, 0.05000000074505806, 0.009999999776482582]",0,1
8,ulsan_004397,switch_rollout,25,100,100,1.0,0.027499999618157744,0.07000000029802322,0.024666666239500045,"[0.07000000029802322, 0.07000000029802322, 0.029999999329447746, 0.019999999552965164, 0.009999999776482582, 0.029999999329447746, 0.0, 0.019999999552965164, 0.029999999329447746, 0.019999999552965164, 0.03999999910593033, 0.029999999329447746, 0.009999999776482582, 0.029999999329447746, 0.019999999552965164, 0.009999999776482582]",0,3
8,ulsan_004397,switch_rollout,50,100,100,1.0,0.010624999762512743,0.05999999865889549,0.00733333316942056,"[0.05999999865889549, 0.0, 0.029999999329447746, 0.019999999552965164, 0.009999999776482582, 0.0, 0.0, 0.009999999776482582, 0.0, 0.009999999776482582, 0.009999999776482582, 0.009999999776482582, 0.0, 0.009999999776482582, 0.0, 0.0]",0,3
8,ulsan_004397,switch_rollout,90,100,100,1.0,0.020624999538995326,0.11999999731779099,0.013999999687075614,"[0.11999999731779099, 0.009999999776482582, 0.03999999910593033, 0.019999999552965164, 0.009999999776482582, 0.009999999776482582, 0.009999999776482582, 0.019999999552965164, 0.0, 0.019999999552965164, 0.009999999776482582, 0.019999999552965164, 0.009999999776482582, 0.029999999329447746, 0.0, 0.0]",0,3
8,ulsan_004397,teacher_forced,-1,100,100,1.0,0.07875000033527613,0.18000000715255737,0.07199999988079071,"[0.18000000715255737, 0.10000000149011612, 0.14000000059604645, 0.10000000149011612, 0.10000000149011612, 0.09000000357627869, 0.07999999821186066, 0.10999999940395355, 0.03999999910593033, 0.12999999523162842, 0.03999999910593033, 0.03999999910593033, 0.03999999910593033, 0.05000000074505806, 0.019999999552965164, 0.0]",0,3
8,ulsan_004732,normal_ar,0,19,250,13.157894736842104,0.01315789483487606,0.05263157933950424,0.010526315867900848,"[0.05263157933950424, 0.0, 0.0, 0.0, 0.05263157933950424, 0.0, 0.0, 0.0, 0.0, 0.0, 0.0, 0.0, 0.05263157933950424, 0.0, 0.0, 0.05263157933950424]",0,1
8,ulsan_004732,forced_gt_length,0,19,19,1.0,0.01315789483487606,0.05263157933950424,0.010526315867900848,"[0.05263157933950424, 0.0, 0.0, 0.0, 0.05263157933950424, 0.0, 0.0, 0.0, 0.0, 0.0, 0.0, 0.0, 0.05263157933950424, 0.0, 0.0, 0.05263157933950424]",0,1
8,ulsan_004732,switch_rollout,4,19,19,1.0,0.019736841786652803,0.15789473056793213,0.010526315867900848,"[0.15789473056793213, 0.0, 0.0, 0.0, 0.0, 0.0, 0.0, 0.0, 0.05263157933950424, 0.0, 0.0, 0.0, 0.05263157933950424, 0.0, 0.0, 0.05263157933950424]",0,3
8,ulsan_004732,switch_rollout,9,19,19,1.0,0.02302631549537182,0.15789473056793213,0.014035087823867799,"[0.15789473056793213, 0.0, 0.0, 0.05263157933950424, 0.0, 0.0, 0.0, 0.0, 0.05263157933950424, 0.0, 0.0, 0.0, 0.05263157933950424, 0.0, 0.0, 0.05263157933950424]",0,3
8,ulsan_004732,teacher_forced,-1,19,19,1.0,0.05592105258256197,0.21052631735801697,0.04561403493086497,"[0.21052631735801697, 0.15789473056793213, 0.05263157933950424, 0.10526315867900848, 0.0, 0.05263157933950424, 0.0, 0.05263157933950424, 0.05263157933950424, 0.05263157933950424, 0.0, 0.0, 0.10526315867900848, 0.0, 0.0, 0.05263157933950424]",0,3
8,ulsan_004949,normal_ar,0,33,250,7.575757575757576,0.049242425709962845,0.1818181872367859,0.040404041608174644,"[0.1818181872367859, 0.03030303120613098, 0.09090909361839294, 0.03030303120613098, 0.0, 0.06060606241226196, 0.03030303120613098, 0.09090909361839294, 0.03030303120613098, 0.0, 0.06060606241226196, 0.03030303120613098, 0.06060606241226196, 0.0, 0.03030303120613098, 0.06060606241226196]",0,6
8,ulsan_004949,forced_gt_length,0,33,33,1.0,0.049242425709962845,0.1818181872367859,0.040404041608174644,"[0.1818181872367859, 0.03030303120613098, 0.09090909361839294, 0.03030303120613098, 0.0, 0.06060606241226196, 0.03030303120613098, 0.09090909361839294, 0.03030303120613098, 0.0, 0.06060606241226196, 0.03030303120613098, 0.06060606241226196, 0.0, 0.03030303120613098, 0.06060606241226196]",0,6
8,ulsan_004949,switch_rollout,8,33,33,1.0,0.09090909361839294,0.27272728085517883,0.07878788113594055,"[0.27272728085517883, 0.1515151560306549, 0.1818181872367859, 0.03030303120613098, 0.09090909361839294, 0.06060606241226196, 0.0, 0.12121212482452393, 0.09090909361839294, 0.09090909361839294, 0.06060606241226196, 0.0, 0.06060606241226196, 0.09090909361839294, 0.06060606241226196, 0.09090909361839294]",0,6
8,ulsan_004949,switch_rollout,16,33,33,1.0,0.08522727526724339,0.24242424964904785,0.07474747697512309,"[0.24242424964904785, 0.12121212482452393, 0.1515151560306549, 0.03030303120613098, 0.03030303120613098, 0.12121212482452393, 0.0, 0.12121212482452393, 0.12121212482452393, 0.06060606241226196, 0.06060606241226196, 0.0, 0.06060606241226196, 0.03030303120613098, 0.09090909361839294, 0.12121212482452393]",0,6
8,ulsan_004949,switch_rollout,23,33,33,1.0,0.07765151746571064,0.21212121844291687,0.06868687073389688,"[0.21212121844291687, 0.1515151560306549, 0.12121212482452393, 0.03030303120613098, 0.03030303120613098, 0.12121212482452393, 0.03030303120613098, 0.09090909361839294, 0.06060606241226196, 0.03030303120613098, 0.03030303120613098, 0.09090909361839294, 0.03030303120613098, 0.09090909361839294, 0.06060606241226196, 0.06060606241226196]",0,6
8,ulsan_004949,teacher_forced,-1,33,33,1.0,0.14962121658027172,0.27272728085517883,0.14141414562861124,"[0.27272728085517883, 0.27272728085517883, 0.24242424964904785, 0.09090909361839294, 0.24242424964904785, 0.21212121844291687, 0.1515151560306549, 0.09090909361839294, 0.1818181872367859, 0.12121212482452393, 0.1515151560306549, 0.03030303120613098, 0.06060606241226196, 0.12121212482452393, 0.06060606241226196, 0.09090909361839294]",0,6
8,ulsan_005269,normal_ar,0,47,250,5.319148936170213,0.04654255276545882,0.06382978707551956,0.04539007047812144,"[0.06382978707551956, 0.10638298094272614, 0.06382978707551956, 0.06382978707551956, 0.08510638028383255, 0.042553190141916275, 0.021276595070958138, 0.06382978707551956, 0.06382978707551956, 0.0, 0.021276595070958138, 0.021276595070958138, 0.021276595070958138, 0.06382978707551956, 0.021276595070958138, 0.021276595070958138]",0,3
8,ulsan_005269,forced_gt_length,0,47,47,1.0,0.04654255276545882,0.06382978707551956,0.04539007047812144,"[0.06382978707551956, 0.10638298094272614, 0.06382978707551956, 0.06382978707551956, 0.08510638028383255, 0.042553190141916275, 0.021276595070958138, 0.06382978707551956, 0.06382978707551956, 0.0, 0.021276595070958138, 0.021276595070958138, 0.021276595070958138, 0.06382978707551956, 0.021276595070958138, 0.021276595070958138]",0,3
8,ulsan_005269,switch_rollout,11,47,47,1.0,0.05053191434126347,0.06382978707551956,0.04964538949231307,"[0.06382978707551956, 0.10638298094272614, 0.08510638028383255, 0.06382978707551956, 0.06382978707551956, 0.042553190141916275, 0.042553190141916275, 0.06382978707551956, 0.021276595070958138, 0.042553190141916275, 0.021276595070958138, 0.06382978707551956, 0.0, 0.06382978707551956, 0.021276595070958138, 0.042553190141916275]",0,3
8,ulsan_005269,switch_rollout,23,47,47,1.0,0.05319148884154856,0.08510638028383255,0.051063829412062965,"[0.08510638028383255, 0.10638298094272614, 0.10638298094272614, 0.06382978707551956, 0.042553190141916275, 0.042553190141916275, 0.042553190141916275, 0.06382978707551956, 0.021276595070958138, 0.042553190141916275, 0.021276595070958138, 0.06382978707551956, 0.0, 0.06382978707551956, 0.042553190141916275, 0.042553190141916275]",0,3
8,ulsan_005269,switch_rollout,37,47,47,1.0,0.04654255253262818,0.10638298094272614,0.042553190638621646,"[0.10638298094272614, 0.08510638028383255, 0.08510638028383255, 0.06382978707551956, 0.06382978707551956, 0.042553190141916275, 0.021276595070958138, 0.06382978707551956, 0.021276595070958138, 0.042553190141916275, 0.021276595070958138, 0.06382978707551956, 0.0, 0.021276595070958138, 0.021276595070958138, 0.021276595070958138]",0,3
8,ulsan_005269,teacher_forced,-1,47,47,1.0,0.10239361610729247,0.1702127605676651,0.0978723398099343,"[0.1702127605676651, 0.1702127605676651, 0.12765957415103912, 0.10638298094272614, 0.1702127605676651, 0.06382978707551956, 0.06382978707551956, 0.10638298094272614, 0.12765957415103912, 0.06382978707551956, 0.12765957415103912, 0.06382978707551956, 0.021276595070958138, 0.10638298094272614, 0.08510638028383255, 0.06382978707551956]",0,3
8,ulsan_005455,normal_ar,0,63,250,3.9682539682539684,0.008928571944124997,0.01587301678955555,0.008465608954429627,"[0.01587301678955555, 0.01587301678955555, 0.01587301678955555, 0.0317460335791111, 0.01587301678955555, 0.01587301678955555, 0.01587301678955555, 0.0, 0.0, 0.0, 0.0, 0.0, 0.0, 0.01587301678955555, 0.0, 0.0]",0,1
8,ulsan_005455,forced_gt_length,0,63,63,1.0,0.008928571944124997,0.01587301678955555,0.008465608954429627,"[0.01587301678955555, 0.01587301678955555, 0.01587301678955555, 0.0317460335791111, 0.01587301678955555, 0.01587301678955555, 0.01587301678955555, 0.0, 0.0, 0.0, 0.0, 0.0, 0.0, 0.01587301678955555, 0.0, 0.0]",0,1
8,ulsan_005455,switch_rollout,15,63,63,1.0,0.007936508278362453,0.0476190485060215,0.0052910055965185165,"[0.0476190485060215, 0.0, 0.0, 0.0317460335791111, 0.01587301678955555, 0.01587301678955555, 0.0, 0.0, 0.01587301678955555, 0.0, 0.0, 0.0, 0.0, 0.0, 0.0, 0.0]",0,1
8,ulsan_005455,switch_rollout,31,63,63,1.0,0.012896825792267919,0.095238097012043,0.00740740771094958,"[0.095238097012043, 0.01587301678955555, 0.0, 0.0476190485060215, 0.01587301678955555, 0.01587301678955555, 0.0, 0.0, 0.0, 0.0, 0.01587301678955555, 0.0, 0.0, 0.0, 0.0, 0.0]",0,1
8,ulsan_005455,switch_rollout,53,63,63,1.0,0.01785714377183467,0.1428571492433548,0.009523810073733329,"[0.1428571492433548, 0.0, 0.01587301678955555, 0.0317460335791111, 0.01587301678955555, 0.01587301678955555, 0.0, 0.01587301678955555, 0.01587301678955555, 0.01587301678955555, 0.01587301678955555, 0.0, 0.0, 0.0, 0.0, 0.0]",0,1
8,ulsan_005455,teacher_forced,-1,63,63,1.0,0.0396825410425663,0.1587301641702652,0.03174603283405304,"[0.1587301641702652, 0.0476190485060215, 0.095238097012043, 0.095238097012043, 0.0793650820851326, 0.0317460335791111, 0.01587301678955555, 0.01587301678955555, 0.0, 0.0317460335791111, 0.0317460335791111, 0.01587301678955555, 0.0, 0.01587301678955555, 0.0, 0.0]",0,1
8,ulsan_005763,normal_ar,0,74,250,3.3783783783783785,0.0008445946150459349,0.013513513840734959,0.0,"[0.013513513840734959, 0.0, 0.0, 0.0, 0.0, 0.0, 0.0, 0.0, 0.0, 0.0, 0.0, 0.0, 0.0, 0.0, 0.0, 0.0]",0,1
8,ulsan_005763,forced_gt_length,0,74,74,1.0,0.0008445946150459349,0.013513513840734959,0.0,"[0.013513513840734959, 0.0, 0.0, 0.0, 0.0, 0.0, 0.0, 0.0, 0.0, 0.0, 0.0, 0.0, 0.0, 0.0, 0.0, 0.0]",0,1
8,ulsan_005763,switch_rollout,18,74,74,1.0,0.003378378285560757,0.04054053872823715,0.0009009009227156639,"[0.04054053872823715, 0.0, 0.0, 0.0, 0.0, 0.0, 0.0, 0.0, 0.0, 0.0, 0.0, 0.0, 0.013513513840734959, 0.0, 0.0, 0.0]",0,1
8,ulsan_005763,switch_rollout,37,74,74,1.0,0.006756756571121514,0.0810810774564743,0.0018018018454313278,"[0.0810810774564743, 0.013513513840734959, 0.0, 0.0, 0.0, 0.0, 0.0, 0.0, 0.0, 0.0, 0.0, 0.0, 0.013513513840734959, 0.0, 0.0, 0.0]",0,1
8,ulsan_005763,switch_rollout,64,74,74,1.0,0.010979729937389493,0.12162162363529205,0.0036036036908626556,"[0.12162162363529205, 0.013513513840734959, 0.0, 0.013513513840734959, 0.0, 0.0, 0.0, 0.0, 0.0, 0.0, 0.0, 0.0, 0.013513513840734959, 0.0, 0.013513513840734959, 0.0]",0,1
8,ulsan_005763,teacher_forced,-1,74,74,1.0,0.02618243236793205,0.1621621549129486,0.017117117531597614,"[0.1621621549129486, 0.054054055362939835, 0.027027027681469917, 0.027027027681469917, 0.027027027681469917, 0.027027027681469917, 0.027027027681469917, 0.013513513840734959, 0.013513513840734959, 0.0, 0.0, 0.013513513840734959, 0.013513513840734959, 0.013513513840734959, 0.0, 0.0]",0,1
8,ulsan_006016,normal_ar,0,26,250,9.615384615384615,0.012019231216982007,0.03846153989434242,0.010256410638491312,"[0.03846153989434242, 0.0, 0.0, 0.1538461595773697, 0.0, 0.0, 0.0, 0.0, 0.0, 0.0, 0.0, 0.0, 0.0, 0.0, 0.0, 0.0]",0,1
8,ulsan_006016,forced_gt_length,0,26,26,1.0,0.012019231216982007,0.03846153989434242,0.010256410638491312,"[0.03846153989434242, 0.0, 0.0, 0.1538461595773697, 0.0, 0.0, 0.0, 0.0, 0.0, 0.0, 0.0, 0.0, 0.0, 0.0, 0.0, 0.0]",0,1
8,ulsan_006016,switch_rollout,6,26,26,1.0,0.014423077227547765,0.03846153989434242,0.012820513049761454,"[0.03846153989434242, 0.03846153989434242, 0.0, 0.11538461595773697, 0.0, 0.0, 0.0, 0.0, 0.0, 0.0, 0.0, 0.03846153989434242, 0.0, 0.0, 0.0, 0.0]",0,1
8,ulsan_006016,switch_rollout,13,26,26,1.0,0.026442308677360415,0.1538461595773697,0.017948718617359798,"[0.1538461595773697, 0.03846153989434242, 0.03846153989434242, 0.03846153989434242, 0.03846153989434242, 0.0, 0.0, 0.0, 0.03846153989434242, 0.0, 0.0, 0.03846153989434242, 0.0, 0.0, 0.03846153989434242, 0.0]",0,1
8,ulsan_006016,switch_rollout,16,26,26,1.0,0.028846154920756817,0.1538461595773697,0.020512821276982625,"[0.1538461595773697, 0.03846153989434242, 0.0, 0.03846153989434242, 0.03846153989434242, 0.0, 0.0, 0.0, 0.03846153989434242, 0.0, 0.03846153989434242, 0.03846153989434242, 0.0, 0.03846153989434242, 0.03846153989434242, 0.0]",0,1
8,ulsan_006016,teacher_forced,-1,26,26,1.0,0.05769231007434428,0.26923078298568726,0.04358974521358808,"[0.26923078298568726, 0.03846153989434242, 0.07692307978868484, 0.1538461595773697, 0.03846153989434242, 0.03846153989434242, 0.03846153989434242, 0.03846153989434242, 0.07692307978868484, 0.03846153989434242, 0.0, 0.03846153989434242, 0.0, 0.03846153989434242, 0.03846153989434242, 0.0]",0,1
8,ulsan_006276,normal_ar,0,23,32,1.391304347826087,0.0,0.0,0.0,"[0.0, 0.0, 0.0, 0.0, 0.0, 0.0, 0.0, 0.0, 0.0, 0.0, 0.0, 0.0, 0.0, 0.0, 0.0, 0.0]",0,0
8,ulsan_006276,forced_gt_length,0,23,23,1.0,0.0,0.0,0.0,"[0.0, 0.0, 0.0, 0.0, 0.0, 0.0, 0.0, 0.0, 0.0, 0.0, 0.0, 0.0, 0.0, 0.0, 0.0, 0.0]",0,0
8,ulsan_006276,switch_rollout,5,23,23,1.0,0.005434782709926367,0.043478261679410934,0.002898550778627396,"[0.043478261679410934, 0.0, 0.0, 0.0, 0.0, 0.0, 0.0, 0.0, 0.0, 0.0, 0.0, 0.0, 0.043478261679410934, 0.0, 0.0, 0.0]",0,0
8,ulsan_006276,switch_rollout,11,23,23,1.0,0.01086956518702209,0.1304347813129425,0.002898550778627396,"[0.1304347813129425, 0.0, 0.0, 0.0, 0.0, 0.043478261679410934, 0.0, 0.0, 0.0, 0.0, 0.0, 0.0, 0.0, 0.0, 0.0, 0.0]",0,0
8,ulsan_006276,switch_rollout,13,23,23,1.0,0.00815217406488955,0.043478261679410934,0.005797101557254792,"[0.043478261679410934, 0.0, 0.043478261679410934, 0.0, 0.0, 0.043478261679410934, 0.0, 0.0, 0.0, 0.0, 0.0, 0.0, 0.0, 0.0, 0.0, 0.0]",0,0
8,ulsan_006276,teacher_forced,-1,23,23,1.0,0.03804347850382328,0.1304347813129425,0.03188405831654866,"[0.1304347813129425, 0.0, 0.1304347813129425, 0.0, 0.043478261679410934, 0.043478261679410934, 0.043478261679410934, 0.043478261679410934, 0.0, 0.08695652335882187, 0.0, 0.0, 0.0, 0.043478261679410934, 0.0, 0.043478261679410934]",0,0
8,ulsan_006489,normal_ar,0,55,250,4.545454545454546,0.0056818180019035935,0.036363635212183,0.0036363635212183,"[0.036363635212183, 0.0, 0.0, 0.0181818176060915, 0.0181818176060915, 0.0181818176060915, 0.0, 0.0, 0.0, 0.0, 0.0, 0.0, 0.0, 0.0, 0.0, 0.0]",0,2
8,ulsan_006489,forced_gt_length,0,55,55,1.0,0.0056818180019035935,0.036363635212183,0.0036363635212183,"[0.036363635212183, 0.0, 0.0, 0.0181818176060915, 0.0181818176060915, 0.0181818176060915, 0.0, 0.0, 0.0, 0.0, 0.0, 0.0, 0.0, 0.0, 0.0, 0.0]",0,2
8,ulsan_006489,switch_rollout,13,55,55,1.0,0.01022727251984179,0.05454545468091965,0.0072727270424366,"[0.05454545468091965, 0.0181818176060915, 0.0, 0.0, 0.0181818176060915, 0.0181818176060915, 0.0, 0.0, 0.0181818176060915, 0.0, 0.0, 0.0, 0.0, 0.0, 0.0181818176060915, 0.0181818176060915]",0,2
8,ulsan_006489,switch_rollout,27,55,55,1.0,0.01590909087099135,0.09090909361839294,0.010909090687831243,"[0.09090909361839294, 0.05454545468091965, 0.0181818176060915, 0.0, 0.0181818176060915, 0.0181818176060915, 0.0, 0.0, 0.0181818176060915, 0.0, 0.0, 0.0, 0.0, 0.0, 0.0181818176060915, 0.0181818176060915]",0,2
8,ulsan_006489,switch_rollout,45,55,55,1.0,0.024999999557621777,0.1090909093618393,0.019393938904007275,"[0.1090909093618393, 0.072727270424366, 0.0181818176060915, 0.036363635212183, 0.0181818176060915, 0.05454545468091965, 0.0, 0.0, 0.036363635212183, 0.0181818176060915, 0.0, 0.0, 0.0, 0.0, 0.0181818176060915, 0.0181818176060915]",0,2
8,ulsan_006489,teacher_forced,-1,55,55,1.0,0.03181818162556738,0.1090909093618393,0.02666666644314925,"[0.1090909093618393, 0.05454545468091965, 0.036363635212183, 0.05454545468091965, 0.0181818176060915, 0.05454545468091965, 0.036363635212183, 0.0181818176060915, 0.05454545468091965, 0.0, 0.05454545468091965, 0.0, 0.0, 0.0, 0.0, 0.0181818176060915]",0,2
8,ulsan_006709,normal_ar,0,68,250,3.676470588235294,0.018382353067863733,0.014705882407724857,0.01862745111187299,"[0.014705882407724857, 0.0, 0.014705882407724857, 0.05882352963089943, 0.04411764815449715, 0.014705882407724857, 0.029411764815449715, 0.014705882407724857, 0.014705882407724857, 0.029411764815449715, 0.014705882407724857, 0.014705882407724857, 0.0, 0.0, 0.029411764815449715, 0.0]",0,1
8,ulsan_006709,forced_gt_length,0,68,68,1.0,0.018382353067863733,0.014705882407724857,0.01862745111187299,"[0.014705882407724857, 0.0, 0.014705882407724857, 0.05882352963089943, 0.04411764815449715, 0.014705882407724857, 0.029411764815449715, 0.014705882407724857, 0.014705882407724857, 0.029411764815449715, 0.014705882407724857, 0.014705882407724857, 0.0, 0.0, 0.029411764815449715, 0.0]",0,1
8,ulsan_006709,switch_rollout,17,68,68,1.0,0.012867647281382233,0.07352941483259201,0.008823529444634914,"[0.07352941483259201, 0.029411764815449715, 0.0, 0.0, 0.014705882407724857, 0.0, 0.0, 0.014705882407724857, 0.014705882407724857, 0.014705882407724857, 0.0, 0.014705882407724857, 0.014705882407724857, 0.0, 0.0, 0.014705882407724857]",0,2
8,ulsan_006709,switch_rollout,34,68,68,1.0,0.03676470648497343,0.1617647111415863,0.02843137284119924,"[0.1617647111415863, 0.0882352963089943, 0.05882352963089943, 0.029411764815449715, 0.029411764815449715, 0.014705882407724857, 0.014705882407724857, 0.029411764815449715, 0.029411764815449715, 0.014705882407724857, 0.014705882407724857, 0.014705882407724857, 0.014705882407724857, 0.0, 0.04411764815449715, 0.029411764815449715]",0,2
8,ulsan_006709,switch_rollout,58,68,68,1.0,0.03952205932000652,0.19117647409439087,0.02941176500171423,"[0.19117647409439087, 0.0882352963089943, 0.05882352963089943, 0.029411764815449715, 0.029411764815449715, 0.014705882407724857, 0.014705882407724857, 0.029411764815449715, 0.029411764815449715, 0.014705882407724857, 0.029411764815449715, 0.014705882407724857, 0.014705882407724857, 0.0, 0.04411764815449715, 0.029411764815449715]",0,2
8,ulsan_006709,teacher_forced,-1,68,68,1.0,0.0698529431829229,0.20588235557079315,0.060784315690398216,"[0.20588235557079315, 0.14705882966518402, 0.13235294818878174, 0.0882352963089943, 0.07352941483259201, 0.07352941483259201, 0.07352941483259201, 0.10294117778539658, 0.029411764815449715, 0.04411764815449715, 0.04411764815449715, 0.029411764815449715, 0.0, 0.0, 0.04411764815449715, 0.029411764815449715]",0,2
8,ulsan_006954,normal_ar,0,30,250,8.333333333333334,0.008333333767950535,0.03333333507180214,0.006666667014360428,"[0.03333333507180214, 0.0, 0.03333333507180214, 0.0, 0.0, 0.0, 0.03333333507180214, 0.03333333507180214, 0.0, 0.0, 0.0, 0.0, 0.0, 0.0, 0.0, 0.0]",0,1
8,ulsan_006954,forced_gt_length,0,30,30,1.0,0.008333333767950535,0.03333333507180214,0.006666667014360428,"[0.03333333507180214, 0.0, 0.03333333507180214, 0.0, 0.0, 0.0, 0.03333333507180214, 0.03333333507180214, 0.0, 0.0, 0.0, 0.0, 0.0, 0.0, 0.0, 0.0]",0,1
8,ulsan_006954,switch_rollout,7,30,30,1.0,0.018750000977888703,0.13333334028720856,0.011111111690600714,"[0.13333334028720856, 0.06666667014360428, 0.03333333507180214, 0.0, 0.0, 0.0, 0.03333333507180214, 0.03333333507180214, 0.0, 0.0, 0.0, 0.0, 0.0, 0.0, 0.0, 0.0]",0,1
8,ulsan_006954,switch_rollout,15,30,30,1.0,0.01666666753590107,0.13333334028720856,0.008888889352480571,"[0.13333334028720856, 0.0, 0.03333333507180214, 0.0, 0.0, 0.0, 0.03333333507180214, 0.03333333507180214, 0.0, 0.0, 0.0, 0.0, 0.0, 0.0, 0.03333333507180214, 0.0]",0,1
8,ulsan_006954,switch_rollout,20,30,30,1.0,0.01666666753590107,0.13333334028720856,0.008888889352480571,"[0.13333334028720856, 0.0, 0.03333333507180214, 0.0, 0.0, 0.0, 0.03333333507180214, 0.03333333507180214, 0.0, 0.0, 0.0, 0.0, 0.0, 0.0, 0.03333333507180214, 0.0]",0,1
8,ulsan_006954,teacher_forced,-1,30,30,1.0,0.05000000214204192,0.1666666716337204,0.04222222417593002,"[0.1666666716337204, 0.13333334028720856, 0.13333334028720856, 0.10000000149011612, 0.03333333507180214, 0.0, 0.03333333507180214, 0.06666667014360428, 0.06666667014360428, 0.03333333507180214, 0.0, 0.0, 0.0, 0.03333333507180214, 0.0, 0.0]",0,1
8,ulsan_007289,normal_ar,0,97,250,2.577319587628866,0.012886597774922848,0.010309278033673763,0.01305841909100612,"[0.010309278033673763, 0.010309278033673763, 0.020618556067347527, 0.030927835032343864, 0.0, 0.0, 0.030927835032343864, 0.020618556067347527, 0.0, 0.0, 0.0, 0.010309278033673763, 0.030927835032343864, 0.0, 0.030927835032343864, 0.010309278033673763]",0,1
8,ulsan_007289,forced_gt_length,0,97,97,1.0,0.012886597774922848,0.010309278033673763,0.01305841909100612,"[0.010309278033673763, 0.010309278033673763, 0.020618556067347527, 0.030927835032343864, 0.0, 0.0, 0.030927835032343864, 0.020618556067347527, 0.0, 0.0, 0.0, 0.010309278033673763, 0.030927835032343864, 0.0, 0.030927835032343864, 0.010309278033673763]",0,1
8,ulsan_007289,switch_rollout,24,97,97,1.0,0.013530927535612136,0.05154639109969139,0.010996563298006853,"[0.05154639109969139, 0.010309278033673763, 0.020618556067347527, 0.010309278033673763, 0.030927835032343864, 0.010309278033673763, 0.010309278033673763, 0.010309278033673763, 0.010309278033673763, 0.0, 0.020618556067347527, 0.0, 0.020618556067347527, 0.0, 0.0, 0.010309278033673763]",0,1
8,ulsan_007289,switch_rollout,48,97,97,1.0,0.01739690685644746,0.09278350323438644,0.012371133764584858,"[0.09278350323438644, 0.010309278033673763, 0.020618556067347527, 0.010309278033673763, 0.030927835032343864, 0.0, 0.010309278033673763, 0.010309278033673763, 0.010309278033673763, 0.010309278033673763, 0.020618556067347527, 0.0, 0.0, 0.030927835032343864, 0.0, 0.020618556067347527]",0,1
8,ulsan_007289,switch_rollout,87,97,97,1.0,0.022551545698661357,0.14432989060878754,0.014432989371319612,"[0.14432989060878754, 0.0, 0.030927835032343864, 0.020618556067347527, 0.020618556067347527, 0.0, 0.010309278033673763, 0.010309278033673763, 0.0, 0.010309278033673763, 0.030927835032343864, 0.010309278033673763, 0.020618556067347527, 0.010309278033673763, 0.020618556067347527, 0.020618556067347527]",0,1
8,ulsan_007289,teacher_forced,-1,97,97,1.0,0.040592782432213426,0.1649484485387802,0.03230240469177564,"[0.1649484485387802, 0.04123711213469505, 0.07216494530439377, 0.0824742242693901, 0.06185567006468773, 0.020618556067347527, 0.04123711213469505, 0.030927835032343864, 0.030927835032343864, 0.010309278033673763, 0.0, 0.010309278033673763, 0.020618556067347527, 0.010309278033673763, 0.010309278033673763, 0.04123711213469505]",0,1
8,ulsan_007557,normal_ar,0,42,83,1.9761904761904763,0.008928571594879031,0.0476190485060215,0.006349206467469533,"[0.0476190485060215, 0.02380952425301075, 0.02380952425301075, 0.0, 0.0, 0.0, 0.0, 0.0, 0.0, 0.0, 0.02380952425301075, 0.0, 0.0, 0.02380952425301075, 0.0, 0.0]",0,2
8,ulsan_007557,forced_gt_length,0,42,42,1.0,0.008928571594879031,0.0476190485060215,0.006349206467469533,"[0.0476190485060215, 0.02380952425301075, 0.02380952425301075, 0.0, 0.0, 0.0, 0.0, 0.0, 0.0, 0.0, 0.02380952425301075, 0.0, 0.0, 0.02380952425301075, 0.0, 0.0]",0,2
8,ulsan_007557,switch_rollout,10,42,42,1.0,0.014880952658131719,0.095238097012043,0.0095238097012043,"[0.095238097012043, 0.02380952425301075, 0.0, 0.0476190485060215, 0.0, 0.0, 0.0, 0.0476190485060215, 0.0, 0.0, 0.02380952425301075, 0.0, 0.0, 0.0, 0.0, 0.0]",0,4
8,ulsan_007557,switch_rollout,21,42,42,1.0,0.013392857275903225,0.1190476194024086,0.006349206467469533,"[0.1190476194024086, 0.02380952425301075, 0.0, 0.02380952425301075, 0.0, 0.0, 0.0, 0.0, 0.02380952425301075, 0.0, 0.02380952425301075, 0.0, 0.0, 0.0, 0.0, 0.0]",0,4
8,ulsan_007557,switch_rollout,32,42,42,1.0,0.020833333604969084,0.2142857164144516,0.007936508084336916,"[0.2142857164144516, 0.0476190485060215, 0.0, 0.02380952425301075, 0.02380952425301075, 0.0, 0.0, 0.0, 0.0, 0.0, 0.02380952425301075, 0.0, 0.0, 0.0, 0.0, 0.0]",0,4
8,ulsan_007557,teacher_forced,-1,42,42,1.0,0.050595239736139774,0.2857142984867096,0.03492063581943512,"[0.2857142984867096, 0.095238097012043, 0.095238097012043, 0.0476190485060215, 0.02380952425301075, 0.0714285746216774, 0.02380952425301075, 0.02380952425301075, 0.0714285746216774, 0.02380952425301075, 0.02380952425301075, 0.0, 0.0, 0.02380952425301075, 0.0, 0.0]",0,4
8,ulsan_007895,normal_ar,0,71,250,3.5211267605633805,0.0017605633474886417,0.014084506779909134,0.000938967118660609,"[0.014084506779909134, 0.0, 0.0, 0.014084506779909134, 0.0, 0.0, 0.0, 0.0, 0.0, 0.0, 0.0, 0.0, 0.0, 0.0, 0.0, 0.0]",0,1
8,ulsan_007895,forced_gt_length,0,71,71,1.0,0.0017605633474886417,0.014084506779909134,0.000938967118660609,"[0.014084506779909134, 0.0, 0.0, 0.014084506779909134, 0.0, 0.0, 0.0, 0.0, 0.0, 0.0, 0.0, 0.0, 0.0, 0.0, 0.0, 0.0]",0,1
8,ulsan_007895,switch_rollout,17,71,71,1.0,0.01056338008493185,0.056338027119636536,0.007511736949284872,"[0.056338027119636536, 0.0, 0.014084506779909134, 0.014084506779909134, 0.014084506779909134, 0.0, 0.0, 0.014084506779909134, 0.014084506779909134, 0.014084506779909134, 0.0, 0.0, 0.0, 0.0, 0.014084506779909134, 0.014084506779909134]",0,2
8,ulsan_007895,switch_rollout,35,71,71,1.0,0.015845070593059063,0.07042253762483597,0.012206572790940602,"[0.07042253762483597, 0.07042253762483597, 0.014084506779909134, 0.028169013559818268, 0.014084506779909134, 0.0, 0.014084506779909134, 0.014084506779909134, 0.014084506779909134, 0.014084506779909134, 0.0, 0.0, 0.0, 0.0, 0.0, 0.0]",0,2
8,ulsan_007895,switch_rollout,61,71,71,1.0,0.017605633474886417,0.056338027119636536,0.015023473898569744,"[0.056338027119636536, 0.0845070406794548, 0.014084506779909134, 0.014084506779909134, 0.014084506779909134, 0.0, 0.028169013559818268, 0.014084506779909134, 0.014084506779909134, 0.014084506779909134, 0.0, 0.014084506779909134, 0.0, 0.0, 0.014084506779909134, 0.0]",0,2
8,ulsan_007895,teacher_forced,-1,71,71,1.0,0.029049295000731945,0.0845070406794548,0.025352111955483755,"[0.0845070406794548, 0.1267605572938919, 0.0422535203397274, 0.0422535203397274, 0.028169013559818268, 0.0, 0.028169013559818268, 0.028169013559818268, 0.014084506779909134, 0.014084506779909134, 0.0, 0.0, 0.0, 0.028169013559818268, 0.014084506779909134, 0.014084506779909134]",0,2
8,ulsan_008256,normal_ar,0,58,250,4.310344827586207,0.033405172755010426,0.1034482792019844,0.02873563232521216,"[0.1034482792019844, 0.06896551698446274, 0.03448275849223137, 0.03448275849223137, 0.0, 0.0, 0.0, 0.03448275849223137, 0.017241379246115685, 0.0, 0.017241379246115685, 0.017241379246115685, 0.08620689809322357, 0.0, 0.08620689809322357, 0.03448275849223137]",0,6
8,ulsan_008256,forced_gt_length,0,58,58,1.0,0.033405172755010426,0.1034482792019844,0.02873563232521216,"[0.1034482792019844, 0.06896551698446274, 0.03448275849223137, 0.03448275849223137, 0.0, 0.0, 0.0, 0.03448275849223137, 0.017241379246115685, 0.0, 0.017241379246115685, 0.017241379246115685, 0.08620689809322357, 0.0, 0.08620689809322357, 0.03448275849223137]",0,6
8,ulsan_008256,switch_rollout,14,58,58,1.0,0.043103448930196464,0.1034482792019844,0.0390804602454106,"[0.1034482792019844, 0.06896551698446274, 0.0517241396009922, 0.0, 0.03448275849223137, 0.06896551698446274, 0.06896551698446274, 0.0517241396009922, 0.017241379246115685, 0.03448275849223137, 0.017241379246115685, 0.017241379246115685, 0.0517241396009922, 0.0, 0.0517241396009922, 0.0517241396009922]",0,6
8,ulsan_008256,switch_rollout,29,58,58,1.0,0.04633620718959719,0.17241379618644714,0.03793103458980719,"[0.17241379618644714, 0.06896551698446274, 0.03448275849223137, 0.017241379246115685, 0.03448275849223137, 0.0517241396009922, 0.06896551698446274, 0.03448275849223137, 0.017241379246115685, 0.03448275849223137, 0.03448275849223137, 0.017241379246115685, 0.06896551698446274, 0.0, 0.03448275849223137, 0.0517241396009922]",0,6
8,ulsan_008256,switch_rollout,48,58,58,1.0,0.06465517310425639,0.22413793206214905,0.05402298917373021,"[0.22413793206214905, 0.12068965286016464, 0.0517241396009922, 0.03448275849223137, 0.0517241396009922, 0.08620689809322357, 0.08620689809322357, 0.03448275849223137, 0.0517241396009922, 0.0517241396009922, 0.03448275849223137, 0.03448275849223137, 0.0517241396009922, 0.0, 0.0517241396009922, 0.06896551698446274]",0,6
8,ulsan_008256,teacher_forced,-1,58,58,1.0,0.09267241402994841,0.27586206793785095,0.08045977043608825,"[0.27586206793785095, 0.13793103396892548, 0.0517241396009922, 0.1034482792019844, 0.13793103396892548, 0.12068965286016464, 0.12068965286016464, 0.08620689809322357, 0.06896551698446274, 0.0517241396009922, 0.03448275849223137, 0.017241379246115685, 0.08620689809322357, 0.0517241396009922, 0.06896551698446274, 0.06896551698446274]",0,6
8,ulsan_008528,normal_ar,0,30,250,8.333333333333334,0.004166666883975267,0.03333333507180214,0.002222222338120143,"[0.03333333507180214, 0.0, 0.0, 0.0, 0.0, 0.0, 0.0, 0.0, 0.0, 0.0, 0.0, 0.03333333507180214, 0.0, 0.0, 0.0, 0.0]",0,1
8,ulsan_008528,forced_gt_length,0,30,30,1.0,0.004166666883975267,0.03333333507180214,0.002222222338120143,"[0.03333333507180214, 0.0, 0.0, 0.0, 0.0, 0.0, 0.0, 0.0, 0.0, 0.0, 0.0, 0.03333333507180214, 0.0, 0.0, 0.0, 0.0]",0,1
8,ulsan_008528,switch_rollout,7,30,30,1.0,0.010416667209938169,0.03333333507180214,0.008888889352480571,"[0.03333333507180214, 0.03333333507180214, 0.0, 0.0, 0.03333333507180214, 0.0, 0.0, 0.03333333507180214, 0.0, 0.0, 0.0, 0.03333333507180214, 0.0, 0.0, 0.0, 0.0]",0,1
8,ulsan_008528,switch_rollout,15,30,30,1.0,0.008333333767950535,0.03333333507180214,0.006666667014360428,"[0.03333333507180214, 0.0, 0.03333333507180214, 0.0, 0.0, 0.0, 0.0, 0.0, 0.0, 0.0, 0.0, 0.06666667014360428, 0.0, 0.0, 0.0, 0.0]",0,1
8,ulsan_008528,switch_rollout,20,30,30,1.0,0.008333333767950535,0.03333333507180214,0.006666667014360428,"[0.03333333507180214, 0.0, 0.03333333507180214, 0.0, 0.0, 0.0, 0.0, 0.0, 0.0, 0.0, 0.0, 0.06666667014360428, 0.0, 0.0, 0.0, 0.0]",0,1
8,ulsan_008528,teacher_forced,-1,30,30,1.0,0.03958333539776504,0.13333334028720856,0.03333333507180214,"[0.13333334028720856, 0.13333334028720856, 0.06666667014360428, 0.03333333507180214, 0.03333333507180214, 0.03333333507180214, 0.06666667014360428, 0.06666667014360428, 0.0, 0.03333333507180214, 0.0, 0.0, 0.0, 0.03333333507180214, 0.0, 0.0]",0,1
8,ulsan_008768,normal_ar,0,52,250,4.8076923076923075,0.04807692440226674,0.01923076994717121,0.050000001365939774,"[0.01923076994717121, 0.01923076994717121, 0.0, 0.03846153989434242, 0.11538461595773697, 0.057692307978868484, 0.01923076994717121, 0.03846153989434242, 0.07692307978868484, 0.07692307978868484, 0.057692307978868484, 0.01923076994717121, 0.13461539149284363, 0.0, 0.03846153989434242, 0.057692307978868484]",0,1
8,ulsan_008768,forced_gt_length,0,52,52,1.0,0.04807692440226674,0.01923076994717121,0.050000001365939774,"[0.01923076994717121, 0.01923076994717121, 0.0, 0.03846153989434242, 0.11538461595773697, 0.057692307978868484, 0.01923076994717121, 0.03846153989434242, 0.07692307978868484, 0.07692307978868484, 0.057692307978868484, 0.01923076994717121, 0.13461539149284363, 0.0, 0.03846153989434242, 0.057692307978868484]",0,1
8,ulsan_008768,switch_rollout,13,52,52,1.0,0.05889423203188926,0.07692307978868484,0.057692308848102884,"[0.07692307978868484, 0.01923076994717121, 0.01923076994717121, 0.0, 0.11538461595773697, 0.057692307978868484, 0.09615384787321091, 0.057692307978868484, 0.057692307978868484, 0.07692307978868484, 0.057692307978868484, 0.01923076994717121, 0.13461539149284363, 0.03846153989434242, 0.057692307978868484, 0.057692307978868484]",0,1
8,ulsan_008768,switch_rollout,26,52,52,1.0,0.01442307757679373,0.13461539149284363,0.006410256649057071,"[0.13461539149284363, 0.01923076994717121, 0.01923076994717121, 0.0, 0.01923076994717121, 0.0, 0.0, 0.0, 0.01923076994717121, 0.0, 0.0, 0.0, 0.0, 0.01923076994717121, 0.0, 0.0]",0,1
8,ulsan_008768,switch_rollout,42,52,52,1.0,0.02163461607415229,0.1538461595773697,0.012820513173937797,"[0.1538461595773697, 0.03846153989434242, 0.01923076994717121, 0.0, 0.01923076994717121, 0.01923076994717121, 0.057692307978868484, 0.0, 0.01923076994717121, 0.0, 0.0, 0.0, 0.0, 0.01923076994717121, 0.0, 0.0]",0,1
8,ulsan_008768,teacher_forced,-1,52,52,1.0,0.10456730995792896,0.21153846383094788,0.0974358996997277,"[0.21153846383094788, 0.13461539149284363, 0.1538461595773697, 0.11538461595773697, 0.09615384787321091, 0.09615384787321091, 0.09615384787321091, 0.11538461595773697, 0.11538461595773697, 0.07692307978868484, 0.11538461595773697, 0.057692307978868484, 0.13461539149284363, 0.057692307978868484, 0.01923076994717121, 0.07692307978868484]",0,1
8,ulsan_009058,normal_ar,0,72,250,3.4722222222222223,0.08072916738456115,0.0833333358168602,0.08055555615574121,"[0.0833333358168602, 0.0972222238779068, 0.0833333358168602, 0.02777777798473835, 0.013888888992369175, 0.1111111119389534, 0.0416666679084301, 0.0555555559694767, 0.0833333358168602, 0.0555555559694767, 0.1111111119389534, 0.0416666679084301, 0.0972222238779068, 0.0555555559694767, 0.2083333283662796, 0.125]",0,6
8,ulsan_009058,forced_gt_length,0,72,72,1.0,0.08072916738456115,0.0833333358168602,0.08055555615574121,"[0.0833333358168602, 0.0972222238779068, 0.0833333358168602, 0.02777777798473835, 0.013888888992369175, 0.1111111119389534, 0.0416666679084301, 0.0555555559694767, 0.0833333358168602, 0.0555555559694767, 0.1111111119389534, 0.0416666679084301, 0.0972222238779068, 0.0555555559694767, 0.2083333283662796, 0.125]",0,6
8,ulsan_009058,switch_rollout,18,72,72,1.0,0.11197916883975267,0.125,0.11111111342906951,"[0.125, 0.1388888955116272, 0.1388888955116272, 0.125, 0.0694444477558136, 0.0972222238779068, 0.125, 0.0972222238779068, 0.0833333358168602, 0.0972222238779068, 0.125, 0.0694444477558136, 0.0972222238779068, 0.0833333358168602, 0.1944444477558136, 0.125]",0,6
8,ulsan_009058,switch_rollout,36,72,72,1.0,0.11631944659166038,0.1805555522441864,0.11203703954815865,"[0.1805555522441864, 0.1805555522441864, 0.1388888955116272, 0.1111111119389534, 0.0694444477558136, 0.0555555559694767, 0.1111111119389534, 0.1388888955116272, 0.0694444477558136, 0.0972222238779068, 0.125, 0.0694444477558136, 0.0972222238779068, 0.0833333358168602, 0.1944444477558136, 0.1388888955116272]",0,6
8,ulsan_009058,switch_rollout,62,72,72,1.0,0.1276041662786156,0.2361111044883728,0.12037037039796511,"[0.2361111044883728, 0.2361111044883728, 0.1527777761220932, 0.1805555522441864, 0.0972222238779068, 0.0972222238779068, 0.0972222238779068, 0.125, 0.1111111119389534, 0.0555555559694767, 0.1111111119389534, 0.0694444477558136, 0.0972222238779068, 0.0972222238779068, 0.1805555522441864, 0.0972222238779068]",0,6
8,ulsan_009058,teacher_forced,-1,72,72,1.0,0.1727430559694767,0.3055555522441864,0.1638888895511627,"[0.3055555522441864, 0.25, 0.2361111044883728, 0.2222222238779068, 0.1111111119389534, 0.1805555522441864, 0.1944444477558136, 0.125, 0.125, 0.1388888955116272, 0.1527777761220932, 0.0972222238779068, 0.125, 0.1111111119389534, 0.1944444477558136, 0.1944444477558136]",0,6
8,ulsan_009300,normal_ar,0,37,154,4.162162162162162,0.07939188950695097,0.1621621549129486,0.07387387181321779,"[0.1621621549129486, 0.027027027681469917, 0.0, 0.0, 0.027027027681469917, 0.1621621549129486, 0.027027027681469917, 0.13513512909412384, 0.054054055362939835, 0.054054055362939835, 0.0810810774564743, 0.054054055362939835, 0.1621621549129486, 0.13513512909412384, 0.027027027681469917, 0.1621621549129486]",0,6
8,ulsan_009300,forced_gt_length,0,37,37,1.0,0.07939188950695097,0.1621621549129486,0.07387387181321779,"[0.1621621549129486, 0.027027027681469917, 0.0, 0.0, 0.027027027681469917, 0.1621621549129486, 0.027027027681469917, 0.13513512909412384, 0.054054055362939835, 0.054054055362939835, 0.0810810774564743, 0.054054055362939835, 0.1621621549129486, 0.13513512909412384, 0.027027027681469917, 0.1621621549129486]",0,6
8,ulsan_009300,switch_rollout,9,37,37,1.0,0.13175675575621426,0.18918919563293457,0.12792792643109957,"[0.18918919563293457, 0.21621622145175934, 0.13513512909412384, 0.10810811072587967, 0.0810810774564743, 0.13513512909412384, 0.18918919563293457, 0.13513512909412384, 0.10810811072587967, 0.054054055362939835, 0.1621621549129486, 0.0810810774564743, 0.1621621549129486, 0.13513512909412384, 0.10810811072587967, 0.10810811072587967]",0,6
8,ulsan_009300,switch_rollout,18,37,37,1.0,0.0929054053267464,0.2432432472705841,0.08288288253049056,"[0.2432432472705841, 0.13513512909412384, 0.13513512909412384, 0.054054055362939835, 0.054054055362939835, 0.10810811072587967, 0.10810811072587967, 0.0810810774564743, 0.054054055362939835, 0.027027027681469917, 0.0810810774564743, 0.054054055362939835, 0.0810810774564743, 0.10810811072587967, 0.10810811072587967, 0.054054055362939835]",0,6
8,ulsan_009300,switch_rollout,27,37,37,1.0,0.09459459350910038,0.2702702581882477,0.08288288253049056,"[0.2702702581882477, 0.13513512909412384, 0.13513512909412384, 0.054054055362939835, 0.054054055362939835, 0.10810811072587967, 0.10810811072587967, 0.0810810774564743, 0.054054055362939835, 0.027027027681469917, 0.0810810774564743, 0.054054055362939835, 0.0810810774564743, 0.10810811072587967, 0.10810811072587967, 0.054054055362939835]",0,6
8,ulsan_009300,teacher_forced,-1,37,37,1.0,0.22466216422617435,0.37837839126586914,0.21441441575686138,"[0.37837839126586914, 0.21621622145175934, 0.3243243098258972, 0.18918919563293457, 0.1621621549129486, 0.18918919563293457, 0.21621622145175934, 0.2432432472705841, 0.2432432472705841, 0.1621621549129486, 0.2702702581882477, 0.18918919563293457, 0.18918919563293457, 0.18918919563293457, 0.18918919563293457, 0.2432432472705841]",0,6
8,ulsan_009553,normal_ar,0,69,250,3.6231884057971016,0.006340579828247428,0.014492753893136978,0.005797101557254792,"[0.014492753893136978, 0.014492753893136978, 0.0, 0.0, 0.0, 0.014492753893136978, 0.014492753893136978, 0.0, 0.0, 0.014492753893136978, 0.014492753893136978, 0.0, 0.014492753893136978, 0.0, 0.0, 0.0]",0,1
8,ulsan_009553,forced_gt_length,0,69,69,1.0,0.006340579828247428,0.014492753893136978,0.005797101557254792,"[0.014492753893136978, 0.014492753893136978, 0.0, 0.0, 0.0, 0.014492753893136978, 0.014492753893136978, 0.0, 0.0, 0.014492753893136978, 0.014492753893136978, 0.0, 0.014492753893136978, 0.0, 0.0, 0.0]",0,1
8,ulsan_009553,switch_rollout,17,69,69,1.0,0.007246376946568489,0.014492753893136978,0.00676328515013059,"[0.014492753893136978, 0.014492753893136978, 0.014492753893136978, 0.0, 0.014492753893136978, 0.043478261679410934, 0.0, 0.0, 0.0, 0.0, 0.0, 0.0, 0.014492753893136978, 0.0, 0.0, 0.0]",0,1
8,ulsan_009553,switch_rollout,34,69,69,1.0,0.012681159656494856,0.043478261679410934,0.010628019521633784,"[0.043478261679410934, 0.028985507786273956, 0.028985507786273956, 0.028985507786273956, 0.014492753893136978, 0.043478261679410934, 0.0, 0.0, 0.0, 0.0, 0.0, 0.0, 0.014492753893136978, 0.0, 0.0, 0.0]",0,1
8,ulsan_009553,switch_rollout,59,69,69,1.0,0.011775362538173795,0.05797101557254791,0.008695652335882187,"[0.05797101557254791, 0.014492753893136978, 0.014492753893136978, 0.0, 0.014492753893136978, 0.043478261679410934, 0.0, 0.0, 0.0, 0.0, 0.0, 0.014492753893136978, 0.014492753893136978, 0.0, 0.014492753893136978, 0.0]",0,1
8,ulsan_009553,teacher_forced,-1,69,69,1.0,0.033514492912217975,0.07246376574039459,0.030917874723672866,"[0.07246376574039459, 0.043478261679410934, 0.11594203114509583, 0.07246376574039459, 0.028985507786273956, 0.028985507786273956, 0.014492753893136978, 0.014492753893136978, 0.05797101557254791, 0.028985507786273956, 0.014492753893136978, 0.0, 0.014492753893136978, 0.028985507786273956, 0.0, 0.0]",0,1
8,ulsan_009797,normal_ar,0,45,250,5.555555555555555,0.008333333535119891,0.02222222276031971,0.007407407586773236,"[0.02222222276031971, 0.04444444552063942, 0.0, 0.04444444552063942, 0.0, 0.0, 0.02222222276031971, 0.0, 0.0, 0.0, 0.0, 0.0, 0.0, 0.0, 0.0, 0.0]",0,1
8,ulsan_009797,forced_gt_length,0,45,45,1.0,0.008333333535119891,0.02222222276031971,0.007407407586773236,"[0.02222222276031971, 0.04444444552063942, 0.0, 0.04444444552063942, 0.0, 0.0, 0.02222222276031971, 0.0, 0.0, 0.0, 0.0, 0.0, 0.0, 0.0, 0.0, 0.0]",0,1
8,ulsan_009797,switch_rollout,11,45,45,1.0,0.012500000302679837,0.08888889104127884,0.007407407586773236,"[0.08888889104127884, 0.04444444552063942, 0.0, 0.04444444552063942, 0.0, 0.0, 0.02222222276031971, 0.0, 0.0, 0.0, 0.0, 0.0, 0.0, 0.0, 0.0, 0.0]",0,1
8,ulsan_009797,switch_rollout,22,45,45,1.0,0.015277778264135122,0.15555556118488312,0.0059259260694185896,"[0.15555556118488312, 0.04444444552063942, 0.0, 0.0, 0.02222222276031971, 0.0, 0.02222222276031971, 0.0, 0.0, 0.0, 0.0, 0.0, 0.0, 0.0, 0.0, 0.0]",0,1
8,ulsan_009797,switch_rollout,35,45,45,1.0,0.030555556411854923,0.20000000298023224,0.019259259973963102,"[0.20000000298023224, 0.13333334028720856, 0.0, 0.04444444552063942, 0.02222222276031971, 0.0, 0.02222222276031971, 0.02222222276031971, 0.0, 0.0, 0.0, 0.02222222276031971, 0.0, 0.0, 0.02222222276031971, 0.0]",0,1
8,ulsan_009797,teacher_forced,-1,45,45,1.0,0.0500000009778887,0.24444444477558136,0.037037038058042523,"[0.24444444477558136, 0.13333334028720856, 0.1111111119389534, 0.1111111119389534, 0.06666667014360428, 0.0, 0.02222222276031971, 0.02222222276031971, 0.02222222276031971, 0.02222222276031971, 0.0, 0.0, 0.02222222276031971, 0.0, 0.02222222276031971, 0.0]",0,1
8,ulsan_010053,normal_ar,0,51,250,4.901960784313726,0.06862745247781277,0.0784313753247261,0.06797385762135187,"[0.0784313753247261, 0.0784313753247261, 0.0784313753247261, 0.0784313753247261, 0.09803921729326248, 0.0784313753247261, 0.05882352963089943, 0.03921568766236305, 0.05882352963089943, 0.05882352963089943, 0.05882352963089943, 0.019607843831181526, 0.09803921729326248, 0.0784313753247261, 0.11764705926179886, 0.019607843831181526]",0,4
8,ulsan_010053,forced_gt_length,0,51,51,1.0,0.06862745247781277,0.0784313753247261,0.06797385762135187,"[0.0784313753247261, 0.0784313753247261, 0.0784313753247261, 0.0784313753247261, 0.09803921729326248, 0.0784313753247261, 0.05882352963089943, 0.03921568766236305, 0.05882352963089943, 0.05882352963089943, 0.05882352963089943, 0.019607843831181526, 0.09803921729326248, 0.0784313753247261, 0.11764705926179886, 0.019607843831181526]",0,4
8,ulsan_010053,switch_rollout,12,51,51,1.0,0.07475490355864167,0.0784313753247261,0.07450980544090272,"[0.0784313753247261, 0.0784313753247261, 0.09803921729326248, 0.0784313753247261, 0.03921568766236305, 0.0784313753247261, 0.019607843831181526, 0.0784313753247261, 0.0784313753247261, 0.09803921729326248, 0.05882352963089943, 0.019607843831181526, 0.09803921729326248, 0.05882352963089943, 0.11764705926179886, 0.11764705926179886]",0,4
8,ulsan_010053,switch_rollout,25,51,51,1.0,0.07230392296332866,0.13725490868091583,0.06797385724882285,"[0.13725490868091583, 0.11764705926179886, 0.11764705926179886, 0.09803921729326248, 0.0784313753247261, 0.05882352963089943, 0.03921568766236305, 0.05882352963089943, 0.05882352963089943, 0.05882352963089943, 0.03921568766236305, 0.019607843831181526, 0.05882352963089943, 0.0784313753247261, 0.0784313753247261, 0.05882352963089943]",0,4
8,ulsan_010053,switch_rollout,41,51,51,1.0,0.09313725703395903,0.1568627506494522,0.08888889079292615,"[0.1568627506494522, 0.1568627506494522, 0.1764705926179886, 0.0784313753247261, 0.0784313753247261, 0.05882352963089943, 0.05882352963089943, 0.0784313753247261, 0.09803921729326248, 0.0784313753247261, 0.05882352963089943, 0.05882352963089943, 0.05882352963089943, 0.09803921729326248, 0.0784313753247261, 0.11764705926179886]",0,4
8,ulsan_010053,teacher_forced,-1,51,51,1.0,0.13970588566735387,0.1764705926179886,0.13725490520397823,"[0.1764705926179886, 0.23529411852359772, 0.1764705926179886, 0.09803921729326248, 0.13725490868091583, 0.1568627506494522, 0.13725490868091583, 0.1764705926179886, 0.13725490868091583, 0.11764705926179886, 0.09803921729326248, 0.11764705926179886, 0.09803921729326248, 0.13725490868091583, 0.11764705926179886, 0.11764705926179886]",0,4
8,ulsan_010388,normal_ar,0,32,145,4.53125,0.09375,0.09375,0.09375,"[0.09375, 0.09375, 0.125, 0.09375, 0.09375, 0.125, 0.09375, 0.09375, 0.15625, 0.03125, 0.09375, 0.0625, 0.09375, 0.09375, 0.125, 0.03125]",0,3
8,ulsan_010388,forced_gt_length,0,32,32,1.0,0.09375,0.09375,0.09375,"[0.09375, 0.09375, 0.125, 0.09375, 0.09375, 0.125, 0.09375, 0.09375, 0.15625, 0.03125, 0.09375, 0.0625, 0.09375, 0.09375, 0.125, 0.03125]",0,3
8,ulsan_010388,switch_rollout,8,32,32,1.0,0.1171875,0.125,0.11666666666666667,"[0.125, 0.09375, 0.15625, 0.125, 0.125, 0.125, 0.09375, 0.125, 0.15625, 0.09375, 0.09375, 0.125, 0.09375, 0.09375, 0.15625, 0.09375]",0,3
8,ulsan_010388,switch_rollout,16,32,32,1.0,0.1171875,0.125,0.11666666666666667,"[0.125, 0.09375, 0.15625, 0.125, 0.125, 0.125, 0.09375, 0.125, 0.15625, 0.09375, 0.09375, 0.125, 0.09375, 0.09375, 0.15625, 0.09375]",0,3
8,ulsan_010388,switch_rollout,22,32,32,1.0,0.091796875,0.1875,0.08541666666666667,"[0.1875, 0.09375, 0.125, 0.09375, 0.09375, 0.0625, 0.09375, 0.125, 0.09375, 0.03125, 0.0625, 0.0625, 0.0625, 0.125, 0.125, 0.03125]",0,3
8,ulsan_010388,teacher_forced,-1,32,32,1.0,0.171875,0.375,0.15833333333333333,"[0.375, 0.25, 0.1875, 0.15625, 0.21875, 0.15625, 0.21875, 0.15625, 0.15625, 0.125, 0.09375, 0.125, 0.09375, 0.15625, 0.15625, 0.125]",0,3
8,ulsan_010651,normal_ar,0,38,250,6.578947368421052,0.014802631689235568,0.02631578966975212,0.014035087823867799,"[0.02631578966975212, 0.02631578966975212, 0.0, 0.0, 0.0, 0.02631578966975212, 0.0, 0.0, 0.05263157933950424, 0.0, 0.05263157933950424, 0.0, 0.02631578966975212, 0.0, 0.02631578966975212, 0.0]",0,1
8,ulsan_010651,forced_gt_length,0,38,38,1.0,0.014802631689235568,0.02631578966975212,0.014035087823867799,"[0.02631578966975212, 0.02631578966975212, 0.0, 0.0, 0.0, 0.02631578966975212, 0.0, 0.0, 0.05263157933950424, 0.0, 0.05263157933950424, 0.0, 0.02631578966975212, 0.0, 0.02631578966975212, 0.0]",0,1
8,ulsan_010651,switch_rollout,9,38,38,1.0,0.016447368543595076,0.02631578966975212,0.01578947380185127,"[0.02631578966975212, 0.02631578966975212, 0.0, 0.02631578966975212, 0.0, 0.02631578966975212, 0.0, 0.0, 0.05263157933950424, 0.0, 0.05263157933950424, 0.0, 0.02631578966975212, 0.0, 0.02631578966975212, 0.0]",0,1
8,ulsan_010651,switch_rollout,19,38,38,1.0,0.014802631689235568,0.02631578966975212,0.014035087823867799,"[0.02631578966975212, 0.02631578966975212, 0.0, 0.02631578966975212, 0.0, 0.0, 0.0, 0.02631578966975212, 0.02631578966975212, 0.0, 0.05263157933950424, 0.0, 0.02631578966975212, 0.0, 0.02631578966975212, 0.0]",0,1
8,ulsan_010651,switch_rollout,28,38,38,1.0,0.03125,0.10526315867900848,0.026315789421399435,"[0.10526315867900848, 0.07894736528396606, 0.02631578966975212, 0.02631578966975212, 0.0, 0.02631578966975212, 0.0, 0.05263157933950424, 0.05263157933950424, 0.0, 0.05263157933950424, 0.0, 0.02631578966975212, 0.02631578966975212, 0.02631578966975212, 0.0]",0,1
8,ulsan_010651,teacher_forced,-1,38,38,1.0,0.0592105258256197,0.07894736528396606,0.057894736528396606,"[0.07894736528396606, 0.07894736528396606, 0.07894736528396606, 0.1315789520740509, 0.02631578966975212, 0.05263157933950424, 0.02631578966975212, 0.05263157933950424, 0.07894736528396606, 0.07894736528396606, 0.10526315867900848, 0.02631578966975212, 0.05263157933950424, 0.02631578966975212, 0.02631578966975212, 0.02631578966975212]",0,1
8,ulsan_010943,normal_ar,0,60,250,4.166666666666667,0.04583333514165133,0.05000000074505806,0.04555555743475755,"[0.05000000074505806, 0.06666667014360428, 0.06666667014360428, 0.05000000074505806, 0.03333333507180214, 0.06666667014360428, 0.05000000074505806, 0.06666667014360428, 0.03333333507180214, 0.06666667014360428, 0.03333333507180214, 0.01666666753590107, 0.05000000074505806, 0.03333333507180214, 0.05000000074505806, 0.0]",0,3
8,ulsan_010943,forced_gt_length,0,60,60,1.0,0.04583333514165133,0.05000000074505806,0.04555555743475755,"[0.05000000074505806, 0.06666667014360428, 0.06666667014360428, 0.05000000074505806, 0.03333333507180214, 0.06666667014360428, 0.05000000074505806, 0.06666667014360428, 0.03333333507180214, 0.06666667014360428, 0.03333333507180214, 0.01666666753590107, 0.05000000074505806, 0.03333333507180214, 0.05000000074505806, 0.0]",0,3
8,ulsan_010943,switch_rollout,15,60,60,1.0,0.04687500174622983,0.0833333358168602,0.044444446141521134,"[0.0833333358168602, 0.06666667014360428, 0.05000000074505806, 0.05000000074505806, 0.03333333507180214, 0.06666667014360428, 0.01666666753590107, 0.06666667014360428, 0.05000000074505806, 0.03333333507180214, 0.06666667014360428, 0.03333333507180214, 0.05000000074505806, 0.03333333507180214, 0.05000000074505806, 0.0]",0,3
8,ulsan_010943,switch_rollout,30,60,60,1.0,0.04687500174622983,0.0833333358168602,0.044444446141521134,"[0.0833333358168602, 0.06666667014360428, 0.05000000074505806, 0.05000000074505806, 0.03333333507180214, 0.06666667014360428, 0.01666666753590107, 0.06666667014360428, 0.05000000074505806, 0.03333333507180214, 0.06666667014360428, 0.03333333507180214, 0.05000000074505806, 0.03333333507180214, 0.05000000074505806, 0.0]",0,3
8,ulsan_010943,switch_rollout,50,60,60,1.0,0.04479166807141155,0.11666666716337204,0.04000000146528085,"[0.11666666716337204, 0.05000000074505806, 0.05000000074505806, 0.05000000074505806, 0.01666666753590107, 0.06666667014360428, 0.01666666753590107, 0.06666667014360428, 0.05000000074505806, 0.03333333507180214, 0.06666667014360428, 0.01666666753590107, 0.03333333507180214, 0.03333333507180214, 0.05000000074505806, 0.0]",0,3
8,ulsan_010943,teacher_forced,-1,60,60,1.0,0.08125000237487257,0.18333333730697632,0.07444444671273232,"[0.18333333730697632, 0.06666667014360428, 0.0833333358168602, 0.0833333358168602, 0.0833333358168602, 0.06666667014360428, 0.06666667014360428, 0.11666666716337204, 0.0833333358168602, 0.10000000149011612, 0.06666667014360428, 0.0833333358168602, 0.05000000074505806, 0.05000000074505806, 0.06666667014360428, 0.05000000074505806]",0,3
8,ulsan_011164,normal_ar,0,40,250,6.25,0.12500000069849193,0.15000000596046448,0.1233333336810271,"[0.15000000596046448, 0.20000000298023224, 0.10000000149011612, 0.17499999701976776, 0.125, 0.17499999701976776, 0.07500000298023224, 0.125, 0.17499999701976776, 0.125, 0.125, 0.10000000149011612, 0.05000000074505806, 0.07500000298023224, 0.125, 0.10000000149011612]",0,6
8,ulsan_011164,forced_gt_length,0,40,40,1.0,0.12500000069849193,0.15000000596046448,0.1233333336810271,"[0.15000000596046448, 0.20000000298023224, 0.10000000149011612, 0.17499999701976776, 0.125, 0.17499999701976776, 0.07500000298023224, 0.125, 0.17499999701976776, 0.125, 0.125, 0.10000000149011612, 0.05000000074505806, 0.07500000298023224, 0.125, 0.10000000149011612]",0,6
8,ulsan_011164,switch_rollout,10,40,40,1.0,0.15312500088475645,0.15000000596046448,0.15333333387970924,"[0.15000000596046448, 0.25, 0.22499999403953552, 0.22499999403953552, 0.15000000596046448, 0.20000000298023224, 0.125, 0.17499999701976776, 0.125, 0.15000000596046448, 0.20000000298023224, 0.10000000149011612, 0.05000000074505806, 0.07500000298023224, 0.125, 0.125]",0,6
8,ulsan_011164,switch_rollout,20,40,40,1.0,0.1156250024214387,0.17499999701976776,0.11166666944821675,"[0.17499999701976776, 0.15000000596046448, 0.15000000596046448, 0.15000000596046448, 0.125, 0.15000000596046448, 0.10000000149011612, 0.15000000596046448, 0.10000000149011612, 0.10000000149011612, 0.125, 0.07500000298023224, 0.05000000074505806, 0.05000000074505806, 0.10000000149011612, 0.10000000149011612]",0,6
8,ulsan_011164,switch_rollout,30,40,40,1.0,0.1156250024214387,0.17499999701976776,0.11166666944821675,"[0.17499999701976776, 0.15000000596046448, 0.15000000596046448, 0.15000000596046448, 0.125, 0.15000000596046448, 0.10000000149011612, 0.15000000596046448, 0.10000000149011612, 0.10000000149011612, 0.125, 0.07500000298023224, 0.05000000074505806, 0.05000000074505806, 0.10000000149011612, 0.10000000149011612]",0,6
8,ulsan_011164,teacher_forced,-1,40,40,1.0,0.21718750335276127,0.30000001192092896,0.21166666944821674,"[0.30000001192092896, 0.30000001192092896, 0.30000001192092896, 0.25, 0.20000000298023224, 0.17499999701976776, 0.22499999403953552, 0.22499999403953552, 0.20000000298023224, 0.15000000596046448, 0.25, 0.20000000298023224, 0.15000000596046448, 0.15000000596046448, 0.25, 0.15000000596046448]",0,6
8,ulsan_011413,normal_ar,0,25,250,10.0,0.0274999993853271,0.03999999910593033,0.02666666607062022,"[0.03999999910593033, 0.03999999910593033, 0.03999999910593033, 0.03999999910593033, 0.03999999910593033, 0.0, 0.03999999910593033, 0.07999999821186066, 0.0, 0.0, 0.0, 0.03999999910593033, 0.07999999821186066, 0.0, 0.0, 0.0]",0,1
8,ulsan_011413,forced_gt_length,0,25,25,1.0,0.0274999993853271,0.03999999910593033,0.02666666607062022,"[0.03999999910593033, 0.03999999910593033, 0.03999999910593033, 0.03999999910593033, 0.03999999910593033, 0.0, 0.03999999910593033, 0.07999999821186066, 0.0, 0.0, 0.0, 0.03999999910593033, 0.07999999821186066, 0.0, 0.0, 0.0]",0,1
8,ulsan_011413,switch_rollout,6,25,25,1.0,0.024999999441206455,0.03999999910593033,0.023999999463558196,"[0.03999999910593033, 0.07999999821186066, 0.03999999910593033, 0.03999999910593033, 0.03999999910593033, 0.0, 0.0, 0.07999999821186066, 0.0, 0.0, 0.0, 0.03999999910593033, 0.03999999910593033, 0.0, 0.0, 0.0]",0,1
8,ulsan_011413,switch_rollout,12,25,25,1.0,0.024999999441206455,0.03999999910593033,0.023999999463558196,"[0.03999999910593033, 0.07999999821186066, 0.03999999910593033, 0.03999999910593033, 0.03999999910593033, 0.0, 0.0, 0.07999999821186066, 0.0, 0.0, 0.0, 0.03999999910593033, 0.03999999910593033, 0.0, 0.0, 0.0]",0,1
8,ulsan_011413,switch_rollout,15,25,25,1.0,0.029999999329447746,0.03999999910593033,0.02933333267768224,"[0.03999999910593033, 0.1599999964237213, 0.03999999910593033, 0.03999999910593033, 0.03999999910593033, 0.0, 0.0, 0.07999999821186066, 0.0, 0.0, 0.0, 0.03999999910593033, 0.03999999910593033, 0.0, 0.0, 0.0]",0,1
8,ulsan_011413,teacher_forced,-1,25,25,1.0,0.07249999837949872,0.1599999964237213,0.06666666517655055,"[0.1599999964237213, 0.03999999910593033, 0.11999999731779099, 0.07999999821186066, 0.11999999731779099, 0.03999999910593033, 0.07999999821186066, 0.07999999821186066, 0.03999999910593033, 0.07999999821186066, 0.07999999821186066, 0.07999999821186066, 0.07999999821186066, 0.0, 0.07999999821186066, 0.0]",0,1
8,ulsan_011719,normal_ar,0,51,250,4.901960784313726,0.0012254902394488454,0.0,0.001307189588745435,"[0.0, 0.0, 0.0, 0.0, 0.0, 0.0, 0.0, 0.019607843831181526, 0.0, 0.0, 0.0, 0.0, 0.0, 0.0, 0.0, 0.0]",0,0
8,ulsan_011719,forced_gt_length,0,51,51,1.0,0.0012254902394488454,0.0,0.001307189588745435,"[0.0, 0.0, 0.0, 0.0, 0.0, 0.0, 0.0, 0.019607843831181526, 0.0, 0.0, 0.0, 0.0, 0.0, 0.0, 0.0, 0.0]",0,0
8,ulsan_011719,switch_rollout,12,51,51,1.0,0.008578431676141918,0.03921568766236305,0.006535947943727176,"[0.03921568766236305, 0.0, 0.0, 0.0, 0.0, 0.019607843831181526, 0.0, 0.019607843831181526, 0.0, 0.019607843831181526, 0.019607843831181526, 0.0, 0.0, 0.0, 0.019607843831181526, 0.0]",0,0
8,ulsan_011719,switch_rollout,25,51,51,1.0,0.013480392517521977,0.05882352963089943,0.01045751670996348,"[0.05882352963089943, 0.019607843831181526, 0.019607843831181526, 0.0, 0.0, 0.019607843831181526, 0.0, 0.019607843831181526, 0.0, 0.019607843831181526, 0.03921568766236305, 0.0, 0.0, 0.0, 0.019607843831181526, 0.0]",0,0
8,ulsan_011719,switch_rollout,41,51,51,1.0,0.012254902278073132,0.05882352963089943,0.009150327121218046,"[0.05882352963089943, 0.019607843831181526, 0.019607843831181526, 0.0, 0.0, 0.0, 0.0, 0.019607843831181526, 0.0, 0.019607843831181526, 0.019607843831181526, 0.0, 0.0, 0.019607843831181526, 0.019607843831181526, 0.0]",0,0
8,ulsan_011719,teacher_forced,-1,51,51,1.0,0.026960785035043955,0.09803921729326248,0.022222222884496053,"[0.09803921729326248, 0.019607843831181526, 0.09803921729326248, 0.0, 0.019607843831181526, 0.019607843831181526, 0.03921568766236305, 0.019607843831181526, 0.0, 0.0, 0.019607843831181526, 0.019607843831181526, 0.019607843831181526, 0.0, 0.03921568766236305, 0.019607843831181526]",0,0
8,ulsan_011990,normal_ar,0,81,250,3.0864197530864197,0.006172839552164078,0.02469135820865631,0.004938271641731262,"[0.02469135820865631, 0.02469135820865631, 0.012345679104328156, 0.02469135820865631, 0.0, 0.0, 0.0, 0.0, 0.0, 0.0, 0.0, 0.012345679104328156, 0.0, 0.0, 0.0, 0.0]",0,1
8,ulsan_011990,forced_gt_length,0,81,81,1.0,0.006172839552164078,0.02469135820865631,0.004938271641731262,"[0.02469135820865631, 0.02469135820865631, 0.012345679104328156, 0.02469135820865631, 0.0, 0.0, 0.0, 0.0, 0.0, 0.0, 0.0, 0.012345679104328156, 0.0, 0.0, 0.0, 0.0]",0,1
8,ulsan_011990,switch_rollout,20,81,81,1.0,0.004629629664123058,0.02469135820865631,0.003292181094487508,"[0.02469135820865631, 0.0, 0.012345679104328156, 0.02469135820865631, 0.0, 0.012345679104328156, 0.0, 0.0, 0.0, 0.0, 0.0, 0.0, 0.0, 0.0, 0.0, 0.0]",0,1
8,ulsan_011990,switch_rollout,40,81,81,1.0,0.0069444444961845875,0.04938271641731262,0.0041152263681093855,"[0.04938271641731262, 0.012345679104328156, 0.012345679104328156, 0.03703703731298447, 0.0, 0.0, 0.0, 0.0, 0.0, 0.0, 0.0, 0.0, 0.0, 0.0, 0.0, 0.0]",0,1
8,ulsan_011990,switch_rollout,71,81,81,1.0,0.0069444444961845875,0.06172839552164078,0.003292181094487508,"[0.06172839552164078, 0.0, 0.0, 0.03703703731298447, 0.0, 0.0, 0.0, 0.0, 0.0, 0.0, 0.0, 0.0, 0.0, 0.0, 0.0, 0.012345679104328156]",0,1
8,ulsan_011990,teacher_forced,-1,81,81,1.0,0.02854938292875886,0.09876543283462524,0.023868312935034434,"[0.09876543283462524, 0.07407407462596893, 0.06172839552164078, 0.04938271641731262, 0.02469135820865631, 0.02469135820865631, 0.012345679104328156, 0.04938271641731262, 0.012345679104328156, 0.0, 0.012345679104328156, 0.0, 0.012345679104328156, 0.0, 0.012345679104328156, 0.012345679104328156]",0,1
8,ulsan_012303,normal_ar,0,76,250,3.289473684210526,0.003289473708719015,0.01315789483487606,0.002631578966975212,"[0.01315789483487606, 0.0, 0.01315789483487606, 0.0, 0.0, 0.0, 0.0, 0.0, 0.0, 0.0, 0.01315789483487606, 0.0, 0.01315789483487606, 0.0, 0.0, 0.0]",0,1
8,ulsan_012303,forced_gt_length,0,76,76,1.0,0.003289473708719015,0.01315789483487606,0.002631578966975212,"[0.01315789483487606, 0.0, 0.01315789483487606, 0.0, 0.0, 0.0, 0.0, 0.0, 0.0, 0.0, 0.01315789483487606, 0.0, 0.01315789483487606, 0.0, 0.0, 0.0]",0,1
8,ulsan_012303,switch_rollout,19,76,76,1.0,0.0032894735923036933,0.03947368264198303,0.0008771929889917374,"[0.03947368264198303, 0.0, 0.0, 0.0, 0.0, 0.0, 0.0, 0.0, 0.0, 0.0, 0.0, 0.0, 0.0, 0.01315789483487606, 0.0, 0.0]",0,2
8,ulsan_012303,switch_rollout,38,76,76,1.0,0.0057565789902582765,0.05263157933950424,0.002631578966975212,"[0.05263157933950424, 0.01315789483487606, 0.0, 0.0, 0.0, 0.0, 0.0, 0.01315789483487606, 0.0, 0.0, 0.0, 0.0, 0.0, 0.01315789483487606, 0.0, 0.0]",0,2
8,ulsan_012303,switch_rollout,66,76,76,1.0,0.00740131561178714,0.07894736528396606,0.002631578966975212,"[0.07894736528396606, 0.01315789483487606, 0.0, 0.0, 0.0, 0.0, 0.0, 0.01315789483487606, 0.0, 0.0, 0.0, 0.0, 0.0, 0.01315789483487606, 0.0, 0.0]",0,2
8,ulsan_012303,teacher_forced,-1,76,76,1.0,0.023026315728202462,0.09210526198148727,0.018421052644650143,"[0.09210526198148727, 0.03947368264198303, 0.05263157933950424, 0.05263157933950424, 0.02631578966975212, 0.01315789483487606, 0.0, 0.02631578966975212, 0.01315789483487606, 0.0, 0.0, 0.0, 0.01315789483487606, 0.02631578966975212, 0.0, 0.01315789483487606]",0,2
8,ulsan_012534,normal_ar,0,66,250,3.787878787878788,0.07196969911456108,0.03030303120613098,0.07474747697512309,"[0.03030303120613098, 0.19696970283985138, 0.03030303120613098, 0.13636364042758942, 0.03030303120613098, 0.03030303120613098, 0.06060606241226196, 0.04545454680919647, 0.06060606241226196, 0.03030303120613098, 0.04545454680919647, 0.03030303120613098, 0.10606060922145844, 0.13636364042758942, 0.09090909361839294, 0.09090909361839294]",0,2
8,ulsan_012534,forced_gt_length,0,66,66,1.0,0.07196969911456108,0.03030303120613098,0.07474747697512309,"[0.03030303120613098, 0.19696970283985138, 0.03030303120613098, 0.13636364042758942, 0.03030303120613098, 0.03030303120613098, 0.06060606241226196, 0.04545454680919647, 0.06060606241226196, 0.03030303120613098, 0.04545454680919647, 0.03030303120613098, 0.10606060922145844, 0.13636364042758942, 0.09090909361839294, 0.09090909361839294]",0,2
8,ulsan_012534,switch_rollout,16,66,66,1.0,0.0833333358168602,0.10606060922145844,0.08181818425655366,"[0.10606060922145844, 0.1818181872367859, 0.1666666716337204, 0.10606060922145844, 0.10606060922145844, 0.07575757801532745, 0.04545454680919647, 0.07575757801532745, 0.09090909361839294, 0.03030303120613098, 0.09090909361839294, 0.03030303120613098, 0.09090909361839294, 0.06060606241226196, 0.04545454680919647, 0.03030303120613098]",0,2
8,ulsan_012534,switch_rollout,33,66,66,1.0,0.07291666883975267,0.13636364042758942,0.06868687073389688,"[0.13636364042758942, 0.13636364042758942, 0.13636364042758942, 0.09090909361839294, 0.06060606241226196, 0.07575757801532745, 0.04545454680919647, 0.07575757801532745, 0.04545454680919647, 0.03030303120613098, 0.07575757801532745, 0.03030303120613098, 0.06060606241226196, 0.07575757801532745, 0.06060606241226196, 0.03030303120613098]",0,2
8,ulsan_012534,switch_rollout,56,66,66,1.0,0.06250000186264515,0.1818181872367859,0.05454545617103577,"[0.1818181872367859, 0.10606060922145844, 0.10606060922145844, 0.09090909361839294, 0.07575757801532745, 0.03030303120613098, 0.04545454680919647, 0.04545454680919647, 0.03030303120613098, 0.03030303120613098, 0.06060606241226196, 0.03030303120613098, 0.06060606241226196, 0.04545454680919647, 0.03030303120613098, 0.03030303120613098]",0,2
8,ulsan_012534,teacher_forced,-1,66,66,1.0,0.1695075798779726,0.22727273404598236,0.16565656960010527,"[0.22727273404598236, 0.27272728085517883, 0.25757575035095215, 0.22727273404598236, 0.19696970283985138, 0.13636364042758942, 0.1515151560306549, 0.22727273404598236, 0.1666666716337204, 0.13636364042758942, 0.13636364042758942, 0.03030303120613098, 0.10606060922145844, 0.12121212482452393, 0.13636364042758942, 0.1818181872367859]",0,2
8,ulsan_012799,normal_ar,0,78,250,3.2051282051282053,0.04647436027880758,0.03846153989434242,0.04700854830443859,"[0.03846153989434242, 0.10256410390138626, 0.05128205195069313, 0.025641025975346565, 0.025641025975346565, 0.025641025975346565, 0.025641025975346565, 0.10256410390138626, 0.03846153989434242, 0.025641025975346565, 0.06410256773233414, 0.06410256773233414, 0.06410256773233414, 0.025641025975346565, 0.025641025975346565, 0.03846153989434242]",0,3
8,ulsan_012799,forced_gt_length,0,78,78,1.0,0.04647436027880758,0.03846153989434242,0.04700854830443859,"[0.03846153989434242, 0.10256410390138626, 0.05128205195069313, 0.025641025975346565, 0.025641025975346565, 0.025641025975346565, 0.025641025975346565, 0.10256410390138626, 0.03846153989434242, 0.025641025975346565, 0.06410256773233414, 0.06410256773233414, 0.06410256773233414, 0.025641025975346565, 0.025641025975346565, 0.03846153989434242]",0,3
8,ulsan_012799,switch_rollout,19,78,78,1.0,0.06009615503717214,0.11538461595773697,0.05641025764246781,"[0.11538461595773697, 0.10256410390138626, 0.11538461595773697, 0.05128205195069313, 0.06410256773233414, 0.05128205195069313, 0.05128205195069313, 0.10256410390138626, 0.07692307978868484, 0.025641025975346565, 0.025641025975346565, 0.03846153989434242, 0.06410256773233414, 0.05128205195069313, 0.025641025975346565, 0.0]",0,3
8,ulsan_012799,switch_rollout,39,78,78,1.0,0.06250000180443749,0.14102564752101898,0.05726495875666539,"[0.14102564752101898, 0.10256410390138626, 0.11538461595773697, 0.05128205195069313, 0.06410256773233414, 0.06410256773233414, 0.05128205195069313, 0.08974359184503555, 0.07692307978868484, 0.025641025975346565, 0.025641025975346565, 0.03846153989434242, 0.06410256773233414, 0.05128205195069313, 0.025641025975346565, 0.012820512987673283]",0,3
8,ulsan_012799,switch_rollout,68,78,78,1.0,0.06650641182204708,0.19230769574642181,0.0581196595604221,"[0.19230769574642181, 0.10256410390138626, 0.11538461595773697, 0.05128205195069313, 0.06410256773233414, 0.07692307978868484, 0.05128205195069313, 0.08974359184503555, 0.07692307978868484, 0.025641025975346565, 0.025641025975346565, 0.03846153989434242, 0.06410256773233414, 0.05128205195069313, 0.025641025975346565, 0.012820512987673283]",0,3
8,ulsan_012799,teacher_forced,-1,78,78,1.0,0.11057692533358932,0.24358974397182465,0.10170940409104029,"[0.24358974397182465, 0.1666666716337204, 0.1666666716337204, 0.10256410390138626, 0.1794871836900711, 0.11538461595773697, 0.08974359184503555, 0.11538461595773697, 0.11538461595773697, 0.06410256773233414, 0.07692307978868484, 0.03846153989434242, 0.07692307978868484, 0.07692307978868484, 0.08974359184503555, 0.05128205195069313]",0,3
8,ulsan_013081,normal_ar,0,81,250,3.0864197530864197,0.002314814832061529,0.012345679104328156,0.001646090547243754,"[0.012345679104328156, 0.0, 0.012345679104328156, 0.0, 0.0, 0.0, 0.0, 0.0, 0.0, 0.0, 0.012345679104328156, 0.0, 0.0, 0.0, 0.0, 0.0]",0,1
8,ulsan_013081,forced_gt_length,0,81,81,1.0,0.002314814832061529,0.012345679104328156,0.001646090547243754,"[0.012345679104328156, 0.0, 0.012345679104328156, 0.0, 0.0, 0.0, 0.0, 0.0, 0.0, 0.0, 0.012345679104328156, 0.0, 0.0, 0.0, 0.0, 0.0]",0,1
8,ulsan_013081,switch_rollout,20,81,81,1.0,0.007716049440205097,0.04938271641731262,0.004938271641731262,"[0.04938271641731262, 0.012345679104328156, 0.012345679104328156, 0.0, 0.012345679104328156, 0.0, 0.0, 0.0, 0.012345679104328156, 0.0, 0.02469135820865631, 0.0, 0.0, 0.0, 0.0, 0.0]",0,1
8,ulsan_013081,switch_rollout,40,81,81,1.0,0.0069444444961845875,0.06172839552164078,0.003292181094487508,"[0.06172839552164078, 0.0, 0.02469135820865631, 0.0, 0.0, 0.012345679104328156, 0.0, 0.0, 0.0, 0.0, 0.012345679104328156, 0.0, 0.0, 0.0, 0.0, 0.0]",0,1
8,ulsan_013081,switch_rollout,71,81,81,1.0,0.009259259328246117,0.06172839552164078,0.0057613169153531395,"[0.06172839552164078, 0.02469135820865631, 0.02469135820865631, 0.0, 0.0, 0.012345679104328156, 0.0, 0.0, 0.0, 0.0, 0.012345679104328156, 0.0, 0.0, 0.012345679104328156, 0.0, 0.0]",0,1
8,ulsan_013081,teacher_forced,-1,81,81,1.0,0.013888888992369175,0.07407407462596893,0.009876543283462524,"[0.07407407462596893, 0.03703703731298447, 0.03703703731298447, 0.012345679104328156, 0.0, 0.0, 0.012345679104328156, 0.0, 0.012345679104328156, 0.012345679104328156, 0.02469135820865631, 0.0, 0.0, 0.0, 0.0, 0.0]",0,1
8,ulsan_013417,normal_ar,0,28,214,7.642857142857143,0.06919643119908869,0.1428571492433548,0.06428571666280429,"[0.1428571492433548, 0.0714285746216774, 0.0714285746216774, 0.1071428582072258, 0.0, 0.0714285746216774, 0.0357142873108387, 0.0714285746216774, 0.0357142873108387, 0.0357142873108387, 0.1071428582072258, 0.0357142873108387, 0.0357142873108387, 0.0714285746216774, 0.1428571492433548, 0.0714285746216774]",0,4
8,ulsan_013417,forced_gt_length,0,28,28,1.0,0.06919643119908869,0.1428571492433548,0.06428571666280429,"[0.1428571492433548, 0.0714285746216774, 0.0714285746216774, 0.1071428582072258, 0.0, 0.0714285746216774, 0.0357142873108387, 0.0714285746216774, 0.0357142873108387, 0.0357142873108387, 0.1071428582072258, 0.0357142873108387, 0.0357142873108387, 0.0714285746216774, 0.1428571492433548, 0.0714285746216774]",0,4
8,ulsan_013417,switch_rollout,7,28,28,1.0,0.07812500256113708,0.1428571492433548,0.0738095261156559,"[0.1428571492433548, 0.1071428582072258, 0.1071428582072258, 0.0357142873108387, 0.0714285746216774, 0.0714285746216774, 0.0714285746216774, 0.1071428582072258, 0.0357142873108387, 0.1071428582072258, 0.0357142873108387, 0.0, 0.0714285746216774, 0.0, 0.1428571492433548, 0.1428571492433548]",0,4
8,ulsan_013417,switch_rollout,14,28,28,1.0,0.0736607164144516,0.2142857164144516,0.0642857164144516,"[0.2142857164144516, 0.1071428582072258, 0.1071428582072258, 0.0357142873108387, 0.0357142873108387, 0.0714285746216774, 0.0714285746216774, 0.0714285746216774, 0.0357142873108387, 0.0714285746216774, 0.0357142873108387, 0.0, 0.0714285746216774, 0.0, 0.1071428582072258, 0.1428571492433548]",0,4
8,ulsan_013417,switch_rollout,18,28,28,1.0,0.08705357415601611,0.2142857164144516,0.07857143133878708,"[0.2142857164144516, 0.1428571492433548, 0.0714285746216774, 0.0357142873108387, 0.0714285746216774, 0.0714285746216774, 0.1071428582072258, 0.1071428582072258, 0.0357142873108387, 0.1071428582072258, 0.0357142873108387, 0.0, 0.0714285746216774, 0.0357142873108387, 0.1428571492433548, 0.1428571492433548]",0,4
8,ulsan_013417,teacher_forced,-1,28,28,1.0,0.14955357438884676,0.25,0.14285714601476987,"[0.25, 0.1785714328289032, 0.1785714328289032, 0.1428571492433548, 0.1785714328289032, 0.1785714328289032, 0.1785714328289032, 0.2142857164144516, 0.2142857164144516, 0.1071428582072258, 0.1071428582072258, 0.1071428582072258, 0.1071428582072258, 0.0357142873108387, 0.1428571492433548, 0.0714285746216774]",0,4
8,ulsan_013746,normal_ar,0,38,249,6.552631578947368,0.016447368543595076,0.05263157933950424,0.014035087823867799,"[0.05263157933950424, 0.0, 0.05263157933950424, 0.02631578966975212, 0.0, 0.0, 0.0, 0.0, 0.0, 0.05263157933950424, 0.0, 0.02631578966975212, 0.02631578966975212, 0.02631578966975212, 0.0, 0.0]",0,1
8,ulsan_013746,forced_gt_length,0,38,38,1.0,0.016447368543595076,0.05263157933950424,0.014035087823867799,"[0.05263157933950424, 0.0, 0.05263157933950424, 0.02631578966975212, 0.0, 0.0, 0.0, 0.0, 0.0, 0.05263157933950424, 0.0, 0.02631578966975212, 0.02631578966975212, 0.02631578966975212, 0.0, 0.0]",0,1
8,ulsan_013746,switch_rollout,9,38,38,1.0,0.019736842019483447,0.07894736528396606,0.01578947380185127,"[0.07894736528396606, 0.0, 0.02631578966975212, 0.05263157933950424, 0.0, 0.0, 0.0, 0.0, 0.0, 0.02631578966975212, 0.05263157933950424, 0.0, 0.0, 0.02631578966975212, 0.02631578966975212, 0.02631578966975212]",0,3
8,ulsan_013746,switch_rollout,19,38,38,1.0,0.018092105397954583,0.10526315867900848,0.012280701845884322,"[0.10526315867900848, 0.0, 0.02631578966975212, 0.05263157933950424, 0.0, 0.0, 0.0, 0.0, 0.0, 0.02631578966975212, 0.0, 0.0, 0.02631578966975212, 0.0, 0.05263157933950424, 0.0]",0,3
8,ulsan_013746,switch_rollout,28,38,38,1.0,0.03782894741743803,0.15789473056793213,0.029824561874071755,"[0.15789473056793213, 0.05263157933950424, 0.05263157933950424, 0.1315789520740509, 0.0, 0.02631578966975212, 0.02631578966975212, 0.02631578966975212, 0.0, 0.02631578966975212, 0.0, 0.0, 0.02631578966975212, 0.0, 0.05263157933950424, 0.02631578966975212]",0,3
8,ulsan_013746,teacher_forced,-1,38,38,1.0,0.07236842112615705,0.2368421107530594,0.06140350848436356,"[0.2368421107530594, 0.10526315867900848, 0.15789473056793213, 0.1315789520740509, 0.07894736528396606, 0.05263157933950424, 0.07894736528396606, 0.02631578966975212, 0.02631578966975212, 0.02631578966975212, 0.0, 0.0, 0.02631578966975212, 0.05263157933950424, 0.10526315867900848, 0.05263157933950424]",0,3
8,ulsan_014040,normal_ar,0,43,250,5.813953488372093,0.010174418799579144,0.023255813866853714,0.009302325795094173,"[0.023255813866853714, 0.023255813866853714, 0.0, 0.06976744532585144, 0.0, 0.0, 0.0, 0.0, 0.0, 0.0, 0.0, 0.0, 0.0, 0.0, 0.023255813866853714, 0.023255813866853714]",0,1
8,ulsan_014040,forced_gt_length,0,43,43,1.0,0.010174418799579144,0.023255813866853714,0.009302325795094173,"[0.023255813866853714, 0.023255813866853714, 0.0, 0.06976744532585144, 0.0, 0.0, 0.0, 0.0, 0.0, 0.0, 0.0, 0.0, 0.0, 0.0, 0.023255813866853714, 0.023255813866853714]",0,1
8,ulsan_014040,switch_rollout,10,43,43,1.0,0.023255814099684358,0.04651162773370743,0.02170542652408282,"[0.04651162773370743, 0.023255813866853714, 0.0, 0.06976744532585144, 0.0, 0.0, 0.0, 0.0, 0.04651162773370743, 0.0, 0.04651162773370743, 0.023255813866853714, 0.04651162773370743, 0.023255813866853714, 0.0, 0.04651162773370743]",0,1
8,ulsan_014040,switch_rollout,21,43,43,1.0,0.013081395532935858,0.11627907305955887,0.006201550364494324,"[0.11627907305955887, 0.0, 0.0, 0.023255813866853714, 0.0, 0.0, 0.0, 0.023255813866853714, 0.0, 0.0, 0.0, 0.0, 0.023255813866853714, 0.0, 0.0, 0.023255813866853714]",0,1
8,ulsan_014040,switch_rollout,33,43,43,1.0,0.015988372499123216,0.13953489065170288,0.007751937955617905,"[0.13953489065170288, 0.0, 0.0, 0.023255813866853714, 0.0, 0.0, 0.0, 0.023255813866853714, 0.023255813866853714, 0.0, 0.0, 0.0, 0.023255813866853714, 0.0, 0.0, 0.023255813866853714]",0,1
8,ulsan_014040,teacher_forced,-1,43,43,1.0,0.04360465193167329,0.23255814611911774,0.031007752319176993,"[0.23255814611911774, 0.04651162773370743, 0.0, 0.11627907305955887, 0.0, 0.023255813866853714, 0.0, 0.023255813866853714, 0.06976744532585144, 0.04651162773370743, 0.023255813866853714, 0.0, 0.0, 0.04651162773370743, 0.023255813866853714, 0.04651162773370743]",0,1
8,ulsan_014292,normal_ar,0,49,250,5.1020408163265305,0.006377550889737904,0.020408162847161293,0.005442176759243011,"[0.020408162847161293, 0.020408162847161293, 0.020408162847161293, 0.040816325694322586, 0.0, 0.0, 0.0, 0.0, 0.0, 0.0, 0.0, 0.0, 0.0, 0.0, 0.0, 0.0]",0,1
8,ulsan_014292,forced_gt_length,0,49,49,1.0,0.006377550889737904,0.020408162847161293,0.005442176759243011,"[0.020408162847161293, 0.020408162847161293, 0.020408162847161293, 0.040816325694322586, 0.0, 0.0, 0.0, 0.0, 0.0, 0.0, 0.0, 0.0, 0.0, 0.0, 0.0, 0.0]",0,1
8,ulsan_014292,switch_rollout,12,49,49,1.0,0.008928571245633066,0.040816325694322586,0.006802720949053764,"[0.040816325694322586, 0.020408162847161293, 0.020408162847161293, 0.040816325694322586, 0.0, 0.0, 0.0, 0.0, 0.020408162847161293, 0.0, 0.0, 0.0, 0.0, 0.0, 0.0, 0.0]",0,1
8,ulsan_014292,switch_rollout,24,49,49,1.0,0.011479591601528227,0.08163265138864517,0.006802720949053764,"[0.08163265138864517, 0.0, 0.040816325694322586, 0.020408162847161293, 0.020408162847161293, 0.020408162847161293, 0.0, 0.0, 0.0, 0.0, 0.0, 0.0, 0.0, 0.0, 0.0, 0.0]",0,1
8,ulsan_014292,switch_rollout,39,49,49,1.0,0.012755102128721774,0.10204081982374191,0.006802720949053764,"[0.10204081982374191, 0.0, 0.020408162847161293, 0.020408162847161293, 0.020408162847161293, 0.020408162847161293, 0.0, 0.0, 0.0, 0.0, 0.0, 0.0, 0.0, 0.0, 0.0, 0.020408162847161293]",0,1
8,ulsan_014292,teacher_forced,-1,49,49,1.0,0.03571428603027016,0.1428571492433548,0.028571428482731184,"[0.1428571492433548, 0.040816325694322586, 0.10204081982374191, 0.08163265138864517, 0.06122449040412903, 0.040816325694322586, 0.040816325694322586, 0.0, 0.0, 0.020408162847161293, 0.0, 0.0, 0.0, 0.0, 0.020408162847161293, 0.020408162847161293]",0,1
8,ulsan_014535,normal_ar,0,38,250,6.578947368421052,0.003289473708719015,0.0,0.0035087719559669496,"[0.0, 0.0, 0.02631578966975212, 0.0, 0.0, 0.0, 0.0, 0.0, 0.02631578966975212, 0.0, 0.0, 0.0, 0.0, 0.0, 0.0, 0.0]",0,0
8,ulsan_014535,forced_gt_length,0,38,38,1.0,0.003289473708719015,0.0,0.0035087719559669496,"[0.0, 0.0, 0.02631578966975212, 0.0, 0.0, 0.0, 0.0, 0.0, 0.02631578966975212, 0.0, 0.0, 0.0, 0.0, 0.0, 0.0, 0.0]",0,0
8,ulsan_014535,switch_rollout,9,38,38,1.0,0.004934210563078523,0.05263157933950424,0.0017543859779834748,"[0.05263157933950424, 0.0, 0.0, 0.0, 0.0, 0.0, 0.0, 0.0, 0.02631578966975212, 0.0, 0.0, 0.0, 0.0, 0.0, 0.0, 0.0]",0,0
8,ulsan_014535,switch_rollout,19,38,38,1.0,0.006578947184607387,0.07894736528396606,0.0017543859779834748,"[0.07894736528396606, 0.02631578966975212, 0.0, 0.0, 0.0, 0.0, 0.0, 0.0, 0.0, 0.0, 0.0, 0.0, 0.0, 0.0, 0.0, 0.0]",0,0
8,ulsan_014535,switch_rollout,28,38,38,1.0,0.008223684271797538,0.10526315867900848,0.0017543859779834748,"[0.10526315867900848, 0.02631578966975212, 0.0, 0.0, 0.0, 0.0, 0.0, 0.0, 0.0, 0.0, 0.0, 0.0, 0.0, 0.0, 0.0, 0.0]",0,0
8,ulsan_014535,teacher_forced,-1,38,38,1.0,0.02796052605845034,0.15789473056793213,0.019298245757818223,"[0.15789473056793213, 0.10526315867900848, 0.02631578966975212, 0.05263157933950424, 0.05263157933950424, 0.0, 0.02631578966975212, 0.0, 0.0, 0.02631578966975212, 0.0, 0.0, 0.0, 0.0, 0.0, 0.0]",0,0
8,ulsan_014821,normal_ar,0,27,245,9.074074074074074,0.039351852145045996,0.03703703731298447,0.039506173133850096,"[0.03703703731298447, 0.0, 0.1111111119389534, 0.1111111119389534, 0.0, 0.0, 0.0, 0.0, 0.03703703731298447, 0.03703703731298447, 0.1111111119389534, 0.0, 0.1111111119389534, 0.03703703731298447, 0.03703703731298447, 0.0]",0,1
8,ulsan_014821,forced_gt_length,0,27,27,1.0,0.039351852145045996,0.03703703731298447,0.039506173133850096,"[0.03703703731298447, 0.0, 0.1111111119389534, 0.1111111119389534, 0.0, 0.0, 0.0, 0.0, 0.03703703731298447, 0.03703703731298447, 0.1111111119389534, 0.0, 0.1111111119389534, 0.03703703731298447, 0.03703703731298447, 0.0]",0,1
8,ulsan_014821,switch_rollout,6,27,27,1.0,0.0069444444961845875,0.1111111119389534,0.0,"[0.1111111119389534, 0.0, 0.0, 0.0, 0.0, 0.0, 0.0, 0.0, 0.0, 0.0, 0.0, 0.0, 0.0, 0.0, 0.0, 0.0]",0,2
8,ulsan_014821,switch_rollout,13,27,27,1.0,0.0069444444961845875,0.1111111119389534,0.0,"[0.1111111119389534, 0.0, 0.0, 0.0, 0.0, 0.0, 0.0, 0.0, 0.0, 0.0, 0.0, 0.0, 0.0, 0.0, 0.0, 0.0]",0,2
8,ulsan_014821,switch_rollout,17,27,27,1.0,0.0069444444961845875,0.1111111119389534,0.0,"[0.1111111119389534, 0.0, 0.0, 0.0, 0.0, 0.0, 0.0, 0.0, 0.0, 0.0, 0.0, 0.0, 0.0, 0.0, 0.0, 0.0]",0,2
8,ulsan_014821,teacher_forced,-1,27,27,1.0,0.09953703684732318,0.29629629850387573,0.08641975273688635,"[0.29629629850387573, 0.1111111119389534, 0.18518517911434174, 0.1111111119389534, 0.1111111119389534, 0.03703703731298447, 0.18518517911434174, 0.07407407462596893, 0.07407407462596893, 0.03703703731298447, 0.14814814925193787, 0.03703703731298447, 0.1111111119389534, 0.0, 0.07407407462596893, 0.0]",0,2
8,ulsan_015102,normal_ar,0,57,250,4.385964912280702,0.0010964912362396717,0.017543859779834747,0.0,"[0.017543859779834747, 0.0, 0.0, 0.0, 0.0, 0.0, 0.0, 0.0, 0.0, 0.0, 0.0, 0.0, 0.0, 0.0, 0.0, 0.0]",0,1
8,ulsan_015102,forced_gt_length,0,57,57,1.0,0.0010964912362396717,0.017543859779834747,0.0,"[0.017543859779834747, 0.0, 0.0, 0.0, 0.0, 0.0, 0.0, 0.0, 0.0, 0.0, 0.0, 0.0, 0.0, 0.0, 0.0, 0.0]",0,1
8,ulsan_015102,switch_rollout,14,57,57,1.0,0.004385964944958687,0.035087719559669495,0.002339181303977966,"[0.035087719559669495, 0.017543859779834747, 0.0, 0.0, 0.0, 0.0, 0.0, 0.0, 0.0, 0.0, 0.017543859779834747, 0.0, 0.0, 0.0, 0.0, 0.0]",0,1
8,ulsan_015102,switch_rollout,28,57,57,1.0,0.0054824561811983585,0.05263157933950424,0.002339181303977966,"[0.05263157933950424, 0.017543859779834747, 0.0, 0.0, 0.0, 0.0, 0.0, 0.0, 0.0, 0.0, 0.017543859779834747, 0.0, 0.0, 0.0, 0.0, 0.0]",0,1
8,ulsan_015102,switch_rollout,47,57,57,1.0,0.010964912362396717,0.08771929889917374,0.005847953259944916,"[0.08771929889917374, 0.017543859779834747, 0.017543859779834747, 0.0, 0.0, 0.0, 0.0, 0.0, 0.017543859779834747, 0.0, 0.017543859779834747, 0.017543859779834747, 0.0, 0.0, 0.0, 0.0]",0,1
8,ulsan_015102,teacher_forced,-1,57,57,1.0,0.027412280440330505,0.19298245012760162,0.016374269127845766,"[0.19298245012760162, 0.035087719559669495, 0.035087719559669495, 0.0, 0.035087719559669495, 0.05263157933950424, 0.017543859779834747, 0.017543859779834747, 0.035087719559669495, 0.017543859779834747, 0.0, 0.0, 0.0, 0.0, 0.0, 0.0]",0,1
8,ulsan_015344,normal_ar,0,43,250,5.813953488372093,0.004360465100035071,0.023255813866853714,0.003100775182247162,"[0.023255813866853714, 0.0, 0.0, 0.023255813866853714, 0.0, 0.0, 0.0, 0.0, 0.0, 0.023255813866853714, 0.0, 0.0, 0.0, 0.0, 0.0, 0.0]",0,1
8,ulsan_015344,forced_gt_length,0,43,43,1.0,0.004360465100035071,0.023255813866853714,0.003100775182247162,"[0.023255813866853714, 0.0, 0.0, 0.023255813866853714, 0.0, 0.0, 0.0, 0.0, 0.0, 0.023255813866853714, 0.0, 0.0, 0.0, 0.0, 0.0, 0.0]",0,1
8,ulsan_015344,switch_rollout,10,43,43,1.0,0.007267441833391786,0.09302325546741486,0.001550387591123581,"[0.09302325546741486, 0.0, 0.0, 0.023255813866853714, 0.0, 0.0, 0.0, 0.0, 0.0, 0.0, 0.0, 0.0, 0.0, 0.0, 0.0, 0.0]",0,4
8,ulsan_015344,switch_rollout,21,43,43,1.0,0.0116279071662575,0.11627907305955887,0.004651162773370743,"[0.11627907305955887, 0.0, 0.0, 0.023255813866853714, 0.0, 0.0, 0.0, 0.023255813866853714, 0.023255813866853714, 0.0, 0.0, 0.0, 0.0, 0.0, 0.0, 0.0]",0,4
8,ulsan_015344,switch_rollout,33,43,43,1.0,0.0116279071662575,0.1627907007932663,0.001550387591123581,"[0.1627907007932663, 0.0, 0.0, 0.023255813866853714, 0.0, 0.0, 0.0, 0.0, 0.0, 0.0, 0.0, 0.0, 0.0, 0.0, 0.0, 0.0]",0,4
8,ulsan_015344,teacher_forced,-1,43,43,1.0,0.0348837214987725,0.1627907007932663,0.02635658954580625,"[0.1627907007932663, 0.023255813866853714, 0.06976744532585144, 0.06976744532585144, 0.04651162773370743, 0.023255813866853714, 0.04651162773370743, 0.04651162773370743, 0.023255813866853714, 0.023255813866853714, 0.023255813866853714, 0.0, 0.0, 0.0, 0.0, 0.0]",0,4
8,ulsan_015541,normal_ar,0,36,250,6.944444444444445,0.005208333372138441,0.0555555559694767,0.0018518518656492234,"[0.0555555559694767, 0.0, 0.0, 0.0, 0.02777777798473835, 0.0, 0.0, 0.0, 0.0, 0.0, 0.0, 0.0, 0.0, 0.0, 0.0, 0.0]",0,2
8,ulsan_015541,forced_gt_length,0,36,36,1.0,0.005208333372138441,0.0555555559694767,0.0018518518656492234,"[0.0555555559694767, 0.0, 0.0, 0.0, 0.02777777798473835, 0.0, 0.0, 0.0, 0.0, 0.0, 0.0, 0.0, 0.0, 0.0, 0.0, 0.0]",0,2
8,ulsan_015541,switch_rollout,9,36,36,1.0,0.01736111124046147,0.0555555559694767,0.014814814925193787,"[0.0555555559694767, 0.0, 0.0555555559694767, 0.0555555559694767, 0.0555555559694767, 0.02777777798473835, 0.0, 0.0, 0.0, 0.0, 0.0, 0.0, 0.0, 0.0, 0.02777777798473835, 0.0]",0,2
8,ulsan_015541,switch_rollout,18,36,36,1.0,0.010416666744276881,0.0555555559694767,0.0074074074625968935,"[0.0555555559694767, 0.0, 0.0, 0.02777777798473835, 0.0555555559694767, 0.02777777798473835, 0.0, 0.0, 0.0, 0.0, 0.0, 0.0, 0.0, 0.0, 0.0, 0.0]",0,2
8,ulsan_015541,switch_rollout,26,36,36,1.0,0.01736111124046147,0.1111111119389534,0.01111111119389534,"[0.1111111119389534, 0.0, 0.02777777798473835, 0.02777777798473835, 0.0555555559694767, 0.02777777798473835, 0.0, 0.0, 0.0, 0.0, 0.0, 0.0, 0.0, 0.0, 0.02777777798473835, 0.0]",0,2
8,ulsan_015541,teacher_forced,-1,36,36,1.0,0.03819444519467652,0.1388888955116272,0.03148148184021314,"[0.1388888955116272, 0.1111111119389534, 0.02777777798473835, 0.1111111119389534, 0.0555555559694767, 0.0833333358168602, 0.0, 0.0, 0.02777777798473835, 0.0, 0.02777777798473835, 0.0, 0.0, 0.0, 0.02777777798473835, 0.0]",0,2
8,ulsan_015815,normal_ar,0,89,250,2.808988764044944,0.0014044943964108825,0.02247191034257412,0.0,"[0.02247191034257412, 0.0, 0.0, 0.0, 0.0, 0.0, 0.0, 0.0, 0.0, 0.0, 0.0, 0.0, 0.0, 0.0, 0.0, 0.0]",0,2
8,ulsan_015815,forced_gt_length,0,89,89,1.0,0.0014044943964108825,0.02247191034257412,0.0,"[0.02247191034257412, 0.0, 0.0, 0.0, 0.0, 0.0, 0.0, 0.0, 0.0, 0.0, 0.0, 0.0, 0.0, 0.0, 0.0, 0.0]",0,2
8,ulsan_015815,switch_rollout,22,89,89,1.0,0.006320224842056632,0.056179776787757874,0.002996254712343216,"[0.056179776787757874, 0.02247191034257412, 0.0, 0.0, 0.0, 0.01123595517128706, 0.0, 0.0, 0.01123595517128706, 0.0, 0.0, 0.0, 0.0, 0.0, 0.0, 0.0]",0,1
8,ulsan_015815,switch_rollout,44,89,89,1.0,0.007022472156677395,0.07865168899297714,0.002247191034257412,"[0.07865168899297714, 0.01123595517128706, 0.0, 0.0, 0.0, 0.01123595517128706, 0.0, 0.0, 0.01123595517128706, 0.0, 0.0, 0.0, 0.0, 0.0, 0.0, 0.0]",0,1
8,ulsan_015815,switch_rollout,79,89,89,1.0,0.01053370808949694,0.11235955357551575,0.00374531839042902,"[0.11235955357551575, 0.01123595517128706, 0.0, 0.0, 0.0, 0.01123595517128706, 0.0, 0.01123595517128706, 0.01123595517128706, 0.0, 0.0, 0.01123595517128706, 0.0, 0.0, 0.0, 0.0]",0,1
8,ulsan_015815,teacher_forced,-1,89,89,1.0,0.025983146158978343,0.12359550595283508,0.01947565550605456,"[0.12359550595283508, 0.06741572916507721, 0.04494382068514824, 0.056179776787757874, 0.033707864582538605, 0.02247191034257412, 0.02247191034257412, 0.0, 0.0, 0.01123595517128706, 0.01123595517128706, 0.0, 0.0, 0.0, 0.01123595517128706, 0.01123595517128706]",0,1
8,ulsan_016139,normal_ar,0,62,250,4.032258064516129,0.00705645140260458,0.016129031777381897,0.006451612710952759,"[0.016129031777381897, 0.032258063554763794, 0.016129031777381897, 0.04838709533214569, 0.0, 0.0, 0.0, 0.0, 0.0, 0.0, 0.0, 0.0, 0.0, 0.0, 0.0, 0.0]",0,1
8,ulsan_016139,forced_gt_length,0,62,62,1.0,0.00705645140260458,0.016129031777381897,0.006451612710952759,"[0.016129031777381897, 0.032258063554763794, 0.016129031777381897, 0.04838709533214569, 0.0, 0.0, 0.0, 0.0, 0.0, 0.0, 0.0, 0.0, 0.0, 0.0, 0.0, 0.0]",0,1
8,ulsan_016139,switch_rollout,15,62,62,1.0,0.008064515888690948,0.08064515888690948,0.0032258063554763796,"[0.08064515888690948, 0.032258063554763794, 0.0, 0.0, 0.0, 0.0, 0.0, 0.016129031777381897, 0.0, 0.0, 0.0, 0.0, 0.0, 0.0, 0.0, 0.0]",0,2
8,ulsan_016139,switch_rollout,31,62,62,1.0,0.018145160749554634,0.17741934955120087,0.007526881496111552,"[0.17741934955120087, 0.016129031777381897, 0.0, 0.016129031777381897, 0.016129031777381897, 0.0, 0.0, 0.016129031777381897, 0.0, 0.016129031777381897, 0.0, 0.016129031777381897, 0.016129031777381897, 0.0, 0.0, 0.0]",0,2
8,ulsan_016139,switch_rollout,52,62,62,1.0,0.019153225235641003,0.20967741310596466,0.006451612710952759,"[0.20967741310596466, 0.032258063554763794, 0.0, 0.0, 0.0, 0.016129031777381897, 0.0, 0.016129031777381897, 0.0, 0.0, 0.0, 0.016129031777381897, 0.016129031777381897, 0.0, 0.0, 0.0]",0,2
8,ulsan_016139,teacher_forced,-1,62,62,1.0,0.05745967570692301,0.22580644488334656,0.046236557761828105,"[0.22580644488334656, 0.14516128599643707, 0.08064515888690948, 0.04838709533214569, 0.04838709533214569, 0.04838709533214569, 0.08064515888690948, 0.04838709533214569, 0.04838709533214569, 0.04838709533214569, 0.0, 0.016129031777381897, 0.0, 0.032258063554763794, 0.032258063554763794, 0.016129031777381897]",0,2
8,ulsan_016378,normal_ar,0,88,250,2.840909090909091,0.009943182114511728,0.022727273404598236,0.009090909361839294,"[0.022727273404598236, 0.011363636702299118, 0.022727273404598236, 0.022727273404598236, 0.0, 0.011363636702299118, 0.011363636702299118, 0.022727273404598236, 0.0, 0.011363636702299118, 0.0, 0.0, 0.0, 0.011363636702299118, 0.0, 0.011363636702299118]",0,2
8,ulsan_016378,forced_gt_length,0,88,88,1.0,0.009943182114511728,0.022727273404598236,0.009090909361839294,"[0.022727273404598236, 0.011363636702299118, 0.022727273404598236, 0.022727273404598236, 0.0, 0.011363636702299118, 0.011363636702299118, 0.022727273404598236, 0.0, 0.011363636702299118, 0.0, 0.0, 0.0, 0.011363636702299118, 0.0, 0.011363636702299118]",0,2
8,ulsan_016378,switch_rollout,22,88,88,1.0,0.015625000465661287,0.05681818351149559,0.012878788262605667,"[0.05681818351149559, 0.034090910106897354, 0.0, 0.022727273404598236, 0.0, 0.011363636702299118, 0.034090910106897354, 0.034090910106897354, 0.022727273404598236, 0.0, 0.0, 0.011363636702299118, 0.0, 0.0, 0.0, 0.022727273404598236]",0,2
8,ulsan_016378,switch_rollout,44,88,88,1.0,0.017045454820618033,0.10227272659540176,0.011363636702299118,"[0.10227272659540176, 0.04545454680919647, 0.0, 0.011363636702299118, 0.0, 0.011363636702299118, 0.022727273404598236, 0.034090910106897354, 0.022727273404598236, 0.0, 0.0, 0.0, 0.0, 0.0, 0.0, 0.022727273404598236]",0,2
8,ulsan_016378,switch_rollout,78,88,88,1.0,0.01917613693512976,0.13636364042758942,0.011363636702299118,"[0.13636364042758942, 0.04545454680919647, 0.0, 0.011363636702299118, 0.0, 0.011363636702299118, 0.022727273404598236, 0.034090910106897354, 0.022727273404598236, 0.0, 0.0, 0.0, 0.0, 0.0, 0.0, 0.022727273404598236]",0,2
8,ulsan_016378,teacher_forced,-1,88,88,1.0,0.03906250046566129,0.15909090638160706,0.03106060673793157,"[0.15909090638160706, 0.07954545319080353, 0.09090909361839294, 0.05681818351149559, 0.034090910106897354, 0.011363636702299118, 0.04545454680919647, 0.022727273404598236, 0.011363636702299118, 0.04545454680919647, 0.0, 0.0, 0.034090910106897354, 0.0, 0.011363636702299118, 0.022727273404598236]",0,2
8,ulsan_016771,normal_ar,0,83,250,3.0120481927710845,0.0165662644430995,0.03614457696676254,0.01526104360818863,"[0.03614457696676254, 0.0, 0.0, 0.012048192322254181, 0.07228915393352509, 0.0, 0.0, 0.012048192322254181, 0.0, 0.048192769289016724, 0.0, 0.024096384644508362, 0.012048192322254181, 0.012048192322254181, 0.012048192322254181, 0.024096384644508362]",0,0
8,ulsan_016771,forced_gt_length,0,83,83,1.0,0.0165662644430995,0.03614457696676254,0.01526104360818863,"[0.03614457696676254, 0.0, 0.0, 0.012048192322254181, 0.07228915393352509, 0.0, 0.0, 0.012048192322254181, 0.0, 0.048192769289016724, 0.0, 0.024096384644508362, 0.012048192322254181, 0.012048192322254181, 0.012048192322254181, 0.024096384644508362]",0,0
8,ulsan_016771,switch_rollout,20,83,83,1.0,0.03689758898690343,0.03614457696676254,0.03694778978824616,"[0.03614457696676254, 0.0, 0.012048192322254181, 0.0, 0.07228915393352509, 0.012048192322254181, 0.09638553857803345, 0.07228915393352509, 0.07228915393352509, 0.03614457696676254, 0.024096384644508362, 0.012048192322254181, 0.03614457696676254, 0.048192769289016724, 0.03614457696676254, 0.024096384644508362]",0,0
8,ulsan_016771,switch_rollout,41,83,83,1.0,0.011295180767774582,0.10843373835086823,0.0048192769289016725,"[0.10843373835086823, 0.012048192322254181, 0.0, 0.0, 0.0, 0.0, 0.024096384644508362, 0.0, 0.0, 0.0, 0.0, 0.0, 0.012048192322254181, 0.024096384644508362, 0.0, 0.0]",0,0
8,ulsan_016771,switch_rollout,73,83,83,1.0,0.07379517960362136,0.16867469251155853,0.06746987874309222,"[0.16867469251155853, 0.1807228922843933, 0.048192769289016724, 0.07228915393352509, 0.024096384644508362, 0.1325301229953766, 0.10843373835086823, 0.0, 0.07228915393352509, 0.024096384644508362, 0.0602409653365612, 0.048192769289016724, 0.048192769289016724, 0.024096384644508362, 0.08433734625577927, 0.08433734625577927]",0,0
8,ulsan_016771,teacher_forced,-1,83,83,1.0,0.10466867359355092,0.1927710771560669,0.09879518002271652,"[0.1927710771560669, 0.21686747670173645, 0.07228915393352509, 0.1325301229953766, 0.0602409653365612, 0.16867469251155853, 0.15662650763988495, 0.09638553857803345, 0.09638553857803345, 0.0602409653365612, 0.09638553857803345, 0.0602409653365612, 0.0602409653365612, 0.08433734625577927, 0.048192769289016724, 0.07228915393352509]",0,0
8,ulsan_017005,normal_ar,0,31,250,8.064516129032258,0.018145160749554634,0.032258063554763794,0.01720430056254069,"[0.032258063554763794, 0.0, 0.0, 0.09677419066429138, 0.0, 0.032258063554763794, 0.0, 0.032258063554763794, 0.032258063554763794, 0.032258063554763794, 0.0, 0.0, 0.0, 0.032258063554763794, 0.0, 0.0]",0,1
8,ulsan_017005,forced_gt_length,0,31,31,1.0,0.018145160749554634,0.032258063554763794,0.01720430056254069,"[0.032258063554763794, 0.0, 0.0, 0.09677419066429138, 0.0, 0.032258063554763794, 0.0, 0.032258063554763794, 0.032258063554763794, 0.032258063554763794, 0.0, 0.0, 0.0, 0.032258063554763794, 0.0, 0.0]",0,1
8,ulsan_017005,switch_rollout,7,31,31,1.0,0.018145160749554634,0.06451612710952759,0.015053762992223104,"[0.06451612710952759, 0.032258063554763794, 0.0, 0.09677419066429138, 0.0, 0.06451612710952759, 0.0, 0.0, 0.0, 0.032258063554763794, 0.0, 0.0, 0.0, 0.0, 0.0, 0.0]",0,1
8,ulsan_017005,switch_rollout,15,31,31,1.0,0.02217741869390011,0.06451612710952759,0.019354838132858276,"[0.06451612710952759, 0.032258063554763794, 0.0, 0.06451612710952759, 0.0, 0.09677419066429138, 0.032258063554763794, 0.0, 0.032258063554763794, 0.032258063554763794, 0.0, 0.0, 0.0, 0.0, 0.0, 0.0]",0,1
8,ulsan_017005,switch_rollout,21,31,31,1.0,0.018145160749554634,0.12903225421905518,0.01075268785158793,"[0.12903225421905518, 0.032258063554763794, 0.0, 0.032258063554763794, 0.0, 0.06451612710952759, 0.0, 0.0, 0.032258063554763794, 0.0, 0.0, 0.0, 0.0, 0.0, 0.0, 0.0]",0,1
8,ulsan_017005,teacher_forced,-1,31,31,1.0,0.06249999813735485,0.25806450843811035,0.04946236411730449,"[0.25806450843811035, 0.032258063554763794, 0.12903225421905518, 0.19354838132858276, 0.032258063554763794, 0.09677419066429138, 0.0, 0.06451612710952759, 0.032258063554763794, 0.032258063554763794, 0.032258063554763794, 0.032258063554763794, 0.032258063554763794, 0.032258063554763794, 0.0, 0.0]",0,1
8,ulsan_017267,normal_ar,0,66,250,3.787878787878788,0.02083333395421505,0.01515151560306549,0.021212121844291686,"[0.01515151560306549, 0.0, 0.01515151560306549, 0.01515151560306549, 0.04545454680919647, 0.03030303120613098, 0.01515151560306549, 0.01515151560306549, 0.0, 0.03030303120613098, 0.03030303120613098, 0.0, 0.03030303120613098, 0.01515151560306549, 0.03030303120613098, 0.04545454680919647]",0,1
8,ulsan_017267,forced_gt_length,0,66,66,1.0,0.02083333395421505,0.01515151560306549,0.021212121844291686,"[0.01515151560306549, 0.0, 0.01515151560306549, 0.01515151560306549, 0.04545454680919647, 0.03030303120613098, 0.01515151560306549, 0.01515151560306549, 0.0, 0.03030303120613098, 0.03030303120613098, 0.0, 0.03030303120613098, 0.01515151560306549, 0.03030303120613098, 0.04545454680919647]",0,1
8,ulsan_017267,switch_rollout,16,66,66,1.0,0.021780303679406643,0.01515151560306549,0.022222222884496053,"[0.01515151560306549, 0.04545454680919647, 0.03030303120613098, 0.06060606241226196, 0.01515151560306549, 0.06060606241226196, 0.01515151560306549, 0.0, 0.01515151560306549, 0.01515151560306549, 0.01515151560306549, 0.0, 0.0, 0.03030303120613098, 0.0, 0.03030303120613098]",0,1
8,ulsan_017267,switch_rollout,33,66,66,1.0,0.052083334885537624,0.07575757801532745,0.0505050520102183,"[0.07575757801532745, 0.1666666716337204, 0.09090909361839294, 0.06060606241226196, 0.03030303120613098, 0.09090909361839294, 0.07575757801532745, 0.03030303120613098, 0.01515151560306549, 0.0, 0.04545454680919647, 0.01515151560306549, 0.01515151560306549, 0.04545454680919647, 0.04545454680919647, 0.03030303120613098]",0,1
8,ulsan_017267,switch_rollout,56,66,66,1.0,0.0416666679084301,0.12121212482452393,0.036363637447357176,"[0.12121212482452393, 0.13636364042758942, 0.06060606241226196, 0.03030303120613098, 0.01515151560306549, 0.07575757801532745, 0.03030303120613098, 0.03030303120613098, 0.03030303120613098, 0.0, 0.01515151560306549, 0.01515151560306549, 0.01515151560306549, 0.03030303120613098, 0.03030303120613098, 0.03030303120613098]",0,1
8,ulsan_017267,teacher_forced,-1,66,66,1.0,0.07954545691609383,0.13636364042758942,0.07575757801532745,"[0.13636364042758942, 0.13636364042758942, 0.12121212482452393, 0.12121212482452393, 0.09090909361839294, 0.12121212482452393, 0.13636364042758942, 0.06060606241226196, 0.07575757801532745, 0.01515151560306549, 0.07575757801532745, 0.01515151560306549, 0.06060606241226196, 0.04545454680919647, 0.04545454680919647, 0.01515151560306549]",0,1
8,ulsan_017533,normal_ar,0,53,81,1.528301886792453,0.001179245300590992,0.01886792480945587,0.0,"[0.01886792480945587, 0.0, 0.0, 0.0, 0.0, 0.0, 0.0, 0.0, 0.0, 0.0, 0.0, 0.0, 0.0, 0.0, 0.0, 0.0]",0,1
8,ulsan_017533,forced_gt_length,0,53,53,1.0,0.001179245300590992,0.01886792480945587,0.0,"[0.01886792480945587, 0.0, 0.0, 0.0, 0.0, 0.0, 0.0, 0.0, 0.0, 0.0, 0.0, 0.0, 0.0, 0.0, 0.0, 0.0]",0,1
8,ulsan_017533,switch_rollout,13,53,53,1.0,0.014150943607091904,0.01886792480945587,0.013836478193600973,"[0.01886792480945587, 0.056603774428367615, 0.0, 0.0, 0.0, 0.01886792480945587, 0.056603774428367615, 0.0, 0.0, 0.01886792480945587, 0.01886792480945587, 0.0, 0.0, 0.0, 0.03773584961891174, 0.0]",0,1
8,ulsan_017533,switch_rollout,26,53,53,1.0,0.003537735901772976,0.03773584961891174,0.0012578616539637248,"[0.03773584961891174, 0.01886792480945587, 0.0, 0.0, 0.0, 0.0, 0.0, 0.0, 0.0, 0.0, 0.0, 0.0, 0.0, 0.0, 0.0, 0.0]",0,1
8,ulsan_017533,switch_rollout,43,53,53,1.0,0.02358490601181984,0.16981132328510284,0.013836478193600973,"[0.16981132328510284, 0.056603774428367615, 0.0, 0.01886792480945587, 0.0, 0.01886792480945587, 0.03773584961891174, 0.01886792480945587, 0.0, 0.01886792480945587, 0.0, 0.01886792480945587, 0.0, 0.0, 0.01886792480945587, 0.0]",0,1
8,ulsan_017533,teacher_forced,-1,53,53,1.0,0.04834905732423067,0.2075471729040146,0.03773584961891174,"[0.2075471729040146, 0.11320754885673523, 0.03773584961891174, 0.09433962404727936, 0.056603774428367615, 0.01886792480945587, 0.01886792480945587, 0.056603774428367615, 0.0, 0.03773584961891174, 0.03773584961891174, 0.03773584961891174, 0.0, 0.01886792480945587, 0.01886792480945587, 0.01886792480945587]",0,1
8,ulsan_017793,normal_ar,0,44,250,5.681818181818182,0.012784091290086508,0.0,0.013636364042758942,"[0.0, 0.022727273404598236, 0.022727273404598236, 0.0, 0.0, 0.0, 0.0, 0.022727273404598236, 0.0, 0.0, 0.0, 0.022727273404598236, 0.022727273404598236, 0.022727273404598236, 0.04545454680919647, 0.022727273404598236]",0,0
8,ulsan_017793,forced_gt_length,0,44,44,1.0,0.012784091290086508,0.0,0.013636364042758942,"[0.0, 0.022727273404598236, 0.022727273404598236, 0.0, 0.0, 0.0, 0.0, 0.022727273404598236, 0.0, 0.0, 0.0, 0.022727273404598236, 0.022727273404598236, 0.022727273404598236, 0.04545454680919647, 0.022727273404598236]",0,0
8,ulsan_017793,switch_rollout,11,44,44,1.0,0.005681818351149559,0.04545454680919647,0.0030303031206130983,"[0.04545454680919647, 0.022727273404598236, 0.022727273404598236, 0.0, 0.0, 0.0, 0.0, 0.0, 0.0, 0.0, 0.0, 0.0, 0.0, 0.0, 0.0, 0.0]",0,0
8,ulsan_017793,switch_rollout,22,44,44,1.0,0.008522727526724339,0.09090909361839294,0.0030303031206130983,"[0.09090909361839294, 0.022727273404598236, 0.022727273404598236, 0.0, 0.0, 0.0, 0.0, 0.0, 0.0, 0.0, 0.0, 0.0, 0.0, 0.0, 0.0, 0.0]",0,0
8,ulsan_017793,switch_rollout,34,44,44,1.0,0.011363636702299118,0.11363636702299118,0.004545454680919647,"[0.11363636702299118, 0.022727273404598236, 0.022727273404598236, 0.0, 0.0, 0.0, 0.0, 0.0, 0.0, 0.0, 0.0, 0.0, 0.0, 0.0, 0.0, 0.022727273404598236]",0,0
8,ulsan_017793,teacher_forced,-1,44,44,1.0,0.04261363763362169,0.1818181872367859,0.03333333432674408,"[0.1818181872367859, 0.04545454680919647, 0.06818182021379471, 0.11363636702299118, 0.04545454680919647, 0.022727273404598236, 0.04545454680919647, 0.0, 0.0, 0.04545454680919647, 0.022727273404598236, 0.022727273404598236, 0.022727273404598236, 0.022727273404598236, 0.022727273404598236, 0.0]",0,0
8,ulsan_018002,normal_ar,0,63,250,3.9682539682539684,0.023809524718672037,0.0476190485060215,0.022222223132848738,"[0.0476190485060215, 0.0, 0.0634920671582222, 0.0, 0.01587301678955555, 0.0476190485060215, 0.0317460335791111, 0.0317460335791111, 0.01587301678955555, 0.0, 0.0317460335791111, 0.0, 0.0476190485060215, 0.0, 0.0476190485060215, 0.0]",0,3
8,ulsan_018002,forced_gt_length,0,63,63,1.0,0.023809524718672037,0.0476190485060215,0.022222223132848738,"[0.0476190485060215, 0.0, 0.0634920671582222, 0.0, 0.01587301678955555, 0.0476190485060215, 0.0317460335791111, 0.0317460335791111, 0.01587301678955555, 0.0, 0.0317460335791111, 0.0, 0.0476190485060215, 0.0, 0.0476190485060215, 0.0]",0,3
8,ulsan_018002,switch_rollout,15,63,63,1.0,0.024801588500849903,0.0634920671582222,0.022222223257025085,"[0.0634920671582222, 0.01587301678955555, 0.0634920671582222, 0.0317460335791111, 0.0317460335791111, 0.01587301678955555, 0.0, 0.01587301678955555, 0.01587301678955555, 0.01587301678955555, 0.01587301678955555, 0.0, 0.095238097012043, 0.0, 0.01587301678955555, 0.0]",0,3
8,ulsan_018002,switch_rollout,31,63,63,1.0,0.05257936695124954,0.0793650820851326,0.05079365260899067,"[0.0793650820851326, 0.095238097012043, 0.0476190485060215, 0.0317460335791111, 0.0317460335791111, 0.0317460335791111, 0.0793650820851326, 0.0634920671582222, 0.0317460335791111, 0.0476190485060215, 0.01587301678955555, 0.0317460335791111, 0.095238097012043, 0.0317460335791111, 0.095238097012043, 0.0317460335791111]",0,3
8,ulsan_018002,switch_rollout,53,63,63,1.0,0.05952381179668009,0.1269841343164444,0.05502645696202914,"[0.1269841343164444, 0.0793650820851326, 0.0476190485060215, 0.0634920671582222, 0.0317460335791111, 0.0317460335791111, 0.0793650820851326, 0.0634920671582222, 0.0476190485060215, 0.0476190485060215, 0.0317460335791111, 0.0476190485060215, 0.095238097012043, 0.0317460335791111, 0.095238097012043, 0.0317460335791111]",0,3
8,ulsan_018002,teacher_forced,-1,63,63,1.0,0.0744047649204731,0.1587301641702652,0.06878307163715362,"[0.1587301641702652, 0.1269841343164444, 0.1269841343164444, 0.1111111119389534, 0.0793650820851326, 0.0793650820851326, 0.1111111119389534, 0.0634920671582222, 0.01587301678955555, 0.0634920671582222, 0.0476190485060215, 0.0317460335791111, 0.0634920671582222, 0.0634920671582222, 0.01587301678955555, 0.0317460335791111]",0,3
8,ulsan_018328,normal_ar,0,34,141,4.147058823529412,0.016544117708690464,0.029411764815449715,0.015686274568239848,"[0.029411764815449715, 0.05882352963089943, 0.0, 0.05882352963089943, 0.029411764815449715, 0.0, 0.0, 0.0, 0.0, 0.0, 0.0, 0.0, 0.05882352963089943, 0.0, 0.029411764815449715, 0.0]",0,1
8,ulsan_018328,forced_gt_length,0,34,34,1.0,0.016544117708690464,0.029411764815449715,0.015686274568239848,"[0.029411764815449715, 0.05882352963089943, 0.0, 0.05882352963089943, 0.029411764815449715, 0.0, 0.0, 0.0, 0.0, 0.0, 0.0, 0.0, 0.05882352963089943, 0.0, 0.029411764815449715, 0.0]",0,1
8,ulsan_018328,switch_rollout,8,34,34,1.0,0.011029411805793643,0.05882352963089943,0.007843137284119924,"[0.05882352963089943, 0.05882352963089943, 0.0, 0.029411764815449715, 0.0, 0.0, 0.0, 0.0, 0.0, 0.0, 0.0, 0.0, 0.0, 0.0, 0.029411764815449715, 0.0]",0,1
8,ulsan_018328,switch_rollout,17,34,34,1.0,0.009191176621243358,0.0882352963089943,0.003921568642059962,"[0.0882352963089943, 0.0, 0.0, 0.029411764815449715, 0.0, 0.0, 0.0, 0.0, 0.0, 0.0, 0.0, 0.0, 0.029411764815449715, 0.0, 0.0, 0.0]",0,1
8,ulsan_018328,switch_rollout,24,34,34,1.0,0.027573529863730073,0.1764705926179886,0.01764705901344617,"[0.1764705926179886, 0.05882352963089943, 0.0, 0.05882352963089943, 0.0, 0.0, 0.0, 0.0, 0.0, 0.029411764815449715, 0.0, 0.029411764815449715, 0.0882352963089943, 0.0, 0.0, 0.0]",0,1
8,ulsan_018328,teacher_forced,-1,34,34,1.0,0.045955883455462754,0.14705882966518402,0.03921568704148134,"[0.14705882966518402, 0.029411764815449715, 0.14705882966518402, 0.0882352963089943, 0.05882352963089943, 0.05882352963089943, 0.029411764815449715, 0.029411764815449715, 0.029411764815449715, 0.029411764815449715, 0.0, 0.0, 0.0882352963089943, 0.0, 0.0, 0.0]",0,1
8,ulsan_018844,normal_ar,0,47,250,5.319148936170213,0.029255318571813405,0.042553190141916275,0.028368793800473212,"[0.042553190141916275, 0.0, 0.0, 0.0, 0.0, 0.0, 0.06382978707551956, 0.021276595070958138, 0.06382978707551956, 0.0, 0.021276595070958138, 0.042553190141916275, 0.06382978707551956, 0.08510638028383255, 0.021276595070958138, 0.042553190141916275]",0,2
8,ulsan_018844,forced_gt_length,0,47,47,1.0,0.029255318571813405,0.042553190141916275,0.028368793800473212,"[0.042553190141916275, 0.0, 0.0, 0.0, 0.0, 0.0, 0.06382978707551956, 0.021276595070958138, 0.06382978707551956, 0.0, 0.021276595070958138, 0.042553190141916275, 0.06382978707551956, 0.08510638028383255, 0.021276595070958138, 0.042553190141916275]",0,2
8,ulsan_018844,switch_rollout,11,47,47,1.0,0.029255318455398083,0.042553190141916275,0.02836879367629687,"[0.042553190141916275, 0.042553190141916275, 0.0, 0.021276595070958138, 0.0, 0.06382978707551956, 0.021276595070958138, 0.021276595070958138, 0.0, 0.042553190141916275, 0.021276595070958138, 0.0, 0.06382978707551956, 0.042553190141916275, 0.042553190141916275, 0.042553190141916275]",0,2
8,ulsan_018844,switch_rollout,23,47,47,1.0,0.0531914884923026,0.1702127605676651,0.04539007035394509,"[0.1702127605676651, 0.10638298094272614, 0.08510638028383255, 0.021276595070958138, 0.0, 0.021276595070958138, 0.042553190141916275, 0.06382978707551956, 0.06382978707551956, 0.06382978707551956, 0.021276595070958138, 0.0, 0.06382978707551956, 0.042553190141916275, 0.042553190141916275, 0.042553190141916275]",0,2
8,ulsan_018844,switch_rollout,37,47,47,1.0,0.05319148919079453,0.21276596188545227,0.042553191011150675,"[0.21276596188545227, 0.10638298094272614, 0.06382978707551956, 0.021276595070958138, 0.0, 0.021276595070958138, 0.042553190141916275, 0.021276595070958138, 0.06382978707551956, 0.06382978707551956, 0.021276595070958138, 0.021276595070958138, 0.06382978707551956, 0.042553190141916275, 0.042553190141916275, 0.042553190141916275]",0,2
8,ulsan_018844,teacher_forced,-1,47,47,1.0,0.09042553114704788,0.2978723347187042,0.0765957442422708,"[0.2978723347187042, 0.08510638028383255, 0.10638298094272614, 0.1489361673593521, 0.06382978707551956, 0.10638298094272614, 0.042553190141916275, 0.12765957415103912, 0.042553190141916275, 0.06382978707551956, 0.06382978707551956, 0.06382978707551956, 0.06382978707551956, 0.06382978707551956, 0.042553190141916275, 0.06382978707551956]",0,2
8,ulsan_019114,normal_ar,0,65,250,3.8461538461538463,0.006730769295245409,0.03076923079788685,0.005128205195069313,"[0.03076923079788685, 0.015384615398943424, 0.015384615398943424, 0.04615384712815285, 0.0, 0.0, 0.0, 0.0, 0.0, 0.0, 0.0, 0.0, 0.0, 0.0, 0.0, 0.0]",0,2
8,ulsan_019114,forced_gt_length,0,65,65,1.0,0.006730769295245409,0.03076923079788685,0.005128205195069313,"[0.03076923079788685, 0.015384615398943424, 0.015384615398943424, 0.04615384712815285, 0.0, 0.0, 0.0, 0.0, 0.0, 0.0, 0.0, 0.0, 0.0, 0.0, 0.0, 0.0]",0,2
8,ulsan_019114,switch_rollout,16,65,65,1.0,0.010576923144981265,0.04615384712815285,0.008205128212769827,"[0.04615384712815285, 0.03076923079788685, 0.015384615398943424, 0.03076923079788685, 0.0, 0.0, 0.0, 0.0, 0.0, 0.0, 0.015384615398943424, 0.015384615398943424, 0.0, 0.0, 0.0, 0.015384615398943424]",0,2
8,ulsan_019114,switch_rollout,32,65,65,1.0,0.015384615515358746,0.0615384615957737,0.012307692443331082,"[0.0615384615957737, 0.04615384712815285, 0.015384615398943424, 0.04615384712815285, 0.0, 0.0, 0.0, 0.015384615398943424, 0.0, 0.0, 0.015384615398943424, 0.015384615398943424, 0.015384615398943424, 0.0, 0.0, 0.015384615398943424]",0,2
8,ulsan_019114,switch_rollout,55,65,65,1.0,0.015384615631774068,0.07692307978868484,0.011282051354646683,"[0.07692307978868484, 0.04615384712815285, 0.015384615398943424, 0.03076923079788685, 0.0, 0.0, 0.0, 0.015384615398943424, 0.0, 0.0, 0.015384615398943424, 0.015384615398943424, 0.015384615398943424, 0.0, 0.0, 0.015384615398943424]",0,2
8,ulsan_019114,teacher_forced,-1,65,65,1.0,0.025961539009585977,0.0923076942563057,0.021538461993137994,"[0.0923076942563057, 0.07692307978868484, 0.04615384712815285, 0.07692307978868484, 0.0, 0.0, 0.015384615398943424, 0.03076923079788685, 0.03076923079788685, 0.015384615398943424, 0.0, 0.0, 0.015384615398943424, 0.0, 0.0, 0.015384615398943424]",0,2
8,ulsan_019371,normal_ar,0,55,250,4.545454545454546,0.018181817838922143,0.0181818176060915,0.018181817854444185,"[0.0181818176060915, 0.1090909093618393, 0.036363635212183, 0.0181818176060915, 0.0, 0.0, 0.0181818176060915, 0.0181818176060915, 0.0181818176060915, 0.0, 0.0, 0.0, 0.0181818176060915, 0.036363635212183, 0.0, 0.0]",0,1
8,ulsan_019371,forced_gt_length,0,55,55,1.0,0.018181817838922143,0.0181818176060915,0.018181817854444185,"[0.0181818176060915, 0.1090909093618393, 0.036363635212183, 0.0181818176060915, 0.0, 0.0, 0.0181818176060915, 0.0181818176060915, 0.0181818176060915, 0.0, 0.0, 0.0, 0.0181818176060915, 0.036363635212183, 0.0, 0.0]",0,1
8,ulsan_019371,switch_rollout,13,55,55,1.0,0.02159090875647962,0.036363635212183,0.020606060326099396,"[0.036363635212183, 0.12727272510528564, 0.05454545468091965, 0.05454545468091965, 0.0, 0.0, 0.0181818176060915, 0.0, 0.0181818176060915, 0.0, 0.0, 0.0, 0.0181818176060915, 0.0181818176060915, 0.0, 0.0]",0,2
8,ulsan_019371,switch_rollout,27,55,55,1.0,0.010227272752672434,0.09090909361839294,0.004848484694957733,"[0.09090909361839294, 0.0181818176060915, 0.0181818176060915, 0.0181818176060915, 0.0, 0.0, 0.0, 0.0, 0.0, 0.0, 0.0, 0.0, 0.0, 0.0181818176060915, 0.0, 0.0]",0,2
8,ulsan_019371,switch_rollout,45,55,55,1.0,0.027272727224044502,0.1818181872367859,0.01696969655652841,"[0.1818181872367859, 0.072727270424366, 0.05454545468091965, 0.036363635212183, 0.0, 0.0, 0.0181818176060915, 0.036363635212183, 0.0, 0.0181818176060915, 0.0, 0.0, 0.0, 0.0181818176060915, 0.0, 0.0]",0,2
8,ulsan_019371,teacher_forced,-1,55,55,1.0,0.04886363563127816,0.2181818187236786,0.03757575675845146,"[0.2181818187236786, 0.145454540848732, 0.072727270424366, 0.12727272510528564, 0.05454545468091965, 0.0, 0.05454545468091965, 0.036363635212183, 0.0181818176060915, 0.0181818176060915, 0.0, 0.0, 0.0, 0.036363635212183, 0.0, 0.0]",0,2
8,ulsan_019683,normal_ar,0,66,250,3.787878787878788,0.010416666977107525,0.04545454680919647,0.008080808321634929,"[0.04545454680919647, 0.0, 0.04545454680919647, 0.0, 0.01515151560306549, 0.0, 0.0, 0.0, 0.0, 0.01515151560306549, 0.01515151560306549, 0.0, 0.0, 0.01515151560306549, 0.01515151560306549, 0.0]",0,2
8,ulsan_019683,forced_gt_length,0,66,66,1.0,0.010416666977107525,0.04545454680919647,0.008080808321634929,"[0.04545454680919647, 0.0, 0.04545454680919647, 0.0, 0.01515151560306549, 0.0, 0.0, 0.0, 0.0, 0.01515151560306549, 0.01515151560306549, 0.0, 0.0, 0.01515151560306549, 0.01515151560306549, 0.0]",0,2
8,ulsan_019683,switch_rollout,16,66,66,1.0,0.021780303679406643,0.04545454680919647,0.020202020804087322,"[0.04545454680919647, 0.12121212482452393, 0.04545454680919647, 0.01515151560306549, 0.04545454680919647, 0.0, 0.0, 0.01515151560306549, 0.0, 0.01515151560306549, 0.01515151560306549, 0.0, 0.01515151560306549, 0.01515151560306549, 0.0, 0.0]",0,2
8,ulsan_019683,switch_rollout,33,66,66,1.0,0.012310606427490711,0.04545454680919647,0.010101010402043661,"[0.04545454680919647, 0.06060606241226196, 0.03030303120613098, 0.0, 0.04545454680919647, 0.0, 0.0, 0.0, 0.0, 0.0, 0.0, 0.0, 0.0, 0.0, 0.0, 0.01515151560306549]",0,2
8,ulsan_019683,switch_rollout,56,66,66,1.0,0.02651515230536461,0.12121212482452393,0.020202020804087322,"[0.12121212482452393, 0.13636364042758942, 0.04545454680919647, 0.01515151560306549, 0.04545454680919647, 0.01515151560306549, 0.0, 0.0, 0.01515151560306549, 0.0, 0.01515151560306549, 0.0, 0.0, 0.0, 0.0, 0.01515151560306549]",0,2
8,ulsan_019683,teacher_forced,-1,66,66,1.0,0.036931819282472134,0.1515151560306549,0.029292930165926614,"[0.1515151560306549, 0.1818181872367859, 0.09090909361839294, 0.04545454680919647, 0.01515151560306549, 0.03030303120613098, 0.01515151560306549, 0.0, 0.01515151560306549, 0.01515151560306549, 0.01515151560306549, 0.0, 0.0, 0.01515151560306549, 0.0, 0.0]",0,2
8,ulsan_019936,normal_ar,0,47,250,5.319148936170213,0.014627659227699041,0.06382978707551956,0.011347517371177673,"[0.06382978707551956, 0.042553190141916275, 0.042553190141916275, 0.042553190141916275, 0.0, 0.0, 0.0, 0.0, 0.0, 0.021276595070958138, 0.021276595070958138, 0.0, 0.0, 0.0, 0.0, 0.0]",0,2
8,ulsan_019936,forced_gt_length,0,47,47,1.0,0.014627659227699041,0.06382978707551956,0.011347517371177673,"[0.06382978707551956, 0.042553190141916275, 0.042553190141916275, 0.042553190141916275, 0.0, 0.0, 0.0, 0.0, 0.0, 0.021276595070958138, 0.021276595070958138, 0.0, 0.0, 0.0, 0.0, 0.0]",0,2
8,ulsan_019936,switch_rollout,11,47,47,1.0,0.01329787215217948,0.06382978707551956,0.009929077823956807,"[0.06382978707551956, 0.06382978707551956, 0.042553190141916275, 0.0, 0.0, 0.0, 0.0, 0.0, 0.0, 0.021276595070958138, 0.021276595070958138, 0.0, 0.0, 0.0, 0.0, 0.0]",0,2
8,ulsan_019936,switch_rollout,23,47,47,1.0,0.021276595420204103,0.12765957415103912,0.014184396838148434,"[0.12765957415103912, 0.08510638028383255, 0.06382978707551956, 0.0, 0.0, 0.0, 0.0, 0.0, 0.021276595070958138, 0.021276595070958138, 0.021276595070958138, 0.0, 0.0, 0.0, 0.0, 0.0]",0,2
8,ulsan_019936,switch_rollout,37,47,47,1.0,0.025265957578085363,0.19148936867713928,0.014184396838148434,"[0.19148936867713928, 0.08510638028383255, 0.06382978707551956, 0.0, 0.0, 0.0, 0.0, 0.0, 0.021276595070958138, 0.021276595070958138, 0.021276595070958138, 0.0, 0.0, 0.0, 0.0, 0.0]",0,2
8,ulsan_019936,teacher_forced,-1,47,47,1.0,0.043882978381589055,0.19148936867713928,0.034042552361885706,"[0.19148936867713928, 0.1489361673593521, 0.1489361673593521, 0.042553190141916275, 0.042553190141916275, 0.0, 0.021276595070958138, 0.021276595070958138, 0.021276595070958138, 0.021276595070958138, 0.021276595070958138, 0.021276595070958138, 0.0, 0.0, 0.0, 0.0]",0,2
8,ulsan_020204,normal_ar,0,53,250,4.716981132075472,0.016509434208273888,0.01886792480945587,0.016352201501528423,"[0.01886792480945587, 0.056603774428367615, 0.03773584961891174, 0.0, 0.01886792480945587, 0.0, 0.01886792480945587, 0.0, 0.0, 0.03773584961891174, 0.03773584961891174, 0.0, 0.03773584961891174, 0.0, 0.0, 0.0]",0,1
8,ulsan_020204,forced_gt_length,0,53,53,1.0,0.016509434208273888,0.01886792480945587,0.016352201501528423,"[0.01886792480945587, 0.056603774428367615, 0.03773584961891174, 0.0, 0.01886792480945587, 0.0, 0.01886792480945587, 0.0, 0.0, 0.03773584961891174, 0.03773584961891174, 0.0, 0.03773584961891174, 0.0, 0.0, 0.0]",0,1
8,ulsan_020204,switch_rollout,13,53,53,1.0,0.016509434208273888,0.01886792480945587,0.016352201501528423,"[0.01886792480945587, 0.07547169923782349, 0.03773584961891174, 0.0, 0.01886792480945587, 0.0, 0.01886792480945587, 0.0, 0.0, 0.03773584961891174, 0.03773584961891174, 0.0, 0.01886792480945587, 0.0, 0.0, 0.0]",0,1
8,ulsan_020204,switch_rollout,26,53,53,1.0,0.007075471803545952,0.056603774428367615,0.0037735849618911743,"[0.056603774428367615, 0.03773584961891174, 0.0, 0.0, 0.0, 0.0, 0.0, 0.0, 0.0, 0.0, 0.01886792480945587, 0.0, 0.0, 0.0, 0.0, 0.0]",0,1
8,ulsan_020204,switch_rollout,43,53,53,1.0,0.02476415131241083,0.15094339847564697,0.016352201501528423,"[0.15094339847564697, 0.11320754885673523, 0.056603774428367615, 0.0, 0.0, 0.0, 0.01886792480945587, 0.0, 0.0, 0.01886792480945587, 0.03773584961891174, 0.0, 0.0, 0.0, 0.0, 0.0]",0,1
8,ulsan_020204,teacher_forced,-1,53,53,1.0,0.04599056672304869,0.15094339847564697,0.038993711272875466,"[0.15094339847564697, 0.1320754736661911, 0.07547169923782349, 0.056603774428367615, 0.15094339847564697, 0.0, 0.056603774428367615, 0.03773584961891174, 0.01886792480945587, 0.01886792480945587, 0.03773584961891174, 0.0, 0.0, 0.0, 0.0, 0.0]",0,1
8,ulsan_020496,normal_ar,0,36,250,6.944444444444445,0.0034722222480922937,0.02777777798473835,0.0018518518656492234,"[0.02777777798473835, 0.0, 0.0, 0.0, 0.0, 0.0, 0.0, 0.0, 0.0, 0.0, 0.0, 0.0, 0.0, 0.0, 0.0, 0.02777777798473835]",0,1
8,ulsan_020496,forced_gt_length,0,36,36,1.0,0.0034722222480922937,0.02777777798473835,0.0018518518656492234,"[0.02777777798473835, 0.0, 0.0, 0.0, 0.0, 0.0, 0.0, 0.0, 0.0, 0.0, 0.0, 0.0, 0.0, 0.0, 0.0, 0.02777777798473835]",0,1
8,ulsan_020496,switch_rollout,9,36,36,1.0,0.008680555620230734,0.0555555559694767,0.00555555559694767,"[0.0555555559694767, 0.02777777798473835, 0.02777777798473835, 0.0, 0.0, 0.0, 0.0, 0.0, 0.0, 0.0, 0.0, 0.0, 0.02777777798473835, 0.0, 0.0, 0.0]",0,2
8,ulsan_020496,switch_rollout,18,36,36,1.0,0.012152778101153672,0.0833333358168602,0.007407407586773236,"[0.0833333358168602, 0.02777777798473835, 0.0833333358168602, 0.0, 0.0, 0.0, 0.0, 0.0, 0.0, 0.0, 0.0, 0.0, 0.0, 0.0, 0.0, 0.0]",0,2
8,ulsan_020496,switch_rollout,26,36,36,1.0,0.015625000116415322,0.1111111119389534,0.009259259328246117,"[0.1111111119389534, 0.02777777798473835, 0.1111111119389534, 0.0, 0.0, 0.0, 0.0, 0.0, 0.0, 0.0, 0.0, 0.0, 0.0, 0.0, 0.0, 0.0]",0,2
8,ulsan_020496,teacher_forced,-1,36,36,1.0,0.03645833395421505,0.1388888955116272,0.029629629850387574,"[0.1388888955116272, 0.1111111119389534, 0.0555555559694767, 0.02777777798473835, 0.0555555559694767, 0.02777777798473835, 0.0, 0.0555555559694767, 0.02777777798473835, 0.0, 0.0, 0.0, 0.0, 0.0555555559694767, 0.0, 0.02777777798473835]",0,2
8,ulsan_020739,normal_ar,0,73,250,3.4246575342465753,0.010273972526192665,0.04109589010477066,0.008219178020954131,"[0.04109589010477066, 0.013698630034923553, 0.013698630034923553, 0.0, 0.027397260069847107, 0.0, 0.013698630034923553, 0.0, 0.013698630034923553, 0.0, 0.0, 0.013698630034923553, 0.013698630034923553, 0.0, 0.013698630034923553, 0.0]",0,3
8,ulsan_020739,forced_gt_length,0,73,73,1.0,0.010273972526192665,0.04109589010477066,0.008219178020954131,"[0.04109589010477066, 0.013698630034923553, 0.013698630034923553, 0.0, 0.027397260069847107, 0.0, 0.013698630034923553, 0.0, 0.013698630034923553, 0.0, 0.0, 0.013698630034923553, 0.013698630034923553, 0.0, 0.013698630034923553, 0.0]",0,3
8,ulsan_020739,switch_rollout,18,73,73,1.0,0.012842465657740831,0.08219178020954132,0.008219178020954131,"[0.08219178020954132, 0.0, 0.013698630034923553, 0.0, 0.027397260069847107, 0.0, 0.013698630034923553, 0.0, 0.0, 0.013698630034923553, 0.0, 0.027397260069847107, 0.013698630034923553, 0.0, 0.013698630034923553, 0.0]",0,4
8,ulsan_020739,switch_rollout,36,73,73,1.0,0.017979451920837164,0.09589041024446487,0.012785388032595317,"[0.09589041024446487, 0.0, 0.04109589010477066, 0.0, 0.027397260069847107, 0.013698630034923553, 0.013698630034923553, 0.0, 0.0, 0.027397260069847107, 0.0, 0.013698630034923553, 0.027397260069847107, 0.0, 0.013698630034923553, 0.013698630034923553]",0,4
8,ulsan_020739,switch_rollout,63,73,73,1.0,0.02910958928987384,0.1780821979045868,0.019178082048892976,"[0.1780821979045868, 0.04109589010477066, 0.027397260069847107, 0.013698630034923553, 0.04109589010477066, 0.013698630034923553, 0.04109589010477066, 0.0, 0.0, 0.013698630034923553, 0.013698630034923553, 0.027397260069847107, 0.013698630034923553, 0.0, 0.027397260069847107, 0.013698630034923553]",0,4
8,ulsan_020739,teacher_forced,-1,73,73,1.0,0.040239726193249226,0.1780821979045868,0.031050228079160056,"[0.1780821979045868, 0.054794520139694214, 0.027397260069847107, 0.054794520139694214, 0.054794520139694214, 0.04109589010477066, 0.04109589010477066, 0.027397260069847107, 0.054794520139694214, 0.013698630034923553, 0.027397260069847107, 0.0, 0.013698630034923553, 0.013698630034923553, 0.027397260069847107, 0.013698630034923553]",0,4
8,ulsan_021001,normal_ar,0,95,250,2.6315789473684212,0.016447368543595076,0.031578946858644485,0.015438596655925115,"[0.031578946858644485, 0.0, 0.06315789371728897, 0.021052632480859756, 0.031578946858644485, 0.010526316240429878, 0.0, 0.0, 0.0, 0.010526316240429878, 0.031578946858644485, 0.010526316240429878, 0.021052632480859756, 0.021052632480859756, 0.0, 0.010526316240429878]",0,3
8,ulsan_021001,forced_gt_length,0,95,95,1.0,0.016447368543595076,0.031578946858644485,0.015438596655925115,"[0.031578946858644485, 0.0, 0.06315789371728897, 0.021052632480859756, 0.031578946858644485, 0.010526316240429878, 0.0, 0.0, 0.0, 0.010526316240429878, 0.031578946858644485, 0.010526316240429878, 0.021052632480859756, 0.021052632480859756, 0.0, 0.010526316240429878]",0,3
8,ulsan_021001,switch_rollout,23,95,95,1.0,0.015131579246371984,0.031578946858644485,0.014035088072220484,"[0.031578946858644485, 0.010526316240429878, 0.05263157933950424, 0.021052632480859756, 0.010526316240429878, 0.021052632480859756, 0.0, 0.0, 0.0, 0.0, 0.021052632480859756, 0.010526316240429878, 0.031578946858644485, 0.010526316240429878, 0.010526316240429878, 0.010526316240429878]",0,3
8,ulsan_021001,switch_rollout,47,95,95,1.0,0.011184210889041424,0.031578946858644485,0.00982456182440122,"[0.031578946858644485, 0.021052632480859756, 0.021052632480859756, 0.021052632480859756, 0.0, 0.010526316240429878, 0.010526316240429878, 0.0, 0.010526316240429878, 0.0, 0.021052632480859756, 0.0, 0.0, 0.010526316240429878, 0.0, 0.021052632480859756]",0,3
8,ulsan_021001,switch_rollout,85,95,95,1.0,0.026315789786167443,0.10526315867900848,0.02105263185997804,"[0.10526315867900848, 0.06315789371728897, 0.031578946858644485, 0.010526316240429878, 0.0, 0.010526316240429878, 0.04210526496171951, 0.021052632480859756, 0.010526316240429878, 0.0, 0.05263157933950424, 0.010526316240429878, 0.010526316240429878, 0.021052632480859756, 0.0, 0.031578946858644485]",0,3
8,ulsan_021001,teacher_forced,-1,95,95,1.0,0.06315789464861155,0.13684210181236267,0.05824561417102814,"[0.13684210181236267, 0.12631578743457794, 0.09473684430122375, 0.10526315867900848, 0.06315789371728897, 0.0736842080950737, 0.10526315867900848, 0.04210526496171951, 0.04210526496171951, 0.05263157933950424, 0.031578946858644485, 0.031578946858644485, 0.021052632480859756, 0.031578946858644485, 0.031578946858644485, 0.021052632480859756]",0,3
8,ulsan_021260,normal_ar,0,85,250,2.9411764705882355,0.0029411765281111,0.0235294122248888,0.0015686274816592535,"[0.0235294122248888, 0.0, 0.0, 0.0117647061124444, 0.0, 0.0117647061124444, 0.0, 0.0, 0.0, 0.0, 0.0, 0.0, 0.0, 0.0, 0.0, 0.0]",0,2
8,ulsan_021260,forced_gt_length,0,85,85,1.0,0.0029411765281111,0.0235294122248888,0.0015686274816592535,"[0.0235294122248888, 0.0, 0.0, 0.0117647061124444, 0.0, 0.0117647061124444, 0.0, 0.0, 0.0, 0.0, 0.0, 0.0, 0.0, 0.0, 0.0, 0.0]",0,2
8,ulsan_021260,switch_rollout,21,85,85,1.0,0.0066176471882499754,0.0470588244497776,0.003921568704148133,"[0.0470588244497776, 0.0117647061124444, 0.0, 0.0117647061124444, 0.0235294122248888, 0.0117647061124444, 0.0, 0.0, 0.0, 0.0, 0.0, 0.0, 0.0, 0.0, 0.0, 0.0]",0,1
8,ulsan_021260,switch_rollout,42,85,85,1.0,0.01323529431829229,0.05882352963089943,0.010196078630785147,"[0.05882352963089943, 0.0235294122248888, 0.0, 0.0117647061124444, 0.0470588244497776, 0.0235294122248888, 0.0235294122248888, 0.0, 0.0117647061124444, 0.0, 0.0117647061124444, 0.0, 0.0, 0.0, 0.0, 0.0]",0,1
8,ulsan_021260,switch_rollout,75,85,85,1.0,0.01323529431829229,0.10588235408067703,0.007058823667466641,"[0.10588235408067703, 0.0117647061124444, 0.0, 0.0117647061124444, 0.0470588244497776, 0.0117647061124444, 0.0, 0.0, 0.0117647061124444, 0.0, 0.0117647061124444, 0.0, 0.0, 0.0, 0.0, 0.0]",0,1
8,ulsan_021260,teacher_forced,-1,85,85,1.0,0.03823529533110559,0.12941177189350128,0.03215686356027921,"[0.12941177189350128, 0.05882352963089943, 0.08235294371843338, 0.0470588244497776, 0.07058823853731155, 0.07058823853731155, 0.05882352963089943, 0.0117647061124444, 0.0117647061124444, 0.0117647061124444, 0.0, 0.0, 0.0, 0.0235294122248888, 0.0235294122248888, 0.0117647061124444]",0,1
8,ulsan_021566,normal_ar,0,30,250,8.333333333333334,0.006250000325962901,0.03333333507180214,0.004444444676240286,"[0.03333333507180214, 0.0, 0.0, 0.06666667014360428, 0.0, 0.0, 0.0, 0.0, 0.0, 0.0, 0.0, 0.0, 0.0, 0.0, 0.0, 0.0]",0,0
8,ulsan_021566,forced_gt_length,0,30,30,1.0,0.006250000325962901,0.03333333507180214,0.004444444676240286,"[0.03333333507180214, 0.0, 0.0, 0.06666667014360428, 0.0, 0.0, 0.0, 0.0, 0.0, 0.0, 0.0, 0.0, 0.0, 0.0, 0.0, 0.0]",0,0
8,ulsan_021566,switch_rollout,7,30,30,1.0,0.008333333767950535,0.06666667014360428,0.004444444676240286,"[0.06666667014360428, 0.03333333507180214, 0.0, 0.0, 0.0, 0.0, 0.0, 0.0, 0.0, 0.0, 0.03333333507180214, 0.0, 0.0, 0.0, 0.0, 0.0]",0,0
8,ulsan_021566,switch_rollout,15,30,30,1.0,0.016666667303070426,0.10000000149011612,0.011111111690600714,"[0.10000000149011612, 0.06666667014360428, 0.0, 0.06666667014360428, 0.0, 0.0, 0.0, 0.0, 0.03333333507180214, 0.0, 0.0, 0.0, 0.0, 0.0, 0.0, 0.0]",0,0
8,ulsan_021566,switch_rollout,20,30,30,1.0,0.020833334419876337,0.13333334028720856,0.013333334028720856,"[0.13333334028720856, 0.06666667014360428, 0.03333333507180214, 0.06666667014360428, 0.0, 0.03333333507180214, 0.0, 0.0, 0.0, 0.0, 0.0, 0.0, 0.0, 0.0, 0.0, 0.0]",0,0
8,ulsan_021566,teacher_forced,-1,30,30,1.0,0.05208333511836827,0.23333333432674408,0.04000000183780988,"[0.23333333432674408, 0.06666667014360428, 0.1666666716337204, 0.06666667014360428, 0.03333333507180214, 0.06666667014360428, 0.0, 0.06666667014360428, 0.06666667014360428, 0.0, 0.0, 0.0, 0.0, 0.06666667014360428, 0.0, 0.0]",0,0
8,ulsan_021810,normal_ar,0,16,102,6.375,0.01171875,0.0625,0.008333333333333333,"[0.0625, 0.0625, 0.0, 0.0625, 0.0, 0.0, 0.0, 0.0, 0.0, 0.0, 0.0, 0.0, 0.0, 0.0, 0.0, 0.0]",0,1
8,ulsan_021810,forced_gt_length,0,16,16,1.0,0.01171875,0.0625,0.008333333333333333,"[0.0625, 0.0625, 0.0, 0.0625, 0.0, 0.0, 0.0, 0.0, 0.0, 0.0, 0.0, 0.0, 0.0, 0.0, 0.0, 0.0]",0,1
8,ulsan_021810,switch_rollout,4,16,16,1.0,0.00390625,0.0625,0.0,"[0.0625, 0.0, 0.0, 0.0, 0.0, 0.0, 0.0, 0.0, 0.0, 0.0, 0.0, 0.0, 0.0, 0.0, 0.0, 0.0]",0,1
8,ulsan_021810,switch_rollout,6,16,16,1.0,0.00390625,0.0625,0.0,"[0.0625, 0.0, 0.0, 0.0, 0.0, 0.0, 0.0, 0.0, 0.0, 0.0, 0.0, 0.0, 0.0, 0.0, 0.0, 0.0]",0,1
8,ulsan_021810,switch_rollout,8,16,16,1.0,0.01171875,0.0625,0.008333333333333333,"[0.0625, 0.0, 0.0, 0.0625, 0.0, 0.0, 0.0, 0.0, 0.0, 0.0625, 0.0, 0.0, 0.0, 0.0, 0.0, 0.0]",0,1
8,ulsan_021810,teacher_forced,-1,16,16,1.0,0.03125,0.125,0.025,"[0.125, 0.1875, 0.0625, 0.0625, 0.0625, 0.0, 0.0, 0.0, 0.0, 0.0, 0.0, 0.0, 0.0, 0.0, 0.0, 0.0]",0,1
8,ulsan_022111,normal_ar,0,29,250,8.620689655172415,0.0021551724057644606,0.03448275849223137,0.0,"[0.03448275849223137, 0.0, 0.0, 0.0, 0.0, 0.0, 0.0, 0.0, 0.0, 0.0, 0.0, 0.0, 0.0, 0.0, 0.0, 0.0]",0,1
8,ulsan_022111,forced_gt_length,0,29,29,1.0,0.0021551724057644606,0.03448275849223137,0.0,"[0.03448275849223137, 0.0, 0.0, 0.0, 0.0, 0.0, 0.0, 0.0, 0.0, 0.0, 0.0, 0.0, 0.0, 0.0, 0.0, 0.0]",0,1
8,ulsan_022111,switch_rollout,7,29,29,1.0,0.010775862261652946,0.1034482792019844,0.004597701132297516,"[0.1034482792019844, 0.03448275849223137, 0.0, 0.0, 0.0, 0.0, 0.0, 0.0, 0.03448275849223137, 0.0, 0.0, 0.0, 0.0, 0.0, 0.0, 0.0]",0,2
8,ulsan_022111,switch_rollout,14,29,29,1.0,0.008620689855888486,0.1034482792019844,0.002298850566148758,"[0.1034482792019844, 0.0, 0.0, 0.0, 0.0, 0.0, 0.0, 0.0, 0.03448275849223137, 0.0, 0.0, 0.0, 0.0, 0.0, 0.0, 0.0]",0,2
8,ulsan_022111,switch_rollout,19,29,29,1.0,0.021551724523305893,0.2068965584039688,0.009195402264595032,"[0.2068965584039688, 0.0, 0.03448275849223137, 0.0, 0.06896551698446274, 0.0, 0.0, 0.0, 0.03448275849223137, 0.0, 0.0, 0.0, 0.0, 0.0, 0.0, 0.0]",0,2
8,ulsan_022111,teacher_forced,-1,29,29,1.0,0.030172413680702448,0.27586206793785095,0.013793103396892548,"[0.27586206793785095, 0.06896551698446274, 0.0, 0.0, 0.03448275849223137, 0.0, 0.03448275849223137, 0.0, 0.06896551698446274, 0.0, 0.0, 0.0, 0.0, 0.0, 0.0, 0.0]",0,2
8,ulsan_022355,normal_ar,0,42,250,5.9523809523809526,0.010416666860692203,0.0476190485060215,0.007936508084336916,"[0.0476190485060215, 0.02380952425301075, 0.0, 0.0476190485060215, 0.02380952425301075, 0.0, 0.0, 0.02380952425301075, 0.0, 0.0, 0.0, 0.0, 0.0, 0.0, 0.0, 0.0]",0,2
8,ulsan_022355,forced_gt_length,0,42,42,1.0,0.010416666860692203,0.0476190485060215,0.007936508084336916,"[0.0476190485060215, 0.02380952425301075, 0.0, 0.0476190485060215, 0.02380952425301075, 0.0, 0.0, 0.02380952425301075, 0.0, 0.0, 0.0, 0.0, 0.0, 0.0, 0.0, 0.0]",0,2
8,ulsan_022355,switch_rollout,10,42,42,1.0,0.010416666860692203,0.0476190485060215,0.007936508084336916,"[0.0476190485060215, 0.02380952425301075, 0.0, 0.0, 0.02380952425301075, 0.0, 0.0, 0.02380952425301075, 0.02380952425301075, 0.0, 0.0, 0.0, 0.0, 0.0, 0.02380952425301075, 0.0]",0,2
8,ulsan_022355,switch_rollout,21,42,42,1.0,0.010416666860692203,0.0476190485060215,0.007936508084336916,"[0.0476190485060215, 0.02380952425301075, 0.0, 0.0476190485060215, 0.02380952425301075, 0.0, 0.0, 0.02380952425301075, 0.0, 0.0, 0.0, 0.0, 0.0, 0.0, 0.0, 0.0]",0,2
8,ulsan_022355,switch_rollout,32,42,42,1.0,0.013392857508733869,0.0714285746216774,0.0095238097012043,"[0.0714285746216774, 0.0, 0.02380952425301075, 0.0476190485060215, 0.02380952425301075, 0.0, 0.0, 0.02380952425301075, 0.0, 0.0, 0.0, 0.0, 0.0, 0.02380952425301075, 0.0, 0.0]",0,2
8,ulsan_022355,teacher_forced,-1,42,42,1.0,0.03720238176174462,0.1190476194024086,0.03174603258570035,"[0.1190476194024086, 0.0476190485060215, 0.1428571492433548, 0.0476190485060215, 0.0476190485060215, 0.02380952425301075, 0.0, 0.02380952425301075, 0.0, 0.0, 0.02380952425301075, 0.0476190485060215, 0.02380952425301075, 0.02380952425301075, 0.02380952425301075, 0.0]",0,2
8,ulsan_022683,normal_ar,0,36,250,6.944444444444445,0.005208333372138441,0.0,0.00555555559694767,"[0.0, 0.02777777798473835, 0.02777777798473835, 0.0, 0.0, 0.0, 0.0, 0.02777777798473835, 0.0, 0.0, 0.0, 0.0, 0.0, 0.0, 0.0, 0.0]",0,0
8,ulsan_022683,forced_gt_length,0,36,36,1.0,0.005208333372138441,0.0,0.00555555559694767,"[0.0, 0.02777777798473835, 0.02777777798473835, 0.0, 0.0, 0.0, 0.0, 0.02777777798473835, 0.0, 0.0, 0.0, 0.0, 0.0, 0.0, 0.0, 0.0]",0,0
8,ulsan_022683,switch_rollout,9,36,36,1.0,0.0069444444961845875,0.0,0.0074074074625968935,"[0.0, 0.02777777798473835, 0.02777777798473835, 0.0, 0.0, 0.0, 0.0, 0.02777777798473835, 0.02777777798473835, 0.0, 0.0, 0.0, 0.0, 0.0, 0.0, 0.0]",0,0
8,ulsan_022683,switch_rollout,18,36,36,1.0,0.010416666744276881,0.02777777798473835,0.009259259328246117,"[0.02777777798473835, 0.0555555559694767, 0.02777777798473835, 0.0, 0.02777777798473835, 0.0, 0.0, 0.0, 0.02777777798473835, 0.0, 0.0, 0.0, 0.0, 0.0, 0.0, 0.0]",0,0
8,ulsan_022683,switch_rollout,26,36,36,1.0,0.010416666744276881,0.0555555559694767,0.0074074074625968935,"[0.0555555559694767, 0.0555555559694767, 0.02777777798473835, 0.0, 0.0, 0.0, 0.0, 0.0, 0.02777777798473835, 0.0, 0.0, 0.0, 0.0, 0.0, 0.0, 0.0]",0,0
8,ulsan_022683,teacher_forced,-1,36,36,1.0,0.01736111124046147,0.0555555559694767,0.014814814925193787,"[0.0555555559694767, 0.0555555559694767, 0.02777777798473835, 0.02777777798473835, 0.02777777798473835, 0.02777777798473835, 0.0, 0.0, 0.0, 0.02777777798473835, 0.0, 0.0, 0.0, 0.0, 0.02777777798473835, 0.0]",0,0
8,ulsan_022951,normal_ar,0,46,250,5.434782608695652,0.004076087032444775,0.043478261679410934,0.001449275389313698,"[0.043478261679410934, 0.0, 0.0, 0.0, 0.0, 0.0, 0.0, 0.021739130839705467, 0.0, 0.0, 0.0, 0.0, 0.0, 0.0, 0.0, 0.0]",0,2
8,ulsan_022951,forced_gt_length,0,46,46,1.0,0.004076087032444775,0.043478261679410934,0.001449275389313698,"[0.043478261679410934, 0.0, 0.0, 0.0, 0.0, 0.0, 0.0, 0.021739130839705467, 0.0, 0.0, 0.0, 0.0, 0.0, 0.0, 0.0, 0.0]",0,2
8,ulsan_022951,switch_rollout,11,46,46,1.0,0.020380435045808554,0.08695652335882187,0.01594202915827433,"[0.08695652335882187, 0.06521739065647125, 0.043478261679410934, 0.021739130839705467, 0.0, 0.021739130839705467, 0.0, 0.021739130839705467, 0.0, 0.0, 0.043478261679410934, 0.021739130839705467, 0.0, 0.0, 0.0, 0.0]",0,3
8,ulsan_022951,switch_rollout,23,46,46,1.0,0.02717391320038587,0.1304347813129425,0.020289855326215425,"[0.1304347813129425, 0.08695652335882187, 0.06521739065647125, 0.043478261679410934, 0.0, 0.021739130839705467, 0.0, 0.021739130839705467, 0.0, 0.0, 0.043478261679410934, 0.021739130839705467, 0.0, 0.0, 0.0, 0.0]",0,3
8,ulsan_022951,switch_rollout,36,46,46,1.0,0.02717391273472458,0.1304347813129425,0.020289854829510054,"[0.1304347813129425, 0.10869564861059189, 0.06521739065647125, 0.043478261679410934, 0.0, 0.021739130839705467, 0.0, 0.0, 0.0, 0.0, 0.06521739065647125, 0.0, 0.0, 0.0, 0.0, 0.0]",0,3
8,ulsan_022951,teacher_forced,-1,46,46,1.0,0.04619565210305154,0.19565217196941376,0.03623188411196073,"[0.19565217196941376, 0.08695652335882187, 0.10869564861059189, 0.08695652335882187, 0.043478261679410934, 0.06521739065647125, 0.06521739065647125, 0.043478261679410934, 0.0, 0.0, 0.043478261679410934, 0.0, 0.0, 0.0, 0.0, 0.0]",0,3
8,ulsan_023213,normal_ar,0,34,238,7.0,0.0036764706019312143,0.029411764815449715,0.001960784321029981,"[0.029411764815449715, 0.0, 0.0, 0.029411764815449715, 0.0, 0.0, 0.0, 0.0, 0.0, 0.0, 0.0, 0.0, 0.0, 0.0, 0.0, 0.0]",0,1
8,ulsan_023213,forced_gt_length,0,34,34,1.0,0.0036764706019312143,0.029411764815449715,0.001960784321029981,"[0.029411764815449715, 0.0, 0.0, 0.029411764815449715, 0.0, 0.0, 0.0, 0.0, 0.0, 0.0, 0.0, 0.0, 0.0, 0.0, 0.0, 0.0]",0,1
8,ulsan_023213,switch_rollout,8,34,34,1.0,0.011029411922208965,0.0882352963089943,0.005882352963089943,"[0.0882352963089943, 0.029411764815449715, 0.029411764815449715, 0.029411764815449715, 0.0, 0.0, 0.0, 0.0, 0.0, 0.0, 0.0, 0.0, 0.0, 0.0, 0.0, 0.0]",0,1
8,ulsan_023213,switch_rollout,17,34,34,1.0,0.02573529491201043,0.14705882966518402,0.01764705926179886,"[0.14705882966518402, 0.14705882966518402, 0.029411764815449715, 0.029411764815449715, 0.0, 0.0, 0.0, 0.029411764815449715, 0.029411764815449715, 0.0, 0.0, 0.0, 0.0, 0.0, 0.0, 0.0]",0,1
8,ulsan_023213,switch_rollout,24,34,34,1.0,0.02205882396083325,0.14705882966518402,0.013725490247209867,"[0.14705882966518402, 0.11764705926179886, 0.029411764815449715, 0.029411764815449715, 0.0, 0.0, 0.0, 0.0, 0.029411764815449715, 0.0, 0.0, 0.0, 0.0, 0.0, 0.0, 0.0]",0,1
8,ulsan_023213,teacher_forced,-1,34,34,1.0,0.049632354523055255,0.2647058963775635,0.03529411839942138,"[0.2647058963775635, 0.14705882966518402, 0.0882352963089943, 0.05882352963089943, 0.0, 0.0, 0.0, 0.05882352963089943, 0.0882352963089943, 0.0, 0.0, 0.029411764815449715, 0.029411764815449715, 0.029411764815449715, 0.0, 0.0]",0,1
8,ulsan_023499,normal_ar,0,55,250,4.545454545454546,0.013636363670229912,0.0181818176060915,0.013333333407839138,"[0.0181818176060915, 0.05454545468091965, 0.0, 0.0181818176060915, 0.09090909361839294, 0.0181818176060915, 0.0, 0.0, 0.0181818176060915, 0.0, 0.0, 0.0, 0.0, 0.0, 0.0, 0.0]",0,1
8,ulsan_023499,forced_gt_length,0,55,55,1.0,0.013636363670229912,0.0181818176060915,0.013333333407839138,"[0.0181818176060915, 0.05454545468091965, 0.0, 0.0181818176060915, 0.09090909361839294, 0.0181818176060915, 0.0, 0.0, 0.0181818176060915, 0.0, 0.0, 0.0, 0.0, 0.0, 0.0, 0.0]",0,1
8,ulsan_023499,switch_rollout,13,55,55,1.0,0.014772726804949343,0.072727270424366,0.0109090905636549,"[0.072727270424366, 0.0, 0.0181818176060915, 0.0181818176060915, 0.072727270424366, 0.0181818176060915, 0.0, 0.0, 0.036363635212183, 0.0, 0.0, 0.0, 0.0, 0.0, 0.0, 0.0]",0,2
8,ulsan_023499,switch_rollout,27,55,55,1.0,0.015909090754576027,0.09090909361839294,0.0109090905636549,"[0.09090909361839294, 0.0181818176060915, 0.0181818176060915, 0.0181818176060915, 0.072727270424366, 0.0, 0.0, 0.0, 0.036363635212183, 0.0, 0.0, 0.0, 0.0, 0.0, 0.0, 0.0]",0,2
8,ulsan_023499,switch_rollout,45,55,55,1.0,0.01931818143930286,0.12727272510528564,0.012121211861570676,"[0.12727272510528564, 0.036363635212183, 0.0181818176060915, 0.0181818176060915, 0.05454545468091965, 0.0, 0.0, 0.0, 0.036363635212183, 0.0, 0.0, 0.0, 0.0, 0.0, 0.0, 0.0181818176060915]",0,2
8,ulsan_023499,teacher_forced,-1,55,55,1.0,0.04090909112710506,0.1818181872367859,0.03151515138645967,"[0.1818181872367859, 0.05454545468091965, 0.072727270424366, 0.09090909361839294, 0.1090909093618393, 0.05454545468091965, 0.036363635212183, 0.0, 0.0181818176060915, 0.0, 0.0, 0.0, 0.0181818176060915, 0.0, 0.0, 0.0181818176060915]",0,2
8,ulsan_023772,normal_ar,0,56,250,4.464285714285714,0.017857143539004028,0.01785714365541935,0.017857143531243007,"[0.01785714365541935, 0.01785714365541935, 0.01785714365541935, 0.0535714291036129, 0.0357142873108387, 0.01785714365541935, 0.0357142873108387, 0.0357142873108387, 0.0, 0.01785714365541935, 0.01785714365541935, 0.0, 0.0, 0.01785714365541935, 0.0, 0.0]",0,1
8,ulsan_023772,forced_gt_length,0,56,56,1.0,0.017857143539004028,0.01785714365541935,0.017857143531243007,"[0.01785714365541935, 0.01785714365541935, 0.01785714365541935, 0.0535714291036129, 0.0357142873108387, 0.01785714365541935, 0.0357142873108387, 0.0357142873108387, 0.0, 0.01785714365541935, 0.01785714365541935, 0.0, 0.0, 0.01785714365541935, 0.0, 0.0]",0,1
8,ulsan_023772,switch_rollout,14,56,56,1.0,0.01227678603027016,0.0535714291036129,0.009523809825380643,"[0.0535714291036129, 0.0535714291036129, 0.0, 0.01785714365541935, 0.0, 0.01785714365541935, 0.0, 0.0, 0.0, 0.0, 0.0, 0.0, 0.01785714365541935, 0.0, 0.0, 0.0357142873108387]",0,2
8,ulsan_023772,switch_rollout,28,56,56,1.0,0.01339285762514919,0.0892857164144516,0.008333333705862363,"[0.0892857164144516, 0.0357142873108387, 0.0357142873108387, 0.01785714365541935, 0.0, 0.0, 0.0, 0.0, 0.0, 0.0, 0.0, 0.01785714365541935, 0.0, 0.0, 0.0, 0.01785714365541935]",0,2
8,ulsan_023772,switch_rollout,46,56,56,1.0,0.029017857974395156,0.1785714328289032,0.019047619650761287,"[0.1785714328289032, 0.0535714291036129, 0.0357142873108387, 0.0357142873108387, 0.01785714365541935, 0.01785714365541935, 0.01785714365541935, 0.0535714291036129, 0.0, 0.0, 0.01785714365541935, 0.01785714365541935, 0.01785714365541935, 0.0, 0.0, 0.0]",0,2
8,ulsan_023772,teacher_forced,-1,56,56,1.0,0.05691964365541935,0.2321428507566452,0.045238096515337625,"[0.2321428507566452, 0.1428571492433548, 0.0892857164144516, 0.125, 0.0357142873108387, 0.0, 0.0535714291036129, 0.0535714291036129, 0.01785714365541935, 0.0357142873108387, 0.01785714365541935, 0.01785714365541935, 0.0357142873108387, 0.0, 0.01785714365541935, 0.0357142873108387]",0,2
8,ulsan_023994,normal_ar,0,77,250,3.2467532467532467,0.044642856635618955,0.19480518996715546,0.03463203441351652,"[0.19480518996715546, 0.0, 0.03896103799343109, 0.03896103799343109, 0.0, 0.012987012974917889, 0.0, 0.0, 0.051948051899671555, 0.025974025949835777, 0.06493506580591202, 0.051948051899671555, 0.06493506580591202, 0.07792207598686218, 0.051948051899671555, 0.03896103799343109]",0,1
8,ulsan_023994,forced_gt_length,0,77,77,1.0,0.044642856635618955,0.19480518996715546,0.03463203441351652,"[0.19480518996715546, 0.0, 0.03896103799343109, 0.03896103799343109, 0.0, 0.012987012974917889, 0.0, 0.0, 0.051948051899671555, 0.025974025949835777, 0.06493506580591202, 0.051948051899671555, 0.06493506580591202, 0.07792207598686218, 0.051948051899671555, 0.03896103799343109]",0,1
8,ulsan_023994,switch_rollout,19,77,77,1.0,0.11607142834691331,0.25974026322364807,0.10649350602179766,"[0.25974026322364807, 0.19480518996715546, 0.10389610379934311, 0.22077922523021698, 0.051948051899671555, 0.20779220759868622, 0.23376622796058655, 0.11688311398029327, 0.07792207598686218, 0.03896103799343109, 0.012987012974917889, 0.06493506580591202, 0.03896103799343109, 0.09090909361839294, 0.09090909361839294, 0.051948051899671555]",0,1
8,ulsan_023994,switch_rollout,38,77,77,1.0,0.09821428533177823,0.25974026322364807,0.08744588680565357,"[0.25974026322364807, 0.16883116960525513, 0.03896103799343109, 0.051948051899671555, 0.06493506580591202, 0.20779220759868622, 0.23376622796058655, 0.03896103799343109, 0.07792207598686218, 0.025974025949835777, 0.07792207598686218, 0.06493506580591202, 0.06493506580591202, 0.07792207598686218, 0.051948051899671555, 0.06493506580591202]",0,1
8,ulsan_023994,switch_rollout,67,77,77,1.0,0.11769480374641716,0.31168830394744873,0.10476190373301505,"[0.31168830394744873, 0.16883116960525513, 0.10389610379934311, 0.20779220759868622, 0.06493506580591202, 0.20779220759868622, 0.23376622796058655, 0.03896103799343109, 0.051948051899671555, 0.03896103799343109, 0.07792207598686218, 0.06493506580591202, 0.03896103799343109, 0.11688311398029327, 0.07792207598686218, 0.07792207598686218]",0,1
8,ulsan_023994,teacher_forced,-1,77,77,1.0,0.16477272659540176,0.29870128631591797,0.15584415594736736,"[0.29870128631591797, 0.2467532455921173, 0.1428571492433548, 0.25974026322364807, 0.20779220759868622, 0.23376622796058655, 0.25974026322364807, 0.16883116960525513, 0.07792207598686218, 0.10389610379934311, 0.16883116960525513, 0.10389610379934311, 0.06493506580591202, 0.11688311398029327, 0.11688311398029327, 0.06493506580591202]",0,1
8,ulsan_024144,normal_ar,0,85,250,2.9411764705882355,0.030882353777997196,0.15294118225574493,0.022745098546147348,"[0.15294118225574493, 0.07058823853731155, 0.05882352963089943, 0.05882352963089943, 0.0117647061124444, 0.0235294122248888, 0.0117647061124444, 0.0117647061124444, 0.0117647061124444, 0.0235294122248888, 0.03529411926865578, 0.0, 0.0117647061124444, 0.0, 0.0, 0.0117647061124444]",0,7
8,ulsan_024144,forced_gt_length,0,85,85,1.0,0.030882353777997196,0.15294118225574493,0.022745098546147348,"[0.15294118225574493, 0.07058823853731155, 0.05882352963089943, 0.05882352963089943, 0.0117647061124444, 0.0235294122248888, 0.0117647061124444, 0.0117647061124444, 0.0117647061124444, 0.0235294122248888, 0.03529411926865578, 0.0, 0.0117647061124444, 0.0, 0.0, 0.0117647061124444]",0,7
8,ulsan_024144,switch_rollout,21,85,85,1.0,0.043382354255300015,0.16470588743686676,0.03529411870986223,"[0.16470588743686676, 0.08235294371843338, 0.08235294371843338, 0.15294118225574493, 0.0235294122248888, 0.0235294122248888, 0.0235294122248888, 0.0235294122248888, 0.0117647061124444, 0.0117647061124444, 0.0470588244497776, 0.0, 0.0, 0.0, 0.03529411926865578, 0.0117647061124444]",0,7
8,ulsan_024144,switch_rollout,42,85,85,1.0,0.044852942402940243,0.1764705926179886,0.036078432388603685,"[0.1764705926179886, 0.0941176488995552, 0.08235294371843338, 0.15294118225574493, 0.0235294122248888, 0.0235294122248888, 0.0235294122248888, 0.0117647061124444, 0.0235294122248888, 0.0117647061124444, 0.0470588244497776, 0.0, 0.0, 0.0, 0.03529411926865578, 0.0117647061124444]",0,7
8,ulsan_024144,switch_rollout,75,85,85,1.0,0.0551470608334057,0.25882354378700256,0.041568628636499245,"[0.25882354378700256, 0.1411764770746231, 0.0941176488995552, 0.15294118225574493, 0.0235294122248888, 0.0235294122248888, 0.0235294122248888, 0.0117647061124444, 0.0235294122248888, 0.0117647061124444, 0.05882352963089943, 0.0, 0.0, 0.0, 0.0470588244497776, 0.0117647061124444]",0,7
8,ulsan_024144,teacher_forced,-1,85,85,1.0,0.08161764981923625,0.30588236451148987,0.06666666883975267,"[0.30588236451148987, 0.1411764770746231, 0.12941177189350128, 0.1411764770746231, 0.0235294122248888, 0.11764705926179886, 0.0941176488995552, 0.0470588244497776, 0.0941176488995552, 0.0470588244497776, 0.07058823853731155, 0.0, 0.03529411926865578, 0.0235294122248888, 0.0235294122248888, 0.0117647061124444]",0,7
8,ulsan_024386,normal_ar,0,48,250,5.208333333333333,0.016927083604969084,0.02083333395421505,0.016666666915019352,"[0.02083333395421505, 0.0625, 0.0625, 0.02083333395421505, 0.0, 0.0, 0.0, 0.0, 0.0, 0.02083333395421505, 0.0416666679084301, 0.0, 0.0, 0.0, 0.0, 0.0416666679084301]",0,1
8,ulsan_024386,forced_gt_length,0,48,48,1.0,0.016927083604969084,0.02083333395421505,0.016666666915019352,"[0.02083333395421505, 0.0625, 0.0625, 0.02083333395421505, 0.0, 0.0, 0.0, 0.0, 0.0, 0.02083333395421505, 0.0416666679084301, 0.0, 0.0, 0.0, 0.0, 0.0416666679084301]",0,1
8,ulsan_024386,switch_rollout,12,48,48,1.0,0.014322917093522847,0.0833333358168602,0.009722222511967023,"[0.0833333358168602, 0.0416666679084301, 0.0, 0.02083333395421505, 0.0, 0.02083333395421505, 0.02083333395421505, 0.0, 0.0, 0.02083333395421505, 0.0, 0.0, 0.0, 0.0, 0.0, 0.02083333395421505]",0,1
8,ulsan_024386,switch_rollout,24,48,48,1.0,0.014322917093522847,0.0833333358168602,0.009722222511967023,"[0.0833333358168602, 0.0416666679084301, 0.0, 0.02083333395421505, 0.0, 0.02083333395421505, 0.0, 0.0, 0.0, 0.02083333395421505, 0.0, 0.02083333395421505, 0.0, 0.0, 0.0, 0.02083333395421505]",0,1
8,ulsan_024386,switch_rollout,38,48,48,1.0,0.026041667093522847,0.1041666641831398,0.02083333395421505,"[0.1041666641831398, 0.0416666679084301, 0.0, 0.0833333358168602, 0.0, 0.0416666679084301, 0.02083333395421505, 0.0416666679084301, 0.02083333395421505, 0.02083333395421505, 0.0, 0.02083333395421505, 0.0, 0.0, 0.0, 0.02083333395421505]",0,1
8,ulsan_024386,teacher_forced,-1,48,48,1.0,0.04947916674427688,0.1666666716337204,0.04166666641831398,"[0.1666666716337204, 0.1458333283662796, 0.1458333283662796, 0.0625, 0.0625, 0.0416666679084301, 0.0416666679084301, 0.0, 0.0416666679084301, 0.02083333395421505, 0.0, 0.0, 0.0, 0.0, 0.0416666679084301, 0.02083333395421505]",0,1
8,ulsan_024731,normal_ar,0,44,250,5.681818181818182,0.0,0.0,0.0,"[0.0, 0.0, 0.0, 0.0, 0.0, 0.0, 0.0, 0.0, 0.0, 0.0, 0.0, 0.0, 0.0, 0.0, 0.0, 0.0]",0,0
8,ulsan_024731,forced_gt_length,0,44,44,1.0,0.0,0.0,0.0,"[0.0, 0.0, 0.0, 0.0, 0.0, 0.0, 0.0, 0.0, 0.0, 0.0, 0.0, 0.0, 0.0, 0.0, 0.0, 0.0]",0,0
8,ulsan_024731,switch_rollout,11,44,44,1.0,0.008522727526724339,0.022727273404598236,0.007575757801532745,"[0.022727273404598236, 0.022727273404598236, 0.022727273404598236, 0.0, 0.0, 0.0, 0.0, 0.0, 0.0, 0.0, 0.04545454680919647, 0.0, 0.0, 0.0, 0.0, 0.022727273404598236]",0,0
8,ulsan_024731,switch_rollout,22,44,44,1.0,0.011363636702299118,0.04545454680919647,0.009090909361839294,"[0.04545454680919647, 0.04545454680919647, 0.022727273404598236, 0.0, 0.0, 0.0, 0.0, 0.0, 0.04545454680919647, 0.0, 0.0, 0.0, 0.0, 0.0, 0.0, 0.022727273404598236]",0,0
8,ulsan_024731,switch_rollout,34,44,44,1.0,0.012784091290086508,0.04545454680919647,0.010606060922145843,"[0.04545454680919647, 0.04545454680919647, 0.022727273404598236, 0.022727273404598236, 0.0, 0.0, 0.022727273404598236, 0.0, 0.022727273404598236, 0.0, 0.0, 0.0, 0.0, 0.0, 0.022727273404598236, 0.0]",0,0
8,ulsan_024731,teacher_forced,-1,44,44,1.0,0.034090910106897354,0.13636364042758942,0.027272728085517884,"[0.13636364042758942, 0.13636364042758942, 0.0, 0.04545454680919647, 0.022727273404598236, 0.09090909361839294, 0.04545454680919647, 0.022727273404598236, 0.0, 0.0, 0.022727273404598236, 0.0, 0.0, 0.0, 0.022727273404598236, 0.0]",0,0
8,ulsan_024910,normal_ar,0,42,250,5.9523809523809526,0.013392857392318547,0.02380952425301075,0.012698412934939066,"[0.02380952425301075, 0.0476190485060215, 0.02380952425301075, 0.02380952425301075, 0.02380952425301075, 0.0, 0.02380952425301075, 0.02380952425301075, 0.0, 0.0, 0.02380952425301075, 0.0, 0.0, 0.0, 0.0, 0.0]",0,1
8,ulsan_024910,forced_gt_length,0,42,42,1.0,0.013392857392318547,0.02380952425301075,0.012698412934939066,"[0.02380952425301075, 0.0476190485060215, 0.02380952425301075, 0.02380952425301075, 0.02380952425301075, 0.0, 0.02380952425301075, 0.02380952425301075, 0.0, 0.0, 0.02380952425301075, 0.0, 0.0, 0.0, 0.0, 0.0]",0,1
8,ulsan_024910,switch_rollout,10,42,42,1.0,0.01636904792394489,0.02380952425301075,0.015873016168673832,"[0.02380952425301075, 0.0476190485060215, 0.02380952425301075, 0.02380952425301075, 0.02380952425301075, 0.0, 0.0476190485060215, 0.02380952425301075, 0.0, 0.0, 0.02380952425301075, 0.0, 0.0, 0.0, 0.02380952425301075, 0.0]",0,1
8,ulsan_024910,switch_rollout,21,42,42,1.0,0.01636904792394489,0.0476190485060215,0.01428571455180645,"[0.0476190485060215, 0.0476190485060215, 0.0476190485060215, 0.02380952425301075, 0.02380952425301075, 0.0, 0.02380952425301075, 0.02380952425301075, 0.0, 0.0, 0.02380952425301075, 0.0, 0.0, 0.0, 0.0, 0.0]",0,1
8,ulsan_024910,switch_rollout,32,42,42,1.0,0.014880952658131719,0.0476190485060215,0.012698412934939066,"[0.0476190485060215, 0.0476190485060215, 0.0476190485060215, 0.0, 0.02380952425301075, 0.0, 0.02380952425301075, 0.02380952425301075, 0.0, 0.0, 0.02380952425301075, 0.0, 0.0, 0.0, 0.0, 0.0]",0,1
8,ulsan_024910,teacher_forced,-1,42,42,1.0,0.03869047749321908,0.0476190485060215,0.03809523942569892,"[0.0476190485060215, 0.0476190485060215, 0.0714285746216774, 0.02380952425301075, 0.0714285746216774, 0.02380952425301075, 0.02380952425301075, 0.0714285746216774, 0.02380952425301075, 0.02380952425301075, 0.0714285746216774, 0.0714285746216774, 0.0, 0.0, 0.02380952425301075, 0.02380952425301075]",0,1
8,ulsan_025160,normal_ar,0,41,250,6.097560975609756,0.0045731705613434315,0.024390242993831635,0.0032520323991775514,"[0.024390242993831635, 0.0, 0.024390242993831635, 0.024390242993831635, 0.0, 0.0, 0.0, 0.0, 0.0, 0.0, 0.0, 0.0, 0.0, 0.0, 0.0, 0.0]",0,1
8,ulsan_025160,forced_gt_length,0,41,41,1.0,0.0045731705613434315,0.024390242993831635,0.0032520323991775514,"[0.024390242993831635, 0.0, 0.024390242993831635, 0.024390242993831635, 0.0, 0.0, 0.0, 0.0, 0.0, 0.0, 0.0, 0.0, 0.0, 0.0, 0.0, 0.0]",0,1
8,ulsan_025160,switch_rollout,10,41,41,1.0,0.02134146261960268,0.09756097197532654,0.016260161995887756,"[0.09756097197532654, 0.04878048598766327, 0.04878048598766327, 0.04878048598766327, 0.0, 0.024390242993831635, 0.024390242993831635, 0.024390242993831635, 0.024390242993831635, 0.0, 0.0, 0.0, 0.0, 0.0, 0.0, 0.0]",0,2
8,ulsan_025160,switch_rollout,20,41,41,1.0,0.024390243459492922,0.12195122241973877,0.017886178195476533,"[0.12195122241973877, 0.0731707289814949, 0.04878048598766327, 0.04878048598766327, 0.0, 0.024390242993831635, 0.024390242993831635, 0.024390242993831635, 0.024390242993831635, 0.0, 0.0, 0.0, 0.0, 0.0, 0.0, 0.0]",0,2
8,ulsan_025160,switch_rollout,31,41,41,1.0,0.0259146336466074,0.17073170840740204,0.016260161995887756,"[0.17073170840740204, 0.0731707289814949, 0.024390242993831635, 0.04878048598766327, 0.024390242993831635, 0.024390242993831635, 0.0, 0.024390242993831635, 0.024390242993831635, 0.0, 0.0, 0.0, 0.0, 0.0, 0.0, 0.0]",0,2
8,ulsan_025160,teacher_forced,-1,41,41,1.0,0.050304878037422895,0.26829269528388977,0.03577235688765844,"[0.26829269528388977, 0.12195122241973877, 0.0731707289814949, 0.09756097197532654, 0.0, 0.04878048598766327, 0.04878048598766327, 0.024390242993831635, 0.024390242993831635, 0.024390242993831635, 0.0, 0.024390242993831635, 0.0, 0.04878048598766327, 0.0, 0.0]",0,2
8,ulsan_025478,normal_ar,0,60,250,4.166666666666667,0.029166667605750263,0.01666666753590107,0.03000000094374021,"[0.01666666753590107, 0.11666666716337204, 0.01666666753590107, 0.05000000074505806, 0.06666667014360428, 0.01666666753590107, 0.0, 0.01666666753590107, 0.03333333507180214, 0.01666666753590107, 0.05000000074505806, 0.0, 0.0, 0.01666666753590107, 0.03333333507180214, 0.01666666753590107]",0,1
8,ulsan_025478,forced_gt_length,0,60,60,1.0,0.029166667605750263,0.01666666753590107,0.03000000094374021,"[0.01666666753590107, 0.11666666716337204, 0.01666666753590107, 0.05000000074505806, 0.06666667014360428, 0.01666666753590107, 0.0, 0.01666666753590107, 0.03333333507180214, 0.01666666753590107, 0.05000000074505806, 0.0, 0.0, 0.01666666753590107, 0.03333333507180214, 0.01666666753590107]",0,1
8,ulsan_025478,switch_rollout,15,60,60,1.0,0.011458333814516664,0.03333333507180214,0.010000000397364298,"[0.03333333507180214, 0.05000000074505806, 0.0, 0.0, 0.01666666753590107, 0.0, 0.01666666753590107, 0.0, 0.0, 0.01666666753590107, 0.01666666753590107, 0.0, 0.0, 0.03333333507180214, 0.0, 0.0]",0,1
8,ulsan_025478,switch_rollout,30,60,60,1.0,0.018750000512227416,0.11666666716337204,0.01222222273548444,"[0.11666666716337204, 0.05000000074505806, 0.0, 0.0, 0.01666666753590107, 0.03333333507180214, 0.01666666753590107, 0.0, 0.0, 0.01666666753590107, 0.01666666753590107, 0.0, 0.0, 0.01666666753590107, 0.01666666753590107, 0.0]",0,1
8,ulsan_025478,switch_rollout,50,60,60,1.0,0.035416668048128486,0.15000000596046448,0.027777778853972753,"[0.15000000596046448, 0.0833333358168602, 0.0, 0.03333333507180214, 0.01666666753590107, 0.05000000074505806, 0.05000000074505806, 0.03333333507180214, 0.01666666753590107, 0.01666666753590107, 0.03333333507180214, 0.03333333507180214, 0.01666666753590107, 0.01666666753590107, 0.01666666753590107, 0.0]",0,1
8,ulsan_025478,teacher_forced,-1,60,60,1.0,0.08541666925884783,0.18333333730697632,0.0788888913889726,"[0.18333333730697632, 0.18333333730697632, 0.0833333358168602, 0.15000000596046448, 0.06666667014360428, 0.05000000074505806, 0.05000000074505806, 0.03333333507180214, 0.10000000149011612, 0.05000000074505806, 0.06666667014360428, 0.06666667014360428, 0.05000000074505806, 0.0833333358168602, 0.06666667014360428, 0.0833333358168602]",0,1
8,ulsan_025735,normal_ar,0,29,213,7.344827586206897,0.02801724150776863,0.03448275849223137,0.02758620704213778,"[0.03448275849223137, 0.1034482792019844, 0.06896551698446274, 0.03448275849223137, 0.03448275849223137, 0.0, 0.0, 0.03448275849223137, 0.0, 0.03448275849223137, 0.0, 0.0, 0.03448275849223137, 0.0, 0.0, 0.06896551698446274]",0,1
8,ulsan_025735,forced_gt_length,0,29,29,1.0,0.02801724150776863,0.03448275849223137,0.02758620704213778,"[0.03448275849223137, 0.1034482792019844, 0.06896551698446274, 0.03448275849223137, 0.03448275849223137, 0.0, 0.0, 0.03448275849223137, 0.0, 0.03448275849223137, 0.0, 0.0, 0.03448275849223137, 0.0, 0.0, 0.06896551698446274]",0,1
8,ulsan_025735,switch_rollout,7,29,29,1.0,0.015086206840351224,0.06896551698446274,0.01149425283074379,"[0.06896551698446274, 0.03448275849223137, 0.0, 0.03448275849223137, 0.0, 0.0, 0.03448275849223137, 0.0, 0.0, 0.03448275849223137, 0.0, 0.0, 0.0, 0.0, 0.0, 0.03448275849223137]",0,1
8,ulsan_025735,switch_rollout,14,29,29,1.0,0.017241379478946328,0.1034482792019844,0.01149425283074379,"[0.1034482792019844, 0.06896551698446274, 0.0, 0.03448275849223137, 0.0, 0.0, 0.0, 0.0, 0.0, 0.03448275849223137, 0.0, 0.0, 0.0, 0.0, 0.0, 0.03448275849223137]",0,1
8,ulsan_025735,switch_rollout,19,29,29,1.0,0.02155172429047525,0.17241379618644714,0.01149425283074379,"[0.17241379618644714, 0.03448275849223137, 0.0, 0.06896551698446274, 0.0, 0.0, 0.0, 0.0, 0.0, 0.03448275849223137, 0.0, 0.0, 0.0, 0.0, 0.0, 0.03448275849223137]",0,1
8,ulsan_025735,teacher_forced,-1,29,29,1.0,0.08620689786039293,0.27586206793785095,0.07356321985522905,"[0.27586206793785095, 0.1034482792019844, 0.13793103396892548, 0.1034482792019844, 0.1034482792019844, 0.1034482792019844, 0.1034482792019844, 0.06896551698446274, 0.1034482792019844, 0.1034482792019844, 0.03448275849223137, 0.0, 0.0, 0.06896551698446274, 0.0, 0.06896551698446274]",0,1
8,ulsan_026041,normal_ar,0,15,194,12.933333333333334,0.020833334419876337,0.06666667014360428,0.017777778704961143,"[0.06666667014360428, 0.0, 0.0, 0.13333334028720856, 0.06666667014360428, 0.0, 0.0, 0.0, 0.0, 0.0, 0.0, 0.06666667014360428, 0.0, 0.0, 0.0, 0.0]",0,1
8,ulsan_026041,forced_gt_length,0,15,15,1.0,0.020833334419876337,0.06666667014360428,0.017777778704961143,"[0.06666667014360428, 0.0, 0.0, 0.13333334028720856, 0.06666667014360428, 0.0, 0.0, 0.0, 0.0, 0.0, 0.0, 0.06666667014360428, 0.0, 0.0, 0.0, 0.0]",0,1
8,ulsan_026041,switch_rollout,3,15,15,1.0,0.020833334419876337,0.13333334028720856,0.013333334028720856,"[0.13333334028720856, 0.0, 0.0, 0.06666667014360428, 0.06666667014360428, 0.0, 0.0, 0.0, 0.0, 0.0, 0.0, 0.06666667014360428, 0.0, 0.0, 0.0, 0.0]",0,2
8,ulsan_026041,switch_rollout,5,15,15,1.0,0.025000001303851604,0.13333334028720856,0.017777778704961143,"[0.13333334028720856, 0.06666667014360428, 0.0, 0.06666667014360428, 0.06666667014360428, 0.0, 0.0, 0.0, 0.0, 0.0, 0.0, 0.06666667014360428, 0.0, 0.0, 0.0, 0.0]",0,2
8,ulsan_026041,switch_rollout,7,15,15,1.0,0.03333333507180214,0.13333334028720856,0.026666668057441712,"[0.13333334028720856, 0.13333334028720856, 0.0, 0.06666667014360428, 0.06666667014360428, 0.06666667014360428, 0.0, 0.0, 0.0, 0.0, 0.0, 0.06666667014360428, 0.0, 0.0, 0.0, 0.0]",0,2
8,ulsan_026041,teacher_forced,-1,15,15,1.0,0.10833333618938923,0.20000000298023224,0.1022222250699997,"[0.20000000298023224, 0.20000000298023224, 0.06666667014360428, 0.3333333432674408, 0.4000000059604645, 0.20000000298023224, 0.06666667014360428, 0.0, 0.06666667014360428, 0.0, 0.0, 0.06666667014360428, 0.0, 0.06666667014360428, 0.06666667014360428, 0.0]",0,2
8,ulsan_026294,normal_ar,0,55,250,4.545454545454546,0.006818181718699634,0.0181818176060915,0.00606060599287351,"[0.0181818176060915, 0.0, 0.0, 0.05454545468091965, 0.036363635212183, 0.0, 0.0, 0.0, 0.0, 0.0, 0.0, 0.0, 0.0, 0.0, 0.0, 0.0]",0,1
8,ulsan_026294,forced_gt_length,0,55,55,1.0,0.006818181718699634,0.0181818176060915,0.00606060599287351,"[0.0181818176060915, 0.0, 0.0, 0.05454545468091965, 0.036363635212183, 0.0, 0.0, 0.0, 0.0, 0.0, 0.0, 0.0, 0.0, 0.0, 0.0, 0.0]",0,1
8,ulsan_026294,switch_rollout,13,55,55,1.0,0.01363636355381459,0.1090909093618393,0.007272727166612943,"[0.1090909093618393, 0.036363635212183, 0.0, 0.05454545468091965, 0.0, 0.0, 0.0, 0.0, 0.0, 0.0, 0.0, 0.0, 0.0, 0.0181818176060915, 0.0, 0.0]",0,1
8,ulsan_026294,switch_rollout,27,55,55,1.0,0.014772727037779987,0.12727272510528564,0.007272727166612943,"[0.12727272510528564, 0.036363635212183, 0.0, 0.05454545468091965, 0.0, 0.0, 0.0, 0.0, 0.0, 0.0, 0.0, 0.0, 0.0, 0.0181818176060915, 0.0, 0.0]",0,1
8,ulsan_026294,switch_rollout,45,55,55,1.0,0.02272727235686034,0.16363635659217834,0.013333333407839138,"[0.16363635659217834, 0.09090909361839294, 0.0, 0.05454545468091965, 0.0, 0.0, 0.0, 0.0, 0.0, 0.0, 0.036363635212183, 0.0, 0.0, 0.0181818176060915, 0.0, 0.0]",0,1
8,ulsan_026294,teacher_forced,-1,55,55,1.0,0.04999999946448952,0.2181818187236786,0.038787878180543585,"[0.2181818187236786, 0.072727270424366, 0.12727272510528564, 0.12727272510528564, 0.09090909361839294, 0.036363635212183, 0.036363635212183, 0.036363635212183, 0.0181818176060915, 0.0181818176060915, 0.0, 0.0, 0.0, 0.0, 0.0181818176060915, 0.0]",0,1
8,ulsan_026577,normal_ar,0,68,250,3.676470588235294,0.009191176504828036,0.014705882407724857,0.008823529444634914,"[0.014705882407724857, 0.014705882407724857, 0.014705882407724857, 0.014705882407724857, 0.0, 0.0, 0.0, 0.0, 0.014705882407724857, 0.0, 0.014705882407724857, 0.029411764815449715, 0.029411764815449715, 0.0, 0.0, 0.0]",0,1
8,ulsan_026577,forced_gt_length,0,68,68,1.0,0.009191176504828036,0.014705882407724857,0.008823529444634914,"[0.014705882407724857, 0.014705882407724857, 0.014705882407724857, 0.014705882407724857, 0.0, 0.0, 0.0, 0.0, 0.014705882407724857, 0.0, 0.014705882407724857, 0.029411764815449715, 0.029411764815449715, 0.0, 0.0, 0.0]",0,1
8,ulsan_026577,switch_rollout,17,68,68,1.0,0.01286764710675925,0.05882352963089943,0.009803921605149904,"[0.05882352963089943, 0.029411764815449715, 0.0, 0.029411764815449715, 0.0, 0.0, 0.014705882407724857, 0.014705882407724857, 0.014705882407724857, 0.0, 0.014705882407724857, 0.014705882407724857, 0.014705882407724857, 0.0, 0.0, 0.0]",0,1
8,ulsan_026577,switch_rollout,34,68,68,1.0,0.013786764931865036,0.07352941483259201,0.009803921605149904,"[0.07352941483259201, 0.029411764815449715, 0.0, 0.029411764815449715, 0.0, 0.0, 0.0, 0.029411764815449715, 0.0, 0.0, 0.0, 0.014705882407724857, 0.014705882407724857, 0.029411764815449715, 0.0, 0.0]",0,1
8,ulsan_026577,switch_rollout,58,68,68,1.0,0.01194852963089943,0.07352941483259201,0.007843137284119924,"[0.07352941483259201, 0.029411764815449715, 0.029411764815449715, 0.029411764815449715, 0.0, 0.0, 0.0, 0.0, 0.0, 0.0, 0.0, 0.014705882407724857, 0.014705882407724857, 0.0, 0.0, 0.0]",0,1
8,ulsan_026577,teacher_forced,-1,68,68,1.0,0.03584558895090595,0.10294117778539658,0.03137254969527324,"[0.10294117778539658, 0.04411764815449715, 0.07352941483259201, 0.0882352963089943, 0.014705882407724857, 0.014705882407724857, 0.029411764815449715, 0.014705882407724857, 0.029411764815449715, 0.04411764815449715, 0.04411764815449715, 0.04411764815449715, 0.014705882407724857, 0.014705882407724857, 0.0, 0.0]",0,1
8,ulsan_026973,normal_ar,0,33,250,7.575757575757576,0.022727273404598236,0.06060606241226196,0.020202020804087322,"[0.06060606241226196, 0.06060606241226196, 0.03030303120613098, 0.06060606241226196, 0.03030303120613098, 0.0, 0.03030303120613098, 0.03030303120613098, 0.0, 0.0, 0.0, 0.0, 0.0, 0.03030303120613098, 0.03030303120613098, 0.0]",0,2
8,ulsan_026973,forced_gt_length,0,33,33,1.0,0.022727273404598236,0.06060606241226196,0.020202020804087322,"[0.06060606241226196, 0.06060606241226196, 0.03030303120613098, 0.06060606241226196, 0.03030303120613098, 0.0, 0.03030303120613098, 0.03030303120613098, 0.0, 0.0, 0.0, 0.0, 0.0, 0.03030303120613098, 0.03030303120613098, 0.0]",0,2
8,ulsan_026973,switch_rollout,8,33,33,1.0,0.024621212854981422,0.09090909361839294,0.020202020804087322,"[0.09090909361839294, 0.03030303120613098, 0.03030303120613098, 0.06060606241226196, 0.06060606241226196, 0.0, 0.03030303120613098, 0.03030303120613098, 0.0, 0.0, 0.0, 0.0, 0.0, 0.03030303120613098, 0.03030303120613098, 0.0]",0,2
8,ulsan_026973,switch_rollout,16,33,33,1.0,0.03030303120613098,0.1515151560306549,0.022222222884496053,"[0.1515151560306549, 0.09090909361839294, 0.03030303120613098, 0.06060606241226196, 0.03030303120613098, 0.0, 0.03030303120613098, 0.03030303120613098, 0.0, 0.0, 0.0, 0.0, 0.0, 0.03030303120613098, 0.03030303120613098, 0.0]",0,2
8,ulsan_026973,switch_rollout,23,33,33,1.0,0.03030303120613098,0.1515151560306549,0.022222222884496053,"[0.1515151560306549, 0.09090909361839294, 0.03030303120613098, 0.06060606241226196, 0.03030303120613098, 0.0, 0.03030303120613098, 0.03030303120613098, 0.0, 0.0, 0.0, 0.0, 0.0, 0.03030303120613098, 0.03030303120613098, 0.0]",0,2
8,ulsan_026973,teacher_forced,-1,33,33,1.0,0.0416666679084301,0.1818181872367859,0.032323233286539715,"[0.1818181872367859, 0.09090909361839294, 0.06060606241226196, 0.09090909361839294, 0.09090909361839294, 0.0, 0.0, 0.03030303120613098, 0.03030303120613098, 0.0, 0.0, 0.0, 0.0, 0.06060606241226196, 0.03030303120613098, 0.0]",0,2
8,ulsan_027266,normal_ar,0,48,250,5.208333333333333,0.03776041744276881,0.02083333395421505,0.038888889675339065,"[0.02083333395421505, 0.0833333358168602, 0.02083333395421505, 0.0625, 0.0416666679084301, 0.0625, 0.02083333395421505, 0.0416666679084301, 0.02083333395421505, 0.0416666679084301, 0.02083333395421505, 0.02083333395421505, 0.0416666679084301, 0.0625, 0.02083333395421505, 0.02083333395421505]",1,1
8,ulsan_027266,forced_gt_length,0,48,48,1.0,0.03776041744276881,0.02083333395421505,0.038888889675339065,"[0.02083333395421505, 0.0833333358168602, 0.02083333395421505, 0.0625, 0.0416666679084301, 0.0625, 0.02083333395421505, 0.0416666679084301, 0.02083333395421505, 0.0416666679084301, 0.02083333395421505, 0.02083333395421505, 0.0416666679084301, 0.0625, 0.02083333395421505, 0.02083333395421505]",1,1
8,ulsan_027266,switch_rollout,12,48,48,1.0,0.04817708418704569,0.0416666679084301,0.0486111119389534,"[0.0416666679084301, 0.0625, 0.0416666679084301, 0.0625, 0.0416666679084301, 0.0416666679084301, 0.0416666679084301, 0.0625, 0.02083333395421505, 0.0625, 0.0833333358168602, 0.0416666679084301, 0.0416666679084301, 0.0416666679084301, 0.0625, 0.02083333395421505]",1,1
8,ulsan_027266,switch_rollout,24,48,48,1.0,0.04947916744276881,0.0833333358168602,0.047222222884496054,"[0.0833333358168602, 0.0625, 0.0416666679084301, 0.0625, 0.0416666679084301, 0.0416666679084301, 0.0416666679084301, 0.0625, 0.02083333395421505, 0.0625, 0.0625, 0.0416666679084301, 0.02083333395421505, 0.0416666679084301, 0.0625, 0.0416666679084301]",1,1
8,ulsan_027266,switch_rollout,38,48,48,1.0,0.04166666709352285,0.2083333283662796,0.03055555634200573,"[0.2083333283662796, 0.0416666679084301, 0.0625, 0.02083333395421505, 0.02083333395421505, 0.0416666679084301, 0.02083333395421505, 0.0416666679084301, 0.02083333395421505, 0.02083333395421505, 0.02083333395421505, 0.0416666679084301, 0.02083333395421505, 0.0416666679084301, 0.02083333395421505, 0.02083333395421505]",1,1
8,ulsan_027266,teacher_forced,-1,48,48,1.0,0.0833333341870457,0.2291666716337204,0.07361111169060071,"[0.2291666716337204, 0.125, 0.1041666641831398, 0.125, 0.0416666679084301, 0.0833333358168602, 0.0625, 0.1041666641831398, 0.0833333358168602, 0.0833333358168602, 0.0625, 0.0625, 0.0416666679084301, 0.0416666679084301, 0.0416666679084301, 0.0416666679084301]",1,1
8,ulsan_027495,normal_ar,0,30,250,8.333333333333334,0.0020833334419876337,0.0,0.002222222338120143,"[0.0, 0.0, 0.0, 0.03333333507180214, 0.0, 0.0, 0.0, 0.0, 0.0, 0.0, 0.0, 0.0, 0.0, 0.0, 0.0, 0.0]",0,0
8,ulsan_027495,forced_gt_length,0,30,30,1.0,0.0020833334419876337,0.0,0.002222222338120143,"[0.0, 0.0, 0.0, 0.03333333507180214, 0.0, 0.0, 0.0, 0.0, 0.0, 0.0, 0.0, 0.0, 0.0, 0.0, 0.0, 0.0]",0,0
8,ulsan_027495,switch_rollout,7,30,30,1.0,0.010416666977107525,0.10000000149011612,0.004444444676240286,"[0.10000000149011612, 0.03333333507180214, 0.0, 0.0, 0.0, 0.0, 0.0, 0.0, 0.03333333507180214, 0.0, 0.0, 0.0, 0.0, 0.0, 0.0, 0.0]",0,0
8,ulsan_027495,switch_rollout,15,30,30,1.0,0.016666667303070426,0.10000000149011612,0.011111111690600714,"[0.10000000149011612, 0.06666667014360428, 0.03333333507180214, 0.0, 0.0, 0.0, 0.03333333507180214, 0.0, 0.03333333507180214, 0.0, 0.0, 0.0, 0.0, 0.0, 0.0, 0.0]",0,0
8,ulsan_027495,switch_rollout,20,30,30,1.0,0.022916667396202683,0.10000000149011612,0.017777778456608453,"[0.10000000149011612, 0.10000000149011612, 0.03333333507180214, 0.0, 0.0, 0.0, 0.06666667014360428, 0.0, 0.03333333507180214, 0.0, 0.0, 0.03333333507180214, 0.0, 0.0, 0.0, 0.0]",0,0
8,ulsan_027495,teacher_forced,-1,30,30,1.0,0.04583333502523601,0.20000000298023224,0.03555555716156959,"[0.20000000298023224, 0.13333334028720856, 0.1666666716337204, 0.06666667014360428, 0.0, 0.03333333507180214, 0.03333333507180214, 0.0, 0.03333333507180214, 0.0, 0.0, 0.0, 0.0, 0.0, 0.0, 0.06666667014360428]",0,0
8,ulsan_027684,normal_ar,0,35,248,7.085714285714285,0.016071429010480642,0.02857142873108387,0.01523809569577376,"[0.02857142873108387, 0.1428571492433548, 0.02857142873108387, 0.05714285746216774, 0.0, 0.0, 0.0, 0.0, 0.0, 0.0, 0.0, 0.0, 0.0, 0.0, 0.0, 0.0]",0,1
8,ulsan_027684,forced_gt_length,0,35,35,1.0,0.016071429010480642,0.02857142873108387,0.01523809569577376,"[0.02857142873108387, 0.1428571492433548, 0.02857142873108387, 0.05714285746216774, 0.0, 0.0, 0.0, 0.0, 0.0, 0.0, 0.0, 0.0, 0.0, 0.0, 0.0, 0.0]",0,1
8,ulsan_027684,switch_rollout,8,35,35,1.0,0.012500000069849193,0.05714285746216774,0.009523809577027956,"[0.05714285746216774, 0.05714285746216774, 0.02857142873108387, 0.0, 0.0, 0.0, 0.02857142873108387, 0.0, 0.0, 0.0, 0.0, 0.0, 0.0, 0.0, 0.0, 0.02857142873108387]",0,1
8,ulsan_027684,switch_rollout,17,35,35,1.0,0.019642857485450804,0.08571428805589676,0.015238095447421074,"[0.08571428805589676, 0.02857142873108387, 0.02857142873108387, 0.02857142873108387, 0.08571428805589676, 0.0, 0.0, 0.0, 0.02857142873108387, 0.0, 0.0, 0.0, 0.0, 0.0, 0.02857142873108387, 0.0]",0,1
8,ulsan_027684,switch_rollout,25,35,35,1.0,0.01785714295692742,0.11428571492433548,0.011428571492433547,"[0.11428571492433548, 0.05714285746216774, 0.02857142873108387, 0.0, 0.0, 0.0, 0.0, 0.0, 0.0, 0.02857142873108387, 0.0, 0.0, 0.0, 0.0, 0.05714285746216774, 0.0]",0,1
8,ulsan_027684,teacher_forced,-1,35,35,1.0,0.05178571515716612,0.11428571492433548,0.0476190485060215,"[0.11428571492433548, 0.17142857611179352, 0.02857142873108387, 0.1428571492433548, 0.11428571492433548, 0.11428571492433548, 0.02857142873108387, 0.0, 0.02857142873108387, 0.0, 0.02857142873108387, 0.0, 0.0, 0.0, 0.05714285746216774, 0.0]",0,1
