epoch,sample_id,mode,switch_frame,target_frames,generated_frames,length_ratio,mean_accuracy,q0_accuracy,residual_accuracy,per_q_accuracy,first_incorrect_frame,first_q0_incorrect_frame
10,ulsan_000006,normal_ar,0,48,106,2.2083333333333335,0.0052083334885537624,0.02083333395421505,0.00416666679084301,"[0.02083333395421505, 0.0, 0.0, 0.0, 0.0, 0.0, 0.02083333395421505, 0.0, 0.02083333395421505, 0.0, 0.0, 0.0, 0.0, 0.0, 0.02083333395421505, 0.0]",0,1
10,ulsan_000006,forced_gt_length,0,48,48,1.0,0.0052083334885537624,0.02083333395421505,0.00416666679084301,"[0.02083333395421505, 0.0, 0.0, 0.0, 0.0, 0.0, 0.02083333395421505, 0.0, 0.02083333395421505, 0.0, 0.0, 0.0, 0.0, 0.0, 0.02083333395421505, 0.0]",0,1
10,ulsan_000006,switch_rollout,12,48,48,1.0,0.018229166860692203,0.1041666641831398,0.01250000037252903,"[0.1041666641831398, 0.0416666679084301, 0.02083333395421505, 0.0, 0.0416666679084301, 0.0, 0.0, 0.02083333395421505, 0.02083333395421505, 0.0, 0.0, 0.0416666679084301, 0.0, 0.0, 0.0, 0.0]",0,3
10,ulsan_000006,switch_rollout,24,48,48,1.0,0.018229166860692203,0.1041666641831398,0.01250000037252903,"[0.1041666641831398, 0.0833333358168602, 0.02083333395421505, 0.0, 0.0416666679084301, 0.0, 0.0, 0.0, 0.02083333395421505, 0.0, 0.0, 0.02083333395421505, 0.0, 0.0, 0.0, 0.0]",0,3
10,ulsan_000006,switch_rollout,38,48,48,1.0,0.019531249883584678,0.1458333283662796,0.011111111318071683,"[0.1458333283662796, 0.0625, 0.02083333395421505, 0.0, 0.0416666679084301, 0.0, 0.0, 0.0, 0.02083333395421505, 0.0, 0.0, 0.02083333395421505, 0.0, 0.0, 0.0, 0.0]",0,3
10,ulsan_000006,teacher_forced,-1,48,48,1.0,0.04947916720993817,0.1666666716337204,0.04166666691501935,"[0.1666666716337204, 0.1041666641831398, 0.0625, 0.0833333358168602, 0.1041666641831398, 0.0625, 0.0416666679084301, 0.0416666679084301, 0.02083333395421505, 0.02083333395421505, 0.0, 0.02083333395421505, 0.0, 0.0, 0.0416666679084301, 0.02083333395421505]",0,3
10,ulsan_000429,normal_ar,0,14,78,5.571428571428571,0.008928571827709675,0.0714285746216774,0.004761904974778493,"[0.0714285746216774, 0.0714285746216774, 0.0, 0.0, 0.0, 0.0, 0.0, 0.0, 0.0, 0.0, 0.0, 0.0, 0.0, 0.0, 0.0, 0.0]",0,1
10,ulsan_000429,forced_gt_length,0,14,14,1.0,0.008928571827709675,0.0714285746216774,0.004761904974778493,"[0.0714285746216774, 0.0714285746216774, 0.0, 0.0, 0.0, 0.0, 0.0, 0.0, 0.0, 0.0, 0.0, 0.0, 0.0, 0.0, 0.0, 0.0]",0,1
10,ulsan_000429,switch_rollout,3,14,14,1.0,0.013392857741564512,0.1428571492433548,0.004761904974778493,"[0.1428571492433548, 0.0714285746216774, 0.0, 0.0, 0.0, 0.0, 0.0, 0.0, 0.0, 0.0, 0.0, 0.0, 0.0, 0.0, 0.0, 0.0]",0,1
10,ulsan_000429,switch_rollout,4,14,14,1.0,0.013392857741564512,0.1428571492433548,0.004761904974778493,"[0.1428571492433548, 0.0714285746216774, 0.0, 0.0, 0.0, 0.0, 0.0, 0.0, 0.0, 0.0, 0.0, 0.0, 0.0, 0.0, 0.0, 0.0]",0,1
10,ulsan_000429,switch_rollout,7,14,14,1.0,0.013392857741564512,0.1428571492433548,0.004761904974778493,"[0.1428571492433548, 0.0714285746216774, 0.0, 0.0, 0.0, 0.0, 0.0, 0.0, 0.0, 0.0, 0.0, 0.0, 0.0, 0.0, 0.0, 0.0]",0,1
10,ulsan_000429,teacher_forced,-1,14,14,1.0,0.04464285867288709,0.2142857164144516,0.033333334823449454,"[0.2142857164144516, 0.0714285746216774, 0.0, 0.0714285746216774, 0.1428571492433548, 0.0, 0.0, 0.0, 0.0, 0.0714285746216774, 0.0714285746216774, 0.0, 0.0, 0.0714285746216774, 0.0, 0.0]",0,1
10,ulsan_000819,normal_ar,0,42,250,5.9523809523809526,0.004464285797439516,0.02380952425301075,0.0031746032337347666,"[0.02380952425301075, 0.0, 0.02380952425301075, 0.02380952425301075, 0.0, 0.0, 0.0, 0.0, 0.0, 0.0, 0.0, 0.0, 0.0, 0.0, 0.0, 0.0]",0,1
10,ulsan_000819,forced_gt_length,0,42,42,1.0,0.004464285797439516,0.02380952425301075,0.0031746032337347666,"[0.02380952425301075, 0.0, 0.02380952425301075, 0.02380952425301075, 0.0, 0.0, 0.0, 0.0, 0.0, 0.0, 0.0, 0.0, 0.0, 0.0, 0.0, 0.0]",0,1
10,ulsan_000819,switch_rollout,10,42,42,1.0,0.0059523810632526875,0.02380952425301075,0.00476190485060215,"[0.02380952425301075, 0.0, 0.0, 0.02380952425301075, 0.0, 0.02380952425301075, 0.0, 0.0, 0.02380952425301075, 0.0, 0.0, 0.0, 0.0, 0.0, 0.0, 0.0]",0,1
10,ulsan_000819,switch_rollout,21,42,42,1.0,0.010416666977107525,0.0476190485060215,0.00793650820851326,"[0.0476190485060215, 0.02380952425301075, 0.0, 0.0714285746216774, 0.0, 0.02380952425301075, 0.0, 0.0, 0.0, 0.0, 0.0, 0.0, 0.0, 0.0, 0.0, 0.0]",0,1
10,ulsan_000819,switch_rollout,32,42,42,1.0,0.010416666977107525,0.0476190485060215,0.00793650820851326,"[0.0476190485060215, 0.02380952425301075, 0.0, 0.0714285746216774, 0.0, 0.02380952425301075, 0.0, 0.0, 0.0, 0.0, 0.0, 0.0, 0.0, 0.0, 0.0, 0.0]",0,1
10,ulsan_000819,teacher_forced,-1,42,42,1.0,0.03125000081490725,0.095238097012043,0.026984127735098205,"[0.095238097012043, 0.095238097012043, 0.02380952425301075, 0.0714285746216774, 0.0476190485060215, 0.0714285746216774, 0.02380952425301075, 0.02380952425301075, 0.02380952425301075, 0.0, 0.02380952425301075, 0.0, 0.0, 0.0, 0.0, 0.0]",0,1
10,ulsan_001087,normal_ar,0,71,250,3.5211267605633805,0.018485915381461382,0.028169013559818268,0.017840375502904255,"[0.028169013559818268, 0.014084506779909134, 0.0422535203397274, 0.07042253762483597, 0.028169013559818268, 0.014084506779909134, 0.0422535203397274, 0.0, 0.0, 0.014084506779909134, 0.0, 0.028169013559818268, 0.0, 0.014084506779909134, 0.0, 0.0]",0,2
10,ulsan_001087,forced_gt_length,0,71,71,1.0,0.018485915381461382,0.028169013559818268,0.017840375502904255,"[0.028169013559818268, 0.014084506779909134, 0.0422535203397274, 0.07042253762483597, 0.028169013559818268, 0.014084506779909134, 0.0422535203397274, 0.0, 0.0, 0.014084506779909134, 0.0, 0.028169013559818268, 0.0, 0.014084506779909134, 0.0, 0.0]",0,2
10,ulsan_001087,switch_rollout,17,71,71,1.0,0.01584507036022842,0.0422535203397274,0.014084507028261821,"[0.0422535203397274, 0.0422535203397274, 0.028169013559818268, 0.09859155118465424, 0.014084506779909134, 0.014084506779909134, 0.0, 0.0, 0.0, 0.014084506779909134, 0.0, 0.0, 0.0, 0.0, 0.0, 0.0]",0,2
10,ulsan_001087,switch_rollout,35,71,71,1.0,0.021126760635524988,0.09859155118465424,0.01596244126558304,"[0.09859155118465424, 0.056338027119636536, 0.028169013559818268, 0.09859155118465424, 0.014084506779909134, 0.014084506779909134, 0.0, 0.014084506779909134, 0.0, 0.014084506779909134, 0.0, 0.0, 0.0, 0.0, 0.0, 0.0]",0,2
10,ulsan_001087,switch_rollout,61,71,71,1.0,0.03080985927954316,0.15492957830429077,0.022535211344559988,"[0.15492957830429077, 0.07042253762483597, 0.056338027119636536, 0.09859155118465424, 0.014084506779909134, 0.028169013559818268, 0.014084506779909134, 0.014084506779909134, 0.0, 0.028169013559818268, 0.014084506779909134, 0.0, 0.0, 0.0, 0.0, 0.0]",0,2
10,ulsan_001087,teacher_forced,-1,71,71,1.0,0.05633802758529782,0.15492957830429077,0.04976525753736496,"[0.15492957830429077, 0.14084507524967194, 0.11267605423927307, 0.1267605572938919, 0.11267605423927307, 0.0422535203397274, 0.056338027119636536, 0.028169013559818268, 0.014084506779909134, 0.014084506779909134, 0.0, 0.0422535203397274, 0.014084506779909134, 0.014084506779909134, 0.028169013559818268, 0.0]",0,2
10,ulsan_001334,normal_ar,0,42,250,5.9523809523809526,0.028273810050450265,0.095238097012043,0.02380952425301075,"[0.095238097012043, 0.02380952425301075, 0.02380952425301075, 0.02380952425301075, 0.02380952425301075, 0.0476190485060215, 0.02380952425301075, 0.0476190485060215, 0.02380952425301075, 0.0, 0.02380952425301075, 0.02380952425301075, 0.02380952425301075, 0.0, 0.0476190485060215, 0.0]",0,4
10,ulsan_001334,forced_gt_length,0,42,42,1.0,0.028273810050450265,0.095238097012043,0.02380952425301075,"[0.095238097012043, 0.02380952425301075, 0.02380952425301075, 0.02380952425301075, 0.02380952425301075, 0.0476190485060215, 0.02380952425301075, 0.0476190485060215, 0.02380952425301075, 0.0, 0.02380952425301075, 0.02380952425301075, 0.02380952425301075, 0.0, 0.0476190485060215, 0.0]",0,4
10,ulsan_001334,switch_rollout,10,42,42,1.0,0.02380952436942607,0.0714285746216774,0.020634921019275984,"[0.0714285746216774, 0.02380952425301075, 0.02380952425301075, 0.02380952425301075, 0.02380952425301075, 0.0476190485060215, 0.02380952425301075, 0.02380952425301075, 0.02380952425301075, 0.0, 0.02380952425301075, 0.02380952425301075, 0.02380952425301075, 0.0, 0.02380952425301075, 0.0]",0,1
10,ulsan_001334,switch_rollout,21,42,42,1.0,0.028273810166865587,0.095238097012043,0.023809524377187093,"[0.095238097012043, 0.02380952425301075, 0.02380952425301075, 0.02380952425301075, 0.02380952425301075, 0.0476190485060215, 0.02380952425301075, 0.02380952425301075, 0.02380952425301075, 0.0, 0.02380952425301075, 0.0714285746216774, 0.02380952425301075, 0.0, 0.02380952425301075, 0.0]",0,1
10,ulsan_001334,switch_rollout,32,42,42,1.0,0.028273810050450265,0.095238097012043,0.02380952425301075,"[0.095238097012043, 0.0476190485060215, 0.02380952425301075, 0.02380952425301075, 0.02380952425301075, 0.0476190485060215, 0.02380952425301075, 0.02380952425301075, 0.02380952425301075, 0.0, 0.02380952425301075, 0.0476190485060215, 0.02380952425301075, 0.0, 0.02380952425301075, 0.0]",0,1
10,ulsan_001334,teacher_forced,-1,42,42,1.0,0.043154762824997306,0.095238097012043,0.03968254054586093,"[0.095238097012043, 0.095238097012043, 0.02380952425301075, 0.0476190485060215, 0.0476190485060215, 0.02380952425301075, 0.0476190485060215, 0.0476190485060215, 0.0714285746216774, 0.02380952425301075, 0.02380952425301075, 0.02380952425301075, 0.0476190485060215, 0.02380952425301075, 0.02380952425301075, 0.02380952425301075]",0,1
10,ulsan_001743,normal_ar,0,26,250,9.615384615384615,0.026442308444529772,0.03846153989434242,0.025641026347875594,"[0.03846153989434242, 0.03846153989434242, 0.0, 0.03846153989434242, 0.0, 0.0, 0.07692307978868484, 0.0, 0.0, 0.11538461595773697, 0.0, 0.0, 0.0, 0.03846153989434242, 0.07692307978868484, 0.0]",0,1
10,ulsan_001743,forced_gt_length,0,26,26,1.0,0.026442308444529772,0.03846153989434242,0.025641026347875594,"[0.03846153989434242, 0.03846153989434242, 0.0, 0.03846153989434242, 0.0, 0.0, 0.07692307978868484, 0.0, 0.0, 0.11538461595773697, 0.0, 0.0, 0.0, 0.03846153989434242, 0.07692307978868484, 0.0]",0,1
10,ulsan_001743,switch_rollout,6,26,26,1.0,0.014423077227547765,0.19230769574642181,0.002564102659622828,"[0.19230769574642181, 0.0, 0.0, 0.03846153989434242, 0.0, 0.0, 0.0, 0.0, 0.0, 0.0, 0.0, 0.0, 0.0, 0.0, 0.0, 0.0]",0,4
10,ulsan_001743,switch_rollout,13,26,26,1.0,0.036057693185284734,0.19230769574642181,0.025641026347875594,"[0.19230769574642181, 0.0, 0.0, 0.07692307978868484, 0.0, 0.03846153989434242, 0.03846153989434242, 0.0, 0.0, 0.0, 0.0, 0.0, 0.0, 0.11538461595773697, 0.07692307978868484, 0.03846153989434242]",0,4
10,ulsan_001743,switch_rollout,16,26,26,1.0,0.03125000069849193,0.23076923191547394,0.017948718617359798,"[0.23076923191547394, 0.0, 0.03846153989434242, 0.03846153989434242, 0.03846153989434242, 0.03846153989434242, 0.0, 0.0, 0.0, 0.0, 0.0, 0.07692307978868484, 0.0, 0.0, 0.03846153989434242, 0.0]",0,4
10,ulsan_001743,teacher_forced,-1,26,26,1.0,0.09615384810604155,0.42307692766189575,0.07435897613565128,"[0.42307692766189575, 0.19230769574642181, 0.03846153989434242, 0.11538461595773697, 0.11538461595773697, 0.1538461595773697, 0.07692307978868484, 0.07692307978868484, 0.07692307978868484, 0.03846153989434242, 0.03846153989434242, 0.03846153989434242, 0.0, 0.0, 0.11538461595773697, 0.03846153989434242]",0,4
10,ulsan_002080,normal_ar,0,75,250,3.3333333333333335,0.010833333595655859,0.013333333656191826,0.010666666924953461,"[0.013333333656191826, 0.013333333656191826, 0.02666666731238365, 0.02666666731238365, 0.013333333656191826, 0.0, 0.0, 0.0, 0.013333333656191826, 0.0, 0.02666666731238365, 0.0, 0.013333333656191826, 0.013333333656191826, 0.013333333656191826, 0.0]",0,1
10,ulsan_002080,forced_gt_length,0,75,75,1.0,0.010833333595655859,0.013333333656191826,0.010666666924953461,"[0.013333333656191826, 0.013333333656191826, 0.02666666731238365, 0.02666666731238365, 0.013333333656191826, 0.0, 0.0, 0.0, 0.013333333656191826, 0.0, 0.02666666731238365, 0.0, 0.013333333656191826, 0.013333333656191826, 0.013333333656191826, 0.0]",0,1
10,ulsan_002080,switch_rollout,18,75,75,1.0,0.011666666832752526,0.03999999910593033,0.009777778014540672,"[0.03999999910593033, 0.013333333656191826, 0.013333333656191826, 0.02666666731238365, 0.0, 0.013333333656191826, 0.0, 0.0, 0.013333333656191826, 0.0, 0.02666666731238365, 0.0, 0.013333333656191826, 0.0, 0.013333333656191826, 0.013333333656191826]",0,1
10,ulsan_002080,switch_rollout,37,75,75,1.0,0.02000000048428774,0.06666667014360428,0.016888889173666637,"[0.06666667014360428, 0.013333333656191826, 0.013333333656191826, 0.03999999910593033, 0.013333333656191826, 0.0, 0.0, 0.02666666731238365, 0.02666666731238365, 0.0, 0.02666666731238365, 0.013333333656191826, 0.02666666731238365, 0.02666666731238365, 0.02666666731238365, 0.0]",0,1
10,ulsan_002080,switch_rollout,65,75,75,1.0,0.014166667126119137,0.06666667014360428,0.010666666924953461,"[0.06666667014360428, 0.013333333656191826, 0.02666666731238365, 0.02666666731238365, 0.0, 0.0, 0.0, 0.02666666731238365, 0.013333333656191826, 0.0, 0.013333333656191826, 0.0, 0.013333333656191826, 0.013333333656191826, 0.013333333656191826, 0.0]",0,1
10,ulsan_002080,teacher_forced,-1,75,75,1.0,0.036666667205281556,0.1066666692495346,0.03200000040233135,"[0.1066666692495346, 0.1066666692495346, 0.07999999821186066, 0.02666666731238365, 0.013333333656191826, 0.02666666731238365, 0.0533333346247673, 0.02666666731238365, 0.03999999910593033, 0.013333333656191826, 0.013333333656191826, 0.013333333656191826, 0.013333333656191826, 0.02666666731238365, 0.013333333656191826, 0.013333333656191826]",0,1
10,ulsan_002458,normal_ar,0,74,250,3.3783783783783785,0.028716216096654534,0.027027027681469917,0.028828828657666842,"[0.027027027681469917, 0.027027027681469917, 0.06756756454706192, 0.04054053872823715, 0.054054055362939835, 0.013513513840734959, 0.0, 0.013513513840734959, 0.013513513840734959, 0.027027027681469917, 0.04054053872823715, 0.04054053872823715, 0.027027027681469917, 0.027027027681469917, 0.013513513840734959, 0.027027027681469917]",0,2
10,ulsan_002458,forced_gt_length,0,74,74,1.0,0.028716216096654534,0.027027027681469917,0.028828828657666842,"[0.027027027681469917, 0.027027027681469917, 0.06756756454706192, 0.04054053872823715, 0.054054055362939835, 0.013513513840734959, 0.0, 0.013513513840734959, 0.013513513840734959, 0.027027027681469917, 0.04054053872823715, 0.04054053872823715, 0.027027027681469917, 0.027027027681469917, 0.013513513840734959, 0.027027027681469917]",0,2
10,ulsan_002458,switch_rollout,18,74,74,1.0,0.03040540579240769,0.027027027681469917,0.030630630999803544,"[0.027027027681469917, 0.027027027681469917, 0.027027027681469917, 0.054054055362939835, 0.027027027681469917, 0.013513513840734959, 0.013513513840734959, 0.027027027681469917, 0.054054055362939835, 0.04054053872823715, 0.04054053872823715, 0.054054055362939835, 0.0, 0.013513513840734959, 0.013513513840734959, 0.054054055362939835]",0,2
10,ulsan_002458,switch_rollout,37,74,74,1.0,0.021959459700156003,0.06756756454706192,0.018918919377028942,"[0.06756756454706192, 0.027027027681469917, 0.027027027681469917, 0.027027027681469917, 0.027027027681469917, 0.013513513840734959, 0.013513513840734959, 0.027027027681469917, 0.013513513840734959, 0.027027027681469917, 0.013513513840734959, 0.027027027681469917, 0.0, 0.0, 0.013513513840734959, 0.027027027681469917]",0,2
10,ulsan_002458,switch_rollout,64,74,74,1.0,0.035472972551360726,0.13513512909412384,0.028828828781843185,"[0.13513512909412384, 0.04054053872823715, 0.027027027681469917, 0.054054055362939835, 0.04054053872823715, 0.027027027681469917, 0.027027027681469917, 0.04054053872823715, 0.013513513840734959, 0.027027027681469917, 0.027027027681469917, 0.04054053872823715, 0.0, 0.0, 0.013513513840734959, 0.054054055362939835]",0,2
10,ulsan_002458,teacher_forced,-1,74,74,1.0,0.07854729640530422,0.14864864945411682,0.07387387286871672,"[0.14864864945411682, 0.12162162363529205, 0.10810811072587967, 0.06756756454706192, 0.06756756454706192, 0.054054055362939835, 0.0810810774564743, 0.09459459781646729, 0.06756756454706192, 0.09459459781646729, 0.0810810774564743, 0.06756756454706192, 0.013513513840734959, 0.0810810774564743, 0.04054053872823715, 0.06756756454706192]",0,2
10,ulsan_002822,normal_ar,0,37,250,6.756756756756757,0.023648649221286178,0.027027027681469917,0.02342342399060726,"[0.027027027681469917, 0.0, 0.0, 0.027027027681469917, 0.027027027681469917, 0.054054055362939835, 0.0, 0.027027027681469917, 0.054054055362939835, 0.054054055362939835, 0.027027027681469917, 0.027027027681469917, 0.0, 0.0, 0.0, 0.054054055362939835]",0,1
10,ulsan_002822,forced_gt_length,0,37,37,1.0,0.023648649221286178,0.027027027681469917,0.02342342399060726,"[0.027027027681469917, 0.0, 0.0, 0.027027027681469917, 0.027027027681469917, 0.054054055362939835, 0.0, 0.027027027681469917, 0.054054055362939835, 0.054054055362939835, 0.027027027681469917, 0.027027027681469917, 0.0, 0.0, 0.0, 0.054054055362939835]",0,1
10,ulsan_002822,switch_rollout,9,37,37,1.0,0.0033783784601837397,0.054054055362939835,0.0,"[0.054054055362939835, 0.0, 0.0, 0.0, 0.0, 0.0, 0.0, 0.0, 0.0, 0.0, 0.0, 0.0, 0.0, 0.0, 0.0, 0.0]",0,1
10,ulsan_002822,switch_rollout,18,37,37,1.0,0.018581081531010568,0.054054055362939835,0.01621621660888195,"[0.054054055362939835, 0.0, 0.027027027681469917, 0.0, 0.0, 0.054054055362939835, 0.0, 0.027027027681469917, 0.054054055362939835, 0.027027027681469917, 0.0, 0.0, 0.027027027681469917, 0.027027027681469917, 0.0, 0.0]",0,1
10,ulsan_002822,switch_rollout,27,37,37,1.0,0.018581081181764603,0.0810810774564743,0.014414414763450623,"[0.0810810774564743, 0.0, 0.0, 0.0, 0.027027027681469917, 0.027027027681469917, 0.0, 0.027027027681469917, 0.027027027681469917, 0.0, 0.027027027681469917, 0.0, 0.027027027681469917, 0.027027027681469917, 0.0, 0.027027027681469917]",0,1
10,ulsan_002822,teacher_forced,-1,37,37,1.0,0.06081081065349281,0.10810811072587967,0.057657657315333684,"[0.10810811072587967, 0.13513512909412384, 0.027027027681469917, 0.054054055362939835, 0.0810810774564743, 0.054054055362939835, 0.0810810774564743, 0.0810810774564743, 0.0, 0.054054055362939835, 0.027027027681469917, 0.054054055362939835, 0.054054055362939835, 0.054054055362939835, 0.054054055362939835, 0.054054055362939835]",0,1
10,ulsan_003088,normal_ar,0,61,250,4.098360655737705,0.003073770320042968,0.032786883413791656,0.0010928961137930552,"[0.032786883413791656, 0.0, 0.016393441706895828, 0.0, 0.0, 0.0, 0.0, 0.0, 0.0, 0.0, 0.0, 0.0, 0.0, 0.0, 0.0, 0.0]",0,2
10,ulsan_003088,forced_gt_length,0,61,61,1.0,0.003073770320042968,0.032786883413791656,0.0010928961137930552,"[0.032786883413791656, 0.0, 0.016393441706895828, 0.0, 0.0, 0.0, 0.0, 0.0, 0.0, 0.0, 0.0, 0.0, 0.0, 0.0, 0.0, 0.0]",0,2
10,ulsan_003088,switch_rollout,15,61,61,1.0,0.003073770320042968,0.032786883413791656,0.0010928961137930552,"[0.032786883413791656, 0.0, 0.0, 0.0, 0.0, 0.0, 0.016393441706895828, 0.0, 0.0, 0.0, 0.0, 0.0, 0.0, 0.0, 0.0, 0.0]",0,2
10,ulsan_003088,switch_rollout,30,61,61,1.0,0.005122950533404946,0.06557376682758331,0.0010928961137930552,"[0.06557376682758331, 0.0, 0.016393441706895828, 0.0, 0.0, 0.0, 0.0, 0.0, 0.0, 0.0, 0.0, 0.0, 0.0, 0.0, 0.0, 0.0]",0,2
10,ulsan_003088,switch_rollout,51,61,61,1.0,0.00922131142579019,0.09836065769195557,0.0032786883413791655,"[0.09836065769195557, 0.0, 0.016393441706895828, 0.0, 0.0, 0.016393441706895828, 0.0, 0.0, 0.0, 0.0, 0.0, 0.0, 0.0, 0.016393441706895828, 0.0, 0.0]",0,2
10,ulsan_003088,teacher_forced,-1,61,61,1.0,0.026639343006536365,0.13114753365516663,0.01967213029662768,"[0.13114753365516663, 0.08196721225976944, 0.032786883413791656, 0.0, 0.06557376682758331, 0.016393441706895828, 0.0, 0.0, 0.016393441706895828, 0.0, 0.016393441706895828, 0.016393441706895828, 0.032786883413791656, 0.0, 0.0, 0.016393441706895828]",0,2
10,ulsan_003386,normal_ar,0,67,250,3.7313432835820897,0.08582089643459767,0.014925372786819935,0.09054726467778286,"[0.014925372786819935, 0.05970149114727974, 0.13432836532592773, 0.10447761416435242, 0.014925372786819935, 0.26865673065185547, 0.05970149114727974, 0.19402985274791718, 0.1492537260055542, 0.08955223858356476, 0.11940298229455948, 0.014925372786819935, 0.014925372786819935, 0.10447761416435242, 0.02985074557363987, 0.0]",0,1
10,ulsan_003386,forced_gt_length,0,67,67,1.0,0.08582089643459767,0.014925372786819935,0.09054726467778286,"[0.014925372786819935, 0.05970149114727974, 0.13432836532592773, 0.10447761416435242, 0.014925372786819935, 0.26865673065185547, 0.05970149114727974, 0.19402985274791718, 0.1492537260055542, 0.08955223858356476, 0.11940298229455948, 0.014925372786819935, 0.014925372786819935, 0.10447761416435242, 0.02985074557363987, 0.0]",0,1
10,ulsan_003386,switch_rollout,16,67,67,1.0,0.05037313373759389,0.11940298229455948,0.045771143833796185,"[0.11940298229455948, 0.05970149114727974, 0.02985074557363987, 0.08955223858356476, 0.0, 0.10447761416435242, 0.0746268630027771, 0.04477611929178238, 0.04477611929178238, 0.04477611929178238, 0.014925372786819935, 0.05970149114727974, 0.014925372786819935, 0.04477611929178238, 0.05970149114727974, 0.0]",0,2
10,ulsan_003386,switch_rollout,33,67,67,1.0,0.08768656622851267,0.1492537260055542,0.08358208891004323,"[0.1492537260055542, 0.08955223858356476, 0.0746268630027771, 0.10447761416435242, 0.0746268630027771, 0.2537313401699066, 0.05970149114727974, 0.0746268630027771, 0.08955223858356476, 0.10447761416435242, 0.04477611929178238, 0.11940298229455948, 0.014925372786819935, 0.10447761416435242, 0.04477611929178238, 0.0]",0,2
10,ulsan_003386,switch_rollout,57,67,67,1.0,0.1613805970409885,0.35820895433425903,0.14825870655477047,"[0.35820895433425903, 0.31343284249305725, 0.1492537260055542, 0.17910447716712952, 0.10447761416435242, 0.20895522832870483, 0.1492537260055542, 0.20895522832870483, 0.17910447716712952, 0.08955223858356476, 0.1492537260055542, 0.19402985274791718, 0.02985074557363987, 0.11940298229455948, 0.10447761416435242, 0.04477611929178238]",0,2
10,ulsan_003386,teacher_forced,-1,67,67,1.0,0.24160447902977467,0.447761207818985,0.22786069711049398,"[0.447761207818985, 0.2985074520111084, 0.2238806039094925, 0.31343284249305725, 0.17910447716712952, 0.35820895433425903, 0.23880596458911896, 0.2537313401699066, 0.2238806039094925, 0.2537313401699066, 0.23880596458911896, 0.26865673065185547, 0.10447761416435242, 0.1492537260055542, 0.13432836532592773, 0.17910447716712952]",0,2
10,ulsan_003650,normal_ar,0,96,250,2.6041666666666665,0.07486979209352285,0.010416666977107525,0.07916666710128387,"[0.010416666977107525, 0.1041666641831398, 0.1145833358168602, 0.1145833358168602, 0.0729166641831398, 0.1041666641831398, 0.0416666679084301, 0.010416666977107525, 0.09375, 0.0416666679084301, 0.03125, 0.0625, 0.1145833358168602, 0.0416666679084301, 0.15625, 0.0833333358168602]",0,1
10,ulsan_003650,forced_gt_length,0,96,96,1.0,0.07486979209352285,0.010416666977107525,0.07916666710128387,"[0.010416666977107525, 0.1041666641831398, 0.1145833358168602, 0.1145833358168602, 0.0729166641831398, 0.1041666641831398, 0.0416666679084301, 0.010416666977107525, 0.09375, 0.0416666679084301, 0.03125, 0.0625, 0.1145833358168602, 0.0416666679084301, 0.15625, 0.0833333358168602]",0,1
10,ulsan_003650,switch_rollout,24,96,96,1.0,0.0794270841870457,0.1041666641831398,0.07777777885397276,"[0.1041666641831398, 0.1354166716337204, 0.15625, 0.0729166641831398, 0.0625, 0.0833333358168602, 0.0416666679084301, 0.0416666679084301, 0.0625, 0.03125, 0.125, 0.03125, 0.0625, 0.0416666679084301, 0.1354166716337204, 0.0833333358168602]",0,1
10,ulsan_003650,switch_rollout,48,96,96,1.0,0.08789062430150807,0.1145833358168602,0.08611111020048459,"[0.1145833358168602, 0.1770833283662796, 0.1770833283662796, 0.0625, 0.0625, 0.1041666641831398, 0.0416666679084301, 0.0625, 0.0729166641831398, 0.0416666679084301, 0.1354166716337204, 0.0625, 0.0625, 0.0520833320915699, 0.1041666641831398, 0.0729166641831398]",0,1
10,ulsan_003650,switch_rollout,86,96,96,1.0,0.08398437511641532,0.1979166716337204,0.07638888868192832,"[0.1979166716337204, 0.1458333283662796, 0.125, 0.02083333395421505, 0.0416666679084301, 0.1145833358168602, 0.0416666679084301, 0.0625, 0.0625, 0.0729166641831398, 0.125, 0.0520833320915699, 0.1145833358168602, 0.0520833320915699, 0.0625, 0.0520833320915699]",0,1
10,ulsan_003650,teacher_forced,-1,96,96,1.0,0.16015624906867743,0.1979166716337204,0.15763888756434122,"[0.1979166716337204, 0.15625, 0.2604166567325592, 0.0833333358168602, 0.1666666716337204, 0.21875, 0.1354166716337204, 0.1666666716337204, 0.15625, 0.1458333283662796, 0.1458333283662796, 0.1458333283662796, 0.1458333283662796, 0.15625, 0.1770833283662796, 0.1041666641831398]",0,1
10,ulsan_003909,normal_ar,0,31,84,2.7096774193548385,0.04838709533214569,0.032258063554763794,0.04946236411730449,"[0.032258063554763794, 0.0, 0.032258063554763794, 0.0, 0.0, 0.06451612710952759, 0.06451612710952759, 0.16129031777381897, 0.12903225421905518, 0.0, 0.06451612710952759, 0.06451612710952759, 0.0, 0.06451612710952759, 0.06451612710952759, 0.032258063554763794]",0,1
10,ulsan_003909,forced_gt_length,0,31,31,1.0,0.04838709533214569,0.032258063554763794,0.04946236411730449,"[0.032258063554763794, 0.0, 0.032258063554763794, 0.0, 0.0, 0.06451612710952759, 0.06451612710952759, 0.16129031777381897, 0.12903225421905518, 0.0, 0.06451612710952759, 0.06451612710952759, 0.0, 0.06451612710952759, 0.06451612710952759, 0.032258063554763794]",0,1
10,ulsan_003909,switch_rollout,7,31,31,1.0,0.018145160749554634,0.06451612710952759,0.015053762992223104,"[0.06451612710952759, 0.032258063554763794, 0.032258063554763794, 0.0, 0.0, 0.0, 0.0, 0.032258063554763794, 0.0, 0.032258063554763794, 0.0, 0.0, 0.032258063554763794, 0.032258063554763794, 0.0, 0.032258063554763794]",0,1
10,ulsan_003909,switch_rollout,15,31,31,1.0,0.016129031777381897,0.12903225421905518,0.008602150281270345,"[0.12903225421905518, 0.0, 0.032258063554763794, 0.0, 0.0, 0.0, 0.0, 0.0, 0.032258063554763794, 0.0, 0.0, 0.0, 0.032258063554763794, 0.032258063554763794, 0.0, 0.0]",0,1
10,ulsan_003909,switch_rollout,21,31,31,1.0,0.05645161122083664,0.25806450843811035,0.04301075140635172,"[0.25806450843811035, 0.22580644488334656, 0.032258063554763794, 0.06451612710952759, 0.0, 0.032258063554763794, 0.032258063554763794, 0.032258063554763794, 0.032258063554763794, 0.0, 0.032258063554763794, 0.0, 0.032258063554763794, 0.06451612710952759, 0.0, 0.06451612710952759]",0,1
10,ulsan_003909,teacher_forced,-1,31,31,1.0,0.1572580598294735,0.32258063554763794,0.14623655478159586,"[0.32258063554763794, 0.29032257199287415, 0.16129031777381897, 0.12903225421905518, 0.09677419066429138, 0.12903225421905518, 0.22580644488334656, 0.19354838132858276, 0.16129031777381897, 0.16129031777381897, 0.12903225421905518, 0.12903225421905518, 0.16129031777381897, 0.09677419066429138, 0.12903225421905518, 0.0]",0,1
10,ulsan_004182,normal_ar,0,63,250,3.9682539682539684,0.02380952495150268,0.0476190485060215,0.022222223381201427,"[0.0476190485060215, 0.0, 0.01587301678955555, 0.0, 0.0317460335791111, 0.0317460335791111, 0.0, 0.0317460335791111, 0.0793650820851326, 0.0317460335791111, 0.01587301678955555, 0.0, 0.01587301678955555, 0.0317460335791111, 0.0317460335791111, 0.01587301678955555]",0,3
10,ulsan_004182,forced_gt_length,0,63,63,1.0,0.02380952495150268,0.0476190485060215,0.022222223381201427,"[0.0476190485060215, 0.0, 0.01587301678955555, 0.0, 0.0317460335791111, 0.0317460335791111, 0.0, 0.0317460335791111, 0.0793650820851326, 0.0317460335791111, 0.01587301678955555, 0.0, 0.01587301678955555, 0.0317460335791111, 0.0317460335791111, 0.01587301678955555]",0,3
10,ulsan_004182,switch_rollout,15,63,63,1.0,0.03174603288061917,0.095238097012043,0.027513228605190912,"[0.095238097012043, 0.0476190485060215, 0.01587301678955555, 0.0, 0.0, 0.0476190485060215, 0.0793650820851326, 0.0, 0.0793650820851326, 0.0, 0.0634920671582222, 0.01587301678955555, 0.0, 0.01587301678955555, 0.0317460335791111, 0.01587301678955555]",0,3
10,ulsan_004182,switch_rollout,31,63,63,1.0,0.022817461169324815,0.1587301641702652,0.013756614302595456,"[0.1587301641702652, 0.0476190485060215, 0.01587301678955555, 0.0, 0.0, 0.01587301678955555, 0.0317460335791111, 0.0, 0.0476190485060215, 0.01587301678955555, 0.0317460335791111, 0.0, 0.0, 0.0, 0.0, 0.0]",0,3
10,ulsan_004182,switch_rollout,53,63,63,1.0,0.037698413943871856,0.190476194024086,0.027513228605190912,"[0.190476194024086, 0.0634920671582222, 0.0476190485060215, 0.0, 0.01587301678955555, 0.0476190485060215, 0.0476190485060215, 0.01587301678955555, 0.0793650820851326, 0.0317460335791111, 0.0317460335791111, 0.0, 0.01587301678955555, 0.0, 0.01587301678955555, 0.0]",0,3
10,ulsan_004182,teacher_forced,-1,63,63,1.0,0.08234127250034362,0.190476194024086,0.07513227773209413,"[0.190476194024086, 0.1269841343164444, 0.1111111119389534, 0.0476190485060215, 0.095238097012043, 0.0476190485060215, 0.1587301641702652, 0.0476190485060215, 0.0793650820851326, 0.1269841343164444, 0.0634920671582222, 0.0793650820851326, 0.0317460335791111, 0.0476190485060215, 0.0476190485060215, 0.01587301678955555]",0,3
10,ulsan_004397,normal_ar,0,100,250,2.5,0.029374999459832907,0.009999999776482582,0.030666666105389595,"[0.009999999776482582, 0.019999999552965164, 0.03999999910593033, 0.05999999865889549, 0.019999999552965164, 0.03999999910593033, 0.0, 0.029999999329447746, 0.029999999329447746, 0.03999999910593033, 0.05000000074505806, 0.019999999552965164, 0.029999999329447746, 0.03999999910593033, 0.019999999552965164, 0.019999999552965164]",0,1
10,ulsan_004397,forced_gt_length,0,100,100,1.0,0.029374999459832907,0.009999999776482582,0.030666666105389595,"[0.009999999776482582, 0.019999999552965164, 0.03999999910593033, 0.05999999865889549, 0.019999999552965164, 0.03999999910593033, 0.0, 0.029999999329447746, 0.029999999329447746, 0.03999999910593033, 0.05000000074505806, 0.019999999552965164, 0.029999999329447746, 0.03999999910593033, 0.019999999552965164, 0.019999999552965164]",0,1
10,ulsan_004397,switch_rollout,25,100,100,1.0,0.043124999734573066,0.05000000074505806,0.042666666333874066,"[0.05000000074505806, 0.07000000029802322, 0.05000000074505806, 0.05999999865889549, 0.029999999329447746, 0.05999999865889549, 0.10999999940395355, 0.05000000074505806, 0.019999999552965164, 0.05000000074505806, 0.03999999910593033, 0.029999999329447746, 0.0, 0.029999999329447746, 0.029999999329447746, 0.009999999776482582]",0,3
10,ulsan_004397,switch_rollout,50,100,100,1.0,0.029999999329447746,0.05999999865889549,0.02799999937415123,"[0.05999999865889549, 0.019999999552965164, 0.03999999910593033, 0.05999999865889549, 0.019999999552965164, 0.05999999865889549, 0.009999999776482582, 0.009999999776482582, 0.029999999329447746, 0.03999999910593033, 0.03999999910593033, 0.009999999776482582, 0.019999999552965164, 0.019999999552965164, 0.029999999329447746, 0.009999999776482582]",0,3
10,ulsan_004397,switch_rollout,90,100,100,1.0,0.015624999883584678,0.14000000059604645,0.00733333316942056,"[0.14000000059604645, 0.029999999329447746, 0.019999999552965164, 0.0, 0.0, 0.0, 0.009999999776482582, 0.0, 0.009999999776482582, 0.009999999776482582, 0.0, 0.0, 0.009999999776482582, 0.009999999776482582, 0.009999999776482582, 0.0]",0,3
10,ulsan_004397,teacher_forced,-1,100,100,1.0,0.081874999566935,0.20000000298023224,0.07399999933938185,"[0.20000000298023224, 0.12999999523162842, 0.10999999940395355, 0.10000000149011612, 0.07000000029802322, 0.07999999821186066, 0.10000000149011612, 0.07999999821186066, 0.05000000074505806, 0.10999999940395355, 0.05999999865889549, 0.05999999865889549, 0.05999999865889549, 0.05000000074505806, 0.03999999910593033, 0.009999999776482582]",0,3
10,ulsan_004732,normal_ar,0,19,244,12.842105263157896,0.009868421126157045,0.05263157933950424,0.007017543911933899,"[0.05263157933950424, 0.0, 0.0, 0.0, 0.0, 0.0, 0.0, 0.0, 0.0, 0.0, 0.0, 0.0, 0.05263157933950424, 0.0, 0.0, 0.05263157933950424]",0,1
10,ulsan_004732,forced_gt_length,0,19,19,1.0,0.009868421126157045,0.05263157933950424,0.007017543911933899,"[0.05263157933950424, 0.0, 0.0, 0.0, 0.0, 0.0, 0.0, 0.0, 0.0, 0.0, 0.0, 0.0, 0.05263157933950424, 0.0, 0.0, 0.05263157933950424]",0,1
10,ulsan_004732,switch_rollout,4,19,19,1.0,0.026315789204090834,0.15789473056793213,0.017543859779834747,"[0.15789473056793213, 0.0, 0.05263157933950424, 0.05263157933950424, 0.0, 0.0, 0.0, 0.0, 0.0, 0.05263157933950424, 0.0, 0.0, 0.10526315867900848, 0.0, 0.0, 0.0]",0,1
10,ulsan_004732,switch_rollout,9,19,19,1.0,0.02302631549537182,0.15789473056793213,0.014035087823867799,"[0.15789473056793213, 0.0, 0.05263157933950424, 0.05263157933950424, 0.0, 0.0, 0.0, 0.0, 0.0, 0.05263157933950424, 0.0, 0.0, 0.05263157933950424, 0.0, 0.0, 0.0]",0,1
10,ulsan_004732,teacher_forced,-1,19,19,1.0,0.06578947277739644,0.31578946113586426,0.04912280688683192,"[0.31578946113586426, 0.05263157933950424, 0.15789473056793213, 0.10526315867900848, 0.05263157933950424, 0.05263157933950424, 0.0, 0.05263157933950424, 0.0, 0.05263157933950424, 0.0, 0.05263157933950424, 0.10526315867900848, 0.0, 0.0, 0.05263157933950424]",0,1
10,ulsan_004949,normal_ar,0,33,116,3.515151515151515,0.08712121471762657,0.1818181872367859,0.08080808321634929,"[0.1818181872367859, 0.1515151560306549, 0.09090909361839294, 0.06060606241226196, 0.12121212482452393, 0.06060606241226196, 0.06060606241226196, 0.09090909361839294, 0.03030303120613098, 0.12121212482452393, 0.09090909361839294, 0.03030303120613098, 0.0, 0.06060606241226196, 0.12121212482452393, 0.12121212482452393]",0,6
10,ulsan_004949,forced_gt_length,0,33,33,1.0,0.08712121471762657,0.1818181872367859,0.08080808321634929,"[0.1818181872367859, 0.1515151560306549, 0.09090909361839294, 0.06060606241226196, 0.12121212482452393, 0.06060606241226196, 0.06060606241226196, 0.09090909361839294, 0.03030303120613098, 0.12121212482452393, 0.09090909361839294, 0.03030303120613098, 0.0, 0.06060606241226196, 0.12121212482452393, 0.12121212482452393]",0,6
10,ulsan_004949,switch_rollout,8,33,33,1.0,0.05681818351149559,0.1515151560306549,0.0505050520102183,"[0.1515151560306549, 0.12121212482452393, 0.12121212482452393, 0.03030303120613098, 0.09090909361839294, 0.06060606241226196, 0.0, 0.06060606241226196, 0.03030303120613098, 0.06060606241226196, 0.03030303120613098, 0.03030303120613098, 0.06060606241226196, 0.0, 0.0, 0.06060606241226196]",0,1
10,ulsan_004949,switch_rollout,16,33,33,1.0,0.049242425709962845,0.1515151560306549,0.04242424368858337,"[0.1515151560306549, 0.09090909361839294, 0.09090909361839294, 0.03030303120613098, 0.06060606241226196, 0.06060606241226196, 0.0, 0.06060606241226196, 0.03030303120613098, 0.03030303120613098, 0.03030303120613098, 0.03030303120613098, 0.06060606241226196, 0.0, 0.0, 0.06060606241226196]",0,1
10,ulsan_004949,switch_rollout,23,33,33,1.0,0.08712121471762657,0.24242424964904785,0.07676767905553182,"[0.24242424964904785, 0.1515151560306549, 0.12121212482452393, 0.03030303120613098, 0.09090909361839294, 0.09090909361839294, 0.03030303120613098, 0.06060606241226196, 0.06060606241226196, 0.03030303120613098, 0.06060606241226196, 0.12121212482452393, 0.06060606241226196, 0.0, 0.06060606241226196, 0.1818181872367859]",0,1
10,ulsan_004949,teacher_forced,-1,33,33,1.0,0.16098485328257084,0.27272728085517883,0.15353535811106364,"[0.27272728085517883, 0.21212121844291687, 0.21212121844291687, 0.12121212482452393, 0.24242424964904785, 0.1818181872367859, 0.21212121844291687, 0.1515151560306549, 0.1515151560306549, 0.1515151560306549, 0.1818181872367859, 0.03030303120613098, 0.09090909361839294, 0.09090909361839294, 0.09090909361839294, 0.1818181872367859]",0,1
10,ulsan_005269,normal_ar,0,47,250,5.319148936170213,0.04388297814875841,0.06382978707551956,0.04255319088697433,"[0.06382978707551956, 0.06382978707551956, 0.042553190141916275, 0.06382978707551956, 0.08510638028383255, 0.021276595070958138, 0.021276595070958138, 0.021276595070958138, 0.06382978707551956, 0.021276595070958138, 0.10638298094272614, 0.021276595070958138, 0.021276595070958138, 0.021276595070958138, 0.021276595070958138, 0.042553190141916275]",0,3
10,ulsan_005269,forced_gt_length,0,47,47,1.0,0.04388297814875841,0.06382978707551956,0.04255319088697433,"[0.06382978707551956, 0.06382978707551956, 0.042553190141916275, 0.06382978707551956, 0.08510638028383255, 0.021276595070958138, 0.021276595070958138, 0.021276595070958138, 0.06382978707551956, 0.021276595070958138, 0.10638298094272614, 0.021276595070958138, 0.021276595070958138, 0.021276595070958138, 0.021276595070958138, 0.042553190141916275]",0,3
10,ulsan_005269,switch_rollout,11,47,47,1.0,0.050531913759186864,0.08510638028383255,0.04822694932421048,"[0.08510638028383255, 0.10638298094272614, 0.08510638028383255, 0.06382978707551956, 0.08510638028383255, 0.042553190141916275, 0.042553190141916275, 0.042553190141916275, 0.042553190141916275, 0.042553190141916275, 0.021276595070958138, 0.042553190141916275, 0.0, 0.042553190141916275, 0.042553190141916275, 0.021276595070958138]",0,3
10,ulsan_005269,switch_rollout,23,47,47,1.0,0.057180849951691926,0.12765957415103912,0.05248226833840211,"[0.12765957415103912, 0.10638298094272614, 0.08510638028383255, 0.06382978707551956, 0.08510638028383255, 0.042553190141916275, 0.042553190141916275, 0.042553190141916275, 0.08510638028383255, 0.042553190141916275, 0.021276595070958138, 0.042553190141916275, 0.0, 0.042553190141916275, 0.042553190141916275, 0.042553190141916275]",0,3
10,ulsan_005269,switch_rollout,37,47,47,1.0,0.055851062876172364,0.1489361673593521,0.04964538924396038,"[0.1489361673593521, 0.10638298094272614, 0.08510638028383255, 0.06382978707551956, 0.042553190141916275, 0.042553190141916275, 0.06382978707551956, 0.042553190141916275, 0.06382978707551956, 0.021276595070958138, 0.08510638028383255, 0.042553190141916275, 0.0, 0.0, 0.042553190141916275, 0.042553190141916275]",0,3
10,ulsan_005269,teacher_forced,-1,47,47,1.0,0.11037234053947031,0.19148936867713928,0.10496453866362572,"[0.19148936867713928, 0.23404255509376526, 0.10638298094272614, 0.1489361673593521, 0.12765957415103912, 0.06382978707551956, 0.10638298094272614, 0.08510638028383255, 0.12765957415103912, 0.06382978707551956, 0.12765957415103912, 0.08510638028383255, 0.042553190141916275, 0.10638298094272614, 0.08510638028383255, 0.06382978707551956]",0,3
10,ulsan_005455,normal_ar,0,63,250,3.9682539682539684,0.004960317746736109,0.01587301678955555,0.004232804477214813,"[0.01587301678955555, 0.01587301678955555, 0.01587301678955555, 0.0, 0.01587301678955555, 0.0, 0.0, 0.0, 0.0, 0.0, 0.0, 0.0, 0.0, 0.01587301678955555, 0.0, 0.0]",0,1
10,ulsan_005455,forced_gt_length,0,63,63,1.0,0.004960317746736109,0.01587301678955555,0.004232804477214813,"[0.01587301678955555, 0.01587301678955555, 0.01587301678955555, 0.0, 0.01587301678955555, 0.0, 0.0, 0.0, 0.0, 0.0, 0.0, 0.0, 0.0, 0.01587301678955555, 0.0, 0.0]",0,1
10,ulsan_005455,switch_rollout,15,63,63,1.0,0.005952381179668009,0.0476190485060215,0.00317460335791111,"[0.0476190485060215, 0.0, 0.01587301678955555, 0.0, 0.0, 0.0, 0.0, 0.0, 0.01587301678955555, 0.0, 0.0, 0.0, 0.0, 0.01587301678955555, 0.0, 0.0]",0,1
10,ulsan_005455,switch_rollout,31,63,63,1.0,0.011904762242920697,0.1111111119389534,0.0052910055965185165,"[0.1111111119389534, 0.01587301678955555, 0.01587301678955555, 0.01587301678955555, 0.0, 0.0, 0.0, 0.0, 0.0, 0.01587301678955555, 0.01587301678955555, 0.0, 0.0, 0.0, 0.0, 0.0]",0,1
10,ulsan_005455,switch_rollout,53,63,63,1.0,0.019841270404867828,0.190476194024086,0.008465608830253284,"[0.190476194024086, 0.0476190485060215, 0.0317460335791111, 0.01587301678955555, 0.0, 0.0, 0.0, 0.01587301678955555, 0.0, 0.0, 0.01587301678955555, 0.0, 0.0, 0.0, 0.0, 0.0]",0,1
10,ulsan_005455,teacher_forced,-1,63,63,1.0,0.04563492210581899,0.2063492089509964,0.034920636316140494,"[0.2063492089509964, 0.0634920671582222, 0.1587301641702652, 0.0793650820851326, 0.0476190485060215, 0.0317460335791111, 0.01587301678955555, 0.01587301678955555, 0.0, 0.0317460335791111, 0.0476190485060215, 0.01587301678955555, 0.0, 0.01587301678955555, 0.0, 0.0]",0,1
10,ulsan_005763,normal_ar,0,74,250,3.3783783783783785,0.0008445946150459349,0.013513513840734959,0.0,"[0.013513513840734959, 0.0, 0.0, 0.0, 0.0, 0.0, 0.0, 0.0, 0.0, 0.0, 0.0, 0.0, 0.0, 0.0, 0.0, 0.0]",0,1
10,ulsan_005763,forced_gt_length,0,74,74,1.0,0.0008445946150459349,0.013513513840734959,0.0,"[0.013513513840734959, 0.0, 0.0, 0.0, 0.0, 0.0, 0.0, 0.0, 0.0, 0.0, 0.0, 0.0, 0.0, 0.0, 0.0, 0.0]",0,1
10,ulsan_005763,switch_rollout,18,74,74,1.0,0.004222972900606692,0.04054053872823715,0.0018018018454313278,"[0.04054053872823715, 0.0, 0.0, 0.0, 0.0, 0.0, 0.0, 0.0, 0.0, 0.013513513840734959, 0.0, 0.013513513840734959, 0.0, 0.0, 0.0, 0.0]",0,1
10,ulsan_005763,switch_rollout,37,74,74,1.0,0.006756756629329175,0.06756756454706192,0.0027027027681469917,"[0.06756756454706192, 0.0, 0.0, 0.0, 0.0, 0.0, 0.0, 0.0, 0.0, 0.013513513840734959, 0.0, 0.013513513840734959, 0.0, 0.013513513840734959, 0.0, 0.0]",0,1
10,ulsan_005763,switch_rollout,64,74,74,1.0,0.007601351593621075,0.09459459781646729,0.0018018018454313278,"[0.09459459781646729, 0.0, 0.0, 0.0, 0.0, 0.0, 0.0, 0.0, 0.0, 0.013513513840734959, 0.0, 0.013513513840734959, 0.0, 0.0, 0.0, 0.0]",0,1
10,ulsan_005763,teacher_forced,-1,74,74,1.0,0.02618243230972439,0.13513512909412384,0.018918919190764428,"[0.13513512909412384, 0.04054053872823715, 0.027027027681469917, 0.054054055362939835, 0.054054055362939835, 0.027027027681469917, 0.013513513840734959, 0.027027027681469917, 0.0, 0.0, 0.0, 0.013513513840734959, 0.013513513840734959, 0.013513513840734959, 0.0, 0.0]",0,1
10,ulsan_006016,normal_ar,0,26,250,9.615384615384615,0.004807692486792803,0.03846153989434242,0.002564102659622828,"[0.03846153989434242, 0.0, 0.0, 0.0, 0.03846153989434242, 0.0, 0.0, 0.0, 0.0, 0.0, 0.0, 0.0, 0.0, 0.0, 0.0, 0.0]",0,1
10,ulsan_006016,forced_gt_length,0,26,26,1.0,0.004807692486792803,0.03846153989434242,0.002564102659622828,"[0.03846153989434242, 0.0, 0.0, 0.0, 0.03846153989434242, 0.0, 0.0, 0.0, 0.0, 0.0, 0.0, 0.0, 0.0, 0.0, 0.0, 0.0]",0,1
10,ulsan_006016,switch_rollout,6,26,26,1.0,0.007211538730189204,0.03846153989434242,0.005128205319245656,"[0.03846153989434242, 0.03846153989434242, 0.0, 0.03846153989434242, 0.0, 0.0, 0.0, 0.0, 0.0, 0.0, 0.0, 0.0, 0.0, 0.0, 0.0, 0.0]",0,1
10,ulsan_006016,switch_rollout,13,26,26,1.0,0.01923076994717121,0.07692307978868484,0.015384615957736969,"[0.07692307978868484, 0.03846153989434242, 0.03846153989434242, 0.0, 0.03846153989434242, 0.0, 0.03846153989434242, 0.0, 0.03846153989434242, 0.0, 0.0, 0.03846153989434242, 0.0, 0.0, 0.0, 0.0]",0,1
10,ulsan_006016,switch_rollout,16,26,26,1.0,0.028846154920756817,0.07692307978868484,0.025641026596228283,"[0.07692307978868484, 0.03846153989434242, 0.07692307978868484, 0.0, 0.03846153989434242, 0.0, 0.03846153989434242, 0.0, 0.03846153989434242, 0.0, 0.03846153989434242, 0.03846153989434242, 0.0, 0.03846153989434242, 0.03846153989434242, 0.0]",0,1
10,ulsan_006016,teacher_forced,-1,26,26,1.0,0.060096155386418104,0.23076923191547394,0.048717950284481046,"[0.23076923191547394, 0.07692307978868484, 0.03846153989434242, 0.19230769574642181, 0.03846153989434242, 0.03846153989434242, 0.03846153989434242, 0.03846153989434242, 0.03846153989434242, 0.03846153989434242, 0.0, 0.07692307978868484, 0.0, 0.07692307978868484, 0.03846153989434242, 0.0]",0,1
10,ulsan_006276,normal_ar,0,23,25,1.0869565217391304,0.0027173913549631834,0.0,0.002898550778627396,"[0.0, 0.0, 0.0, 0.0, 0.0, 0.043478261679410934, 0.0, 0.0, 0.0, 0.0, 0.0, 0.0, 0.0, 0.0, 0.0, 0.0]",0,0
10,ulsan_006276,forced_gt_length,0,23,23,1.0,0.0027173913549631834,0.0,0.002898550778627396,"[0.0, 0.0, 0.0, 0.0, 0.0, 0.043478261679410934, 0.0, 0.0, 0.0, 0.0, 0.0, 0.0, 0.0, 0.0, 0.0, 0.0]",0,0
10,ulsan_006276,switch_rollout,5,23,23,1.0,0.0027173913549631834,0.043478261679410934,0.0,"[0.043478261679410934, 0.0, 0.0, 0.0, 0.0, 0.0, 0.0, 0.0, 0.0, 0.0, 0.0, 0.0, 0.0, 0.0, 0.0, 0.0]",0,0
10,ulsan_006276,switch_rollout,11,23,23,1.0,0.010869565419852734,0.043478261679410934,0.008695652335882187,"[0.043478261679410934, 0.0, 0.0, 0.0, 0.043478261679410934, 0.043478261679410934, 0.0, 0.0, 0.0, 0.043478261679410934, 0.0, 0.0, 0.0, 0.0, 0.0, 0.0]",0,0
10,ulsan_006276,switch_rollout,13,23,23,1.0,0.010869565419852734,0.043478261679410934,0.008695652335882187,"[0.043478261679410934, 0.0, 0.0, 0.0, 0.043478261679410934, 0.043478261679410934, 0.0, 0.0, 0.0, 0.043478261679410934, 0.0, 0.0, 0.0, 0.0, 0.0, 0.0]",0,0
10,ulsan_006276,teacher_forced,-1,23,23,1.0,0.0353260871488601,0.08695652335882187,0.031884058068195976,"[0.08695652335882187, 0.0, 0.043478261679410934, 0.0, 0.043478261679410934, 0.1304347813129425, 0.043478261679410934, 0.043478261679410934, 0.0, 0.1304347813129425, 0.0, 0.0, 0.0, 0.043478261679410934, 0.0, 0.0]",0,0
10,ulsan_006489,normal_ar,0,55,250,4.545454545454546,0.007954545202665031,0.036363635212183,0.0060606058686971664,"[0.036363635212183, 0.0, 0.0, 0.036363635212183, 0.0181818176060915, 0.0181818176060915, 0.0, 0.0181818176060915, 0.0, 0.0, 0.0, 0.0, 0.0, 0.0, 0.0, 0.0]",0,2
10,ulsan_006489,forced_gt_length,0,55,55,1.0,0.007954545202665031,0.036363635212183,0.0060606058686971664,"[0.036363635212183, 0.0, 0.0, 0.036363635212183, 0.0181818176060915, 0.0181818176060915, 0.0, 0.0181818176060915, 0.0, 0.0, 0.0, 0.0, 0.0, 0.0, 0.0, 0.0]",0,2
10,ulsan_006489,switch_rollout,13,55,55,1.0,0.010227272403426468,0.036363635212183,0.008484848216176033,"[0.036363635212183, 0.036363635212183, 0.0, 0.036363635212183, 0.0181818176060915, 0.0181818176060915, 0.0, 0.0, 0.0181818176060915, 0.0, 0.0, 0.0, 0.0, 0.0, 0.0, 0.0]",0,2
10,ulsan_006489,switch_rollout,27,55,55,1.0,0.011363636120222509,0.05454545468091965,0.008484848216176033,"[0.05454545468091965, 0.036363635212183, 0.0, 0.036363635212183, 0.0181818176060915, 0.0181818176060915, 0.0, 0.0, 0.0181818176060915, 0.0, 0.0, 0.0, 0.0, 0.0, 0.0, 0.0]",0,2
10,ulsan_006489,switch_rollout,45,55,55,1.0,0.013636363204568624,0.072727270424366,0.009696969389915466,"[0.072727270424366, 0.036363635212183, 0.0, 0.036363635212183, 0.0181818176060915, 0.036363635212183, 0.0, 0.0, 0.0181818176060915, 0.0, 0.0, 0.0, 0.0, 0.0, 0.0, 0.0]",0,2
10,ulsan_006489,teacher_forced,-1,55,55,1.0,0.03068181755952537,0.072727270424366,0.027878787368535995,"[0.072727270424366, 0.072727270424366, 0.036363635212183, 0.05454545468091965, 0.0181818176060915, 0.05454545468091965, 0.036363635212183, 0.036363635212183, 0.05454545468091965, 0.0, 0.036363635212183, 0.0, 0.0, 0.0, 0.0, 0.0181818176060915]",0,2
10,ulsan_006709,normal_ar,0,68,250,3.676470588235294,0.016544117825105786,0.014705882407724857,0.01666666685293118,"[0.014705882407724857, 0.0, 0.014705882407724857, 0.04411764815449715, 0.04411764815449715, 0.029411764815449715, 0.029411764815449715, 0.0, 0.0, 0.014705882407724857, 0.014705882407724857, 0.029411764815449715, 0.0, 0.0, 0.029411764815449715, 0.0]",0,1
10,ulsan_006709,forced_gt_length,0,68,68,1.0,0.016544117825105786,0.014705882407724857,0.01666666685293118,"[0.014705882407724857, 0.0, 0.014705882407724857, 0.04411764815449715, 0.04411764815449715, 0.029411764815449715, 0.029411764815449715, 0.0, 0.0, 0.014705882407724857, 0.014705882407724857, 0.029411764815449715, 0.0, 0.0, 0.029411764815449715, 0.0]",0,1
10,ulsan_006709,switch_rollout,17,68,68,1.0,0.01746323541738093,0.05882352963089943,0.014705882469813029,"[0.05882352963089943, 0.014705882407724857, 0.0, 0.029411764815449715, 0.029411764815449715, 0.0, 0.04411764815449715, 0.014705882407724857, 0.0, 0.0, 0.0, 0.014705882407724857, 0.014705882407724857, 0.014705882407724857, 0.029411764815449715, 0.014705882407724857]",0,2
10,ulsan_006709,switch_rollout,34,68,68,1.0,0.04779411887284368,0.14705882966518402,0.04117647148668766,"[0.14705882966518402, 0.07352941483259201, 0.04411764815449715, 0.07352941483259201, 0.05882352963089943, 0.04411764815449715, 0.05882352963089943, 0.029411764815449715, 0.0, 0.014705882407724857, 0.04411764815449715, 0.029411764815449715, 0.014705882407724857, 0.029411764815449715, 0.07352941483259201, 0.029411764815449715]",0,2
10,ulsan_006709,switch_rollout,58,68,68,1.0,0.05055147141683847,0.19117647409439087,0.041176471238334976,"[0.19117647409439087, 0.0882352963089943, 0.04411764815449715, 0.07352941483259201, 0.05882352963089943, 0.04411764815449715, 0.05882352963089943, 0.029411764815449715, 0.0, 0.014705882407724857, 0.04411764815449715, 0.029411764815449715, 0.014705882407724857, 0.029411764815449715, 0.05882352963089943, 0.029411764815449715]",0,2
10,ulsan_006709,teacher_forced,-1,68,68,1.0,0.08180147252278402,0.20588235557079315,0.07352941365291675,"[0.20588235557079315, 0.19117647409439087, 0.14705882966518402, 0.13235294818878174, 0.10294117778539658, 0.07352941483259201, 0.0882352963089943, 0.0882352963089943, 0.029411764815449715, 0.05882352963089943, 0.04411764815449715, 0.04411764815449715, 0.0, 0.014705882407724857, 0.05882352963089943, 0.029411764815449715]",0,2
10,ulsan_006954,normal_ar,0,30,250,8.333333333333334,0.010416667209938169,0.03333333507180214,0.008888889352480571,"[0.03333333507180214, 0.0, 0.0, 0.06666667014360428, 0.03333333507180214, 0.0, 0.0, 0.0, 0.0, 0.0, 0.0, 0.0, 0.0, 0.0, 0.03333333507180214, 0.0]",0,1
10,ulsan_006954,forced_gt_length,0,30,30,1.0,0.010416667209938169,0.03333333507180214,0.008888889352480571,"[0.03333333507180214, 0.0, 0.0, 0.06666667014360428, 0.03333333507180214, 0.0, 0.0, 0.0, 0.0, 0.0, 0.0, 0.0, 0.0, 0.0, 0.03333333507180214, 0.0]",0,1
10,ulsan_006954,switch_rollout,7,30,30,1.0,0.012500000651925802,0.13333334028720856,0.004444444676240286,"[0.13333334028720856, 0.0, 0.0, 0.0, 0.03333333507180214, 0.0, 0.0, 0.0, 0.0, 0.0, 0.0, 0.0, 0.0, 0.0, 0.03333333507180214, 0.0]",0,1
10,ulsan_006954,switch_rollout,15,30,30,1.0,0.012500000651925802,0.13333334028720856,0.004444444676240286,"[0.13333334028720856, 0.0, 0.0, 0.0, 0.0, 0.0, 0.0, 0.0, 0.0, 0.0, 0.0, 0.03333333507180214, 0.0, 0.03333333507180214, 0.0, 0.0]",0,1
10,ulsan_006954,switch_rollout,20,30,30,1.0,0.018750000977888703,0.13333334028720856,0.011111111690600714,"[0.13333334028720856, 0.06666667014360428, 0.0, 0.0, 0.03333333507180214, 0.0, 0.0, 0.03333333507180214, 0.0, 0.0, 0.0, 0.0, 0.0, 0.03333333507180214, 0.0, 0.0]",0,1
10,ulsan_006954,teacher_forced,-1,30,30,1.0,0.04583333479240537,0.1666666716337204,0.03777777900298437,"[0.1666666716337204, 0.10000000149011612, 0.20000000298023224, 0.03333333507180214, 0.03333333507180214, 0.0, 0.03333333507180214, 0.06666667014360428, 0.06666667014360428, 0.0, 0.0, 0.0, 0.0, 0.03333333507180214, 0.0, 0.0]",0,1
10,ulsan_007289,normal_ar,0,97,250,2.577319587628866,0.01739690685644746,0.010309278033673763,0.017869415444632372,"[0.010309278033673763, 0.030927835032343864, 0.020618556067347527, 0.010309278033673763, 0.04123711213469505, 0.030927835032343864, 0.030927835032343864, 0.020618556067347527, 0.010309278033673763, 0.0, 0.0, 0.010309278033673763, 0.020618556067347527, 0.0, 0.04123711213469505, 0.0]",0,1
10,ulsan_007289,forced_gt_length,0,97,97,1.0,0.01739690685644746,0.010309278033673763,0.017869415444632372,"[0.010309278033673763, 0.030927835032343864, 0.020618556067347527, 0.010309278033673763, 0.04123711213469505, 0.030927835032343864, 0.030927835032343864, 0.020618556067347527, 0.010309278033673763, 0.0, 0.0, 0.010309278033673763, 0.020618556067347527, 0.0, 0.04123711213469505, 0.0]",0,1
10,ulsan_007289,switch_rollout,24,97,97,1.0,0.010309278208296746,0.030927835032343864,0.008934707753360272,"[0.030927835032343864, 0.030927835032343864, 0.0, 0.010309278033673763, 0.010309278033673763, 0.0, 0.010309278033673763, 0.020618556067347527, 0.0, 0.0, 0.0, 0.010309278033673763, 0.030927835032343864, 0.0, 0.010309278033673763, 0.0]",0,1
10,ulsan_007289,switch_rollout,48,97,97,1.0,0.018041236675344408,0.05154639109969139,0.015807559713721275,"[0.05154639109969139, 0.010309278033673763, 0.020618556067347527, 0.020618556067347527, 0.020618556067347527, 0.010309278033673763, 0.020618556067347527, 0.030927835032343864, 0.020618556067347527, 0.0, 0.0, 0.020618556067347527, 0.04123711213469505, 0.0, 0.020618556067347527, 0.0]",0,1
10,ulsan_007289,switch_rollout,87,97,97,1.0,0.019329896720591933,0.11340206116437912,0.01305841909100612,"[0.11340206116437912, 0.0, 0.0, 0.030927835032343864, 0.020618556067347527, 0.0, 0.030927835032343864, 0.010309278033673763, 0.030927835032343864, 0.0, 0.010309278033673763, 0.0, 0.030927835032343864, 0.0, 0.020618556067347527, 0.010309278033673763]",0,1
10,ulsan_007289,teacher_forced,-1,97,97,1.0,0.03672680334420875,0.1340206116437912,0.030240549457569918,"[0.1340206116437912, 0.06185567006468773, 0.030927835032343864, 0.06185567006468773, 0.030927835032343864, 0.010309278033673763, 0.04123711213469505, 0.05154639109969139, 0.030927835032343864, 0.010309278033673763, 0.0, 0.020618556067347527, 0.030927835032343864, 0.010309278033673763, 0.04123711213469505, 0.020618556067347527]",0,1
10,ulsan_007557,normal_ar,0,42,65,1.5476190476190477,0.0059523810632526875,0.0476190485060215,0.0031746032337347666,"[0.0476190485060215, 0.02380952425301075, 0.0, 0.0, 0.0, 0.0, 0.0, 0.0, 0.0, 0.0, 0.0, 0.0, 0.0, 0.02380952425301075, 0.0, 0.0]",0,2
10,ulsan_007557,forced_gt_length,0,42,42,1.0,0.0059523810632526875,0.0476190485060215,0.0031746032337347666,"[0.0476190485060215, 0.02380952425301075, 0.0, 0.0, 0.0, 0.0, 0.0, 0.0, 0.0, 0.0, 0.0, 0.0, 0.0, 0.02380952425301075, 0.0, 0.0]",0,2
10,ulsan_007557,switch_rollout,10,42,42,1.0,0.01785714307334274,0.1190476194024086,0.011111111318071683,"[0.1190476194024086, 0.02380952425301075, 0.02380952425301075, 0.02380952425301075, 0.0, 0.0, 0.02380952425301075, 0.0, 0.02380952425301075, 0.0, 0.02380952425301075, 0.0, 0.0, 0.02380952425301075, 0.0, 0.0]",0,4
10,ulsan_007557,switch_rollout,21,42,42,1.0,0.016369048156775534,0.1428571492433548,0.007936508084336916,"[0.1428571492433548, 0.02380952425301075, 0.0, 0.02380952425301075, 0.0, 0.02380952425301075, 0.0, 0.0, 0.0, 0.0, 0.02380952425301075, 0.0, 0.0, 0.02380952425301075, 0.0, 0.0]",0,4
10,ulsan_007557,switch_rollout,32,42,42,1.0,0.029761905316263437,0.2142857164144516,0.01746031790971756,"[0.2142857164144516, 0.0476190485060215, 0.02380952425301075, 0.0714285746216774, 0.0, 0.0, 0.02380952425301075, 0.0, 0.0, 0.02380952425301075, 0.02380952425301075, 0.0, 0.0, 0.0476190485060215, 0.0, 0.0]",0,4
10,ulsan_007557,teacher_forced,-1,42,42,1.0,0.04761904897168279,0.2857142984867096,0.031746032337347664,"[0.2857142984867096, 0.095238097012043, 0.0, 0.0476190485060215, 0.0476190485060215, 0.0476190485060215, 0.02380952425301075, 0.0, 0.0476190485060215, 0.0476190485060215, 0.02380952425301075, 0.0, 0.02380952425301075, 0.02380952425301075, 0.0, 0.0476190485060215]",0,4
10,ulsan_007895,normal_ar,0,71,130,1.8309859154929577,0.0026408450212329626,0.028169013559818268,0.000938967118660609,"[0.028169013559818268, 0.0, 0.0, 0.014084506779909134, 0.0, 0.0, 0.0, 0.0, 0.0, 0.0, 0.0, 0.0, 0.0, 0.0, 0.0, 0.0]",0,1
10,ulsan_007895,forced_gt_length,0,71,71,1.0,0.0026408450212329626,0.028169013559818268,0.000938967118660609,"[0.028169013559818268, 0.0, 0.0, 0.014084506779909134, 0.0, 0.0, 0.0, 0.0, 0.0, 0.0, 0.0, 0.0, 0.0, 0.0, 0.0, 0.0]",0,1
10,ulsan_007895,switch_rollout,17,71,71,1.0,0.013204225106164813,0.0845070406794548,0.00845070406794548,"[0.0845070406794548, 0.0422535203397274, 0.014084506779909134, 0.014084506779909134, 0.014084506779909134, 0.014084506779909134, 0.0, 0.0, 0.0, 0.0, 0.0, 0.0, 0.0, 0.0, 0.014084506779909134, 0.014084506779909134]",0,2
10,ulsan_007895,switch_rollout,35,71,71,1.0,0.011443661991506815,0.07042253762483597,0.007511736949284872,"[0.07042253762483597, 0.014084506779909134, 0.014084506779909134, 0.014084506779909134, 0.014084506779909134, 0.0, 0.0, 0.0, 0.0, 0.0, 0.0, 0.014084506779909134, 0.0, 0.0, 0.028169013559818268, 0.014084506779909134]",0,2
10,ulsan_007895,switch_rollout,61,71,71,1.0,0.017605633474886417,0.0845070406794548,0.013145539661248524,"[0.0845070406794548, 0.056338027119636536, 0.014084506779909134, 0.014084506779909134, 0.0422535203397274, 0.0, 0.0, 0.0, 0.0, 0.014084506779909134, 0.0, 0.028169013559818268, 0.014084506779909134, 0.0, 0.0, 0.014084506779909134]",0,2
10,ulsan_007895,teacher_forced,-1,71,71,1.0,0.029049295699223876,0.09859155118465424,0.024413145333528518,"[0.09859155118465424, 0.0845070406794548, 0.07042253762483597, 0.0422535203397274, 0.0422535203397274, 0.014084506779909134, 0.014084506779909134, 0.014084506779909134, 0.0, 0.014084506779909134, 0.0, 0.028169013559818268, 0.014084506779909134, 0.028169013559818268, 0.0, 0.0]",0,2
10,ulsan_008256,normal_ar,0,58,250,4.310344827586207,0.04094827640801668,0.1034482792019844,0.0367816095550855,"[0.1034482792019844, 0.06896551698446274, 0.03448275849223137, 0.017241379246115685, 0.03448275849223137, 0.0, 0.08620689809322357, 0.017241379246115685, 0.0, 0.017241379246115685, 0.017241379246115685, 0.03448275849223137, 0.0517241396009922, 0.0517241396009922, 0.06896551698446274, 0.0517241396009922]",0,6
10,ulsan_008256,forced_gt_length,0,58,58,1.0,0.04094827640801668,0.1034482792019844,0.0367816095550855,"[0.1034482792019844, 0.06896551698446274, 0.03448275849223137, 0.017241379246115685, 0.03448275849223137, 0.0, 0.08620689809322357, 0.017241379246115685, 0.0, 0.017241379246115685, 0.017241379246115685, 0.03448275849223137, 0.0517241396009922, 0.0517241396009922, 0.06896551698446274, 0.0517241396009922]",0,6
10,ulsan_008256,switch_rollout,14,58,58,1.0,0.04418103478383273,0.1034482792019844,0.04022988515595595,"[0.1034482792019844, 0.06896551698446274, 0.03448275849223137, 0.017241379246115685, 0.017241379246115685, 0.06896551698446274, 0.06896551698446274, 0.03448275849223137, 0.0517241396009922, 0.03448275849223137, 0.03448275849223137, 0.03448275849223137, 0.06896551698446274, 0.0, 0.0517241396009922, 0.017241379246115685]",0,6
10,ulsan_008256,switch_rollout,29,58,58,1.0,0.04849137947894633,0.17241379618644714,0.04022988503177961,"[0.17241379618644714, 0.06896551698446274, 0.03448275849223137, 0.017241379246115685, 0.017241379246115685, 0.06896551698446274, 0.06896551698446274, 0.03448275849223137, 0.0517241396009922, 0.03448275849223137, 0.017241379246115685, 0.03448275849223137, 0.06896551698446274, 0.0, 0.06896551698446274, 0.017241379246115685]",0,6
10,ulsan_008256,switch_rollout,48,58,58,1.0,0.06142241461202502,0.2068965584039688,0.05172413835922877,"[0.2068965584039688, 0.08620689809322357, 0.0517241396009922, 0.0517241396009922, 0.03448275849223137, 0.06896551698446274, 0.06896551698446274, 0.03448275849223137, 0.03448275849223137, 0.0517241396009922, 0.03448275849223137, 0.08620689809322357, 0.06896551698446274, 0.0, 0.06896551698446274, 0.03448275849223137]",0,6
10,ulsan_008256,teacher_forced,-1,58,58,1.0,0.09482758678495884,0.22413793206214905,0.08620689709981283,"[0.22413793206214905, 0.1034482792019844, 0.1034482792019844, 0.12068965286016464, 0.1551724076271057, 0.1034482792019844, 0.12068965286016464, 0.0517241396009922, 0.08620689809322357, 0.08620689809322357, 0.03448275849223137, 0.0517241396009922, 0.1034482792019844, 0.03448275849223137, 0.06896551698446274, 0.06896551698446274]",0,6
10,ulsan_008528,normal_ar,0,30,250,8.333333333333334,0.006250000325962901,0.03333333507180214,0.004444444676240286,"[0.03333333507180214, 0.0, 0.0, 0.0, 0.0, 0.0, 0.03333333507180214, 0.0, 0.0, 0.0, 0.0, 0.03333333507180214, 0.0, 0.0, 0.0, 0.0]",0,1
10,ulsan_008528,forced_gt_length,0,30,30,1.0,0.006250000325962901,0.03333333507180214,0.004444444676240286,"[0.03333333507180214, 0.0, 0.0, 0.0, 0.0, 0.0, 0.03333333507180214, 0.0, 0.0, 0.0, 0.0, 0.03333333507180214, 0.0, 0.0, 0.0, 0.0]",0,1
10,ulsan_008528,switch_rollout,7,30,30,1.0,0.012500000651925802,0.06666667014360428,0.008888889352480571,"[0.06666667014360428, 0.03333333507180214, 0.0, 0.0, 0.0, 0.0, 0.0, 0.0, 0.03333333507180214, 0.0, 0.0, 0.06666667014360428, 0.0, 0.0, 0.0, 0.0]",0,1
10,ulsan_008528,switch_rollout,15,30,30,1.0,0.010416667209938169,0.06666667014360428,0.006666667014360428,"[0.06666667014360428, 0.0, 0.0, 0.03333333507180214, 0.0, 0.0, 0.0, 0.0, 0.0, 0.0, 0.0, 0.06666667014360428, 0.0, 0.0, 0.0, 0.0]",0,1
10,ulsan_008528,switch_rollout,20,30,30,1.0,0.006250000325962901,0.06666667014360428,0.002222222338120143,"[0.06666667014360428, 0.0, 0.0, 0.0, 0.0, 0.0, 0.0, 0.0, 0.0, 0.0, 0.0, 0.03333333507180214, 0.0, 0.0, 0.0, 0.0]",0,1
10,ulsan_008528,teacher_forced,-1,30,30,1.0,0.03958333539776504,0.13333334028720856,0.03333333507180214,"[0.13333334028720856, 0.13333334028720856, 0.06666667014360428, 0.03333333507180214, 0.0, 0.03333333507180214, 0.06666667014360428, 0.03333333507180214, 0.03333333507180214, 0.03333333507180214, 0.0, 0.03333333507180214, 0.0, 0.03333333507180214, 0.0, 0.0]",0,1
10,ulsan_008768,normal_ar,0,52,250,4.8076923076923075,0.04567307827528566,0.01923076994717121,0.04743589883049329,"[0.01923076994717121, 0.0, 0.0, 0.01923076994717121, 0.09615384787321091, 0.057692307978868484, 0.09615384787321091, 0.03846153989434242, 0.07692307978868484, 0.07692307978868484, 0.01923076994717121, 0.0, 0.13461539149284363, 0.0, 0.03846153989434242, 0.057692307978868484]",0,1
10,ulsan_008768,forced_gt_length,0,52,52,1.0,0.04567307827528566,0.01923076994717121,0.04743589883049329,"[0.01923076994717121, 0.0, 0.0, 0.01923076994717121, 0.09615384787321091, 0.057692307978868484, 0.09615384787321091, 0.03846153989434242, 0.07692307978868484, 0.07692307978868484, 0.01923076994717121, 0.0, 0.13461539149284363, 0.0, 0.03846153989434242, 0.057692307978868484]",0,1
10,ulsan_008768,switch_rollout,13,52,52,1.0,0.05288461677264422,0.07692307978868484,0.051282052571574845,"[0.07692307978868484, 0.03846153989434242, 0.0, 0.0, 0.09615384787321091, 0.057692307978868484, 0.09615384787321091, 0.03846153989434242, 0.057692307978868484, 0.07692307978868484, 0.01923076994717121, 0.0, 0.13461539149284363, 0.03846153989434242, 0.057692307978868484, 0.057692307978868484]",0,1
10,ulsan_008768,switch_rollout,26,52,52,1.0,0.05288461677264422,0.09615384787321091,0.050000001365939774,"[0.09615384787321091, 0.03846153989434242, 0.0, 0.0, 0.09615384787321091, 0.057692307978868484, 0.09615384787321091, 0.03846153989434242, 0.057692307978868484, 0.07692307978868484, 0.01923076994717121, 0.0, 0.13461539149284363, 0.03846153989434242, 0.03846153989434242, 0.057692307978868484]",0,1
10,ulsan_008768,switch_rollout,42,52,52,1.0,0.046875000931322575,0.09615384787321091,0.04358974446853002,"[0.09615384787321091, 0.11538461595773697, 0.03846153989434242, 0.03846153989434242, 0.03846153989434242, 0.01923076994717121, 0.03846153989434242, 0.057692307978868484, 0.057692307978868484, 0.057692307978868484, 0.01923076994717121, 0.0, 0.07692307978868484, 0.01923076994717121, 0.01923076994717121, 0.057692307978868484]",0,1
10,ulsan_008768,teacher_forced,-1,52,52,1.0,0.10336538683623075,0.1538461595773697,0.10000000198682149,"[0.1538461595773697, 0.1538461595773697, 0.11538461595773697, 0.13461539149284363, 0.11538461595773697, 0.09615384787321091, 0.11538461595773697, 0.11538461595773697, 0.11538461595773697, 0.07692307978868484, 0.09615384787321091, 0.057692307978868484, 0.1538461595773697, 0.057692307978868484, 0.03846153989434242, 0.057692307978868484]",0,1
10,ulsan_009058,normal_ar,0,72,250,3.4722222222222223,0.0876736135687679,0.0833333358168602,0.08796296541889509,"[0.0833333358168602, 0.0833333358168602, 0.0694444477558136, 0.0555555559694767, 0.02777777798473835, 0.1111111119389534, 0.02777777798473835, 0.0555555559694767, 0.1388888955116272, 0.1111111119389534, 0.0694444477558136, 0.0694444477558136, 0.1388888955116272, 0.0694444477558136, 0.1944444477558136, 0.0972222238779068]",0,6
10,ulsan_009058,forced_gt_length,0,72,72,1.0,0.0876736135687679,0.0833333358168602,0.08796296541889509,"[0.0833333358168602, 0.0833333358168602, 0.0694444477558136, 0.0555555559694767, 0.02777777798473835, 0.1111111119389534, 0.02777777798473835, 0.0555555559694767, 0.1388888955116272, 0.1111111119389534, 0.0694444477558136, 0.0694444477558136, 0.1388888955116272, 0.0694444477558136, 0.1944444477558136, 0.0972222238779068]",0,6
10,ulsan_009058,switch_rollout,18,72,72,1.0,0.10503472434356809,0.1111111119389534,0.10462963183720907,"[0.1111111119389534, 0.1666666716337204, 0.1388888955116272, 0.1111111119389534, 0.0694444477558136, 0.125, 0.0694444477558136, 0.1111111119389534, 0.1527777761220932, 0.0833333358168602, 0.0972222238779068, 0.0694444477558136, 0.0972222238779068, 0.0972222238779068, 0.1111111119389534, 0.0694444477558136]",0,6
10,ulsan_009058,switch_rollout,36,72,72,1.0,0.11371527845039964,0.1805555522441864,0.10925926019748051,"[0.1805555522441864, 0.1805555522441864, 0.1527777761220932, 0.125, 0.0555555559694767, 0.1111111119389534, 0.0694444477558136, 0.1388888955116272, 0.1527777761220932, 0.0833333358168602, 0.0972222238779068, 0.0555555559694767, 0.0972222238779068, 0.0833333358168602, 0.125, 0.1111111119389534]",0,6
10,ulsan_009058,switch_rollout,62,72,72,1.0,0.13107639062218368,0.2638888955116272,0.12222222362955411,"[0.2638888955116272, 0.2361111044883728, 0.1805555522441864, 0.1666666716337204, 0.0972222238779068, 0.1111111119389534, 0.0694444477558136, 0.125, 0.1388888955116272, 0.0694444477558136, 0.0833333358168602, 0.0555555559694767, 0.1111111119389534, 0.125, 0.1388888955116272, 0.125]",0,6
10,ulsan_009058,teacher_forced,-1,72,72,1.0,0.1718750004656613,0.3055555522441864,0.1629629636804263,"[0.3055555522441864, 0.2222222238779068, 0.25, 0.2222222238779068, 0.1111111119389534, 0.1805555522441864, 0.1527777761220932, 0.1527777761220932, 0.1388888955116272, 0.1388888955116272, 0.125, 0.1527777761220932, 0.1111111119389534, 0.1111111119389534, 0.1944444477558136, 0.1805555522441864]",0,6
10,ulsan_009300,normal_ar,0,37,151,4.081081081081081,0.07432432204950601,0.1621621549129486,0.06846846652527651,"[0.1621621549129486, 0.1621621549129486, 0.0, 0.0, 0.0, 0.10810811072587967, 0.0810810774564743, 0.0810810774564743, 0.0810810774564743, 0.0, 0.0810810774564743, 0.0810810774564743, 0.10810811072587967, 0.027027027681469917, 0.0810810774564743, 0.13513512909412384]",0,6
10,ulsan_009300,forced_gt_length,0,37,37,1.0,0.07432432204950601,0.1621621549129486,0.06846846652527651,"[0.1621621549129486, 0.1621621549129486, 0.0, 0.0, 0.0, 0.10810811072587967, 0.0810810774564743, 0.0810810774564743, 0.0810810774564743, 0.0, 0.0810810774564743, 0.0810810774564743, 0.10810811072587967, 0.027027027681469917, 0.0810810774564743, 0.13513512909412384]",0,6
10,ulsan_009300,switch_rollout,9,37,37,1.0,0.09290540567599237,0.18918919563293457,0.08648648634552955,"[0.18918919563293457, 0.10810811072587967, 0.10810811072587967, 0.054054055362939835, 0.0810810774564743, 0.10810811072587967, 0.0810810774564743, 0.054054055362939835, 0.054054055362939835, 0.054054055362939835, 0.0810810774564743, 0.054054055362939835, 0.0810810774564743, 0.10810811072587967, 0.1621621549129486, 0.10810811072587967]",0,6
10,ulsan_009300,switch_rollout,18,37,37,1.0,0.10304053872823715,0.2432432472705841,0.09369369149208069,"[0.2432432472705841, 0.10810811072587967, 0.13513512909412384, 0.054054055362939835, 0.0810810774564743, 0.13513512909412384, 0.0810810774564743, 0.0810810774564743, 0.054054055362939835, 0.054054055362939835, 0.0810810774564743, 0.054054055362939835, 0.0810810774564743, 0.10810811072587967, 0.1621621549129486, 0.13513512909412384]",0,6
10,ulsan_009300,switch_rollout,27,37,37,1.0,0.10641891648992896,0.3243243098258972,0.09189189026753107,"[0.3243243098258972, 0.10810811072587967, 0.13513512909412384, 0.054054055362939835, 0.0810810774564743, 0.13513512909412384, 0.0810810774564743, 0.0810810774564743, 0.054054055362939835, 0.054054055362939835, 0.0810810774564743, 0.054054055362939835, 0.0810810774564743, 0.10810811072587967, 0.1621621549129486, 0.10810811072587967]",0,6
10,ulsan_009300,teacher_forced,-1,37,37,1.0,0.229729731567204,0.45945945382118225,0.21441441675027212,"[0.45945945382118225, 0.18918919563293457, 0.3513513505458832, 0.1621621549129486, 0.21621622145175934, 0.21621622145175934, 0.18918919563293457, 0.1621621549129486, 0.2432432472705841, 0.1621621549129486, 0.29729729890823364, 0.18918919563293457, 0.18918919563293457, 0.21621622145175934, 0.18918919563293457, 0.2432432472705841]",0,6
10,ulsan_009553,normal_ar,0,69,250,3.6231884057971016,0.006340579828247428,0.014492753893136978,0.005797101557254792,"[0.014492753893136978, 0.0, 0.0, 0.0, 0.0, 0.028985507786273956, 0.014492753893136978, 0.0, 0.0, 0.0, 0.0, 0.014492753893136978, 0.0, 0.014492753893136978, 0.014492753893136978, 0.0]",0,1
10,ulsan_009553,forced_gt_length,0,69,69,1.0,0.006340579828247428,0.014492753893136978,0.005797101557254792,"[0.014492753893136978, 0.0, 0.0, 0.0, 0.0, 0.028985507786273956, 0.014492753893136978, 0.0, 0.0, 0.0, 0.0, 0.014492753893136978, 0.0, 0.014492753893136978, 0.014492753893136978, 0.0]",0,1
10,ulsan_009553,switch_rollout,17,69,69,1.0,0.006340579828247428,0.014492753893136978,0.005797101557254792,"[0.014492753893136978, 0.0, 0.014492753893136978, 0.0, 0.0, 0.028985507786273956, 0.0, 0.0, 0.0, 0.0, 0.014492753893136978, 0.0, 0.0, 0.014492753893136978, 0.014492753893136978, 0.0]",0,1
10,ulsan_009553,switch_rollout,34,69,69,1.0,0.00815217406488955,0.043478261679410934,0.005797101557254792,"[0.043478261679410934, 0.0, 0.014492753893136978, 0.0, 0.0, 0.043478261679410934, 0.0, 0.0, 0.0, 0.0, 0.0, 0.0, 0.0, 0.014492753893136978, 0.014492753893136978, 0.0]",0,1
10,ulsan_009553,switch_rollout,59,69,69,1.0,0.009963768301531672,0.043478261679410934,0.007729468743006388,"[0.043478261679410934, 0.0, 0.028985507786273956, 0.0, 0.0, 0.043478261679410934, 0.014492753893136978, 0.0, 0.0, 0.0, 0.0, 0.0, 0.0, 0.014492753893136978, 0.014492753893136978, 0.0]",0,1
10,ulsan_009553,teacher_forced,-1,69,69,1.0,0.03170289844274521,0.07246376574039459,0.02898550728956858,"[0.07246376574039459, 0.043478261679410934, 0.07246376574039459, 0.07246376574039459, 0.028985507786273956, 0.043478261679410934, 0.014492753893136978, 0.014492753893136978, 0.028985507786273956, 0.028985507786273956, 0.014492753893136978, 0.0, 0.014492753893136978, 0.028985507786273956, 0.014492753893136978, 0.014492753893136978]",0,1
10,ulsan_009797,normal_ar,0,45,69,1.5333333333333334,0.0013888889225199819,0.02222222276031971,0.0,"[0.02222222276031971, 0.0, 0.0, 0.0, 0.0, 0.0, 0.0, 0.0, 0.0, 0.0, 0.0, 0.0, 0.0, 0.0, 0.0, 0.0]",0,1
10,ulsan_009797,forced_gt_length,0,45,45,1.0,0.0013888889225199819,0.02222222276031971,0.0,"[0.02222222276031971, 0.0, 0.0, 0.0, 0.0, 0.0, 0.0, 0.0, 0.0, 0.0, 0.0, 0.0, 0.0, 0.0, 0.0, 0.0]",0,1
10,ulsan_009797,switch_rollout,11,45,45,1.0,0.016666667303070426,0.13333334028720856,0.008888889104127884,"[0.13333334028720856, 0.04444444552063942, 0.0, 0.04444444552063942, 0.0, 0.0, 0.02222222276031971, 0.0, 0.0, 0.0, 0.0, 0.0, 0.0, 0.0, 0.02222222276031971, 0.0]",0,1
10,ulsan_009797,switch_rollout,22,45,45,1.0,0.018055555876344442,0.20000000298023224,0.0059259260694185896,"[0.20000000298023224, 0.04444444552063942, 0.02222222276031971, 0.02222222276031971, 0.0, 0.0, 0.0, 0.0, 0.0, 0.0, 0.0, 0.0, 0.0, 0.0, 0.0, 0.0]",0,1
10,ulsan_009797,switch_rollout,35,45,45,1.0,0.03194444498512894,0.24444444477558136,0.01777777833243211,"[0.24444444477558136, 0.08888889104127884, 0.02222222276031971, 0.06666667014360428, 0.0, 0.0, 0.02222222276031971, 0.02222222276031971, 0.0, 0.0, 0.0, 0.0, 0.0, 0.0, 0.04444444552063942, 0.0]",0,1
10,ulsan_009797,teacher_forced,-1,45,45,1.0,0.052777779288589954,0.2888889014720917,0.03703703780968984,"[0.2888889014720917, 0.1111111119389534, 0.08888889104127884, 0.1111111119389534, 0.06666667014360428, 0.0, 0.04444444552063942, 0.02222222276031971, 0.02222222276031971, 0.02222222276031971, 0.0, 0.0, 0.02222222276031971, 0.0, 0.04444444552063942, 0.0]",0,1
10,ulsan_010053,normal_ar,0,51,250,4.901960784313726,0.07230392331257463,0.0784313753247261,0.07189542651176453,"[0.0784313753247261, 0.0784313753247261, 0.05882352963089943, 0.09803921729326248, 0.0784313753247261, 0.0784313753247261, 0.05882352963089943, 0.03921568766236305, 0.0784313753247261, 0.0784313753247261, 0.05882352963089943, 0.03921568766236305, 0.0784313753247261, 0.11764705926179886, 0.09803921729326248, 0.03921568766236305]",0,4
10,ulsan_010053,forced_gt_length,0,51,51,1.0,0.07230392331257463,0.0784313753247261,0.07189542651176453,"[0.0784313753247261, 0.0784313753247261, 0.05882352963089943, 0.09803921729326248, 0.0784313753247261, 0.0784313753247261, 0.05882352963089943, 0.03921568766236305, 0.0784313753247261, 0.0784313753247261, 0.05882352963089943, 0.03921568766236305, 0.0784313753247261, 0.11764705926179886, 0.09803921729326248, 0.03921568766236305]",0,4
10,ulsan_010053,switch_rollout,12,51,51,1.0,0.07720588403753936,0.0784313753247261,0.07712418461839358,"[0.0784313753247261, 0.05882352963089943, 0.05882352963089943, 0.09803921729326248, 0.0784313753247261, 0.0784313753247261, 0.03921568766236305, 0.05882352963089943, 0.0784313753247261, 0.0784313753247261, 0.05882352963089943, 0.0784313753247261, 0.09803921729326248, 0.11764705926179886, 0.09803921729326248, 0.0784313753247261]",0,4
10,ulsan_010053,switch_rollout,25,51,51,1.0,0.08088235417380929,0.11764705926179886,0.07843137383460999,"[0.11764705926179886, 0.05882352963089943, 0.05882352963089943, 0.09803921729326248, 0.0784313753247261, 0.0784313753247261, 0.05882352963089943, 0.09803921729326248, 0.0784313753247261, 0.11764705926179886, 0.05882352963089943, 0.05882352963089943, 0.09803921729326248, 0.09803921729326248, 0.05882352963089943, 0.0784313753247261]",0,4
10,ulsan_010053,switch_rollout,41,51,51,1.0,0.07475490402430296,0.13725490868091583,0.07058823704719544,"[0.13725490868091583, 0.09803921729326248, 0.09803921729326248, 0.0784313753247261, 0.03921568766236305, 0.05882352963089943, 0.0784313753247261, 0.0784313753247261, 0.05882352963089943, 0.05882352963089943, 0.03921568766236305, 0.0784313753247261, 0.0784313753247261, 0.0784313753247261, 0.05882352963089943, 0.0784313753247261]",0,4
10,ulsan_010053,teacher_forced,-1,51,51,1.0,0.13970588613301516,0.19607843458652496,0.1359477162361145,"[0.19607843458652496, 0.1568627506494522, 0.19607843458652496, 0.11764705926179886, 0.13725490868091583, 0.11764705926179886, 0.1568627506494522, 0.1568627506494522, 0.11764705926179886, 0.13725490868091583, 0.09803921729326248, 0.09803921729326248, 0.13725490868091583, 0.1568627506494522, 0.11764705926179886, 0.13725490868091583]",0,4
10,ulsan_010388,normal_ar,0,32,107,3.34375,0.099609375,0.09375,0.1,"[0.09375, 0.09375, 0.125, 0.09375, 0.09375, 0.125, 0.09375, 0.09375, 0.15625, 0.125, 0.0625, 0.0625, 0.125, 0.0625, 0.125, 0.0625]",0,3
10,ulsan_010388,forced_gt_length,0,32,32,1.0,0.099609375,0.09375,0.1,"[0.09375, 0.09375, 0.125, 0.09375, 0.09375, 0.125, 0.09375, 0.09375, 0.15625, 0.125, 0.0625, 0.0625, 0.125, 0.0625, 0.125, 0.0625]",0,3
10,ulsan_010388,switch_rollout,8,32,32,1.0,0.11328125,0.09375,0.11458333333333333,"[0.09375, 0.125, 0.15625, 0.09375, 0.09375, 0.125, 0.09375, 0.125, 0.15625, 0.125, 0.0625, 0.125, 0.09375, 0.09375, 0.15625, 0.09375]",0,3
10,ulsan_010388,switch_rollout,16,32,32,1.0,0.087890625,0.09375,0.0875,"[0.09375, 0.125, 0.15625, 0.09375, 0.09375, 0.09375, 0.09375, 0.09375, 0.09375, 0.09375, 0.03125, 0.0625, 0.0625, 0.09375, 0.09375, 0.03125]",0,3
10,ulsan_010388,switch_rollout,22,32,32,1.0,0.111328125,0.1875,0.10625,"[0.1875, 0.15625, 0.15625, 0.09375, 0.09375, 0.09375, 0.125, 0.09375, 0.125, 0.125, 0.0625, 0.09375, 0.09375, 0.09375, 0.09375, 0.09375]",0,3
10,ulsan_010388,teacher_forced,-1,32,32,1.0,0.16015625,0.3125,0.15,"[0.3125, 0.21875, 0.1875, 0.15625, 0.25, 0.1875, 0.21875, 0.15625, 0.15625, 0.125, 0.0625, 0.125, 0.09375, 0.09375, 0.125, 0.09375]",0,3
10,ulsan_010651,normal_ar,0,38,250,6.578947368421052,0.01315789483487606,0.02631578966975212,0.012280701845884322,"[0.02631578966975212, 0.02631578966975212, 0.02631578966975212, 0.02631578966975212, 0.0, 0.02631578966975212, 0.0, 0.0, 0.02631578966975212, 0.0, 0.0, 0.0, 0.02631578966975212, 0.0, 0.02631578966975212, 0.0]",0,1
10,ulsan_010651,forced_gt_length,0,38,38,1.0,0.01315789483487606,0.02631578966975212,0.012280701845884322,"[0.02631578966975212, 0.02631578966975212, 0.02631578966975212, 0.02631578966975212, 0.0, 0.02631578966975212, 0.0, 0.0, 0.02631578966975212, 0.0, 0.0, 0.0, 0.02631578966975212, 0.0, 0.02631578966975212, 0.0]",0,1
10,ulsan_010651,switch_rollout,9,38,38,1.0,0.01315789483487606,0.02631578966975212,0.012280701845884322,"[0.02631578966975212, 0.02631578966975212, 0.02631578966975212, 0.05263157933950424, 0.0, 0.0, 0.0, 0.0, 0.0, 0.0, 0.02631578966975212, 0.0, 0.02631578966975212, 0.0, 0.02631578966975212, 0.0]",0,1
10,ulsan_010651,switch_rollout,19,38,38,1.0,0.011513157980516553,0.02631578966975212,0.010526315867900848,"[0.02631578966975212, 0.02631578966975212, 0.02631578966975212, 0.02631578966975212, 0.02631578966975212, 0.0, 0.0, 0.02631578966975212, 0.0, 0.0, 0.0, 0.02631578966975212, 0.0, 0.0, 0.0, 0.0]",0,1
10,ulsan_010651,switch_rollout,28,38,38,1.0,0.016447368310764432,0.07894736528396606,0.012280701845884322,"[0.07894736528396606, 0.02631578966975212, 0.02631578966975212, 0.02631578966975212, 0.0, 0.0, 0.0, 0.02631578966975212, 0.02631578966975212, 0.0, 0.02631578966975212, 0.0, 0.02631578966975212, 0.0, 0.0, 0.0]",0,1
10,ulsan_010651,teacher_forced,-1,38,38,1.0,0.06085526221431792,0.07894736528396606,0.05964912200967471,"[0.07894736528396606, 0.05263157933950424, 0.07894736528396606, 0.10526315867900848, 0.05263157933950424, 0.05263157933950424, 0.05263157933950424, 0.07894736528396606, 0.07894736528396606, 0.07894736528396606, 0.10526315867900848, 0.02631578966975212, 0.07894736528396606, 0.0, 0.02631578966975212, 0.02631578966975212]",0,1
10,ulsan_010943,normal_ar,0,60,250,4.166666666666667,0.0375000013737008,0.05000000074505806,0.03666666808227698,"[0.05000000074505806, 0.06666667014360428, 0.05000000074505806, 0.01666666753590107, 0.03333333507180214, 0.05000000074505806, 0.03333333507180214, 0.06666667014360428, 0.05000000074505806, 0.05000000074505806, 0.03333333507180214, 0.01666666753590107, 0.01666666753590107, 0.03333333507180214, 0.03333333507180214, 0.0]",0,3
10,ulsan_010943,forced_gt_length,0,60,60,1.0,0.0375000013737008,0.05000000074505806,0.03666666808227698,"[0.05000000074505806, 0.06666667014360428, 0.05000000074505806, 0.01666666753590107, 0.03333333507180214, 0.05000000074505806, 0.03333333507180214, 0.06666667014360428, 0.05000000074505806, 0.05000000074505806, 0.03333333507180214, 0.01666666753590107, 0.01666666753590107, 0.03333333507180214, 0.03333333507180214, 0.0]",0,3
10,ulsan_010943,switch_rollout,15,60,60,1.0,0.047916668234393,0.0833333358168602,0.04555555706222852,"[0.0833333358168602, 0.05000000074505806, 0.05000000074505806, 0.05000000074505806, 0.05000000074505806, 0.06666667014360428, 0.03333333507180214, 0.06666667014360428, 0.03333333507180214, 0.05000000074505806, 0.03333333507180214, 0.05000000074505806, 0.01666666753590107, 0.06666667014360428, 0.05000000074505806, 0.01666666753590107]",0,3
10,ulsan_010943,switch_rollout,30,60,60,1.0,0.046875001629814506,0.0833333358168602,0.04444444601734479,"[0.0833333358168602, 0.05000000074505806, 0.05000000074505806, 0.03333333507180214, 0.05000000074505806, 0.06666667014360428, 0.05000000074505806, 0.06666667014360428, 0.05000000074505806, 0.03333333507180214, 0.03333333507180214, 0.03333333507180214, 0.01666666753590107, 0.06666667014360428, 0.05000000074505806, 0.01666666753590107]",0,3
10,ulsan_010943,switch_rollout,50,60,60,1.0,0.051041667931713164,0.11666666716337204,0.04666666798293591,"[0.11666666716337204, 0.06666667014360428, 0.05000000074505806, 0.05000000074505806, 0.05000000074505806, 0.05000000074505806, 0.05000000074505806, 0.05000000074505806, 0.03333333507180214, 0.05000000074505806, 0.06666667014360428, 0.03333333507180214, 0.01666666753590107, 0.05000000074505806, 0.05000000074505806, 0.03333333507180214]",0,3
10,ulsan_010943,teacher_forced,-1,60,60,1.0,0.07708333572372794,0.1666666716337204,0.07111111332972844,"[0.1666666716337204, 0.06666667014360428, 0.0833333358168602, 0.06666667014360428, 0.0833333358168602, 0.05000000074505806, 0.06666667014360428, 0.10000000149011612, 0.0833333358168602, 0.0833333358168602, 0.0833333358168602, 0.10000000149011612, 0.06666667014360428, 0.03333333507180214, 0.05000000074505806, 0.05000000074505806]",0,3
10,ulsan_011164,normal_ar,0,40,250,6.25,0.11562500125728548,0.15000000596046448,0.11333333427707354,"[0.15000000596046448, 0.25, 0.20000000298023224, 0.10000000149011612, 0.10000000149011612, 0.10000000149011612, 0.07500000298023224, 0.17499999701976776, 0.17499999701976776, 0.07500000298023224, 0.125, 0.07500000298023224, 0.05000000074505806, 0.05000000074505806, 0.10000000149011612, 0.05000000074505806]",0,6
10,ulsan_011164,forced_gt_length,0,40,40,1.0,0.11562500125728548,0.15000000596046448,0.11333333427707354,"[0.15000000596046448, 0.25, 0.20000000298023224, 0.10000000149011612, 0.10000000149011612, 0.10000000149011612, 0.07500000298023224, 0.17499999701976776, 0.17499999701976776, 0.07500000298023224, 0.125, 0.07500000298023224, 0.05000000074505806, 0.05000000074505806, 0.10000000149011612, 0.05000000074505806]",0,6
10,ulsan_011164,switch_rollout,10,40,40,1.0,0.10000000160653144,0.125,0.09833333504696687,"[0.125, 0.15000000596046448, 0.15000000596046448, 0.125, 0.125, 0.10000000149011612, 0.10000000149011612, 0.125, 0.07500000298023224, 0.05000000074505806, 0.125, 0.07500000298023224, 0.02500000037252903, 0.05000000074505806, 0.10000000149011612, 0.10000000149011612]",0,5
10,ulsan_011164,switch_rollout,20,40,40,1.0,0.14218750083819032,0.15000000596046448,0.14166666716337203,"[0.15000000596046448, 0.25, 0.22499999403953552, 0.20000000298023224, 0.15000000596046448, 0.125, 0.125, 0.17499999701976776, 0.125, 0.05000000074505806, 0.20000000298023224, 0.125, 0.05000000074505806, 0.07500000298023224, 0.125, 0.125]",0,5
10,ulsan_011164,switch_rollout,30,40,40,1.0,0.10312500142026693,0.17499999701976776,0.09833333504696687,"[0.17499999701976776, 0.15000000596046448, 0.15000000596046448, 0.125, 0.125, 0.10000000149011612, 0.10000000149011612, 0.125, 0.07500000298023224, 0.05000000074505806, 0.125, 0.07500000298023224, 0.02500000037252903, 0.05000000074505806, 0.10000000149011612, 0.10000000149011612]",0,5
10,ulsan_011164,teacher_forced,-1,40,40,1.0,0.20312500139698386,0.25,0.20000000149011612,"[0.25, 0.2750000059604645, 0.30000001192092896, 0.22499999403953552, 0.25, 0.15000000596046448, 0.22499999403953552, 0.22499999403953552, 0.17499999701976776, 0.10000000149011612, 0.17499999701976776, 0.20000000298023224, 0.15000000596046448, 0.15000000596046448, 0.25, 0.15000000596046448]",0,5
10,ulsan_011413,normal_ar,0,25,250,10.0,0.042499999050050974,0.03999999910593033,0.04266666571299235,"[0.03999999910593033, 0.07999999821186066, 0.03999999910593033, 0.07999999821186066, 0.03999999910593033, 0.0, 0.11999999731779099, 0.07999999821186066, 0.03999999910593033, 0.0, 0.07999999821186066, 0.03999999910593033, 0.03999999910593033, 0.0, 0.0, 0.0]",0,1
10,ulsan_011413,forced_gt_length,0,25,25,1.0,0.042499999050050974,0.03999999910593033,0.04266666571299235,"[0.03999999910593033, 0.07999999821186066, 0.03999999910593033, 0.07999999821186066, 0.03999999910593033, 0.0, 0.11999999731779099, 0.07999999821186066, 0.03999999910593033, 0.0, 0.07999999821186066, 0.03999999910593033, 0.03999999910593033, 0.0, 0.0, 0.0]",0,1
10,ulsan_011413,switch_rollout,6,25,25,1.0,0.042499999050050974,0.03999999910593033,0.04266666571299235,"[0.03999999910593033, 0.11999999731779099, 0.07999999821186066, 0.07999999821186066, 0.07999999821186066, 0.0, 0.03999999910593033, 0.07999999821186066, 0.03999999910593033, 0.0, 0.07999999821186066, 0.03999999910593033, 0.0, 0.0, 0.0, 0.0]",0,1
10,ulsan_011413,switch_rollout,12,25,25,1.0,0.047499998938292265,0.07999999821186066,0.04533333232005437,"[0.07999999821186066, 0.11999999731779099, 0.07999999821186066, 0.03999999910593033, 0.07999999821186066, 0.03999999910593033, 0.03999999910593033, 0.07999999821186066, 0.03999999910593033, 0.0, 0.07999999821186066, 0.03999999910593033, 0.03999999910593033, 0.0, 0.0, 0.0]",0,1
10,ulsan_011413,switch_rollout,15,25,25,1.0,0.03249999927356839,0.03999999910593033,0.031999999284744264,"[0.03999999910593033, 0.07999999821186066, 0.03999999910593033, 0.03999999910593033, 0.07999999821186066, 0.0, 0.03999999910593033, 0.07999999821186066, 0.03999999910593033, 0.0, 0.03999999910593033, 0.03999999910593033, 0.0, 0.0, 0.0, 0.0]",0,1
10,ulsan_011413,teacher_forced,-1,25,25,1.0,0.06249999860301614,0.11999999731779099,0.05866666535536448,"[0.11999999731779099, 0.07999999821186066, 0.11999999731779099, 0.07999999821186066, 0.07999999821186066, 0.0, 0.03999999910593033, 0.07999999821186066, 0.03999999910593033, 0.07999999821186066, 0.07999999821186066, 0.07999999821186066, 0.07999999821186066, 0.0, 0.03999999910593033, 0.0]",0,1
10,ulsan_011719,normal_ar,0,51,250,4.901960784313726,0.0012254902394488454,0.0,0.001307189588745435,"[0.0, 0.0, 0.0, 0.0, 0.0, 0.0, 0.0, 0.019607843831181526, 0.0, 0.0, 0.0, 0.0, 0.0, 0.0, 0.0, 0.0]",0,0
10,ulsan_011719,forced_gt_length,0,51,51,1.0,0.0012254902394488454,0.0,0.001307189588745435,"[0.0, 0.0, 0.0, 0.0, 0.0, 0.0, 0.0, 0.019607843831181526, 0.0, 0.0, 0.0, 0.0, 0.0, 0.0, 0.0, 0.0]",0,0
10,ulsan_011719,switch_rollout,12,51,51,1.0,0.006127451197244227,0.03921568766236305,0.003921568766236306,"[0.03921568766236305, 0.0, 0.0, 0.0, 0.0, 0.019607843831181526, 0.0, 0.019607843831181526, 0.0, 0.0, 0.0, 0.0, 0.0, 0.0, 0.019607843831181526, 0.0]",0,0
10,ulsan_011719,switch_rollout,25,51,51,1.0,0.006127451080828905,0.05882352963089943,0.00261437917749087,"[0.05882352963089943, 0.0, 0.019607843831181526, 0.0, 0.0, 0.0, 0.0, 0.0, 0.0, 0.0, 0.0, 0.0, 0.0, 0.0, 0.019607843831181526, 0.0]",0,0
10,ulsan_011719,switch_rollout,41,51,51,1.0,0.0073529413202777505,0.05882352963089943,0.003921568766236306,"[0.05882352963089943, 0.0, 0.019607843831181526, 0.0, 0.0, 0.0, 0.0, 0.0, 0.0, 0.0, 0.0, 0.0, 0.019607843831181526, 0.0, 0.019607843831181526, 0.0]",0,0
10,ulsan_011719,teacher_forced,-1,51,51,1.0,0.029411765513941646,0.09803921729326248,0.024836602061986922,"[0.09803921729326248, 0.03921568766236305, 0.03921568766236305, 0.019607843831181526, 0.05882352963089943, 0.03921568766236305, 0.03921568766236305, 0.019607843831181526, 0.0, 0.0, 0.0, 0.019607843831181526, 0.03921568766236305, 0.0, 0.03921568766236305, 0.019607843831181526]",0,0
10,ulsan_011990,normal_ar,0,81,250,3.0864197530864197,0.007716049440205097,0.02469135820865631,0.006584362188975016,"[0.02469135820865631, 0.02469135820865631, 0.012345679104328156, 0.02469135820865631, 0.0, 0.012345679104328156, 0.02469135820865631, 0.0, 0.0, 0.0, 0.0, 0.0, 0.0, 0.0, 0.0, 0.0]",0,1
10,ulsan_011990,forced_gt_length,0,81,81,1.0,0.007716049440205097,0.02469135820865631,0.006584362188975016,"[0.02469135820865631, 0.02469135820865631, 0.012345679104328156, 0.02469135820865631, 0.0, 0.012345679104328156, 0.02469135820865631, 0.0, 0.0, 0.0, 0.0, 0.0, 0.0, 0.0, 0.0, 0.0]",0,1
10,ulsan_011990,switch_rollout,20,81,81,1.0,0.005401234608143568,0.04938271641731262,0.002469135820865631,"[0.04938271641731262, 0.0, 0.0, 0.02469135820865631, 0.0, 0.0, 0.0, 0.0, 0.0, 0.0, 0.0, 0.0, 0.012345679104328156, 0.0, 0.0, 0.0]",0,1
10,ulsan_011990,switch_rollout,40,81,81,1.0,0.006172839552164078,0.06172839552164078,0.002469135820865631,"[0.06172839552164078, 0.0, 0.0, 0.02469135820865631, 0.0, 0.0, 0.0, 0.0, 0.0, 0.0, 0.0, 0.0, 0.0, 0.0, 0.0, 0.012345679104328156]",0,1
10,ulsan_011990,switch_rollout,71,81,81,1.0,0.012345679104328156,0.07407407462596893,0.008230452736218771,"[0.07407407462596893, 0.02469135820865631, 0.0, 0.02469135820865631, 0.0, 0.012345679104328156, 0.02469135820865631, 0.0, 0.0, 0.012345679104328156, 0.012345679104328156, 0.0, 0.0, 0.0, 0.0, 0.012345679104328156]",0,1
10,ulsan_011990,teacher_forced,-1,81,81,1.0,0.03086419776082039,0.1111111119389534,0.025514403482278188,"[0.1111111119389534, 0.09876543283462524, 0.03703703731298447, 0.04938271641731262, 0.02469135820865631, 0.02469135820865631, 0.012345679104328156, 0.03703703731298447, 0.012345679104328156, 0.02469135820865631, 0.02469135820865631, 0.0, 0.012345679104328156, 0.0, 0.012345679104328156, 0.012345679104328156]",0,1
10,ulsan_012303,normal_ar,0,76,250,3.289473684210526,0.0016447368543595076,0.01315789483487606,0.0008771929889917374,"[0.01315789483487606, 0.0, 0.0, 0.0, 0.0, 0.0, 0.0, 0.0, 0.0, 0.0, 0.0, 0.0, 0.01315789483487606, 0.0, 0.0, 0.0]",0,1
10,ulsan_012303,forced_gt_length,0,76,76,1.0,0.0016447368543595076,0.01315789483487606,0.0008771929889917374,"[0.01315789483487606, 0.0, 0.0, 0.0, 0.0, 0.0, 0.0, 0.0, 0.0, 0.0, 0.0, 0.0, 0.01315789483487606, 0.0, 0.0, 0.0]",0,1
10,ulsan_012303,switch_rollout,19,76,76,1.0,0.003289473708719015,0.05263157933950424,0.0,"[0.05263157933950424, 0.0, 0.0, 0.0, 0.0, 0.0, 0.0, 0.0, 0.0, 0.0, 0.0, 0.0, 0.0, 0.0, 0.0, 0.0]",0,3
10,ulsan_012303,switch_rollout,38,76,76,1.0,0.006578947533853352,0.06578947603702545,0.002631578966975212,"[0.06578947603702545, 0.0, 0.0, 0.0, 0.0, 0.0, 0.0, 0.01315789483487606, 0.0, 0.0, 0.0, 0.0, 0.0, 0.01315789483487606, 0.0, 0.01315789483487606]",0,3
10,ulsan_012303,switch_rollout,66,76,76,1.0,0.008223684155382216,0.09210526198148727,0.002631578966975212,"[0.09210526198148727, 0.0, 0.01315789483487606, 0.0, 0.0, 0.0, 0.0, 0.01315789483487606, 0.0, 0.0, 0.0, 0.0, 0.0, 0.0, 0.0, 0.01315789483487606]",0,3
10,ulsan_012303,teacher_forced,-1,76,76,1.0,0.0254934208933264,0.14473684132099152,0.01754385953148206,"[0.14473684132099152, 0.03947368264198303, 0.05263157933950424, 0.03947368264198303, 0.05263157933950424, 0.01315789483487606, 0.01315789483487606, 0.01315789483487606, 0.01315789483487606, 0.0, 0.0, 0.0, 0.01315789483487606, 0.01315789483487606, 0.0, 0.0]",0,3
10,ulsan_012534,normal_ar,0,66,250,3.787878787878788,0.07575757801532745,0.03030303120613098,0.07878788113594055,"[0.03030303120613098, 0.1515151560306549, 0.1515151560306549, 0.04545454680919647, 0.12121212482452393, 0.03030303120613098, 0.03030303120613098, 0.04545454680919647, 0.06060606241226196, 0.03030303120613098, 0.03030303120613098, 0.10606060922145844, 0.10606060922145844, 0.10606060922145844, 0.03030303120613098, 0.13636364042758942]",0,2
10,ulsan_012534,forced_gt_length,0,66,66,1.0,0.07575757801532745,0.03030303120613098,0.07878788113594055,"[0.03030303120613098, 0.1515151560306549, 0.1515151560306549, 0.04545454680919647, 0.12121212482452393, 0.03030303120613098, 0.03030303120613098, 0.04545454680919647, 0.06060606241226196, 0.03030303120613098, 0.03030303120613098, 0.10606060922145844, 0.10606060922145844, 0.10606060922145844, 0.03030303120613098, 0.13636364042758942]",0,2
10,ulsan_012534,switch_rollout,16,66,66,1.0,0.07386363856494427,0.09090909361839294,0.07272727489471435,"[0.09090909361839294, 0.19696970283985138, 0.1515151560306549, 0.09090909361839294, 0.04545454680919647, 0.04545454680919647, 0.03030303120613098, 0.06060606241226196, 0.04545454680919647, 0.01515151560306549, 0.09090909361839294, 0.04545454680919647, 0.07575757801532745, 0.07575757801532745, 0.09090909361839294, 0.03030303120613098]",0,2
10,ulsan_012534,switch_rollout,33,66,66,1.0,0.05871212296187878,0.13636364042758942,0.0535353551308314,"[0.13636364042758942, 0.1515151560306549, 0.10606060922145844, 0.04545454680919647, 0.06060606241226196, 0.01515151560306549, 0.06060606241226196, 0.03030303120613098, 0.04545454680919647, 0.03030303120613098, 0.04545454680919647, 0.04545454680919647, 0.03030303120613098, 0.04545454680919647, 0.07575757801532745, 0.01515151560306549]",0,2
10,ulsan_012534,switch_rollout,56,66,66,1.0,0.10037879087030888,0.1818181872367859,0.09494949777921041,"[0.1818181872367859, 0.19696970283985138, 0.13636364042758942, 0.1515151560306549, 0.12121212482452393, 0.09090909361839294, 0.07575757801532745, 0.12121212482452393, 0.07575757801532745, 0.06060606241226196, 0.07575757801532745, 0.06060606241226196, 0.06060606241226196, 0.09090909361839294, 0.04545454680919647, 0.06060606241226196]",0,2
10,ulsan_012534,teacher_forced,-1,66,66,1.0,0.17424242943525314,0.22727273404598236,0.17070707579453787,"[0.22727273404598236, 0.27272728085517883, 0.22727273404598236, 0.19696970283985138, 0.19696970283985138, 0.19696970283985138, 0.1666666716337204, 0.24242424964904785, 0.13636364042758942, 0.1818181872367859, 0.13636364042758942, 0.04545454680919647, 0.12121212482452393, 0.13636364042758942, 0.13636364042758942, 0.1666666716337204]",0,2
10,ulsan_012799,normal_ar,0,78,250,3.2051282051282053,0.05849359143758193,0.03846153989434242,0.05982906154046456,"[0.03846153989434242, 0.10256410390138626, 0.07692307978868484, 0.0, 0.10256410390138626, 0.07692307978868484, 0.012820512987673283, 0.10256410390138626, 0.07692307978868484, 0.05128205195069313, 0.06410256773233414, 0.06410256773233414, 0.03846153989434242, 0.03846153989434242, 0.03846153989434242, 0.05128205195069313]",0,3
10,ulsan_012799,forced_gt_length,0,78,78,1.0,0.05849359143758193,0.03846153989434242,0.05982906154046456,"[0.03846153989434242, 0.10256410390138626, 0.07692307978868484, 0.0, 0.10256410390138626, 0.07692307978868484, 0.012820512987673283, 0.10256410390138626, 0.07692307978868484, 0.05128205195069313, 0.06410256773233414, 0.06410256773233414, 0.03846153989434242, 0.03846153989434242, 0.03846153989434242, 0.05128205195069313]",0,3
10,ulsan_012799,switch_rollout,19,78,78,1.0,0.06570512987673283,0.11538461595773697,0.06239316413799922,"[0.11538461595773697, 0.10256410390138626, 0.08974359184503555, 0.06410256773233414, 0.08974359184503555, 0.06410256773233414, 0.06410256773233414, 0.11538461595773697, 0.08974359184503555, 0.012820512987673283, 0.05128205195069313, 0.03846153989434242, 0.012820512987673283, 0.05128205195069313, 0.06410256773233414, 0.025641025975346565]",0,3
10,ulsan_012799,switch_rollout,39,78,78,1.0,0.06971154053462669,0.14102564752101898,0.06495726673553387,"[0.14102564752101898, 0.10256410390138626, 0.08974359184503555, 0.07692307978868484, 0.10256410390138626, 0.06410256773233414, 0.06410256773233414, 0.10256410390138626, 0.08974359184503555, 0.012820512987673283, 0.05128205195069313, 0.03846153989434242, 0.025641025975346565, 0.05128205195069313, 0.06410256773233414, 0.03846153989434242]",0,3
10,ulsan_012799,switch_rollout,68,78,78,1.0,0.07532051508314908,0.1666666716337204,0.06923077131311099,"[0.1666666716337204, 0.12820513546466827, 0.10256410390138626, 0.07692307978868484, 0.10256410390138626, 0.07692307978868484, 0.06410256773233414, 0.10256410390138626, 0.08974359184503555, 0.025641025975346565, 0.05128205195069313, 0.03846153989434242, 0.025641025975346565, 0.05128205195069313, 0.06410256773233414, 0.03846153989434242]",0,3
10,ulsan_012799,teacher_forced,-1,78,78,1.0,0.10817307920660824,0.20512820780277252,0.10170940396686395,"[0.20512820780277252, 0.1794871836900711, 0.1538461595773697, 0.11538461595773697, 0.20512820780277252, 0.10256410390138626, 0.10256410390138626, 0.11538461595773697, 0.08974359184503555, 0.06410256773233414, 0.08974359184503555, 0.05128205195069313, 0.07692307978868484, 0.06410256773233414, 0.08974359184503555, 0.025641025975346565]",0,3
10,ulsan_013081,normal_ar,0,81,250,3.0864197530864197,0.004629629664123058,0.012345679104328156,0.0041152263681093855,"[0.012345679104328156, 0.0, 0.012345679104328156, 0.0, 0.0, 0.0, 0.0, 0.0, 0.0, 0.0, 0.012345679104328156, 0.012345679104328156, 0.0, 0.012345679104328156, 0.012345679104328156, 0.0]",0,1
10,ulsan_013081,forced_gt_length,0,81,81,1.0,0.004629629664123058,0.012345679104328156,0.0041152263681093855,"[0.012345679104328156, 0.0, 0.012345679104328156, 0.0, 0.0, 0.0, 0.0, 0.0, 0.0, 0.0, 0.012345679104328156, 0.012345679104328156, 0.0, 0.012345679104328156, 0.012345679104328156, 0.0]",0,1
10,ulsan_013081,switch_rollout,20,81,81,1.0,0.010030864272266626,0.07407407462596893,0.0057613169153531395,"[0.07407407462596893, 0.0, 0.012345679104328156, 0.012345679104328156, 0.012345679104328156, 0.0, 0.0, 0.0, 0.012345679104328156, 0.0, 0.02469135820865631, 0.0, 0.0, 0.0, 0.012345679104328156, 0.0]",0,1
10,ulsan_013081,switch_rollout,40,81,81,1.0,0.009259259328246117,0.08641975373029709,0.0041152263681093855,"[0.08641975373029709, 0.0, 0.02469135820865631, 0.0, 0.012345679104328156, 0.0, 0.0, 0.0, 0.0, 0.0, 0.012345679104328156, 0.0, 0.0, 0.0, 0.012345679104328156, 0.0]",0,1
10,ulsan_013081,switch_rollout,71,81,81,1.0,0.011574074160307646,0.12345679104328156,0.0041152263681093855,"[0.12345679104328156, 0.0, 0.02469135820865631, 0.0, 0.0, 0.0, 0.0, 0.0, 0.0, 0.0, 0.012345679104328156, 0.0, 0.0, 0.0, 0.012345679104328156, 0.012345679104328156]",0,1
10,ulsan_013081,teacher_forced,-1,81,81,1.0,0.023148147854954004,0.1358024626970291,0.015637860198815665,"[0.1358024626970291, 0.02469135820865631, 0.04938271641731262, 0.012345679104328156, 0.0, 0.02469135820865631, 0.012345679104328156, 0.0, 0.02469135820865631, 0.02469135820865631, 0.03703703731298447, 0.0, 0.0, 0.012345679104328156, 0.012345679104328156, 0.0]",0,1
10,ulsan_013417,normal_ar,0,28,246,8.785714285714286,0.07366071664728224,0.1428571492433548,0.06904762114087741,"[0.1428571492433548, 0.0714285746216774, 0.1071428582072258, 0.1071428582072258, 0.0357142873108387, 0.0714285746216774, 0.0714285746216774, 0.0357142873108387, 0.0, 0.1071428582072258, 0.1071428582072258, 0.0357142873108387, 0.0714285746216774, 0.0357142873108387, 0.1428571492433548, 0.0357142873108387]",0,4
10,ulsan_013417,forced_gt_length,0,28,28,1.0,0.07366071664728224,0.1428571492433548,0.06904762114087741,"[0.1428571492433548, 0.0714285746216774, 0.1071428582072258, 0.1071428582072258, 0.0357142873108387, 0.0714285746216774, 0.0714285746216774, 0.0357142873108387, 0.0, 0.1071428582072258, 0.1071428582072258, 0.0357142873108387, 0.0714285746216774, 0.0357142873108387, 0.1428571492433548, 0.0357142873108387]",0,4
10,ulsan_013417,switch_rollout,7,28,28,1.0,0.08258928777649999,0.1428571492433548,0.07857143034537634,"[0.1428571492433548, 0.1071428582072258, 0.1071428582072258, 0.1071428582072258, 0.1071428582072258, 0.0357142873108387, 0.0714285746216774, 0.1071428582072258, 0.0357142873108387, 0.0714285746216774, 0.0357142873108387, 0.0357142873108387, 0.1428571492433548, 0.0, 0.1071428582072258, 0.1071428582072258]",0,4
10,ulsan_013417,switch_rollout,14,28,28,1.0,0.07812500186264515,0.1785714328289032,0.07142857313156128,"[0.1785714328289032, 0.1071428582072258, 0.1071428582072258, 0.1071428582072258, 0.0714285746216774, 0.0357142873108387, 0.0714285746216774, 0.0714285746216774, 0.0357142873108387, 0.0714285746216774, 0.0357142873108387, 0.0357142873108387, 0.1071428582072258, 0.0, 0.1071428582072258, 0.1071428582072258]",0,4
10,ulsan_013417,switch_rollout,18,28,28,1.0,0.09598214528523386,0.1785714328289032,0.09047619278232256,"[0.1785714328289032, 0.1428571492433548, 0.1071428582072258, 0.1071428582072258, 0.0714285746216774, 0.0714285746216774, 0.1071428582072258, 0.1071428582072258, 0.0357142873108387, 0.1071428582072258, 0.0357142873108387, 0.0714285746216774, 0.1071428582072258, 0.0357142873108387, 0.1428571492433548, 0.1071428582072258]",0,4
10,ulsan_013417,teacher_forced,-1,28,28,1.0,0.15848214668221772,0.2142857164144516,0.15476190870006878,"[0.2142857164144516, 0.1428571492433548, 0.1785714328289032, 0.1785714328289032, 0.2142857164144516, 0.1428571492433548, 0.1785714328289032, 0.2142857164144516, 0.2142857164144516, 0.1785714328289032, 0.1428571492433548, 0.1428571492433548, 0.1071428582072258, 0.0357142873108387, 0.1428571492433548, 0.1071428582072258]",0,4
10,ulsan_013746,normal_ar,0,38,250,6.578947368421052,0.01315789483487606,0.05263157933950424,0.010526315867900848,"[0.05263157933950424, 0.0, 0.05263157933950424, 0.02631578966975212, 0.0, 0.0, 0.0, 0.0, 0.0, 0.05263157933950424, 0.0, 0.0, 0.02631578966975212, 0.0, 0.0, 0.0]",0,1
10,ulsan_013746,forced_gt_length,0,38,38,1.0,0.01315789483487606,0.05263157933950424,0.010526315867900848,"[0.05263157933950424, 0.0, 0.05263157933950424, 0.02631578966975212, 0.0, 0.0, 0.0, 0.0, 0.0, 0.05263157933950424, 0.0, 0.0, 0.02631578966975212, 0.0, 0.0, 0.0]",0,1
10,ulsan_013746,switch_rollout,9,38,38,1.0,0.02631578966975212,0.10526315867900848,0.021052631735801696,"[0.10526315867900848, 0.02631578966975212, 0.05263157933950424, 0.0, 0.02631578966975212, 0.0, 0.02631578966975212, 0.02631578966975212, 0.0, 0.02631578966975212, 0.05263157933950424, 0.0, 0.02631578966975212, 0.02631578966975212, 0.0, 0.02631578966975212]",0,2
10,ulsan_013746,switch_rollout,19,38,38,1.0,0.02796052652411163,0.10526315867900848,0.022807017713785172,"[0.10526315867900848, 0.05263157933950424, 0.02631578966975212, 0.02631578966975212, 0.0, 0.02631578966975212, 0.05263157933950424, 0.02631578966975212, 0.0, 0.02631578966975212, 0.0, 0.02631578966975212, 0.02631578966975212, 0.02631578966975212, 0.0, 0.02631578966975212]",0,2
10,ulsan_013746,switch_rollout,28,38,38,1.0,0.02796052605845034,0.18421052396297455,0.01754385953148206,"[0.18421052396297455, 0.07894736528396606, 0.02631578966975212, 0.02631578966975212, 0.0, 0.02631578966975212, 0.0, 0.02631578966975212, 0.0, 0.0, 0.0, 0.0, 0.0, 0.05263157933950424, 0.02631578966975212, 0.0]",0,2
10,ulsan_013746,teacher_forced,-1,38,38,1.0,0.06743421126157045,0.2368421107530594,0.056140351295471194,"[0.2368421107530594, 0.1315789520740509, 0.10526315867900848, 0.1315789520740509, 0.05263157933950424, 0.05263157933950424, 0.07894736528396606, 0.02631578966975212, 0.05263157933950424, 0.02631578966975212, 0.05263157933950424, 0.0, 0.02631578966975212, 0.07894736528396606, 0.0, 0.02631578966975212]",0,2
10,ulsan_014040,normal_ar,0,43,250,5.813953488372093,0.011627907399088144,0.023255813866853714,0.01085271363457044,"[0.023255813866853714, 0.0, 0.06976744532585144, 0.06976744532585144, 0.0, 0.0, 0.0, 0.0, 0.0, 0.0, 0.0, 0.0, 0.0, 0.0, 0.0, 0.023255813866853714]",0,1
10,ulsan_014040,forced_gt_length,0,43,43,1.0,0.011627907399088144,0.023255813866853714,0.01085271363457044,"[0.023255813866853714, 0.0, 0.06976744532585144, 0.06976744532585144, 0.0, 0.0, 0.0, 0.0, 0.0, 0.0, 0.0, 0.0, 0.0, 0.0, 0.0, 0.023255813866853714]",0,1
10,ulsan_014040,switch_rollout,10,43,43,1.0,0.017441860865801573,0.06976744532585144,0.013953488568464916,"[0.06976744532585144, 0.0, 0.04651162773370743, 0.06976744532585144, 0.0, 0.0, 0.0, 0.0, 0.04651162773370743, 0.0, 0.0, 0.0, 0.023255813866853714, 0.0, 0.0, 0.023255813866853714]",0,1
10,ulsan_014040,switch_rollout,21,43,43,1.0,0.0116279071662575,0.11627907305955887,0.004651162773370743,"[0.11627907305955887, 0.0, 0.0, 0.023255813866853714, 0.0, 0.0, 0.0, 0.0, 0.0, 0.0, 0.0, 0.0, 0.023255813866853714, 0.0, 0.0, 0.023255813866853714]",0,1
10,ulsan_014040,switch_rollout,33,43,43,1.0,0.015988372499123216,0.11627907305955887,0.009302325795094173,"[0.11627907305955887, 0.0, 0.06976744532585144, 0.023255813866853714, 0.0, 0.0, 0.0, 0.0, 0.0, 0.0, 0.0, 0.0, 0.023255813866853714, 0.0, 0.0, 0.023255813866853714]",0,1
10,ulsan_014040,teacher_forced,-1,43,43,1.0,0.043604651698842645,0.1860465109348297,0.03410852774977684,"[0.1860465109348297, 0.04651162773370743, 0.023255813866853714, 0.13953489065170288, 0.0, 0.04651162773370743, 0.023255813866853714, 0.023255813866853714, 0.06976744532585144, 0.0, 0.023255813866853714, 0.0, 0.023255813866853714, 0.04651162773370743, 0.023255813866853714, 0.023255813866853714]",0,1
10,ulsan_014292,normal_ar,0,49,250,5.1020408163265305,0.006377550889737904,0.020408162847161293,0.005442176759243011,"[0.020408162847161293, 0.0, 0.0, 0.020408162847161293, 0.0, 0.020408162847161293, 0.020408162847161293, 0.0, 0.020408162847161293, 0.0, 0.0, 0.0, 0.0, 0.0, 0.0, 0.0]",0,1
10,ulsan_014292,forced_gt_length,0,49,49,1.0,0.006377550889737904,0.020408162847161293,0.005442176759243011,"[0.020408162847161293, 0.0, 0.0, 0.020408162847161293, 0.0, 0.020408162847161293, 0.020408162847161293, 0.0, 0.020408162847161293, 0.0, 0.0, 0.0, 0.0, 0.0, 0.0, 0.0]",0,1
10,ulsan_014292,switch_rollout,12,49,49,1.0,0.011479591601528227,0.040816325694322586,0.00952380932867527,"[0.040816325694322586, 0.020408162847161293, 0.040816325694322586, 0.020408162847161293, 0.0, 0.0, 0.020408162847161293, 0.0, 0.020408162847161293, 0.0, 0.0, 0.0, 0.0, 0.0, 0.020408162847161293, 0.0]",0,1
10,ulsan_014292,switch_rollout,24,49,49,1.0,0.011479591950774193,0.10204081982374191,0.005442176759243011,"[0.10204081982374191, 0.020408162847161293, 0.020408162847161293, 0.020408162847161293, 0.0, 0.0, 0.0, 0.0, 0.020408162847161293, 0.0, 0.0, 0.0, 0.0, 0.0, 0.0, 0.0]",0,1
10,ulsan_014292,switch_rollout,39,49,49,1.0,0.011479591601528227,0.08163265138864517,0.006802720949053764,"[0.08163265138864517, 0.020408162847161293, 0.020408162847161293, 0.020408162847161293, 0.0, 0.0, 0.0, 0.0, 0.040816325694322586, 0.0, 0.0, 0.0, 0.0, 0.0, 0.0, 0.0]",0,1
10,ulsan_014292,teacher_forced,-1,49,49,1.0,0.030612244736403227,0.12244898080825806,0.02448979566494624,"[0.12244898080825806, 0.040816325694322586, 0.08163265138864517, 0.06122449040412903, 0.06122449040412903, 0.020408162847161293, 0.020408162847161293, 0.0, 0.0, 0.020408162847161293, 0.0, 0.020408162847161293, 0.0, 0.0, 0.040816325694322586, 0.0]",0,1
10,ulsan_014535,normal_ar,0,38,250,6.578947368421052,0.0016447368543595076,0.0,0.0017543859779834748,"[0.0, 0.0, 0.0, 0.0, 0.0, 0.0, 0.02631578966975212, 0.0, 0.0, 0.0, 0.0, 0.0, 0.0, 0.0, 0.0, 0.0]",0,0
10,ulsan_014535,forced_gt_length,0,38,38,1.0,0.0016447368543595076,0.0,0.0017543859779834748,"[0.0, 0.0, 0.0, 0.0, 0.0, 0.0, 0.02631578966975212, 0.0, 0.0, 0.0, 0.0, 0.0, 0.0, 0.0, 0.0, 0.0]",0,0
10,ulsan_014535,switch_rollout,9,38,38,1.0,0.008223684271797538,0.05263157933950424,0.005263157933950424,"[0.05263157933950424, 0.02631578966975212, 0.0, 0.0, 0.0, 0.0, 0.05263157933950424, 0.0, 0.0, 0.0, 0.0, 0.0, 0.0, 0.0, 0.0, 0.0]",0,0
10,ulsan_014535,switch_rollout,19,38,38,1.0,0.008223684271797538,0.05263157933950424,0.005263157933950424,"[0.05263157933950424, 0.02631578966975212, 0.0, 0.0, 0.0, 0.0, 0.02631578966975212, 0.0, 0.0, 0.0, 0.0, 0.0, 0.0, 0.0, 0.02631578966975212, 0.0]",0,0
10,ulsan_014535,switch_rollout,28,38,38,1.0,0.009868421126157045,0.05263157933950424,0.007017543911933899,"[0.05263157933950424, 0.02631578966975212, 0.0, 0.0, 0.0, 0.0, 0.02631578966975212, 0.0, 0.0, 0.02631578966975212, 0.0, 0.0, 0.0, 0.0, 0.02631578966975212, 0.0]",0,0
10,ulsan_014535,teacher_forced,-1,38,38,1.0,0.027960526291280985,0.05263157933950424,0.026315789421399435,"[0.05263157933950424, 0.10526315867900848, 0.05263157933950424, 0.05263157933950424, 0.07894736528396606, 0.0, 0.05263157933950424, 0.0, 0.0, 0.05263157933950424, 0.0, 0.0, 0.0, 0.0, 0.0, 0.0]",0,0
10,ulsan_014821,normal_ar,0,27,250,9.25925925925926,0.03009259281679988,0.03703703731298447,0.029629629850387574,"[0.03703703731298447, 0.03703703731298447, 0.07407407462596893, 0.07407407462596893, 0.0, 0.03703703731298447, 0.14814814925193787, 0.0, 0.03703703731298447, 0.0, 0.0, 0.0, 0.0, 0.0, 0.03703703731298447, 0.0]",0,1
10,ulsan_014821,forced_gt_length,0,27,27,1.0,0.03009259281679988,0.03703703731298447,0.029629629850387574,"[0.03703703731298447, 0.03703703731298447, 0.07407407462596893, 0.07407407462596893, 0.0, 0.03703703731298447, 0.14814814925193787, 0.0, 0.03703703731298447, 0.0, 0.0, 0.0, 0.0, 0.0, 0.03703703731298447, 0.0]",0,1
10,ulsan_014821,switch_rollout,6,27,27,1.0,0.004629629664123058,0.07407407462596893,0.0,"[0.07407407462596893, 0.0, 0.0, 0.0, 0.0, 0.0, 0.0, 0.0, 0.0, 0.0, 0.0, 0.0, 0.0, 0.0, 0.0, 0.0]",0,2
10,ulsan_014821,switch_rollout,13,27,27,1.0,0.0069444444961845875,0.1111111119389534,0.0,"[0.1111111119389534, 0.0, 0.0, 0.0, 0.0, 0.0, 0.0, 0.0, 0.0, 0.0, 0.0, 0.0, 0.0, 0.0, 0.0, 0.0]",0,2
10,ulsan_014821,switch_rollout,17,27,27,1.0,0.0069444444961845875,0.1111111119389534,0.0,"[0.1111111119389534, 0.0, 0.0, 0.0, 0.0, 0.0, 0.0, 0.0, 0.0, 0.0, 0.0, 0.0, 0.0, 0.0, 0.0, 0.0]",0,2
10,ulsan_014821,teacher_forced,-1,27,27,1.0,0.09259259235113859,0.2222222238779068,0.08395061691602071,"[0.2222222238779068, 0.1111111119389534, 0.18518517911434174, 0.14814814925193787, 0.07407407462596893, 0.03703703731298447, 0.18518517911434174, 0.03703703731298447, 0.03703703731298447, 0.1111111119389534, 0.1111111119389534, 0.03703703731298447, 0.1111111119389534, 0.0, 0.07407407462596893, 0.0]",0,2
10,ulsan_015102,normal_ar,0,57,250,4.385964912280702,0.0010964912362396717,0.017543859779834747,0.0,"[0.017543859779834747, 0.0, 0.0, 0.0, 0.0, 0.0, 0.0, 0.0, 0.0, 0.0, 0.0, 0.0, 0.0, 0.0, 0.0, 0.0]",0,1
10,ulsan_015102,forced_gt_length,0,57,57,1.0,0.0010964912362396717,0.017543859779834747,0.0,"[0.017543859779834747, 0.0, 0.0, 0.0, 0.0, 0.0, 0.0, 0.0, 0.0, 0.0, 0.0, 0.0, 0.0, 0.0, 0.0, 0.0]",0,1
10,ulsan_015102,switch_rollout,14,57,57,1.0,0.004385964944958687,0.05263157933950424,0.001169590651988983,"[0.05263157933950424, 0.0, 0.0, 0.0, 0.0, 0.0, 0.0, 0.0, 0.0, 0.0, 0.0, 0.017543859779834747, 0.0, 0.0, 0.0, 0.0]",0,1
10,ulsan_015102,switch_rollout,28,57,57,1.0,0.004385964944958687,0.05263157933950424,0.001169590651988983,"[0.05263157933950424, 0.017543859779834747, 0.0, 0.0, 0.0, 0.0, 0.0, 0.0, 0.0, 0.0, 0.0, 0.0, 0.0, 0.0, 0.0, 0.0]",0,1
10,ulsan_015102,switch_rollout,47,57,57,1.0,0.008771929889917374,0.10526315867900848,0.002339181303977966,"[0.10526315867900848, 0.017543859779834747, 0.0, 0.0, 0.0, 0.0, 0.0, 0.0, 0.017543859779834747, 0.0, 0.0, 0.0, 0.0, 0.0, 0.0, 0.0]",0,1
10,ulsan_015102,teacher_forced,-1,57,57,1.0,0.036184210795909166,0.21052631735801697,0.024561403691768645,"[0.21052631735801697, 0.10526315867900848, 0.017543859779834747, 0.0, 0.017543859779834747, 0.07017543911933899, 0.017543859779834747, 0.035087719559669495, 0.05263157933950424, 0.017543859779834747, 0.0, 0.0, 0.0, 0.0, 0.017543859779834747, 0.017543859779834747]",0,1
10,ulsan_015344,normal_ar,0,43,250,5.813953488372093,0.011627906933426857,0.023255813866853714,0.010852713137865067,"[0.023255813866853714, 0.023255813866853714, 0.023255813866853714, 0.04651162773370743, 0.023255813866853714, 0.0, 0.023255813866853714, 0.0, 0.0, 0.023255813866853714, 0.0, 0.0, 0.0, 0.0, 0.0, 0.0]",0,1
10,ulsan_015344,forced_gt_length,0,43,43,1.0,0.011627906933426857,0.023255813866853714,0.010852713137865067,"[0.023255813866853714, 0.023255813866853714, 0.023255813866853714, 0.04651162773370743, 0.023255813866853714, 0.0, 0.023255813866853714, 0.0, 0.0, 0.023255813866853714, 0.0, 0.0, 0.0, 0.0, 0.0, 0.0]",0,1
10,ulsan_015344,switch_rollout,10,43,43,1.0,0.007267442066222429,0.11627907305955887,0.0,"[0.11627907305955887, 0.0, 0.0, 0.0, 0.0, 0.0, 0.0, 0.0, 0.0, 0.0, 0.0, 0.0, 0.0, 0.0, 0.0, 0.0]",0,5
10,ulsan_015344,switch_rollout,21,43,43,1.0,0.007267442066222429,0.11627907305955887,0.0,"[0.11627907305955887, 0.0, 0.0, 0.0, 0.0, 0.0, 0.0, 0.0, 0.0, 0.0, 0.0, 0.0, 0.0, 0.0, 0.0, 0.0]",0,5
10,ulsan_015344,switch_rollout,33,43,43,1.0,0.0116279071662575,0.1627907007932663,0.001550387591123581,"[0.1627907007932663, 0.0, 0.0, 0.0, 0.023255813866853714, 0.0, 0.0, 0.0, 0.0, 0.0, 0.0, 0.0, 0.0, 0.0, 0.0, 0.0]",0,5
10,ulsan_015344,teacher_forced,-1,43,43,1.0,0.03197674476541579,0.1627907007932663,0.02325581436355909,"[0.1627907007932663, 0.023255813866853714, 0.06976744532585144, 0.04651162773370743, 0.04651162773370743, 0.023255813866853714, 0.06976744532585144, 0.023255813866853714, 0.023255813866853714, 0.023255813866853714, 0.0, 0.0, 0.0, 0.0, 0.0, 0.0]",0,5
10,ulsan_015541,normal_ar,0,36,250,6.944444444444445,0.010416666744276881,0.0555555559694767,0.0074074074625968935,"[0.0555555559694767, 0.0, 0.0, 0.0555555559694767, 0.0, 0.0, 0.02777777798473835, 0.0, 0.0, 0.0, 0.0, 0.02777777798473835, 0.0, 0.0, 0.0, 0.0]",0,2
10,ulsan_015541,forced_gt_length,0,36,36,1.0,0.010416666744276881,0.0555555559694767,0.0074074074625968935,"[0.0555555559694767, 0.0, 0.0, 0.0555555559694767, 0.0, 0.0, 0.02777777798473835, 0.0, 0.0, 0.0, 0.0, 0.02777777798473835, 0.0, 0.0, 0.0, 0.0]",0,2
10,ulsan_015541,switch_rollout,9,36,36,1.0,0.010416666860692203,0.0555555559694767,0.007407407586773236,"[0.0555555559694767, 0.0, 0.0, 0.0833333358168602, 0.0, 0.0, 0.0, 0.0, 0.0, 0.0, 0.0, 0.02777777798473835, 0.0, 0.0, 0.0, 0.0]",0,2
10,ulsan_015541,switch_rollout,18,36,36,1.0,0.010416666860692203,0.0555555559694767,0.007407407586773236,"[0.0555555559694767, 0.0, 0.0, 0.0833333358168602, 0.0, 0.0, 0.0, 0.0, 0.0, 0.0, 0.0, 0.02777777798473835, 0.0, 0.0, 0.0, 0.0]",0,2
10,ulsan_015541,switch_rollout,26,36,36,1.0,0.0243055559694767,0.0833333358168602,0.0203703706463178,"[0.0833333358168602, 0.0555555559694767, 0.02777777798473835, 0.0833333358168602, 0.0, 0.0, 0.0, 0.02777777798473835, 0.02777777798473835, 0.0, 0.0, 0.02777777798473835, 0.02777777798473835, 0.0, 0.02777777798473835, 0.0]",0,2
10,ulsan_015541,teacher_forced,-1,36,36,1.0,0.03472222271375358,0.0833333358168602,0.03148148184021314,"[0.0833333358168602, 0.0555555559694767, 0.02777777798473835, 0.1111111119389534, 0.0555555559694767, 0.0555555559694767, 0.02777777798473835, 0.0, 0.02777777798473835, 0.0, 0.02777777798473835, 0.0, 0.0, 0.0, 0.0833333358168602, 0.0]",0,2
10,ulsan_015815,normal_ar,0,89,250,2.808988764044944,0.0014044943964108825,0.02247191034257412,0.0,"[0.02247191034257412, 0.0, 0.0, 0.0, 0.0, 0.0, 0.0, 0.0, 0.0, 0.0, 0.0, 0.0, 0.0, 0.0, 0.0, 0.0]",0,2
10,ulsan_015815,forced_gt_length,0,89,89,1.0,0.0014044943964108825,0.02247191034257412,0.0,"[0.02247191034257412, 0.0, 0.0, 0.0, 0.0, 0.0, 0.0, 0.0, 0.0, 0.0, 0.0, 0.0, 0.0, 0.0, 0.0, 0.0]",0,2
10,ulsan_015815,switch_rollout,22,89,89,1.0,0.006320224783848971,0.04494382068514824,0.00374531839042902,"[0.04494382068514824, 0.0, 0.0, 0.0, 0.0, 0.01123595517128706, 0.0, 0.0, 0.02247191034257412, 0.0, 0.0, 0.0, 0.0, 0.0, 0.02247191034257412, 0.0]",0,1
10,ulsan_015815,switch_rollout,44,89,89,1.0,0.005617977469228208,0.06741572916507721,0.001498127356171608,"[0.06741572916507721, 0.0, 0.0, 0.0, 0.0, 0.01123595517128706, 0.0, 0.0, 0.01123595517128706, 0.0, 0.0, 0.0, 0.0, 0.0, 0.0, 0.0]",0,1
10,ulsan_015815,switch_rollout,79,89,89,1.0,0.007724719180259854,0.08988764137029648,0.002247191034257412,"[0.08988764137029648, 0.0, 0.0, 0.0, 0.0, 0.01123595517128706, 0.0, 0.0, 0.01123595517128706, 0.01123595517128706, 0.0, 0.0, 0.0, 0.0, 0.0, 0.0]",0,1
10,ulsan_015815,teacher_forced,-1,89,89,1.0,0.02738764078821987,0.12359550595283508,0.020973783110578854,"[0.12359550595283508, 0.06741572916507721, 0.056179776787757874, 0.07865168899297714, 0.02247191034257412, 0.01123595517128706, 0.02247191034257412, 0.01123595517128706, 0.0, 0.01123595517128706, 0.0, 0.0, 0.01123595517128706, 0.0, 0.01123595517128706, 0.01123595517128706]",0,1
10,ulsan_016139,normal_ar,0,62,250,4.032258064516129,0.009072580374777317,0.016129031777381897,0.008602150281270345,"[0.016129031777381897, 0.0, 0.016129031777381897, 0.032258063554763794, 0.0, 0.016129031777381897, 0.04838709533214569, 0.0, 0.0, 0.0, 0.0, 0.0, 0.0, 0.0, 0.0, 0.016129031777381897]",0,1
10,ulsan_016139,forced_gt_length,0,62,62,1.0,0.009072580374777317,0.016129031777381897,0.008602150281270345,"[0.016129031777381897, 0.0, 0.016129031777381897, 0.032258063554763794, 0.0, 0.016129031777381897, 0.04838709533214569, 0.0, 0.0, 0.0, 0.0, 0.0, 0.0, 0.0, 0.0, 0.016129031777381897]",0,1
10,ulsan_016139,switch_rollout,15,62,62,1.0,0.011088709346950054,0.08064515888690948,0.006451612710952759,"[0.08064515888690948, 0.016129031777381897, 0.0, 0.032258063554763794, 0.0, 0.0, 0.016129031777381897, 0.016129031777381897, 0.0, 0.016129031777381897, 0.0, 0.0, 0.0, 0.0, 0.0, 0.0]",0,2
10,ulsan_016139,switch_rollout,31,62,62,1.0,0.015120967291295528,0.14516128599643707,0.006451612710952759,"[0.14516128599643707, 0.016129031777381897, 0.0, 0.016129031777381897, 0.0, 0.0, 0.016129031777381897, 0.016129031777381897, 0.0, 0.016129031777381897, 0.0, 0.016129031777381897, 0.0, 0.0, 0.0, 0.0]",0,2
10,ulsan_016139,switch_rollout,52,62,62,1.0,0.02016128972172737,0.19354838132858276,0.008602150281270345,"[0.19354838132858276, 0.032258063554763794, 0.0, 0.016129031777381897, 0.0, 0.0, 0.016129031777381897, 0.016129031777381897, 0.0, 0.016129031777381897, 0.0, 0.016129031777381897, 0.0, 0.0, 0.016129031777381897, 0.0]",0,2
10,ulsan_016139,teacher_forced,-1,62,62,1.0,0.0544354822486639,0.20967741310596466,0.04408602019151052,"[0.20967741310596466, 0.11290322244167328, 0.09677419066429138, 0.032258063554763794, 0.06451612710952759, 0.032258063554763794, 0.08064515888690948, 0.032258063554763794, 0.08064515888690948, 0.032258063554763794, 0.0, 0.032258063554763794, 0.0, 0.032258063554763794, 0.032258063554763794, 0.0]",0,2
10,ulsan_016378,normal_ar,0,88,250,2.840909090909091,0.014914773171767592,0.022727273404598236,0.014393939822912215,"[0.022727273404598236, 0.022727273404598236, 0.011363636702299118, 0.022727273404598236, 0.0, 0.011363636702299118, 0.034090910106897354, 0.022727273404598236, 0.022727273404598236, 0.0, 0.0, 0.022727273404598236, 0.0, 0.0, 0.022727273404598236, 0.022727273404598236]",0,2
10,ulsan_016378,forced_gt_length,0,88,88,1.0,0.014914773171767592,0.022727273404598236,0.014393939822912215,"[0.022727273404598236, 0.022727273404598236, 0.011363636702299118, 0.022727273404598236, 0.0, 0.011363636702299118, 0.034090910106897354, 0.022727273404598236, 0.022727273404598236, 0.0, 0.0, 0.022727273404598236, 0.0, 0.0, 0.022727273404598236, 0.022727273404598236]",0,2
10,ulsan_016378,switch_rollout,22,88,88,1.0,0.01775568211451173,0.07954545319080353,0.013636364042758942,"[0.07954545319080353, 0.022727273404598236, 0.011363636702299118, 0.0, 0.011363636702299118, 0.022727273404598236, 0.022727273404598236, 0.022727273404598236, 0.011363636702299118, 0.0, 0.0, 0.034090910106897354, 0.0, 0.011363636702299118, 0.011363636702299118, 0.022727273404598236]",0,2
10,ulsan_016378,switch_rollout,44,88,88,1.0,0.019176136702299118,0.10227272659540176,0.013636364042758942,"[0.10227272659540176, 0.034090910106897354, 0.011363636702299118, 0.011363636702299118, 0.011363636702299118, 0.011363636702299118, 0.022727273404598236, 0.022727273404598236, 0.011363636702299118, 0.011363636702299118, 0.0, 0.034090910106897354, 0.0, 0.0, 0.0, 0.022727273404598236]",0,2
10,ulsan_016378,switch_rollout,78,88,88,1.0,0.02059659152291715,0.13636364042758942,0.012878788262605667,"[0.13636364042758942, 0.022727273404598236, 0.022727273404598236, 0.0, 0.011363636702299118, 0.011363636702299118, 0.022727273404598236, 0.022727273404598236, 0.022727273404598236, 0.0, 0.0, 0.034090910106897354, 0.0, 0.0, 0.0, 0.022727273404598236]",0,2
10,ulsan_016378,teacher_forced,-1,88,88,1.0,0.041193182580173016,0.17045454680919647,0.03257575829823812,"[0.17045454680919647, 0.05681818351149559, 0.07954545319080353, 0.06818182021379471, 0.011363636702299118, 0.022727273404598236, 0.04545454680919647, 0.034090910106897354, 0.022727273404598236, 0.034090910106897354, 0.0, 0.022727273404598236, 0.022727273404598236, 0.011363636702299118, 0.022727273404598236, 0.034090910106897354]",0,2
10,ulsan_016771,normal_ar,0,83,250,3.0120481927710845,0.047439757734537125,0.0,0.05060240825017293,"[0.0, 0.0, 0.0, 0.048192769289016724, 0.012048192322254181, 0.1325301229953766, 0.09638553857803345, 0.048192769289016724, 0.048192769289016724, 0.03614457696676254, 0.07228915393352509, 0.048192769289016724, 0.03614457696676254, 0.024096384644508362, 0.08433734625577927, 0.07228915393352509]",0,0
10,ulsan_016771,forced_gt_length,0,83,83,1.0,0.047439757734537125,0.0,0.05060240825017293,"[0.0, 0.0, 0.0, 0.048192769289016724, 0.012048192322254181, 0.1325301229953766, 0.09638553857803345, 0.048192769289016724, 0.048192769289016724, 0.03614457696676254, 0.07228915393352509, 0.048192769289016724, 0.03614457696676254, 0.024096384644508362, 0.08433734625577927, 0.07228915393352509]",0,0
10,ulsan_016771,switch_rollout,20,83,83,1.0,0.006777108181267977,0.024096384644508362,0.005622489750385285,"[0.024096384644508362, 0.0, 0.012048192322254181, 0.0, 0.0, 0.012048192322254181, 0.024096384644508362, 0.0, 0.0, 0.0, 0.0, 0.0, 0.012048192322254181, 0.012048192322254181, 0.0, 0.012048192322254181]",0,0
10,ulsan_016771,switch_rollout,41,83,83,1.0,0.04292168584652245,0.08433734625577927,0.04016064181923866,"[0.08433734625577927, 0.08433734625577927, 0.07228915393352509, 0.012048192322254181, 0.03614457696676254, 0.10843373835086823, 0.0602409653365612, 0.048192769289016724, 0.024096384644508362, 0.03614457696676254, 0.012048192322254181, 0.03614457696676254, 0.024096384644508362, 0.024096384644508362, 0.0, 0.024096384644508362]",0,0
10,ulsan_016771,switch_rollout,73,83,83,1.0,0.07379517867229879,0.16867469251155853,0.06746987774968147,"[0.16867469251155853, 0.16867469251155853, 0.048192769289016724, 0.048192769289016724, 0.0, 0.14457830786705017, 0.10843373835086823, 0.03614457696676254, 0.0602409653365612, 0.048192769289016724, 0.048192769289016724, 0.048192769289016724, 0.03614457696676254, 0.024096384644508362, 0.09638553857803345, 0.09638553857803345]",0,0
10,ulsan_016771,teacher_forced,-1,83,83,1.0,0.10015060054138303,0.16867469251155853,0.09558232774337133,"[0.16867469251155853, 0.1807228922843933, 0.09638553857803345, 0.09638553857803345, 0.048192769289016724, 0.15662650763988495, 0.14457830786705017, 0.1204819306731224, 0.08433734625577927, 0.0602409653365612, 0.09638553857803345, 0.07228915393352509, 0.03614457696676254, 0.09638553857803345, 0.0602409653365612, 0.08433734625577927]",0,0
10,ulsan_017005,normal_ar,0,31,250,8.064516129032258,0.010080644860863686,0.032258063554763794,0.008602150281270345,"[0.032258063554763794, 0.0, 0.0, 0.032258063554763794, 0.032258063554763794, 0.032258063554763794, 0.0, 0.032258063554763794, 0.0, 0.0, 0.0, 0.0, 0.0, 0.0, 0.0, 0.0]",0,1
10,ulsan_017005,forced_gt_length,0,31,31,1.0,0.010080644860863686,0.032258063554763794,0.008602150281270345,"[0.032258063554763794, 0.0, 0.0, 0.032258063554763794, 0.032258063554763794, 0.032258063554763794, 0.0, 0.032258063554763794, 0.0, 0.0, 0.0, 0.0, 0.0, 0.0, 0.0, 0.0]",0,1
10,ulsan_017005,switch_rollout,7,31,31,1.0,0.02016128972172737,0.06451612710952759,0.01720430056254069,"[0.06451612710952759, 0.032258063554763794, 0.0, 0.09677419066429138, 0.032258063554763794, 0.06451612710952759, 0.0, 0.0, 0.032258063554763794, 0.0, 0.0, 0.0, 0.0, 0.0, 0.0, 0.0]",0,1
10,ulsan_017005,switch_rollout,15,31,31,1.0,0.01411290280520916,0.06451612710952759,0.01075268785158793,"[0.06451612710952759, 0.032258063554763794, 0.0, 0.032258063554763794, 0.032258063554763794, 0.06451612710952759, 0.0, 0.0, 0.0, 0.0, 0.0, 0.0, 0.0, 0.0, 0.0, 0.0]",0,1
10,ulsan_017005,switch_rollout,21,31,31,1.0,0.016129031777381897,0.09677419066429138,0.01075268785158793,"[0.09677419066429138, 0.032258063554763794, 0.0, 0.032258063554763794, 0.032258063554763794, 0.06451612710952759, 0.0, 0.0, 0.0, 0.0, 0.0, 0.0, 0.0, 0.0, 0.0, 0.0]",0,1
10,ulsan_017005,teacher_forced,-1,31,31,1.0,0.06854838505387306,0.16129031777381897,0.06236558953921,"[0.16129031777381897, 0.06451612710952759, 0.06451612710952759, 0.16129031777381897, 0.06451612710952759, 0.16129031777381897, 0.032258063554763794, 0.032258063554763794, 0.09677419066429138, 0.0, 0.06451612710952759, 0.032258063554763794, 0.032258063554763794, 0.09677419066429138, 0.032258063554763794, 0.0]",0,1
10,ulsan_017267,normal_ar,0,66,250,3.787878787878788,0.0416666679084301,0.01515151560306549,0.04343434472878774,"[0.01515151560306549, 0.13636364042758942, 0.07575757801532745, 0.04545454680919647, 0.0, 0.09090909361839294, 0.10606060922145844, 0.01515151560306549, 0.03030303120613098, 0.0, 0.03030303120613098, 0.0, 0.03030303120613098, 0.04545454680919647, 0.03030303120613098, 0.01515151560306549]",0,1
10,ulsan_017267,forced_gt_length,0,66,66,1.0,0.0416666679084301,0.01515151560306549,0.04343434472878774,"[0.01515151560306549, 0.13636364042758942, 0.07575757801532745, 0.04545454680919647, 0.0, 0.09090909361839294, 0.10606060922145844, 0.01515151560306549, 0.03030303120613098, 0.0, 0.03030303120613098, 0.0, 0.03030303120613098, 0.04545454680919647, 0.03030303120613098, 0.01515151560306549]",0,1
10,ulsan_017267,switch_rollout,16,66,66,1.0,0.036931819282472134,0.01515151560306549,0.03838383952776591,"[0.01515151560306549, 0.10606060922145844, 0.06060606241226196, 0.07575757801532745, 0.03030303120613098, 0.06060606241226196, 0.07575757801532745, 0.03030303120613098, 0.01515151560306549, 0.0, 0.01515151560306549, 0.0, 0.01515151560306549, 0.04545454680919647, 0.03030303120613098, 0.01515151560306549]",0,1
10,ulsan_017267,switch_rollout,33,66,66,1.0,0.05303030461072922,0.06060606241226196,0.052525254090627034,"[0.06060606241226196, 0.1666666716337204, 0.07575757801532745, 0.06060606241226196, 0.04545454680919647, 0.07575757801532745, 0.10606060922145844, 0.04545454680919647, 0.01515151560306549, 0.01515151560306549, 0.04545454680919647, 0.0, 0.01515151560306549, 0.04545454680919647, 0.04545454680919647, 0.03030303120613098]",0,1
10,ulsan_017267,switch_rollout,56,66,66,1.0,0.05681818351149559,0.13636364042758942,0.05151515305042267,"[0.13636364042758942, 0.1818181872367859, 0.04545454680919647, 0.04545454680919647, 0.03030303120613098, 0.09090909361839294, 0.09090909361839294, 0.04545454680919647, 0.03030303120613098, 0.01515151560306549, 0.06060606241226196, 0.0, 0.01515151560306549, 0.04545454680919647, 0.04545454680919647, 0.03030303120613098]",0,1
10,ulsan_017267,teacher_forced,-1,66,66,1.0,0.0833333358168602,0.1515151560306549,0.07878788113594055,"[0.1515151560306549, 0.1515151560306549, 0.12121212482452393, 0.10606060922145844, 0.12121212482452393, 0.12121212482452393, 0.12121212482452393, 0.07575757801532745, 0.07575757801532745, 0.03030303120613098, 0.07575757801532745, 0.01515151560306549, 0.06060606241226196, 0.04545454680919647, 0.03030303120613098, 0.03030303120613098]",0,1
10,ulsan_017533,normal_ar,0,53,250,4.716981132075472,0.00589622650295496,0.01886792480945587,0.005031446615854899,"[0.01886792480945587, 0.0, 0.0, 0.0, 0.0, 0.0, 0.01886792480945587, 0.0, 0.0, 0.0, 0.0, 0.01886792480945587, 0.0, 0.01886792480945587, 0.01886792480945587, 0.0]",0,1
10,ulsan_017533,forced_gt_length,0,53,53,1.0,0.00589622650295496,0.01886792480945587,0.005031446615854899,"[0.01886792480945587, 0.0, 0.0, 0.0, 0.0, 0.0, 0.01886792480945587, 0.0, 0.0, 0.0, 0.0, 0.01886792480945587, 0.0, 0.01886792480945587, 0.01886792480945587, 0.0]",0,1
10,ulsan_017533,switch_rollout,13,53,53,1.0,0.010613207705318928,0.01886792480945587,0.010062893231709799,"[0.01886792480945587, 0.0, 0.01886792480945587, 0.0, 0.01886792480945587, 0.01886792480945587, 0.03773584961891174, 0.0, 0.0, 0.03773584961891174, 0.0, 0.01886792480945587, 0.0, 0.0, 0.0, 0.0]",0,1
10,ulsan_017533,switch_rollout,26,53,53,1.0,0.012971698306500912,0.03773584961891174,0.011320754885673523,"[0.03773584961891174, 0.0, 0.01886792480945587, 0.0, 0.0, 0.0, 0.01886792480945587, 0.0, 0.0, 0.03773584961891174, 0.03773584961891174, 0.056603774428367615, 0.0, 0.0, 0.0, 0.0]",0,1
10,ulsan_017533,switch_rollout,43,53,53,1.0,0.02358490601181984,0.11320754885673523,0.017610063155492146,"[0.11320754885673523, 0.056603774428367615, 0.03773584961891174, 0.0, 0.01886792480945587, 0.0, 0.03773584961891174, 0.01886792480945587, 0.01886792480945587, 0.01886792480945587, 0.0, 0.056603774428367615, 0.0, 0.0, 0.0, 0.0]",0,1
10,ulsan_017533,teacher_forced,-1,53,53,1.0,0.05188679322600365,0.16981132328510284,0.04402515788873037,"[0.16981132328510284, 0.1320754736661911, 0.09433962404727936, 0.09433962404727936, 0.056603774428367615, 0.01886792480945587, 0.03773584961891174, 0.03773584961891174, 0.01886792480945587, 0.01886792480945587, 0.03773584961891174, 0.07547169923782349, 0.0, 0.01886792480945587, 0.0, 0.01886792480945587]",0,1
10,ulsan_017793,normal_ar,0,44,250,5.681818181818182,0.011363636702299118,0.0,0.012121212482452393,"[0.0, 0.022727273404598236, 0.022727273404598236, 0.0, 0.0, 0.0, 0.0, 0.0, 0.022727273404598236, 0.0, 0.0, 0.022727273404598236, 0.022727273404598236, 0.022727273404598236, 0.04545454680919647, 0.0]",0,0
10,ulsan_017793,forced_gt_length,0,44,44,1.0,0.011363636702299118,0.0,0.012121212482452393,"[0.0, 0.022727273404598236, 0.022727273404598236, 0.0, 0.0, 0.0, 0.0, 0.0, 0.022727273404598236, 0.0, 0.0, 0.022727273404598236, 0.022727273404598236, 0.022727273404598236, 0.04545454680919647, 0.0]",0,0
10,ulsan_017793,switch_rollout,11,44,44,1.0,0.004261363763362169,0.04545454680919647,0.0015151515603065492,"[0.04545454680919647, 0.0, 0.022727273404598236, 0.0, 0.0, 0.0, 0.0, 0.0, 0.0, 0.0, 0.0, 0.0, 0.0, 0.0, 0.0, 0.0]",0,0
10,ulsan_017793,switch_rollout,22,44,44,1.0,0.014204545877873898,0.06818182021379471,0.010606060922145843,"[0.06818182021379471, 0.0, 0.022727273404598236, 0.0, 0.0, 0.0, 0.0, 0.0, 0.0, 0.0, 0.022727273404598236, 0.022727273404598236, 0.022727273404598236, 0.022727273404598236, 0.04545454680919647, 0.0]",0,0
10,ulsan_017793,switch_rollout,34,44,44,1.0,0.007102272938936949,0.09090909361839294,0.0015151515603065492,"[0.09090909361839294, 0.0, 0.022727273404598236, 0.0, 0.0, 0.0, 0.0, 0.0, 0.0, 0.0, 0.0, 0.0, 0.0, 0.0, 0.0, 0.0]",0,0
10,ulsan_017793,teacher_forced,-1,44,44,1.0,0.0411931830458343,0.13636364042758942,0.034848485887050626,"[0.13636364042758942, 0.09090909361839294, 0.04545454680919647, 0.09090909361839294, 0.0, 0.022727273404598236, 0.04545454680919647, 0.022727273404598236, 0.022727273404598236, 0.04545454680919647, 0.022727273404598236, 0.0, 0.0, 0.04545454680919647, 0.06818182021379471, 0.0]",0,0
10,ulsan_018002,normal_ar,0,63,250,3.9682539682539684,0.04365079547278583,0.0476190485060215,0.04338624527057012,"[0.0476190485060215, 0.1269841343164444, 0.0317460335791111, 0.0, 0.0476190485060215, 0.01587301678955555, 0.0793650820851326, 0.0, 0.0476190485060215, 0.01587301678955555, 0.0317460335791111, 0.0317460335791111, 0.0634920671582222, 0.0317460335791111, 0.0793650820851326, 0.0476190485060215]",0,3
10,ulsan_018002,forced_gt_length,0,63,63,1.0,0.04365079547278583,0.0476190485060215,0.04338624527057012,"[0.0476190485060215, 0.1269841343164444, 0.0317460335791111, 0.0, 0.0476190485060215, 0.01587301678955555, 0.0793650820851326, 0.0, 0.0476190485060215, 0.01587301678955555, 0.0317460335791111, 0.0317460335791111, 0.0634920671582222, 0.0317460335791111, 0.0793650820851326, 0.0476190485060215]",0,3
10,ulsan_018002,switch_rollout,15,63,63,1.0,0.03273809654638171,0.0793650820851326,0.02962963084379832,"[0.0793650820851326, 0.0317460335791111, 0.0476190485060215, 0.0317460335791111, 0.0476190485060215, 0.0, 0.0317460335791111, 0.0317460335791111, 0.0, 0.0317460335791111, 0.01587301678955555, 0.01587301678955555, 0.0793650820851326, 0.01587301678955555, 0.0476190485060215, 0.01587301678955555]",0,3
10,ulsan_018002,switch_rollout,31,63,63,1.0,0.04464285878930241,0.1111111119389534,0.04021164191265901,"[0.1111111119389534, 0.095238097012043, 0.0476190485060215, 0.01587301678955555, 0.0317460335791111, 0.01587301678955555, 0.0634920671582222, 0.0, 0.0, 0.0793650820851326, 0.0317460335791111, 0.01587301678955555, 0.0634920671582222, 0.0317460335791111, 0.0634920671582222, 0.0476190485060215]",0,3
10,ulsan_018002,switch_rollout,53,63,63,1.0,0.057539684465155005,0.2063492089509964,0.04761904949943225,"[0.2063492089509964, 0.095238097012043, 0.0634920671582222, 0.0317460335791111, 0.0317460335791111, 0.0317460335791111, 0.0634920671582222, 0.01587301678955555, 0.0317460335791111, 0.0793650820851326, 0.0476190485060215, 0.01587301678955555, 0.0634920671582222, 0.0, 0.095238097012043, 0.0476190485060215]",0,3
10,ulsan_018002,teacher_forced,-1,63,63,1.0,0.09027778042946011,0.2222222238779068,0.08148148419956366,"[0.2222222238779068, 0.2063492089509964, 0.1269841343164444, 0.095238097012043, 0.095238097012043, 0.0317460335791111, 0.1269841343164444, 0.0634920671582222, 0.0476190485060215, 0.0793650820851326, 0.0476190485060215, 0.01587301678955555, 0.0634920671582222, 0.095238097012043, 0.0793650820851326, 0.0476190485060215]",0,3
10,ulsan_018328,normal_ar,0,34,73,2.1470588235294117,0.01286764710675925,0.029411764815449715,0.011764705926179887,"[0.029411764815449715, 0.05882352963089943, 0.0, 0.029411764815449715, 0.029411764815449715, 0.0, 0.0, 0.0, 0.0, 0.029411764815449715, 0.0, 0.0, 0.0, 0.0, 0.029411764815449715, 0.0]",0,1
10,ulsan_018328,forced_gt_length,0,34,34,1.0,0.01286764710675925,0.029411764815449715,0.011764705926179887,"[0.029411764815449715, 0.05882352963089943, 0.0, 0.029411764815449715, 0.029411764815449715, 0.0, 0.0, 0.0, 0.0, 0.029411764815449715, 0.0, 0.0, 0.0, 0.0, 0.029411764815449715, 0.0]",0,1
10,ulsan_018328,switch_rollout,8,34,34,1.0,0.009191176504828036,0.05882352963089943,0.005882352963089943,"[0.05882352963089943, 0.0, 0.0, 0.029411764815449715, 0.0, 0.0, 0.029411764815449715, 0.0, 0.0, 0.029411764815449715, 0.0, 0.0, 0.0, 0.0, 0.0, 0.0]",0,1
10,ulsan_018328,switch_rollout,17,34,34,1.0,0.018382353358902037,0.14705882966518402,0.009803921605149904,"[0.14705882966518402, 0.0, 0.0, 0.05882352963089943, 0.0, 0.0, 0.029411764815449715, 0.0, 0.0, 0.029411764815449715, 0.0, 0.0, 0.029411764815449715, 0.0, 0.0, 0.0]",0,1
10,ulsan_018328,switch_rollout,24,34,34,1.0,0.02389705937821418,0.14705882966518402,0.01568627469241619,"[0.14705882966518402, 0.0, 0.029411764815449715, 0.0882352963089943, 0.0, 0.0, 0.029411764815449715, 0.0, 0.0, 0.029411764815449715, 0.0, 0.0, 0.05882352963089943, 0.0, 0.0, 0.0]",0,1
10,ulsan_018328,teacher_forced,-1,34,34,1.0,0.055147059727460146,0.20588235557079315,0.04509804000457128,"[0.20588235557079315, 0.05882352963089943, 0.1764705926179886, 0.0882352963089943, 0.0882352963089943, 0.029411764815449715, 0.029411764815449715, 0.0, 0.05882352963089943, 0.05882352963089943, 0.0, 0.0, 0.0882352963089943, 0.0, 0.0, 0.0]",0,1
10,ulsan_018844,normal_ar,0,47,250,5.319148936170213,0.026595744187943637,0.042553190141916275,0.025531914457678793,"[0.042553190141916275, 0.0, 0.0, 0.0, 0.0, 0.0, 0.042553190141916275, 0.021276595070958138, 0.06382978707551956, 0.06382978707551956, 0.021276595070958138, 0.021276595070958138, 0.06382978707551956, 0.042553190141916275, 0.021276595070958138, 0.021276595070958138]",0,2
10,ulsan_018844,forced_gt_length,0,47,47,1.0,0.026595744187943637,0.042553190141916275,0.025531914457678793,"[0.042553190141916275, 0.0, 0.0, 0.0, 0.0, 0.0, 0.042553190141916275, 0.021276595070958138, 0.06382978707551956, 0.06382978707551956, 0.021276595070958138, 0.021276595070958138, 0.06382978707551956, 0.042553190141916275, 0.021276595070958138, 0.021276595070958138]",0,2
10,ulsan_018844,switch_rollout,11,47,47,1.0,0.029255318571813405,0.042553190141916275,0.028368793800473212,"[0.042553190141916275, 0.10638298094272614, 0.08510638028383255, 0.042553190141916275, 0.021276595070958138, 0.0, 0.0, 0.042553190141916275, 0.0, 0.0, 0.021276595070958138, 0.0, 0.042553190141916275, 0.0, 0.042553190141916275, 0.021276595070958138]",0,2
10,ulsan_018844,switch_rollout,23,47,47,1.0,0.04521276580635458,0.19148936867713928,0.0354609922816356,"[0.19148936867713928, 0.06382978707551956, 0.042553190141916275, 0.0, 0.0, 0.0, 0.06382978707551956, 0.021276595070958138, 0.06382978707551956, 0.042553190141916275, 0.042553190141916275, 0.021276595070958138, 0.06382978707551956, 0.042553190141916275, 0.021276595070958138, 0.042553190141916275]",0,2
10,ulsan_018844,switch_rollout,37,47,47,1.0,0.05718085099942982,0.19148936867713928,0.04822694982091586,"[0.19148936867713928, 0.12765957415103912, 0.10638298094272614, 0.021276595070958138, 0.0, 0.0, 0.042553190141916275, 0.042553190141916275, 0.06382978707551956, 0.042553190141916275, 0.042553190141916275, 0.042553190141916275, 0.06382978707551956, 0.042553190141916275, 0.021276595070958138, 0.06382978707551956]",0,2
10,ulsan_018844,teacher_forced,-1,47,47,1.0,0.08377659530378878,0.25531914830207825,0.07234042510390282,"[0.25531914830207825, 0.10638298094272614, 0.08510638028383255, 0.10638298094272614, 0.042553190141916275, 0.08510638028383255, 0.06382978707551956, 0.10638298094272614, 0.042553190141916275, 0.06382978707551956, 0.06382978707551956, 0.06382978707551956, 0.08510638028383255, 0.06382978707551956, 0.06382978707551956, 0.042553190141916275]",0,2
10,ulsan_019114,normal_ar,0,65,250,3.8461538461538463,0.007692307757679373,0.03076923079788685,0.006153846221665541,"[0.03076923079788685, 0.015384615398943424, 0.015384615398943424, 0.04615384712815285, 0.0, 0.0, 0.0, 0.015384615398943424, 0.0, 0.0, 0.0, 0.0, 0.0, 0.0, 0.0, 0.0]",0,2
10,ulsan_019114,forced_gt_length,0,65,65,1.0,0.007692307757679373,0.03076923079788685,0.006153846221665541,"[0.03076923079788685, 0.015384615398943424, 0.015384615398943424, 0.04615384712815285, 0.0, 0.0, 0.0, 0.015384615398943424, 0.0, 0.0, 0.0, 0.0, 0.0, 0.0, 0.0, 0.0]",0,2
10,ulsan_019114,switch_rollout,16,65,65,1.0,0.011538461607415229,0.04615384712815285,0.009230769239366055,"[0.04615384712815285, 0.015384615398943424, 0.015384615398943424, 0.03076923079788685, 0.015384615398943424, 0.0, 0.0, 0.015384615398943424, 0.015384615398943424, 0.015384615398943424, 0.0, 0.0, 0.015384615398943424, 0.0, 0.0, 0.0]",0,2
10,ulsan_019114,switch_rollout,32,65,65,1.0,0.013461538532283157,0.0615384615957737,0.010256410328050454,"[0.0615384615957737, 0.015384615398943424, 0.015384615398943424, 0.04615384712815285, 0.0, 0.0, 0.0, 0.015384615398943424, 0.015384615398943424, 0.015384615398943424, 0.015384615398943424, 0.0, 0.015384615398943424, 0.0, 0.0, 0.0]",0,2
10,ulsan_019114,switch_rollout,55,65,65,1.0,0.014423076994717121,0.0615384615957737,0.011282051354646683,"[0.0615384615957737, 0.015384615398943424, 0.015384615398943424, 0.04615384712815285, 0.0, 0.0, 0.015384615398943424, 0.015384615398943424, 0.03076923079788685, 0.015384615398943424, 0.0, 0.0, 0.015384615398943424, 0.0, 0.0, 0.0]",0,2
10,ulsan_019114,teacher_forced,-1,65,65,1.0,0.02692307741381228,0.0923076942563057,0.022564102957646052,"[0.0923076942563057, 0.0923076942563057, 0.04615384712815285, 0.07692307978868484, 0.0, 0.0, 0.015384615398943424, 0.015384615398943424, 0.03076923079788685, 0.015384615398943424, 0.015384615398943424, 0.0, 0.015384615398943424, 0.0, 0.0, 0.015384615398943424]",0,2
10,ulsan_019371,normal_ar,0,55,250,4.545454545454546,0.006818181602284312,0.036363635212183,0.004848484694957733,"[0.036363635212183, 0.0, 0.0, 0.0, 0.0, 0.0, 0.0, 0.0, 0.0181818176060915, 0.0181818176060915, 0.0, 0.0, 0.0, 0.036363635212183, 0.0, 0.0]",0,1
10,ulsan_019371,forced_gt_length,0,55,55,1.0,0.006818181602284312,0.036363635212183,0.004848484694957733,"[0.036363635212183, 0.0, 0.0, 0.0, 0.0, 0.0, 0.0, 0.0, 0.0181818176060915, 0.0181818176060915, 0.0, 0.0, 0.0, 0.036363635212183, 0.0, 0.0]",0,1
10,ulsan_019371,switch_rollout,13,55,55,1.0,0.011363636120222509,0.05454545468091965,0.008484848216176033,"[0.05454545468091965, 0.0181818176060915, 0.0181818176060915, 0.0, 0.0, 0.0, 0.0, 0.0, 0.0181818176060915, 0.036363635212183, 0.0, 0.0, 0.0181818176060915, 0.0181818176060915, 0.0, 0.0]",0,2
10,ulsan_019371,switch_rollout,27,55,55,1.0,0.014772727037779987,0.1090909093618393,0.008484848216176033,"[0.1090909093618393, 0.036363635212183, 0.0181818176060915, 0.0, 0.0, 0.0, 0.0, 0.0, 0.0, 0.036363635212183, 0.0, 0.0, 0.0181818176060915, 0.0181818176060915, 0.0, 0.0]",0,2
10,ulsan_019371,switch_rollout,45,55,55,1.0,0.025000000023283064,0.1818181872367859,0.014545454209049543,"[0.1818181872367859, 0.072727270424366, 0.05454545468091965, 0.0181818176060915, 0.0, 0.0, 0.0, 0.0, 0.0, 0.036363635212183, 0.0, 0.0, 0.0181818176060915, 0.0181818176060915, 0.0, 0.0]",0,2
10,ulsan_019371,teacher_forced,-1,55,55,1.0,0.052272727247327566,0.20000000298023224,0.04242424219846726,"[0.20000000298023224, 0.1818181872367859, 0.072727270424366, 0.145454540848732, 0.09090909361839294, 0.0, 0.0, 0.036363635212183, 0.0181818176060915, 0.0181818176060915, 0.0, 0.0, 0.0181818176060915, 0.036363635212183, 0.0, 0.0181818176060915]",0,2
10,ulsan_019683,normal_ar,0,66,100,1.5151515151515151,0.006628788076341152,0.03030303120613098,0.0050505052010218305,"[0.03030303120613098, 0.01515151560306549, 0.04545454680919647, 0.0, 0.01515151560306549, 0.0, 0.0, 0.0, 0.0, 0.0, 0.0, 0.0, 0.0, 0.0, 0.0, 0.0]",0,2
10,ulsan_019683,forced_gt_length,0,66,66,1.0,0.006628788076341152,0.03030303120613098,0.0050505052010218305,"[0.03030303120613098, 0.01515151560306549, 0.04545454680919647, 0.0, 0.01515151560306549, 0.0, 0.0, 0.0, 0.0, 0.0, 0.0, 0.0, 0.0, 0.0, 0.0, 0.0]",0,2
10,ulsan_019683,switch_rollout,16,66,66,1.0,0.010416666977107525,0.06060606241226196,0.007070707281430563,"[0.06060606241226196, 0.04545454680919647, 0.01515151560306549, 0.0, 0.01515151560306549, 0.01515151560306549, 0.0, 0.0, 0.01515151560306549, 0.0, 0.0, 0.0, 0.0, 0.0, 0.0, 0.0]",0,2
10,ulsan_019683,switch_rollout,33,66,66,1.0,0.013257576152682304,0.10606060922145844,0.007070707281430563,"[0.10606060922145844, 0.04545454680919647, 0.03030303120613098, 0.0, 0.01515151560306549, 0.01515151560306549, 0.0, 0.0, 0.0, 0.0, 0.0, 0.0, 0.0, 0.0, 0.0, 0.0]",0,2
10,ulsan_019683,switch_rollout,56,66,66,1.0,0.02651515230536461,0.1818181872367859,0.016161616643269858,"[0.1818181872367859, 0.12121212482452393, 0.03030303120613098, 0.0, 0.01515151560306549, 0.01515151560306549, 0.0, 0.0, 0.01515151560306549, 0.0, 0.01515151560306549, 0.01515151560306549, 0.01515151560306549, 0.0, 0.0, 0.0]",0,2
10,ulsan_019683,teacher_forced,-1,66,66,1.0,0.0416666679084301,0.21212121844291687,0.03030303120613098,"[0.21212121844291687, 0.1666666716337204, 0.06060606241226196, 0.07575757801532745, 0.06060606241226196, 0.03030303120613098, 0.0, 0.0, 0.01515151560306549, 0.01515151560306549, 0.01515151560306549, 0.01515151560306549, 0.0, 0.0, 0.0, 0.0]",0,2
10,ulsan_019936,normal_ar,0,47,51,1.0851063829787233,0.011968084727413952,0.042553190141916275,0.009929077699780464,"[0.042553190141916275, 0.0, 0.021276595070958138, 0.042553190141916275, 0.0, 0.0, 0.021276595070958138, 0.0, 0.0, 0.042553190141916275, 0.021276595070958138, 0.0, 0.0, 0.0, 0.0, 0.0]",0,2
10,ulsan_019936,forced_gt_length,0,47,47,1.0,0.011968084727413952,0.042553190141916275,0.009929077699780464,"[0.042553190141916275, 0.0, 0.021276595070958138, 0.042553190141916275, 0.0, 0.0, 0.021276595070958138, 0.0, 0.0, 0.042553190141916275, 0.021276595070958138, 0.0, 0.0, 0.0, 0.0, 0.0]",0,2
10,ulsan_019936,switch_rollout,11,47,47,1.0,0.02127659530378878,0.08510638028383255,0.017021276305119196,"[0.08510638028383255, 0.06382978707551956, 0.06382978707551956, 0.042553190141916275, 0.0, 0.0, 0.021276595070958138, 0.021276595070958138, 0.0, 0.021276595070958138, 0.021276595070958138, 0.0, 0.0, 0.0, 0.0, 0.0]",0,2
10,ulsan_019936,switch_rollout,23,47,47,1.0,0.01994680834468454,0.12765957415103912,0.01276595729092757,"[0.12765957415103912, 0.06382978707551956, 0.06382978707551956, 0.0, 0.0, 0.0, 0.021276595070958138, 0.0, 0.0, 0.021276595070958138, 0.021276595070958138, 0.0, 0.0, 0.0, 0.0, 0.0]",0,2
10,ulsan_019936,switch_rollout,37,47,47,1.0,0.02127659530378878,0.1489361673593521,0.012765957166751225,"[0.1489361673593521, 0.042553190141916275, 0.06382978707551956, 0.021276595070958138, 0.0, 0.0, 0.021276595070958138, 0.0, 0.0, 0.021276595070958138, 0.021276595070958138, 0.0, 0.0, 0.0, 0.0, 0.0]",0,2
10,ulsan_019936,teacher_forced,-1,47,47,1.0,0.03856382914818823,0.12765957415103912,0.03262411281466484,"[0.12765957415103912, 0.12765957415103912, 0.1489361673593521, 0.042553190141916275, 0.042553190141916275, 0.0, 0.021276595070958138, 0.021276595070958138, 0.021276595070958138, 0.042553190141916275, 0.021276595070958138, 0.0, 0.0, 0.0, 0.0, 0.0]",0,2
10,ulsan_020204,normal_ar,0,53,250,4.716981132075472,0.012971698306500912,0.01886792480945587,0.012578616539637247,"[0.01886792480945587, 0.0, 0.01886792480945587, 0.0, 0.09433962404727936, 0.01886792480945587, 0.0, 0.0, 0.03773584961891174, 0.01886792480945587, 0.0, 0.0, 0.0, 0.0, 0.0, 0.0]",0,1
10,ulsan_020204,forced_gt_length,0,53,53,1.0,0.012971698306500912,0.01886792480945587,0.012578616539637247,"[0.01886792480945587, 0.0, 0.01886792480945587, 0.0, 0.09433962404727936, 0.01886792480945587, 0.0, 0.0, 0.03773584961891174, 0.01886792480945587, 0.0, 0.0, 0.0, 0.0, 0.0, 0.0]",0,1
10,ulsan_020204,switch_rollout,13,53,53,1.0,0.008254717104136944,0.01886792480945587,0.007547169923782349,"[0.01886792480945587, 0.01886792480945587, 0.03773584961891174, 0.0, 0.01886792480945587, 0.0, 0.01886792480945587, 0.0, 0.0, 0.01886792480945587, 0.0, 0.0, 0.0, 0.0, 0.0, 0.0]",0,1
10,ulsan_020204,switch_rollout,26,53,53,1.0,0.010613207705318928,0.09433962404727936,0.005031446615854899,"[0.09433962404727936, 0.03773584961891174, 0.0, 0.0, 0.01886792480945587, 0.0, 0.0, 0.0, 0.0, 0.0, 0.01886792480945587, 0.0, 0.0, 0.0, 0.0, 0.0]",0,1
10,ulsan_020204,switch_rollout,43,53,53,1.0,0.022405660711228848,0.15094339847564697,0.013836478193600973,"[0.15094339847564697, 0.07547169923782349, 0.01886792480945587, 0.0, 0.03773584961891174, 0.0, 0.0, 0.0, 0.0, 0.0, 0.03773584961891174, 0.01886792480945587, 0.0, 0.01886792480945587, 0.0, 0.0]",0,1
10,ulsan_020204,teacher_forced,-1,53,53,1.0,0.05188679322600365,0.15094339847564697,0.04528301954269409,"[0.15094339847564697, 0.1320754736661911, 0.09433962404727936, 0.056603774428367615, 0.15094339847564697, 0.056603774428367615, 0.056603774428367615, 0.03773584961891174, 0.01886792480945587, 0.01886792480945587, 0.03773584961891174, 0.0, 0.01886792480945587, 0.0, 0.0, 0.0]",0,1
10,ulsan_020496,normal_ar,0,36,250,6.944444444444445,0.0034722222480922937,0.02777777798473835,0.0018518518656492234,"[0.02777777798473835, 0.0, 0.0, 0.0, 0.0, 0.0, 0.0, 0.0, 0.0, 0.0, 0.0, 0.0, 0.0, 0.0, 0.0, 0.02777777798473835]",0,1
10,ulsan_020496,forced_gt_length,0,36,36,1.0,0.0034722222480922937,0.02777777798473835,0.0018518518656492234,"[0.02777777798473835, 0.0, 0.0, 0.0, 0.0, 0.0, 0.0, 0.0, 0.0, 0.0, 0.0, 0.0, 0.0, 0.0, 0.0, 0.02777777798473835]",0,1
10,ulsan_020496,switch_rollout,9,36,36,1.0,0.01215277798473835,0.0833333358168602,0.0074074074625968935,"[0.0833333358168602, 0.0, 0.02777777798473835, 0.02777777798473835, 0.02777777798473835, 0.02777777798473835, 0.0, 0.0, 0.0, 0.0, 0.0, 0.0, 0.0, 0.0, 0.0, 0.0]",0,2
10,ulsan_020496,switch_rollout,18,36,36,1.0,0.01215277798473835,0.0833333358168602,0.0074074074625968935,"[0.0833333358168602, 0.0, 0.0555555559694767, 0.02777777798473835, 0.0, 0.02777777798473835, 0.0, 0.0, 0.0, 0.0, 0.0, 0.0, 0.0, 0.0, 0.0, 0.0]",0,2
10,ulsan_020496,switch_rollout,26,36,36,1.0,0.017361111706122756,0.1388888955116272,0.00925925945242246,"[0.1388888955116272, 0.0, 0.0833333358168602, 0.02777777798473835, 0.0, 0.02777777798473835, 0.0, 0.0, 0.0, 0.0, 0.0, 0.0, 0.0, 0.0, 0.0, 0.0]",0,2
10,ulsan_020496,teacher_forced,-1,36,36,1.0,0.04513888980727643,0.1944444477558136,0.03518518594404062,"[0.1944444477558136, 0.0833333358168602, 0.0833333358168602, 0.02777777798473835, 0.0555555559694767, 0.0833333358168602, 0.0, 0.0, 0.02777777798473835, 0.02777777798473835, 0.02777777798473835, 0.0, 0.0, 0.0833333358168602, 0.0, 0.02777777798473835]",0,2
10,ulsan_020739,normal_ar,0,73,250,3.4246575342465753,0.015410958789288998,0.04109589010477066,0.013698630034923553,"[0.04109589010477066, 0.0, 0.013698630034923553, 0.013698630034923553, 0.054794520139694214, 0.013698630034923553, 0.013698630034923553, 0.013698630034923553, 0.013698630034923553, 0.0, 0.027397260069847107, 0.013698630034923553, 0.013698630034923553, 0.0, 0.013698630034923553, 0.0]",0,3
10,ulsan_020739,forced_gt_length,0,73,73,1.0,0.015410958789288998,0.04109589010477066,0.013698630034923553,"[0.04109589010477066, 0.0, 0.013698630034923553, 0.013698630034923553, 0.054794520139694214, 0.013698630034923553, 0.013698630034923553, 0.013698630034923553, 0.013698630034923553, 0.0, 0.027397260069847107, 0.013698630034923553, 0.013698630034923553, 0.0, 0.013698630034923553, 0.0]",0,3
10,ulsan_020739,switch_rollout,18,73,73,1.0,0.013698630034923553,0.09589041024446487,0.008219178020954131,"[0.09589041024446487, 0.0, 0.013698630034923553, 0.0, 0.013698630034923553, 0.0, 0.0, 0.013698630034923553, 0.027397260069847107, 0.0, 0.0, 0.04109589010477066, 0.0, 0.0, 0.013698630034923553, 0.0]",0,4
10,ulsan_020739,switch_rollout,36,73,73,1.0,0.017979451920837164,0.10958904027938843,0.011872146030267079,"[0.10958904027938843, 0.0, 0.013698630034923553, 0.0, 0.013698630034923553, 0.013698630034923553, 0.013698630034923553, 0.013698630034923553, 0.027397260069847107, 0.0, 0.0, 0.04109589010477066, 0.0, 0.0, 0.013698630034923553, 0.027397260069847107]",0,4
10,ulsan_020739,switch_rollout,63,73,73,1.0,0.023972603026777506,0.2054794579744339,0.011872146030267079,"[0.2054794579744339, 0.0, 0.013698630034923553, 0.0, 0.027397260069847107, 0.013698630034923553, 0.013698630034923553, 0.013698630034923553, 0.027397260069847107, 0.0, 0.0, 0.04109589010477066, 0.0, 0.0, 0.013698630034923553, 0.013698630034923553]",0,4
10,ulsan_020739,teacher_forced,-1,73,73,1.0,0.043664383701980114,0.232876718044281,0.031050228079160056,"[0.232876718044281, 0.054794520139694214, 0.04109589010477066, 0.04109589010477066, 0.06849315017461777, 0.027397260069847107, 0.04109589010477066, 0.027397260069847107, 0.054794520139694214, 0.013698630034923553, 0.04109589010477066, 0.013698630034923553, 0.013698630034923553, 0.0, 0.027397260069847107, 0.0]",0,4
10,ulsan_021001,normal_ar,0,95,250,2.6315789473684212,0.02105263213161379,0.031578946858644485,0.020350877816478413,"[0.031578946858644485, 0.0, 0.05263157933950424, 0.021052632480859756, 0.021052632480859756, 0.021052632480859756, 0.05263157933950424, 0.021052632480859756, 0.021052632480859756, 0.021052632480859756, 0.021052632480859756, 0.010526316240429878, 0.010526316240429878, 0.021052632480859756, 0.0, 0.010526316240429878]",0,3
10,ulsan_021001,forced_gt_length,0,95,95,1.0,0.02105263213161379,0.031578946858644485,0.020350877816478413,"[0.031578946858644485, 0.0, 0.05263157933950424, 0.021052632480859756, 0.021052632480859756, 0.021052632480859756, 0.05263157933950424, 0.021052632480859756, 0.021052632480859756, 0.021052632480859756, 0.021052632480859756, 0.010526316240429878, 0.010526316240429878, 0.021052632480859756, 0.0, 0.010526316240429878]",0,3
10,ulsan_021001,switch_rollout,23,95,95,1.0,0.02302631631027907,0.031578946858644485,0.022456140940388045,"[0.031578946858644485, 0.031578946858644485, 0.04210526496171951, 0.010526316240429878, 0.021052632480859756, 0.04210526496171951, 0.05263157933950424, 0.04210526496171951, 0.010526316240429878, 0.031578946858644485, 0.010526316240429878, 0.010526316240429878, 0.0, 0.021052632480859756, 0.0, 0.010526316240429878]",0,3
10,ulsan_021001,switch_rollout,47,95,95,1.0,0.014473684364929795,0.031578946858644485,0.013333333532015483,"[0.031578946858644485, 0.031578946858644485, 0.010526316240429878, 0.0, 0.010526316240429878, 0.010526316240429878, 0.021052632480859756, 0.031578946858644485, 0.0, 0.010526316240429878, 0.010526316240429878, 0.021052632480859756, 0.0, 0.010526316240429878, 0.0, 0.031578946858644485]",0,3
10,ulsan_021001,switch_rollout,85,95,95,1.0,0.031578947557136416,0.09473684430122375,0.027368421107530592,"[0.09473684430122375, 0.06315789371728897, 0.021052632480859756, 0.010526316240429878, 0.021052632480859756, 0.010526316240429878, 0.05263157933950424, 0.031578946858644485, 0.0, 0.031578946858644485, 0.031578946858644485, 0.031578946858644485, 0.010526316240429878, 0.05263157933950424, 0.010526316240429878, 0.031578946858644485]",0,3
10,ulsan_021001,teacher_forced,-1,95,95,1.0,0.06447368382941931,0.12631578743457794,0.06035087692240874,"[0.12631578743457794, 0.13684210181236267, 0.08421052992343903, 0.12631578743457794, 0.06315789371728897, 0.10526315867900848, 0.11578947305679321, 0.0736842080950737, 0.031578946858644485, 0.05263157933950424, 0.031578946858644485, 0.010526316240429878, 0.021052632480859756, 0.031578946858644485, 0.010526316240429878, 0.010526316240429878]",0,3
10,ulsan_021260,normal_ar,0,85,250,2.9411764705882355,0.0088235295843333,0.0235294122248888,0.007843137408296267,"[0.0235294122248888, 0.0, 0.0, 0.0235294122248888, 0.0, 0.0235294122248888, 0.0470588244497776, 0.0, 0.0, 0.0235294122248888, 0.0, 0.0, 0.0, 0.0, 0.0, 0.0]",0,2
10,ulsan_021260,forced_gt_length,0,85,85,1.0,0.0088235295843333,0.0235294122248888,0.007843137408296267,"[0.0235294122248888, 0.0, 0.0, 0.0235294122248888, 0.0, 0.0235294122248888, 0.0470588244497776, 0.0, 0.0, 0.0235294122248888, 0.0, 0.0, 0.0, 0.0, 0.0, 0.0]",0,2
10,ulsan_021260,switch_rollout,21,85,85,1.0,0.010294118023011833,0.03529411926865578,0.008627451273302238,"[0.03529411926865578, 0.03529411926865578, 0.0, 0.0117647061124444, 0.0, 0.0, 0.03529411926865578, 0.0, 0.0117647061124444, 0.0235294122248888, 0.0, 0.0117647061124444, 0.0, 0.0, 0.0, 0.0]",0,1
10,ulsan_021260,switch_rollout,42,85,85,1.0,0.012500000360887498,0.0470588244497776,0.01019607875496149,"[0.0470588244497776, 0.03529411926865578, 0.0117647061124444, 0.0117647061124444, 0.0235294122248888, 0.0, 0.03529411926865578, 0.0, 0.0117647061124444, 0.0117647061124444, 0.0, 0.0117647061124444, 0.0, 0.0, 0.0, 0.0]",0,1
10,ulsan_021260,switch_rollout,75,85,85,1.0,0.018382353417109698,0.10588235408067703,0.012549020039538542,"[0.10588235408067703, 0.03529411926865578, 0.0235294122248888, 0.03529411926865578, 0.0235294122248888, 0.0117647061124444, 0.03529411926865578, 0.0, 0.0235294122248888, 0.0, 0.0, 0.0, 0.0, 0.0, 0.0, 0.0]",0,1
10,ulsan_021260,teacher_forced,-1,85,85,1.0,0.03897058928851038,0.1411764770746231,0.03215686343610287,"[0.1411764770746231, 0.08235294371843338, 0.08235294371843338, 0.03529411926865578, 0.05882352963089943, 0.05882352963089943, 0.0470588244497776, 0.0235294122248888, 0.0117647061124444, 0.0235294122248888, 0.0117647061124444, 0.0, 0.0117647061124444, 0.0, 0.0235294122248888, 0.0117647061124444]",0,1
10,ulsan_021566,normal_ar,0,30,250,8.333333333333334,0.004166666883975267,0.03333333507180214,0.002222222338120143,"[0.03333333507180214, 0.0, 0.0, 0.0, 0.03333333507180214, 0.0, 0.0, 0.0, 0.0, 0.0, 0.0, 0.0, 0.0, 0.0, 0.0, 0.0]",0,0
10,ulsan_021566,forced_gt_length,0,30,30,1.0,0.004166666883975267,0.03333333507180214,0.002222222338120143,"[0.03333333507180214, 0.0, 0.0, 0.0, 0.03333333507180214, 0.0, 0.0, 0.0, 0.0, 0.0, 0.0, 0.0, 0.0, 0.0, 0.0, 0.0]",0,0
10,ulsan_021566,switch_rollout,7,30,30,1.0,0.008333333767950535,0.03333333507180214,0.006666667014360428,"[0.03333333507180214, 0.03333333507180214, 0.0, 0.0, 0.0, 0.03333333507180214, 0.0, 0.03333333507180214, 0.0, 0.0, 0.0, 0.0, 0.0, 0.0, 0.0, 0.0]",0,0
10,ulsan_021566,switch_rollout,15,30,30,1.0,0.008333333767950535,0.06666667014360428,0.004444444676240286,"[0.06666667014360428, 0.0, 0.0, 0.0, 0.03333333507180214, 0.0, 0.0, 0.03333333507180214, 0.0, 0.0, 0.0, 0.0, 0.0, 0.0, 0.0, 0.0]",0,0
10,ulsan_021566,switch_rollout,20,30,30,1.0,0.010416666977107525,0.10000000149011612,0.004444444676240286,"[0.10000000149011612, 0.0, 0.03333333507180214, 0.0, 0.0, 0.0, 0.0, 0.03333333507180214, 0.0, 0.0, 0.0, 0.0, 0.0, 0.0, 0.0, 0.0]",0,0
10,ulsan_021566,teacher_forced,-1,30,30,1.0,0.05000000190921128,0.20000000298023224,0.04000000183780988,"[0.20000000298023224, 0.0, 0.1666666716337204, 0.06666667014360428, 0.03333333507180214, 0.03333333507180214, 0.0, 0.13333334028720856, 0.06666667014360428, 0.0, 0.0, 0.03333333507180214, 0.0, 0.06666667014360428, 0.0, 0.0]",0,0
10,ulsan_021810,normal_ar,0,16,49,3.0625,0.01171875,0.0625,0.008333333333333333,"[0.0625, 0.0625, 0.0, 0.0, 0.0625, 0.0, 0.0, 0.0, 0.0, 0.0, 0.0, 0.0, 0.0, 0.0, 0.0, 0.0]",0,1
10,ulsan_021810,forced_gt_length,0,16,16,1.0,0.01171875,0.0625,0.008333333333333333,"[0.0625, 0.0625, 0.0, 0.0, 0.0625, 0.0, 0.0, 0.0, 0.0, 0.0, 0.0, 0.0, 0.0, 0.0, 0.0, 0.0]",0,1
10,ulsan_021810,switch_rollout,4,16,16,1.0,0.015625,0.1875,0.004166666666666667,"[0.1875, 0.0625, 0.0, 0.0, 0.0, 0.0, 0.0, 0.0, 0.0, 0.0, 0.0, 0.0, 0.0, 0.0, 0.0, 0.0]",0,3
10,ulsan_021810,switch_rollout,6,16,16,1.0,0.015625,0.1875,0.004166666666666667,"[0.1875, 0.0625, 0.0, 0.0, 0.0, 0.0, 0.0, 0.0, 0.0, 0.0, 0.0, 0.0, 0.0, 0.0, 0.0, 0.0]",0,3
10,ulsan_021810,switch_rollout,8,16,16,1.0,0.01953125,0.25,0.004166666666666667,"[0.25, 0.0625, 0.0, 0.0, 0.0, 0.0, 0.0, 0.0, 0.0, 0.0, 0.0, 0.0, 0.0, 0.0, 0.0, 0.0]",0,3
10,ulsan_021810,teacher_forced,-1,16,16,1.0,0.03125,0.25,0.016666666666666666,"[0.25, 0.125, 0.0, 0.0625, 0.0625, 0.0, 0.0, 0.0, 0.0, 0.0, 0.0, 0.0, 0.0, 0.0, 0.0, 0.0]",0,3
10,ulsan_022111,normal_ar,0,29,137,4.724137931034483,0.004310344811528921,0.06896551698446274,0.0,"[0.06896551698446274, 0.0, 0.0, 0.0, 0.0, 0.0, 0.0, 0.0, 0.0, 0.0, 0.0, 0.0, 0.0, 0.0, 0.0, 0.0]",0,1
10,ulsan_022111,forced_gt_length,0,29,29,1.0,0.004310344811528921,0.06896551698446274,0.0,"[0.06896551698446274, 0.0, 0.0, 0.0, 0.0, 0.0, 0.0, 0.0, 0.0, 0.0, 0.0, 0.0, 0.0, 0.0, 0.0, 0.0]",0,1
10,ulsan_022111,switch_rollout,7,29,29,1.0,0.006465517217293382,0.06896551698446274,0.002298850566148758,"[0.06896551698446274, 0.0, 0.0, 0.0, 0.03448275849223137, 0.0, 0.0, 0.0, 0.0, 0.0, 0.0, 0.0, 0.0, 0.0, 0.0, 0.0]",0,2
10,ulsan_022111,switch_rollout,14,29,29,1.0,0.010775862028822303,0.13793103396892548,0.002298850566148758,"[0.13793103396892548, 0.0, 0.0, 0.0, 0.03448275849223137, 0.0, 0.0, 0.0, 0.0, 0.0, 0.0, 0.0, 0.0, 0.0, 0.0, 0.0]",0,2
10,ulsan_022111,switch_rollout,19,29,29,1.0,0.012931034434586763,0.13793103396892548,0.004597701132297516,"[0.13793103396892548, 0.0, 0.06896551698446274, 0.0, 0.0, 0.0, 0.0, 0.0, 0.0, 0.0, 0.0, 0.0, 0.0, 0.0, 0.0, 0.0]",0,2
10,ulsan_022111,teacher_forced,-1,29,29,1.0,0.03232758538797498,0.3103448152542114,0.013793103396892548,"[0.3103448152542114, 0.06896551698446274, 0.0, 0.03448275849223137, 0.03448275849223137, 0.0, 0.0, 0.0, 0.06896551698446274, 0.0, 0.0, 0.0, 0.0, 0.0, 0.0, 0.0]",0,2
10,ulsan_022355,normal_ar,0,42,84,2.0,0.010416666860692203,0.0476190485060215,0.007936508084336916,"[0.0476190485060215, 0.02380952425301075, 0.0, 0.0, 0.02380952425301075, 0.02380952425301075, 0.0, 0.02380952425301075, 0.0, 0.0, 0.0, 0.02380952425301075, 0.0, 0.0, 0.0, 0.0]",0,2
10,ulsan_022355,forced_gt_length,0,42,42,1.0,0.010416666860692203,0.0476190485060215,0.007936508084336916,"[0.0476190485060215, 0.02380952425301075, 0.0, 0.0, 0.02380952425301075, 0.02380952425301075, 0.0, 0.02380952425301075, 0.0, 0.0, 0.0, 0.02380952425301075, 0.0, 0.0, 0.0, 0.0]",0,2
10,ulsan_022355,switch_rollout,10,42,42,1.0,0.007440476445481181,0.0714285746216774,0.0031746032337347666,"[0.0714285746216774, 0.0, 0.0, 0.0, 0.02380952425301075, 0.0, 0.0, 0.02380952425301075, 0.0, 0.0, 0.0, 0.0, 0.0, 0.0, 0.0, 0.0]",0,2
10,ulsan_022355,switch_rollout,21,42,42,1.0,0.008928571711294353,0.0714285746216774,0.00476190485060215,"[0.0714285746216774, 0.0, 0.0, 0.0, 0.02380952425301075, 0.0, 0.0, 0.02380952425301075, 0.0, 0.0, 0.0, 0.0, 0.0, 0.0, 0.02380952425301075, 0.0]",0,2
10,ulsan_022355,switch_rollout,32,42,42,1.0,0.019345238339155912,0.1190476194024086,0.012698412934939066,"[0.1190476194024086, 0.0476190485060215, 0.0, 0.0476190485060215, 0.0476190485060215, 0.0, 0.0, 0.02380952425301075, 0.0, 0.0, 0.0, 0.02380952425301075, 0.0, 0.0, 0.0, 0.0]",0,2
10,ulsan_022355,teacher_forced,-1,42,42,1.0,0.032738096197135746,0.1666666716337204,0.023809524501363435,"[0.1666666716337204, 0.0476190485060215, 0.1428571492433548, 0.0476190485060215, 0.0, 0.0, 0.02380952425301075, 0.02380952425301075, 0.0, 0.0, 0.0, 0.02380952425301075, 0.02380952425301075, 0.02380952425301075, 0.0, 0.0]",0,2
10,ulsan_022683,normal_ar,0,36,250,6.944444444444445,0.005208333372138441,0.0,0.00555555559694767,"[0.0, 0.02777777798473835, 0.0, 0.0, 0.02777777798473835, 0.0, 0.0, 0.02777777798473835, 0.0, 0.0, 0.0, 0.0, 0.0, 0.0, 0.0, 0.0]",0,0
10,ulsan_022683,forced_gt_length,0,36,36,1.0,0.005208333372138441,0.0,0.00555555559694767,"[0.0, 0.02777777798473835, 0.0, 0.0, 0.02777777798473835, 0.0, 0.0, 0.02777777798473835, 0.0, 0.0, 0.0, 0.0, 0.0, 0.0, 0.0, 0.0]",0,0
10,ulsan_022683,switch_rollout,9,36,36,1.0,0.0,0.0,0.0,"[0.0, 0.0, 0.0, 0.0, 0.0, 0.0, 0.0, 0.0, 0.0, 0.0, 0.0, 0.0, 0.0, 0.0, 0.0, 0.0]",0,0
10,ulsan_022683,switch_rollout,18,36,36,1.0,0.0017361111240461469,0.02777777798473835,0.0,"[0.02777777798473835, 0.0, 0.0, 0.0, 0.0, 0.0, 0.0, 0.0, 0.0, 0.0, 0.0, 0.0, 0.0, 0.0, 0.0, 0.0]",0,0
10,ulsan_022683,switch_rollout,26,36,36,1.0,0.0034722222480922937,0.02777777798473835,0.0018518518656492234,"[0.02777777798473835, 0.02777777798473835, 0.0, 0.0, 0.0, 0.0, 0.0, 0.0, 0.0, 0.0, 0.0, 0.0, 0.0, 0.0, 0.0, 0.0]",0,0
10,ulsan_022683,teacher_forced,-1,36,36,1.0,0.027777778333984315,0.02777777798473835,0.02777777835726738,"[0.02777777798473835, 0.1388888955116272, 0.02777777798473835, 0.0555555559694767, 0.0555555559694767, 0.0555555559694767, 0.0, 0.0, 0.0, 0.02777777798473835, 0.0, 0.0, 0.02777777798473835, 0.0, 0.02777777798473835, 0.0]",0,0
10,ulsan_022951,normal_ar,0,46,250,5.434782608695652,0.0067934783874079585,0.043478261679410934,0.004347826167941093,"[0.043478261679410934, 0.0, 0.0, 0.0, 0.021739130839705467, 0.021739130839705467, 0.0, 0.021739130839705467, 0.0, 0.0, 0.0, 0.0, 0.0, 0.0, 0.0, 0.0]",0,2
10,ulsan_022951,forced_gt_length,0,46,46,1.0,0.0067934783874079585,0.043478261679410934,0.004347826167941093,"[0.043478261679410934, 0.0, 0.0, 0.0, 0.021739130839705467, 0.021739130839705467, 0.0, 0.021739130839705467, 0.0, 0.0, 0.0, 0.0, 0.0, 0.0, 0.0, 0.0]",0,2
10,ulsan_022951,switch_rollout,11,46,46,1.0,0.01766304357443005,0.06521739065647125,0.014492753768960635,"[0.06521739065647125, 0.06521739065647125, 0.021739130839705467, 0.043478261679410934, 0.021739130839705467, 0.0, 0.0, 0.021739130839705467, 0.0, 0.0, 0.043478261679410934, 0.0, 0.0, 0.0, 0.0, 0.0]",0,3
10,ulsan_022951,switch_rollout,23,46,46,1.0,0.019021739019080997,0.10869564861059189,0.013043478379646938,"[0.10869564861059189, 0.06521739065647125, 0.043478261679410934, 0.043478261679410934, 0.0, 0.0, 0.0, 0.0, 0.0, 0.0, 0.043478261679410934, 0.0, 0.0, 0.0, 0.0, 0.0]",0,3
10,ulsan_022951,switch_rollout,36,46,46,1.0,0.023097826167941093,0.10869564861059189,0.017391304671764373,"[0.10869564861059189, 0.08695652335882187, 0.043478261679410934, 0.043478261679410934, 0.021739130839705467, 0.0, 0.0, 0.021739130839705467, 0.0, 0.0, 0.043478261679410934, 0.0, 0.0, 0.0, 0.0, 0.0]",0,3
10,ulsan_022951,teacher_forced,-1,46,46,1.0,0.04755434789694846,0.17391304671764374,0.03913043464223544,"[0.17391304671764374, 0.06521739065647125, 0.10869564861059189, 0.1304347813129425, 0.043478261679410934, 0.021739130839705467, 0.08695652335882187, 0.06521739065647125, 0.0, 0.0, 0.043478261679410934, 0.021739130839705467, 0.0, 0.0, 0.0, 0.0]",0,3
10,ulsan_023213,normal_ar,0,34,164,4.823529411764706,0.0036764706019312143,0.029411764815449715,0.001960784321029981,"[0.029411764815449715, 0.0, 0.0, 0.029411764815449715, 0.0, 0.0, 0.0, 0.0, 0.0, 0.0, 0.0, 0.0, 0.0, 0.0, 0.0, 0.0]",0,1
10,ulsan_023213,forced_gt_length,0,34,34,1.0,0.0036764706019312143,0.029411764815449715,0.001960784321029981,"[0.029411764815449715, 0.0, 0.0, 0.029411764815449715, 0.0, 0.0, 0.0, 0.0, 0.0, 0.0, 0.0, 0.0, 0.0, 0.0, 0.0, 0.0]",0,1
10,ulsan_023213,switch_rollout,8,34,34,1.0,0.011029411805793643,0.11764705926179886,0.003921568642059962,"[0.11764705926179886, 0.029411764815449715, 0.0, 0.029411764815449715, 0.0, 0.0, 0.0, 0.0, 0.0, 0.0, 0.0, 0.0, 0.0, 0.0, 0.0, 0.0]",0,1
10,ulsan_023213,switch_rollout,17,34,34,1.0,0.018382353242486715,0.1764705926179886,0.007843137284119924,"[0.1764705926179886, 0.05882352963089943, 0.0, 0.029411764815449715, 0.0, 0.0, 0.0, 0.0, 0.029411764815449715, 0.0, 0.0, 0.0, 0.0, 0.0, 0.0, 0.0]",0,1
10,ulsan_023213,switch_rollout,24,34,34,1.0,0.023897059028968215,0.20588235557079315,0.011764705926179887,"[0.20588235557079315, 0.11764705926179886, 0.0, 0.029411764815449715, 0.0, 0.0, 0.0, 0.0, 0.029411764815449715, 0.0, 0.0, 0.0, 0.0, 0.0, 0.0, 0.0]",0,1
10,ulsan_023213,teacher_forced,-1,34,34,1.0,0.053308824775740504,0.3235294222831726,0.03529411827524503,"[0.3235294222831726, 0.14705882966518402, 0.11764705926179886, 0.029411764815449715, 0.029411764815449715, 0.0, 0.0, 0.05882352963089943, 0.0882352963089943, 0.029411764815449715, 0.0, 0.0, 0.0, 0.029411764815449715, 0.0, 0.0]",0,1
10,ulsan_023499,normal_ar,0,55,250,4.545454545454546,0.004545454401522875,0.0181818176060915,0.0036363635212183,"[0.0181818176060915, 0.0, 0.0, 0.0, 0.0, 0.036363635212183, 0.0, 0.0, 0.0181818176060915, 0.0, 0.0, 0.0, 0.0, 0.0, 0.0, 0.0]",0,1
10,ulsan_023499,forced_gt_length,0,55,55,1.0,0.004545454401522875,0.0181818176060915,0.0036363635212183,"[0.0181818176060915, 0.0, 0.0, 0.0, 0.0, 0.036363635212183, 0.0, 0.0, 0.0181818176060915, 0.0, 0.0, 0.0, 0.0, 0.0, 0.0, 0.0]",0,1
10,ulsan_023499,switch_rollout,13,55,55,1.0,0.009090908919461071,0.05454545468091965,0.0060606058686971664,"[0.05454545468091965, 0.0, 0.0181818176060915, 0.0, 0.036363635212183, 0.0181818176060915, 0.0, 0.0, 0.0181818176060915, 0.0, 0.0, 0.0, 0.0, 0.0, 0.0, 0.0]",0,1
10,ulsan_023499,switch_rollout,27,55,55,1.0,0.01590909087099135,0.09090909361839294,0.010909090687831243,"[0.09090909361839294, 0.0181818176060915, 0.036363635212183, 0.0, 0.05454545468091965, 0.0181818176060915, 0.0, 0.0, 0.036363635212183, 0.0, 0.0, 0.0, 0.0, 0.0, 0.0, 0.0]",0,1
10,ulsan_023499,switch_rollout,45,55,55,1.0,0.01931818190496415,0.09090909361839294,0.01454545445740223,"[0.09090909361839294, 0.036363635212183, 0.036363635212183, 0.0181818176060915, 0.09090909361839294, 0.0181818176060915, 0.0, 0.0, 0.0181818176060915, 0.0, 0.0, 0.0, 0.0, 0.0, 0.0, 0.0]",0,1
10,ulsan_023499,teacher_forced,-1,55,55,1.0,0.038636363577097654,0.12727272510528564,0.03272727280855179,"[0.12727272510528564, 0.1090909093618393, 0.09090909361839294, 0.072727270424366, 0.09090909361839294, 0.05454545468091965, 0.0, 0.0181818176060915, 0.0181818176060915, 0.0, 0.0, 0.0, 0.0181818176060915, 0.0, 0.0, 0.0181818176060915]",0,1
10,ulsan_023772,normal_ar,0,56,250,4.464285714285714,0.012276786146685481,0.01785714365541935,0.01190476231276989,"[0.01785714365541935, 0.0, 0.0, 0.0535714291036129, 0.0, 0.01785714365541935, 0.0357142873108387, 0.0357142873108387, 0.0, 0.01785714365541935, 0.0, 0.01785714365541935, 0.0, 0.0, 0.0, 0.0]",0,1
10,ulsan_023772,forced_gt_length,0,56,56,1.0,0.012276786146685481,0.01785714365541935,0.01190476231276989,"[0.01785714365541935, 0.0, 0.0, 0.0535714291036129, 0.0, 0.01785714365541935, 0.0357142873108387, 0.0357142873108387, 0.0, 0.01785714365541935, 0.0, 0.01785714365541935, 0.0, 0.0, 0.0, 0.0]",0,1
10,ulsan_023772,switch_rollout,14,56,56,1.0,0.007812500349245965,0.0714285746216774,0.00357142873108387,"[0.0714285746216774, 0.0357142873108387, 0.0, 0.01785714365541935, 0.0, 0.0, 0.0, 0.0, 0.0, 0.0, 0.0, 0.0, 0.0, 0.0, 0.0, 0.0]",0,2
10,ulsan_023772,switch_rollout,28,56,56,1.0,0.01116071455180645,0.0892857164144516,0.005952381094296773,"[0.0892857164144516, 0.0535714291036129, 0.0, 0.01785714365541935, 0.0, 0.0, 0.0, 0.0, 0.0, 0.0, 0.0, 0.01785714365541935, 0.0, 0.0, 0.0, 0.0]",0,2
10,ulsan_023772,switch_rollout,46,56,56,1.0,0.029017857392318547,0.1964285671710968,0.017857143407066664,"[0.1964285671710968, 0.1071428582072258, 0.0357142873108387, 0.01785714365541935, 0.01785714365541935, 0.01785714365541935, 0.0, 0.0, 0.0357142873108387, 0.0, 0.0, 0.0, 0.0, 0.01785714365541935, 0.0, 0.01785714365541935]",0,2
10,ulsan_023772,teacher_forced,-1,56,56,1.0,0.054687500349245965,0.2321428507566452,0.04285714365541935,"[0.2321428507566452, 0.1071428582072258, 0.0892857164144516, 0.1071428582072258, 0.0535714291036129, 0.01785714365541935, 0.0535714291036129, 0.0357142873108387, 0.0, 0.0535714291036129, 0.0535714291036129, 0.01785714365541935, 0.01785714365541935, 0.0, 0.0357142873108387, 0.0]",0,2
10,ulsan_023994,normal_ar,0,77,250,3.2467532467532467,0.09659090830245987,0.19480518996715546,0.0900432895248135,"[0.19480518996715546, 0.0, 0.025974025949835777, 0.22077922523021698, 0.051948051899671555, 0.19480518996715546, 0.23376622796058655, 0.11688311398029327, 0.07792207598686218, 0.09090909361839294, 0.012987012974917889, 0.06493506580591202, 0.03896103799343109, 0.09090909361839294, 0.07792207598686218, 0.051948051899671555]",0,1
10,ulsan_023994,forced_gt_length,0,77,77,1.0,0.09659090830245987,0.19480518996715546,0.0900432895248135,"[0.19480518996715546, 0.0, 0.025974025949835777, 0.22077922523021698, 0.051948051899671555, 0.19480518996715546, 0.23376622796058655, 0.11688311398029327, 0.07792207598686218, 0.09090909361839294, 0.012987012974917889, 0.06493506580591202, 0.03896103799343109, 0.09090909361839294, 0.07792207598686218, 0.051948051899671555]",0,1
10,ulsan_023994,switch_rollout,19,77,77,1.0,0.11282467492856085,0.2467532455921173,0.10389610355099042,"[0.2467532455921173, 0.06493506580591202, 0.09090909361839294, 0.22077922523021698, 0.07792207598686218, 0.19480518996715546, 0.2467532455921173, 0.11688311398029327, 0.10389610379934311, 0.051948051899671555, 0.07792207598686218, 0.06493506580591202, 0.07792207598686218, 0.03896103799343109, 0.06493506580591202, 0.06493506580591202]",0,1
10,ulsan_023994,switch_rollout,38,77,77,1.0,0.12581168906763196,0.27272728085517883,0.1160173162817955,"[0.27272728085517883, 0.20779220759868622, 0.10389610379934311, 0.2467532455921173, 0.09090909361839294, 0.1818181872367859, 0.2467532455921173, 0.07792207598686218, 0.06493506580591202, 0.10389610379934311, 0.07792207598686218, 0.06493506580591202, 0.07792207598686218, 0.06493506580591202, 0.06493506580591202, 0.06493506580591202]",0,1
10,ulsan_023994,switch_rollout,67,77,77,1.0,0.12905844068154693,0.29870128631591797,0.11774891763925552,"[0.29870128631591797, 0.20779220759868622, 0.11688311398029327, 0.2467532455921173, 0.10389610379934311, 0.1818181872367859, 0.2467532455921173, 0.07792207598686218, 0.051948051899671555, 0.09090909361839294, 0.07792207598686218, 0.06493506580591202, 0.07792207598686218, 0.051948051899671555, 0.10389610379934311, 0.06493506580591202]",0,1
10,ulsan_023994,teacher_forced,-1,77,77,1.0,0.16558441566303372,0.31168830394744873,0.15584415644407273,"[0.31168830394744873, 0.2467532455921173, 0.16883116960525513, 0.25974026322364807, 0.1818181872367859, 0.22077922523021698, 0.25974026322364807, 0.16883116960525513, 0.11688311398029327, 0.12987013161182404, 0.11688311398029327, 0.07792207598686218, 0.07792207598686218, 0.11688311398029327, 0.10389610379934311, 0.09090909361839294]",0,1
10,ulsan_024144,normal_ar,0,85,250,2.9411764705882355,0.041911765933036804,0.15294118225574493,0.03450980484485626,"[0.15294118225574493, 0.05882352963089943, 0.07058823853731155, 0.0941176488995552, 0.0, 0.03529411926865578, 0.0941176488995552, 0.0, 0.0117647061124444, 0.0235294122248888, 0.0470588244497776, 0.03529411926865578, 0.0, 0.03529411926865578, 0.0117647061124444, 0.0]",0,7
10,ulsan_024144,forced_gt_length,0,85,85,1.0,0.041911765933036804,0.15294118225574493,0.03450980484485626,"[0.15294118225574493, 0.05882352963089943, 0.07058823853731155, 0.0941176488995552, 0.0, 0.03529411926865578, 0.0941176488995552, 0.0, 0.0117647061124444, 0.0235294122248888, 0.0470588244497776, 0.03529411926865578, 0.0, 0.03529411926865578, 0.0117647061124444, 0.0]",0,7
10,ulsan_024144,switch_rollout,21,85,85,1.0,0.047794119105674326,0.16470588743686676,0.04000000121692816,"[0.16470588743686676, 0.07058823853731155, 0.0470588244497776, 0.1411764770746231, 0.0235294122248888, 0.0470588244497776, 0.0941176488995552, 0.0235294122248888, 0.0235294122248888, 0.03529411926865578, 0.0470588244497776, 0.0117647061124444, 0.0117647061124444, 0.0117647061124444, 0.0, 0.0117647061124444]",0,7
10,ulsan_024144,switch_rollout,42,85,85,1.0,0.049264707195106894,0.1882352977991104,0.040000001154839995,"[0.1882352977991104, 0.07058823853731155, 0.0470588244497776, 0.1411764770746231, 0.0235294122248888, 0.05882352963089943, 0.0941176488995552, 0.0235294122248888, 0.0117647061124444, 0.03529411926865578, 0.0470588244497776, 0.0117647061124444, 0.0117647061124444, 0.0117647061124444, 0.0, 0.0117647061124444]",0,7
10,ulsan_024144,switch_rollout,75,85,85,1.0,0.061764707788825035,0.2705882489681244,0.04784313837687174,"[0.2705882489681244, 0.11764705926179886, 0.05882352963089943, 0.1411764770746231, 0.0235294122248888, 0.07058823853731155, 0.10588235408067703, 0.0235294122248888, 0.0117647061124444, 0.03529411926865578, 0.0470588244497776, 0.0117647061124444, 0.0235294122248888, 0.0117647061124444, 0.0117647061124444, 0.0235294122248888]",0,7
10,ulsan_024144,teacher_forced,-1,85,85,1.0,0.08970588486408815,0.3176470696926117,0.0745098058755199,"[0.3176470696926117, 0.1882352977991104, 0.1411764770746231, 0.16470588743686676, 0.0235294122248888, 0.10588235408067703, 0.10588235408067703, 0.05882352963089943, 0.0941176488995552, 0.03529411926865578, 0.07058823853731155, 0.0117647061124444, 0.03529411926865578, 0.03529411926865578, 0.0235294122248888, 0.0235294122248888]",0,7
10,ulsan_024386,normal_ar,0,48,250,5.208333333333333,0.013020833721384406,0.02083333395421505,0.01250000037252903,"[0.02083333395421505, 0.02083333395421505, 0.02083333395421505, 0.02083333395421505, 0.0, 0.0416666679084301, 0.0416666679084301, 0.0, 0.0, 0.02083333395421505, 0.0, 0.0, 0.0, 0.02083333395421505, 0.0, 0.0]",0,1
10,ulsan_024386,forced_gt_length,0,48,48,1.0,0.013020833721384406,0.02083333395421505,0.01250000037252903,"[0.02083333395421505, 0.02083333395421505, 0.02083333395421505, 0.02083333395421505, 0.0, 0.0416666679084301, 0.0416666679084301, 0.0, 0.0, 0.02083333395421505, 0.0, 0.0, 0.0, 0.02083333395421505, 0.0, 0.0]",0,1
10,ulsan_024386,switch_rollout,12,48,48,1.0,0.010416666977107525,0.0833333358168602,0.005555555721124013,"[0.0833333358168602, 0.02083333395421505, 0.0, 0.02083333395421505, 0.0, 0.0, 0.0, 0.0, 0.0, 0.02083333395421505, 0.0, 0.0, 0.0, 0.0, 0.0, 0.02083333395421505]",0,1
10,ulsan_024386,switch_rollout,24,48,48,1.0,0.013020833721384406,0.0833333358168602,0.00833333358168602,"[0.0833333358168602, 0.0416666679084301, 0.0, 0.0416666679084301, 0.0, 0.0, 0.0, 0.0, 0.0, 0.02083333395421505, 0.0, 0.0, 0.0, 0.0, 0.0, 0.02083333395421505]",0,1
10,ulsan_024386,switch_rollout,38,48,48,1.0,0.015625000116415322,0.1041666641831398,0.009722222511967023,"[0.1041666641831398, 0.0416666679084301, 0.02083333395421505, 0.02083333395421505, 0.0, 0.0, 0.0, 0.0, 0.0, 0.0416666679084301, 0.0, 0.0, 0.0, 0.0, 0.0, 0.02083333395421505]",0,1
10,ulsan_024386,teacher_forced,-1,48,48,1.0,0.05468750058207661,0.1666666716337204,0.047222222511967026,"[0.1666666716337204, 0.1041666641831398, 0.125, 0.0833333358168602, 0.0833333358168602, 0.1041666641831398, 0.0416666679084301, 0.0, 0.0416666679084301, 0.0625, 0.02083333395421505, 0.0, 0.0, 0.0, 0.02083333395421505, 0.02083333395421505]",0,1
10,ulsan_024731,normal_ar,0,44,250,5.681818181818182,0.0014204545877873898,0.0,0.0015151515603065492,"[0.0, 0.0, 0.0, 0.0, 0.0, 0.022727273404598236, 0.0, 0.0, 0.0, 0.0, 0.0, 0.0, 0.0, 0.0, 0.0, 0.0]",0,0
10,ulsan_024731,forced_gt_length,0,44,44,1.0,0.0014204545877873898,0.0,0.0015151515603065492,"[0.0, 0.0, 0.0, 0.0, 0.0, 0.022727273404598236, 0.0, 0.0, 0.0, 0.0, 0.0, 0.0, 0.0, 0.0, 0.0, 0.0]",0,0
10,ulsan_024731,switch_rollout,11,44,44,1.0,0.005681818351149559,0.022727273404598236,0.004545454680919647,"[0.022727273404598236, 0.022727273404598236, 0.022727273404598236, 0.0, 0.0, 0.0, 0.0, 0.0, 0.0, 0.0, 0.0, 0.0, 0.0, 0.022727273404598236, 0.0, 0.0]",0,0
10,ulsan_024731,switch_rollout,22,44,44,1.0,0.005681818351149559,0.022727273404598236,0.004545454680919647,"[0.022727273404598236, 0.04545454680919647, 0.0, 0.0, 0.0, 0.0, 0.0, 0.0, 0.0, 0.0, 0.0, 0.0, 0.0, 0.022727273404598236, 0.0, 0.0]",0,0
10,ulsan_024731,switch_rollout,34,44,44,1.0,0.008522727526724339,0.022727273404598236,0.007575757801532745,"[0.022727273404598236, 0.06818182021379471, 0.0, 0.0, 0.0, 0.022727273404598236, 0.0, 0.0, 0.0, 0.0, 0.0, 0.0, 0.0, 0.022727273404598236, 0.0, 0.0]",0,0
10,ulsan_024731,teacher_forced,-1,44,44,1.0,0.034090910106897354,0.09090909361839294,0.03030303120613098,"[0.09090909361839294, 0.13636364042758942, 0.0, 0.04545454680919647, 0.022727273404598236, 0.06818182021379471, 0.04545454680919647, 0.022727273404598236, 0.04545454680919647, 0.022727273404598236, 0.022727273404598236, 0.0, 0.0, 0.0, 0.022727273404598236, 0.0]",0,0
10,ulsan_024910,normal_ar,0,42,250,5.9523809523809526,0.020833333721384406,0.02380952425301075,0.020634921019275984,"[0.02380952425301075, 0.02380952425301075, 0.02380952425301075, 0.0476190485060215, 0.02380952425301075, 0.02380952425301075, 0.02380952425301075, 0.02380952425301075, 0.02380952425301075, 0.02380952425301075, 0.0476190485060215, 0.02380952425301075, 0.0, 0.0, 0.0, 0.0]",0,1
10,ulsan_024910,forced_gt_length,0,42,42,1.0,0.020833333721384406,0.02380952425301075,0.020634921019275984,"[0.02380952425301075, 0.02380952425301075, 0.02380952425301075, 0.0476190485060215, 0.02380952425301075, 0.02380952425301075, 0.02380952425301075, 0.02380952425301075, 0.02380952425301075, 0.02380952425301075, 0.0476190485060215, 0.02380952425301075, 0.0, 0.0, 0.0, 0.0]",0,1
10,ulsan_024910,switch_rollout,10,42,42,1.0,0.02380952425301075,0.0476190485060215,0.022222222636143367,"[0.0476190485060215, 0.02380952425301075, 0.0476190485060215, 0.0476190485060215, 0.02380952425301075, 0.02380952425301075, 0.02380952425301075, 0.02380952425301075, 0.02380952425301075, 0.02380952425301075, 0.0476190485060215, 0.02380952425301075, 0.0, 0.0, 0.0, 0.0]",0,1
10,ulsan_024910,switch_rollout,21,42,42,1.0,0.03125000069849193,0.0714285746216774,0.0285714291036129,"[0.0714285746216774, 0.02380952425301075, 0.095238097012043, 0.0476190485060215, 0.02380952425301075, 0.02380952425301075, 0.02380952425301075, 0.02380952425301075, 0.02380952425301075, 0.02380952425301075, 0.0476190485060215, 0.0476190485060215, 0.0, 0.0, 0.02380952425301075, 0.0]",0,1
10,ulsan_024910,switch_rollout,32,42,42,1.0,0.028273810166865587,0.0714285746216774,0.025396825869878133,"[0.0714285746216774, 0.02380952425301075, 0.095238097012043, 0.0476190485060215, 0.02380952425301075, 0.02380952425301075, 0.02380952425301075, 0.02380952425301075, 0.02380952425301075, 0.02380952425301075, 0.02380952425301075, 0.0476190485060215, 0.0, 0.0, 0.0, 0.0]",0,1
10,ulsan_024910,teacher_forced,-1,42,42,1.0,0.0416666679084301,0.0714285746216774,0.039682540794213614,"[0.0714285746216774, 0.0476190485060215, 0.0714285746216774, 0.0476190485060215, 0.0714285746216774, 0.0476190485060215, 0.0476190485060215, 0.02380952425301075, 0.0476190485060215, 0.02380952425301075, 0.0476190485060215, 0.0714285746216774, 0.0, 0.0, 0.02380952425301075, 0.02380952425301075]",0,1
10,ulsan_025160,normal_ar,0,41,250,6.097560975609756,0.009146341122686863,0.024390242993831635,0.008130080997943878,"[0.024390242993831635, 0.0, 0.024390242993831635, 0.0731707289814949, 0.0, 0.0, 0.0, 0.0, 0.0, 0.0, 0.024390242993831635, 0.0, 0.0, 0.0, 0.0, 0.0]",0,1
10,ulsan_025160,forced_gt_length,0,41,41,1.0,0.009146341122686863,0.024390242993831635,0.008130080997943878,"[0.024390242993831635, 0.0, 0.024390242993831635, 0.0731707289814949, 0.0, 0.0, 0.0, 0.0, 0.0, 0.0, 0.024390242993831635, 0.0, 0.0, 0.0, 0.0, 0.0]",0,1
10,ulsan_025160,switch_rollout,10,41,41,1.0,0.02134146261960268,0.09756097197532654,0.016260161995887756,"[0.09756097197532654, 0.024390242993831635, 0.024390242993831635, 0.04878048598766327, 0.024390242993831635, 0.04878048598766327, 0.024390242993831635, 0.024390242993831635, 0.024390242993831635, 0.0, 0.0, 0.0, 0.0, 0.0, 0.0, 0.0]",0,2
10,ulsan_025160,switch_rollout,20,41,41,1.0,0.02134146261960268,0.09756097197532654,0.016260161995887756,"[0.09756097197532654, 0.04878048598766327, 0.024390242993831635, 0.04878048598766327, 0.024390242993831635, 0.024390242993831635, 0.024390242993831635, 0.024390242993831635, 0.024390242993831635, 0.0, 0.0, 0.0, 0.0, 0.0, 0.0, 0.0]",0,2
10,ulsan_025160,switch_rollout,31,41,41,1.0,0.02743902336806059,0.1463414579629898,0.019512194395065307,"[0.1463414579629898, 0.04878048598766327, 0.024390242993831635, 0.04878048598766327, 0.04878048598766327, 0.04878048598766327, 0.024390242993831635, 0.024390242993831635, 0.024390242993831635, 0.0, 0.0, 0.0, 0.0, 0.0, 0.0, 0.0]",0,2
10,ulsan_025160,teacher_forced,-1,41,41,1.0,0.03810975467786193,0.19512194395065308,0.027642275393009185,"[0.19512194395065308, 0.09756097197532654, 0.0731707289814949, 0.0731707289814949, 0.0, 0.04878048598766327, 0.04878048598766327, 0.024390242993831635, 0.024390242993831635, 0.0, 0.0, 0.0, 0.0, 0.024390242993831635, 0.0, 0.0]",0,2
10,ulsan_025478,normal_ar,0,60,250,4.166666666666667,0.025000000721774995,0.01666666753590107,0.025555556267499925,"[0.01666666753590107, 0.11666666716337204, 0.01666666753590107, 0.0, 0.0, 0.01666666753590107, 0.03333333507180214, 0.01666666753590107, 0.03333333507180214, 0.0, 0.05000000074505806, 0.0, 0.01666666753590107, 0.03333333507180214, 0.0, 0.05000000074505806]",0,1
10,ulsan_025478,forced_gt_length,0,60,60,1.0,0.025000000721774995,0.01666666753590107,0.025555556267499925,"[0.01666666753590107, 0.11666666716337204, 0.01666666753590107, 0.0, 0.0, 0.01666666753590107, 0.03333333507180214, 0.01666666753590107, 0.03333333507180214, 0.0, 0.05000000074505806, 0.0, 0.01666666753590107, 0.03333333507180214, 0.0, 0.05000000074505806]",0,1
10,ulsan_025478,switch_rollout,15,60,60,1.0,0.00937500037252903,0.03333333507180214,0.0077777780592441555,"[0.03333333507180214, 0.05000000074505806, 0.0, 0.0, 0.0, 0.0, 0.01666666753590107, 0.0, 0.0, 0.01666666753590107, 0.01666666753590107, 0.0, 0.0, 0.01666666753590107, 0.0, 0.0]",0,1
10,ulsan_025478,switch_rollout,30,60,60,1.0,0.01770833390764892,0.10000000149011612,0.01222222273548444,"[0.10000000149011612, 0.05000000074505806, 0.0, 0.01666666753590107, 0.0, 0.0, 0.01666666753590107, 0.0, 0.0, 0.03333333507180214, 0.03333333507180214, 0.0, 0.01666666753590107, 0.01666666753590107, 0.0, 0.0]",0,1
10,ulsan_025478,switch_rollout,50,60,60,1.0,0.029166667722165585,0.11666666716337204,0.023333334426085154,"[0.11666666716337204, 0.0833333358168602, 0.01666666753590107, 0.03333333507180214, 0.01666666753590107, 0.0, 0.03333333507180214, 0.03333333507180214, 0.0, 0.03333333507180214, 0.03333333507180214, 0.01666666753590107, 0.01666666753590107, 0.03333333507180214, 0.0, 0.0]",0,1
10,ulsan_025478,teacher_forced,-1,60,60,1.0,0.08854166977107525,0.15000000596046448,0.0844444473584493,"[0.15000000596046448, 0.18333333730697632, 0.0833333358168602, 0.15000000596046448, 0.0833333358168602, 0.06666667014360428, 0.06666667014360428, 0.05000000074505806, 0.06666667014360428, 0.06666667014360428, 0.10000000149011612, 0.06666667014360428, 0.05000000074505806, 0.0833333358168602, 0.06666667014360428, 0.0833333358168602]",0,1
10,ulsan_025735,normal_ar,0,29,144,4.9655172413793105,0.01939655188471079,0.03448275849223137,0.01839080477754275,"[0.03448275849223137, 0.1034482792019844, 0.0, 0.03448275849223137, 0.0, 0.0, 0.06896551698446274, 0.0, 0.0, 0.03448275849223137, 0.0, 0.0, 0.0, 0.0, 0.0, 0.03448275849223137]",0,1
10,ulsan_025735,forced_gt_length,0,29,29,1.0,0.01939655188471079,0.03448275849223137,0.01839080477754275,"[0.03448275849223137, 0.1034482792019844, 0.0, 0.03448275849223137, 0.0, 0.0, 0.06896551698446274, 0.0, 0.0, 0.03448275849223137, 0.0, 0.0, 0.0, 0.0, 0.0, 0.03448275849223137]",0,1
10,ulsan_025735,switch_rollout,7,29,29,1.0,0.017241379246115685,0.06896551698446274,0.013793103396892548,"[0.06896551698446274, 0.06896551698446274, 0.0, 0.03448275849223137, 0.0, 0.0, 0.0, 0.0, 0.03448275849223137, 0.03448275849223137, 0.0, 0.0, 0.0, 0.0, 0.0, 0.03448275849223137]",0,1
10,ulsan_025735,switch_rollout,14,29,29,1.0,0.017241379478946328,0.1034482792019844,0.01149425283074379,"[0.1034482792019844, 0.03448275849223137, 0.0, 0.03448275849223137, 0.0, 0.0, 0.0, 0.03448275849223137, 0.0, 0.03448275849223137, 0.0, 0.0, 0.0, 0.0, 0.0, 0.03448275849223137]",0,1
10,ulsan_025735,switch_rollout,19,29,29,1.0,0.030172414146363735,0.17241379618644714,0.020689655343691507,"[0.17241379618644714, 0.1034482792019844, 0.03448275849223137, 0.03448275849223137, 0.0, 0.0, 0.03448275849223137, 0.03448275849223137, 0.0, 0.03448275849223137, 0.0, 0.0, 0.0, 0.0, 0.0, 0.03448275849223137]",0,1
10,ulsan_025735,teacher_forced,-1,29,29,1.0,0.08836207073181868,0.3448275923728943,0.0712643692890803,"[0.3448275923728943, 0.06896551698446274, 0.2068965584039688, 0.03448275849223137, 0.1034482792019844, 0.1034482792019844, 0.06896551698446274, 0.1034482792019844, 0.1034482792019844, 0.06896551698446274, 0.0, 0.06896551698446274, 0.0, 0.03448275849223137, 0.0, 0.1034482792019844]",0,1
10,ulsan_026041,normal_ar,0,15,138,9.2,0.020833334419876337,0.06666667014360428,0.017777778704961143,"[0.06666667014360428, 0.06666667014360428, 0.0, 0.13333334028720856, 0.06666667014360428, 0.0, 0.0, 0.0, 0.0, 0.0, 0.0, 0.0, 0.0, 0.0, 0.0, 0.0]",0,1
10,ulsan_026041,forced_gt_length,0,15,15,1.0,0.020833334419876337,0.06666667014360428,0.017777778704961143,"[0.06666667014360428, 0.06666667014360428, 0.0, 0.13333334028720856, 0.06666667014360428, 0.0, 0.0, 0.0, 0.0, 0.0, 0.0, 0.0, 0.0, 0.0, 0.0, 0.0]",0,1
10,ulsan_026041,switch_rollout,3,15,15,1.0,0.029166667722165585,0.20000000298023224,0.017777778704961143,"[0.20000000298023224, 0.0, 0.06666667014360428, 0.06666667014360428, 0.0, 0.0, 0.0, 0.0, 0.0, 0.0, 0.0, 0.13333334028720856, 0.0, 0.0, 0.0, 0.0]",0,3
10,ulsan_026041,switch_rollout,5,15,15,1.0,0.029166667722165585,0.20000000298023224,0.017777778704961143,"[0.20000000298023224, 0.0, 0.06666667014360428, 0.06666667014360428, 0.0, 0.0, 0.0, 0.0, 0.0, 0.0, 0.0, 0.13333334028720856, 0.0, 0.0, 0.0, 0.0]",0,3
10,ulsan_026041,switch_rollout,7,15,15,1.0,0.025000000838190317,0.20000000298023224,0.013333334028720856,"[0.20000000298023224, 0.0, 0.0, 0.06666667014360428, 0.0, 0.0, 0.0, 0.0, 0.0, 0.0, 0.0, 0.13333334028720856, 0.0, 0.0, 0.0, 0.0]",0,3
10,ulsan_026041,teacher_forced,-1,15,15,1.0,0.1041666716337204,0.2666666805744171,0.09333333770434062,"[0.2666666805744171, 0.20000000298023224, 0.13333334028720856, 0.2666666805744171, 0.2666666805744171, 0.2666666805744171, 0.06666667014360428, 0.0, 0.06666667014360428, 0.0, 0.0, 0.06666667014360428, 0.0, 0.0, 0.06666667014360428, 0.0]",0,3
10,ulsan_026294,normal_ar,0,55,250,4.545454545454546,0.003409090801142156,0.0181818176060915,0.0024242423474788665,"[0.0181818176060915, 0.0, 0.0, 0.036363635212183, 0.0, 0.0, 0.0, 0.0, 0.0, 0.0, 0.0, 0.0, 0.0, 0.0, 0.0, 0.0]",0,1
10,ulsan_026294,forced_gt_length,0,55,55,1.0,0.003409090801142156,0.0181818176060915,0.0024242423474788665,"[0.0181818176060915, 0.0, 0.0, 0.036363635212183, 0.0, 0.0, 0.0, 0.0, 0.0, 0.0, 0.0, 0.0, 0.0, 0.0, 0.0, 0.0]",0,1
10,ulsan_026294,switch_rollout,13,55,55,1.0,0.015909090638160706,0.1090909093618393,0.009696969389915466,"[0.1090909093618393, 0.0181818176060915, 0.0, 0.072727270424366, 0.0, 0.0, 0.0181818176060915, 0.0181818176060915, 0.0, 0.0, 0.0, 0.0, 0.0, 0.0181818176060915, 0.0, 0.0]",0,1
10,ulsan_026294,switch_rollout,27,55,55,1.0,0.01818181772250682,0.12727272510528564,0.0109090905636549,"[0.12727272510528564, 0.036363635212183, 0.0181818176060915, 0.072727270424366, 0.0, 0.0, 0.0181818176060915, 0.0181818176060915, 0.0, 0.0, 0.0, 0.0, 0.0, 0.0, 0.0, 0.0]",0,1
10,ulsan_026294,switch_rollout,45,55,55,1.0,0.021590908407233655,0.145454540848732,0.013333332911133765,"[0.145454540848732, 0.072727270424366, 0.0181818176060915, 0.072727270424366, 0.0, 0.0, 0.0181818176060915, 0.0181818176060915, 0.0, 0.0, 0.0, 0.0, 0.0, 0.0, 0.0, 0.0]",0,1
10,ulsan_026294,teacher_forced,-1,55,55,1.0,0.04659090854693204,0.20000000298023224,0.03636363558471203,"[0.20000000298023224, 0.072727270424366, 0.12727272510528564, 0.12727272510528564, 0.05454545468091965, 0.0181818176060915, 0.072727270424366, 0.0181818176060915, 0.0181818176060915, 0.0, 0.0, 0.0, 0.0, 0.0181818176060915, 0.0181818176060915, 0.0]",0,1
10,ulsan_026577,normal_ar,0,68,250,3.676470588235294,0.007352941203862429,0.014705882407724857,0.0068627451236049335,"[0.014705882407724857, 0.014705882407724857, 0.014705882407724857, 0.014705882407724857, 0.014705882407724857, 0.014705882407724857, 0.014705882407724857, 0.0, 0.0, 0.0, 0.0, 0.0, 0.014705882407724857, 0.0, 0.0, 0.0]",0,1
10,ulsan_026577,forced_gt_length,0,68,68,1.0,0.007352941203862429,0.014705882407724857,0.0068627451236049335,"[0.014705882407724857, 0.014705882407724857, 0.014705882407724857, 0.014705882407724857, 0.014705882407724857, 0.014705882407724857, 0.014705882407724857, 0.0, 0.0, 0.0, 0.0, 0.0, 0.014705882407724857, 0.0, 0.0, 0.0]",0,1
10,ulsan_026577,switch_rollout,17,68,68,1.0,0.008272059028968215,0.07352941483259201,0.003921568642059962,"[0.07352941483259201, 0.014705882407724857, 0.0, 0.014705882407724857, 0.0, 0.0, 0.0, 0.0, 0.0, 0.0, 0.014705882407724857, 0.0, 0.014705882407724857, 0.0, 0.0, 0.0]",0,1
10,ulsan_026577,switch_rollout,34,68,68,1.0,0.016544117825105786,0.0882352963089943,0.011764705926179887,"[0.0882352963089943, 0.014705882407724857, 0.014705882407724857, 0.014705882407724857, 0.014705882407724857, 0.014705882407724857, 0.029411764815449715, 0.014705882407724857, 0.0, 0.0, 0.0, 0.0, 0.014705882407724857, 0.029411764815449715, 0.014705882407724857, 0.0]",0,1
10,ulsan_026577,switch_rollout,58,68,68,1.0,0.021139706019312143,0.10294117778539658,0.015686274568239848,"[0.10294117778539658, 0.029411764815449715, 0.05882352963089943, 0.029411764815449715, 0.014705882407724857, 0.014705882407724857, 0.029411764815449715, 0.0, 0.0, 0.0, 0.0, 0.0, 0.014705882407724857, 0.029411764815449715, 0.014705882407724857, 0.0]",0,1
10,ulsan_026577,teacher_forced,-1,68,68,1.0,0.036764706776011735,0.13235294818878174,0.030392157348493733,"[0.13235294818878174, 0.05882352963089943, 0.07352941483259201, 0.0882352963089943, 0.0, 0.0, 0.05882352963089943, 0.014705882407724857, 0.0, 0.014705882407724857, 0.029411764815449715, 0.014705882407724857, 0.04411764815449715, 0.014705882407724857, 0.029411764815449715, 0.014705882407724857]",0,1
10,ulsan_026973,normal_ar,0,33,250,7.575757575757576,0.02083333395421505,0.06060606241226196,0.018181818723678588,"[0.06060606241226196, 0.03030303120613098, 0.03030303120613098, 0.06060606241226196, 0.03030303120613098, 0.0, 0.06060606241226196, 0.03030303120613098, 0.0, 0.0, 0.03030303120613098, 0.0, 0.0, 0.0, 0.0, 0.0]",0,2
10,ulsan_026973,forced_gt_length,0,33,33,1.0,0.02083333395421505,0.06060606241226196,0.018181818723678588,"[0.06060606241226196, 0.03030303120613098, 0.03030303120613098, 0.06060606241226196, 0.03030303120613098, 0.0, 0.06060606241226196, 0.03030303120613098, 0.0, 0.0, 0.03030303120613098, 0.0, 0.0, 0.0, 0.0, 0.0]",0,2
10,ulsan_026973,switch_rollout,8,33,33,1.0,0.017045455053448677,0.06060606241226196,0.014141414562861125,"[0.06060606241226196, 0.03030303120613098, 0.03030303120613098, 0.06060606241226196, 0.0, 0.0, 0.06060606241226196, 0.03030303120613098, 0.0, 0.0, 0.0, 0.0, 0.0, 0.0, 0.0, 0.0]",0,2
10,ulsan_026973,switch_rollout,16,33,33,1.0,0.022727273404598236,0.12121212482452393,0.016161616643269858,"[0.12121212482452393, 0.06060606241226196, 0.03030303120613098, 0.06060606241226196, 0.0, 0.0, 0.06060606241226196, 0.03030303120613098, 0.0, 0.0, 0.0, 0.0, 0.0, 0.0, 0.0, 0.0]",0,2
10,ulsan_026973,switch_rollout,23,33,33,1.0,0.022727273404598236,0.12121212482452393,0.016161616643269858,"[0.12121212482452393, 0.06060606241226196, 0.03030303120613098, 0.06060606241226196, 0.0, 0.0, 0.06060606241226196, 0.03030303120613098, 0.0, 0.0, 0.0, 0.0, 0.0, 0.0, 0.0, 0.0]",0,2
10,ulsan_026973,teacher_forced,-1,33,33,1.0,0.0416666679084301,0.1515151560306549,0.03434343536694844,"[0.1515151560306549, 0.09090909361839294, 0.06060606241226196, 0.12121212482452393, 0.09090909361839294, 0.0, 0.03030303120613098, 0.06060606241226196, 0.0, 0.0, 0.0, 0.0, 0.0, 0.03030303120613098, 0.03030303120613098, 0.0]",0,2
10,ulsan_027266,normal_ar,0,48,250,5.208333333333333,0.03906250081490725,0.02083333395421505,0.04027777860562007,"[0.02083333395421505, 0.0416666679084301, 0.02083333395421505, 0.0833333358168602, 0.02083333395421505, 0.0625, 0.02083333395421505, 0.0416666679084301, 0.0833333358168602, 0.02083333395421505, 0.0625, 0.02083333395421505, 0.0625, 0.02083333395421505, 0.02083333395421505, 0.02083333395421505]",1,1
10,ulsan_027266,forced_gt_length,0,48,48,1.0,0.03906250081490725,0.02083333395421505,0.04027777860562007,"[0.02083333395421505, 0.0416666679084301, 0.02083333395421505, 0.0833333358168602, 0.02083333395421505, 0.0625, 0.02083333395421505, 0.0416666679084301, 0.0833333358168602, 0.02083333395421505, 0.0625, 0.02083333395421505, 0.0625, 0.02083333395421505, 0.02083333395421505, 0.02083333395421505]",1,1
10,ulsan_027266,switch_rollout,12,48,48,1.0,0.042968750931322575,0.0416666679084301,0.043055556466182074,"[0.0416666679084301, 0.0625, 0.0416666679084301, 0.0833333358168602, 0.0416666679084301, 0.0416666679084301, 0.02083333395421505, 0.0416666679084301, 0.0416666679084301, 0.0625, 0.0416666679084301, 0.02083333395421505, 0.0416666679084301, 0.02083333395421505, 0.0625, 0.02083333395421505]",1,1
10,ulsan_027266,switch_rollout,24,48,48,1.0,0.028645834187045693,0.0833333358168602,0.02500000074505806,"[0.0833333358168602, 0.02083333395421505, 0.0416666679084301, 0.0416666679084301, 0.02083333395421505, 0.02083333395421505, 0.02083333395421505, 0.02083333395421505, 0.02083333395421505, 0.02083333395421505, 0.02083333395421505, 0.02083333395421505, 0.0416666679084301, 0.02083333395421505, 0.02083333395421505, 0.02083333395421505]",1,1
10,ulsan_027266,switch_rollout,38,48,48,1.0,0.046875000931322575,0.1666666716337204,0.03888888955116272,"[0.1666666716337204, 0.02083333395421505, 0.0625, 0.0625, 0.02083333395421505, 0.0625, 0.02083333395421505, 0.0416666679084301, 0.0416666679084301, 0.02083333395421505, 0.0416666679084301, 0.02083333395421505, 0.0416666679084301, 0.0416666679084301, 0.0625, 0.02083333395421505]",1,1
10,ulsan_027266,teacher_forced,-1,48,48,1.0,0.08072916720993817,0.1666666716337204,0.07500000024835268,"[0.1666666716337204, 0.125, 0.1458333283662796, 0.125, 0.0416666679084301, 0.1041666641831398, 0.0625, 0.0625, 0.0625, 0.0833333358168602, 0.0625, 0.0833333358168602, 0.0416666679084301, 0.0416666679084301, 0.0416666679084301, 0.0416666679084301]",1,1
10,ulsan_027495,normal_ar,0,30,250,8.333333333333334,0.004166666883975267,0.0,0.004444444676240286,"[0.0, 0.0, 0.0, 0.03333333507180214, 0.0, 0.0, 0.03333333507180214, 0.0, 0.0, 0.0, 0.0, 0.0, 0.0, 0.0, 0.0, 0.0]",0,0
10,ulsan_027495,forced_gt_length,0,30,30,1.0,0.004166666883975267,0.0,0.004444444676240286,"[0.0, 0.0, 0.0, 0.03333333507180214, 0.0, 0.0, 0.03333333507180214, 0.0, 0.0, 0.0, 0.0, 0.0, 0.0, 0.0, 0.0, 0.0]",0,0
10,ulsan_027495,switch_rollout,7,30,30,1.0,0.006250000325962901,0.06666667014360428,0.002222222338120143,"[0.06666667014360428, 0.0, 0.0, 0.0, 0.0, 0.0, 0.0, 0.0, 0.0, 0.0, 0.0, 0.0, 0.0, 0.0, 0.03333333507180214, 0.0]",0,0
10,ulsan_027495,switch_rollout,15,30,30,1.0,0.006250000325962901,0.06666667014360428,0.002222222338120143,"[0.06666667014360428, 0.0, 0.03333333507180214, 0.0, 0.0, 0.0, 0.0, 0.0, 0.0, 0.0, 0.0, 0.0, 0.0, 0.0, 0.0, 0.0]",0,0
10,ulsan_027495,switch_rollout,20,30,30,1.0,0.006250000325962901,0.06666667014360428,0.002222222338120143,"[0.06666667014360428, 0.0, 0.03333333507180214, 0.0, 0.0, 0.0, 0.0, 0.0, 0.0, 0.0, 0.0, 0.0, 0.0, 0.0, 0.0, 0.0]",0,0
10,ulsan_027495,teacher_forced,-1,30,30,1.0,0.0541666685603559,0.20000000298023224,0.044444446265697476,"[0.20000000298023224, 0.13333334028720856, 0.20000000298023224, 0.06666667014360428, 0.03333333507180214, 0.03333333507180214, 0.06666667014360428, 0.0, 0.06666667014360428, 0.0, 0.0, 0.0, 0.0, 0.0, 0.0, 0.06666667014360428]",0,0
10,ulsan_027684,normal_ar,0,35,250,7.142857142857143,0.0071428571827709675,0.02857142873108387,0.005714285746216774,"[0.02857142873108387, 0.0, 0.02857142873108387, 0.02857142873108387, 0.0, 0.0, 0.0, 0.0, 0.0, 0.0, 0.0, 0.02857142873108387, 0.0, 0.0, 0.0, 0.0]",0,1
10,ulsan_027684,forced_gt_length,0,35,35,1.0,0.0071428571827709675,0.02857142873108387,0.005714285746216774,"[0.02857142873108387, 0.0, 0.02857142873108387, 0.02857142873108387, 0.0, 0.0, 0.0, 0.0, 0.0, 0.0, 0.0, 0.02857142873108387, 0.0, 0.0, 0.0, 0.0]",0,1
10,ulsan_027684,switch_rollout,8,35,35,1.0,0.012500000069849193,0.02857142873108387,0.011428571492433547,"[0.02857142873108387, 0.02857142873108387, 0.02857142873108387, 0.0, 0.0, 0.0, 0.0, 0.0, 0.02857142873108387, 0.0, 0.0, 0.02857142873108387, 0.0, 0.0, 0.02857142873108387, 0.02857142873108387]",0,1
10,ulsan_027684,switch_rollout,17,35,35,1.0,0.012500000069849193,0.05714285746216774,0.009523809577027956,"[0.05714285746216774, 0.05714285746216774, 0.0, 0.0, 0.0, 0.0, 0.02857142873108387, 0.0, 0.0, 0.0, 0.0, 0.02857142873108387, 0.0, 0.0, 0.02857142873108387, 0.0]",0,1
10,ulsan_027684,switch_rollout,25,35,35,1.0,0.019642857485450804,0.08571428805589676,0.015238095447421074,"[0.08571428805589676, 0.08571428805589676, 0.0, 0.0, 0.02857142873108387, 0.0, 0.02857142873108387, 0.0, 0.0, 0.0, 0.0, 0.02857142873108387, 0.02857142873108387, 0.0, 0.02857142873108387, 0.0]",0,1
10,ulsan_027684,teacher_forced,-1,35,35,1.0,0.05000000074505806,0.11428571492433548,0.04571428646643957,"[0.11428571492433548, 0.17142857611179352, 0.02857142873108387, 0.11428571492433548, 0.11428571492433548, 0.08571428805589676, 0.02857142873108387, 0.0, 0.08571428805589676, 0.0, 0.02857142873108387, 0.0, 0.0, 0.0, 0.0, 0.02857142873108387]",0,1
