split,id,speaker,text_chars,duration,rms,silence_fraction,clip_fraction
train,ulsan_015124,DKSR20001159_2,7,1.4500833333333334,0.2126573207331606,0.14924429630481006,0.0
train,ulsan_005448,DKSR20001278_2,50,6.49,0.15695513533788313,0.24676425269645608,0.0
train,ulsan_003124,DKSR20001146_2,11,2.33,0.1491876264271963,0.25234263233190274,0.0
train,ulsan_026810,DKSR20000979_2,23,3.21,0.11341814806490791,0.21172118380062305,0.0
train,ulsan_009671,DKSR20001536_1,47,5.1,0.14310397220126286,0.16338235294117648,0.0
train,ulsan_006865,DKSR20001286_2,25,3.58,0.13539421100519253,0.3995577281191806,0.0
train,ulsan_005205,DKSR20001169_2,13,2.57,0.15106552679826546,0.440272373540856,0.0
train,ulsan_005650,DKSR20001278_2,33,5.75,0.10760007764608377,0.38968840579710146,0.0
train,ulsan_025681,DKSR20000974_2,9,1.85,0.19172666751307924,0.31407657657657656,0.0
train,ulsan_027542,DKSR20001204_2,21,2.24,0.17128649143194857,0.21049107142857143,0.0
train,ulsan_023118,DKSR20000956_1,28,5.4,0.07364607918649183,0.32947530864197533,0.0
train,ulsan_017284,DKSR20001241_2,29,4.67,0.2502409630019323,0.20911848679514633,0.0
train,ulsan_000767,DKSR20000959_1,22,4.48,0.19582159078958877,0.2156063988095238,0.0
train,ulsan_010037,DKSR20001592_2,32,4.05,0.10818129994912737,0.313940329218107,0.0
train,ulsan_021215,DKSR20001533_1,47,8.26,0.14616205226813014,0.3142352703793382,0.0
train,ulsan_008238,DKSR20001413_1,25,6.53,0.11339747381204418,0.4947485962225625,0.0
train,ulsan_003607,DKSR20001149_1,44,6.55,0.1609758128725256,0.2932379134860051,0.0
train,ulsan_001471,DKSR20001094_2,23,3.3,0.11713222659376811,0.3212878787878788,0.0
train,ulsan_019227,DKSR20001507_2,10,2.29,0.1515055414357216,0.2467612809315866,0.0
train,ulsan_020087,DKSR20001510_1,23,3.16,0.13720367177189574,0.09940664556962026,0.0
train,ulsan_004068,DKSR20001165_1,36,5.24,0.1029798650195811,0.3219783715012723,0.0
train,ulsan_022469,DKSR20001570_1,18,2.31,0.16628824949309,0.16955266955266957,0.0
train,ulsan_022718,DKSR20001570_1,27,3.5,0.13601786932531598,0.07904761904761905,0.0
train,ulsan_021989,DKSR20001568_1,23,3.74,0.16053552090059064,0.23237522281639927,0.0
train,ulsan_010916,DKSR20001608_2,24,4.39,0.12015066091047043,0.5567767653758542,0.0
train,ulsan_025630,DKSR20000974_1,29,4.12,0.12023427544900837,0.19315331715210357,0.0
train,ulsan_009795,DKSR20001536_2,12,2.34,0.14788878648868156,0.26755698005698003,0.0
train,ulsan_018925,DKSR20001491_2,32,5.11,0.1242516781716859,0.37827788649706456,0.0
train,ulsan_017559,DKSR20001287_1,42,4.61,0.10897638064764424,0.24614063629790311,0.0
train,ulsan_025348,DKSR20001156_1,6,3.17,0.14213392101720754,0.5617902208201893,0.0
train,ulsan_021203,DKSR20001533_2,9,2.21,0.11832464309148492,0.3219457013574661,0.0
train,ulsan_005972,DKSR20001284_1,17,2.12,0.161910912760691,0.21092767295597484,0.0
train,ulsan_013634,DKSR20001715_2,27,5.46,0.1638507545967585,0.29025488400488403,0.0
train,ulsan_001589,DKSR20001131_2,25,3.51,0.14165969546050988,0.29239078822412157,0.0
train,ulsan_002277,DKSR20001144_2,38,4.03,0.11385252988792179,0.22673697270471463,0.0
train,ulsan_016680,DKSR20001208_2,33,5.3,0.14410052242338733,0.1957389937106918,0.0
train,ulsan_016915,DKSR20001240_1,26,4.34,0.21647046052677696,0.21581221198156683,0.0
train,ulsan_021464,DKSR20001537_1,34,6.97,0.11396359480909918,0.3950860832137733,0.0
train,ulsan_007356,DKSR20001348_2,27,5.97,0.12599407778201502,0.38789782244556115,0.0
train,ulsan_024601,DKSR20000962_2,27,5.92,0.12640843203154137,0.4098536036036036,0.0
train,ulsan_004326,DKSR20001166_1,30,5.94,0.14752685731131196,0.2422418630751964,0.0
train,ulsan_001376,DKSR20001094_2,16,2.75,0.11201035852661538,0.40874242424242424,0.0
train,ulsan_022066,DKSR20001569_1,23,3.97,0.11731587583777207,0.2514378673383711,0.0
train,ulsan_024071,DKSR20000961_2,37,6.54,0.1624222256960375,0.3157619775739042,0.0
train,ulsan_009715,DKSR20001536_1,34,3.31,0.18193861417812496,0.1365684793554884,0.0
train,ulsan_011886,DKSR20001617_1,27,5.0,0.1588379693709799,0.33521666666666666,0.0
train,ulsan_008484,DKSR20001475_2,40,3.45,0.06516339007707775,0.2896376811594203,0.0
train,ulsan_018672,DKSR20001387_1,62,8.8,0.12920920983379755,0.23580492424242425,0.0
train,ulsan_021941,DKSR20001568_2,16,2.29,0.17937106744859393,0.125127365356623,0.0
train,ulsan_012187,DKSR20001618_1,9,1.84,0.20962527905612335,0.2050498188405797,0.0
train,ulsan_023841,DKSR20000958_1,25,2.98,0.22142886148672522,0.12905480984340045,0.0
train,ulsan_026012,DKSR20001157_1,27,3.08,0.14941861923149619,0.30823863636363635,0.0
train,ulsan_003180,DKSR20001146_1,8,1.63,0.11911571900875927,0.4683282208588957,0.0
train,ulsan_003394,DKSR20001147_1,23,2.82,0.07459195112038551,0.45796394799054374,0.0
train,ulsan_003066,DKSR20001146_1,10,3.07,0.1251864810194405,0.35465526601520087,0.0
train,ulsan_000723,DKSR20000954_2,22,2.59,0.1574001103042061,0.3166023166023166,0.0
train,ulsan_013444,DKSR20001677_1,20,2.36,0.14658377037387757,0.31945621468926555,0.0
train,ulsan_007302,DKSR20001301_1,25,2.6,0.11172756255678884,0.2693108974358974,0.0
train,ulsan_011955,DKSR20001617_1,30,4.46,0.13584569451294123,0.36988041853512704,0.0
train,ulsan_023763,DKSR20000957_2,40,7.01,0.14315762333103982,0.32343081312410843,0.0
train,ulsan_007121,DKSR20001301_1,42,3.94,0.12139383923764518,0.29581218274111676,0.0
train,ulsan_017757,DKSR20001288_2,60,6.56,0.15930842964728253,0.20226753048780488,0.0
train,ulsan_024756,DKSR20000962_1,34,5.9,0.09012406159593882,0.3574505649717514,0.0
train,ulsan_000748,DKSR20000954_2,12,1.36,0.14159099724099883,0.19280024509803922,0.0
train,ulsan_021465,DKSR20001537_1,36,4.84,0.12301504647190013,0.3227358815426997,0.0
train,ulsan_015473,DKSR20001160_1,6,4.38,0.11654655368984682,0.6897545662100457,0.0
train,ulsan_005357,DKSR20001169_1,33,3.82,0.1105261535809149,0.24045593368237347,0.0
train,ulsan_019216,DKSR20001507_1,16,1.86,0.1511404898569877,0.19310035842293907,0.0
train,ulsan_018760,DKSR20001388_2,77,10.55,0.10106261076072923,0.22236176935229068,0.0
train,ulsan_015714,DKSR20001202_1,26,3.56,0.14224026269541457,0.1752808988764045,0.0
train,ulsan_027069,DKSR20001203_2,9,3.32,0.1540203577678274,0.3000376506024096,0.0
train,ulsan_020961,DKSR20001532_2,33,5.07,0.15772257148212374,0.20384615384615384,0.0
train,ulsan_009399,DKSR20001535_1,45,5.8,0.16956031819737435,0.2131537356321839,0.0
train,ulsan_012331,DKSR20001618_1,50,5.55,0.12161861062881504,0.18483483483483484,0.0
train,ulsan_016370,DKSR20001207_1,45,5.3,0.12024233588661373,0.18247641509433962,0.0
train,ulsan_013157,DKSR20001651_1,41,5.06,0.10065150265695878,0.34435111989459816,0.0
train,ulsan_007602,DKSR20001351_2,33,5.24,0.1589780894156079,0.11099713740458016,0.0
train,ulsan_014242,DKSR20001032_2,7,1.16,0.10218474138743715,0.48767959770114944,0.0
train,ulsan_019557,DKSR20001508_1,5,3.17,0.15001741192154697,0.2084516298633018,0.0
train,ulsan_014514,DKSR20001032_2,38,4.96,0.1246217583663149,0.2604418682795699,0.0
train,ulsan_018395,DKSR20001380_1,33,4.09,0.10980305078778015,0.2894559902200489,0.0
train,ulsan_016715,DKSR20001208_1,49,6.29,0.13199960641512323,0.2287625861155273,0.0
train,ulsan_026458,DKSR20001158_1,15,2.29,0.24007985037746282,0.1481622998544396,0.0
train,ulsan_008350,DKSR20001413_1,37,5.97,0.16195625279196219,0.34549832495812394,0.0
train,ulsan_009305,DKSR20001487_2,34,3.0,0.15532924743974733,0.1964861111111111,0.0
train,ulsan_005704,DKSR20001280_1,26,3.56,0.13903861975606036,0.24964887640449437,0.0
train,ulsan_016152,DKSR20001206_2,31,4.29,0.17081113637622297,0.16861888111888113,0.0
train,ulsan_026780,DKSR20000979_1,43,6.28,0.1316071790843859,0.29700106157112527,0.0
train,ulsan_020301,DKSR20001511_1,30,3.4,0.15878943534808496,0.16419117647058823,0.0
train,ulsan_013186,DKSR20001677_1,5,1.54,0.13878213188215066,0.44228896103896104,0.0
train,ulsan_021198,DKSR20001533_2,29,6.1,0.1460540373932161,0.3531079234972678,0.0
train,ulsan_013890,DKSR20001031_2,35,3.24,0.12641328754895353,0.21386316872427982,0.0
train,ulsan_026159,DKSR20000975_1,21,4.27,0.18004784366943444,0.23799765807962528,0.0
train,ulsan_022085,DKSR20001569_2,14,4.24,0.06839616845714006,0.6045794025157233,0.0
train,ulsan_001638,DKSR20001131_1,46,5.24,0.10360398602829239,0.24514153944020356,0.0
train,ulsan_005000,DKSR20001168_2,13,1.76,0.1803165618382091,0.2086410984848485,0.0
train,ulsan_002574,DKSR20001145_2,16,2.09,0.14263817057846018,0.26632775119617225,0.0
train,ulsan_015904,DKSR20001202_1,9,3.1,0.17762174837197064,0.39766129032258063,0.0
train,ulsan_003590,DKSR20001147_1,30,4.85,0.10655686310016692,0.40798109965635737,0.0
train,ulsan_014181,DKSR20001031_2,28,3.45,0.16337118536915712,0.13204106280193237,0.0
train,ulsan_023526,DKSR20000955_2,14,2.54,0.10502634109665399,0.44422572178477693,0.0
train,ulsan_010524,DKSR20001594_1,29,3.65,0.14599823918871965,0.3345662100456621,0.0
train,ulsan_015831,DKSR20001202_2,49,6.38,0.10314305664583795,0.20399033437826541,0.0
train,ulsan_016957,DKSR20001240_2,30,4.36,0.18855185070096475,0.09406536697247707,0.0
train,ulsan_005770,DKSR20001280_2,41,4.28,0.11335865142118612,0.19098520249221185,0.0
train,ulsan_017439,DKSR20001287_1,16,2.47,0.1572325897016713,0.38134278002699057,0.0
train,ulsan_004951,DKSR20001168_2,51,6.86,0.14737974193507042,0.25331025267249757,0.0
train,ulsan_021510,DKSR20001537_2,36,5.72,0.09937998106859587,0.21576340326340326,0.0
train,ulsan_010893,DKSR20001608_1,7,1.89,0.1300989608483225,0.5218915343915344,0.0
train,ulsan_021287,DKSR20001534_1,39,6.04,0.12982068352189527,0.21049944812362031,0.0
train,ulsan_026925,DKSR20001203_1,12,4.84,0.1113308824383331,0.5461776859504133,0.0
train,ulsan_007979,DKSR20001352_2,42,5.25,0.2105631043476991,0.1884047619047619,0.0
train,ulsan_017843,DKSR20001288_2,11,1.68,0.1877328097048011,0.239484126984127,0.0
train,ulsan_006219,DKSR20001284_2,14,2.08,0.17843744817726567,0.2590144230769231,0.0
train,ulsan_008717,DKSR20001475_1,28,4.23,0.1725869589994649,0.204048463356974,0.0
train,ulsan_020536,DKSR20001512_2,43,6.88,0.09238952173095928,0.41412306201550386,0.0
train,ulsan_004251,DKSR20001166_1,48,6.28,0.15206969908244702,0.24797638004246284,0.0
train,ulsan_007233,DKSR20001301_2,50,7.67,0.1366918799992204,0.17722186006084312,0.0
train,ulsan_026354,DKSR20001158_2,9,1.47,0.12019188252270864,0.41831065759637187,0.0
train,ulsan_010890,DKSR20001608_1,8,1.59,0.15578337600315417,0.4727463312368973,0.0
train,ulsan_004637,DKSR20001167_1,30,2.99,0.12230415007647487,0.2657051282051282,0.0
train,ulsan_000419,DKSR20000954_1,3,1.2,0.2190420431302368,0.36465277777777777,0.0
train,ulsan_019092,DKSR20001491_1,36,5.49,0.16971582797031193,0.28624772313296903,0.0
train,ulsan_012596,DKSR20001649_1,19,2.83,0.11838776768302667,0.39363957597173144,0.0
train,ulsan_004770,DKSR20001168_2,2,1.0,0.13579166038455104,0.5887083333333333,0.0
train,ulsan_005585,DKSR20001278_2,18,3.02,0.1013576484420997,0.19750275938189846,0.0
train,ulsan_023598,DKSR20000955_2,5,1.58,0.20006116525463882,0.3516877637130802,0.0
train,ulsan_007732,DKSR20001351_1,58,6.42,0.15836491066560007,0.1574182242990654,0.0
train,ulsan_016855,DKSR20001240_1,47,5.68,0.07528404151053932,0.420143779342723,0.0
train,ulsan_004826,DKSR20001168_2,59,5.83,0.13671866251614678,0.2146869639794168,0.0
train,ulsan_010175,DKSR20001592_2,17,3.07,0.15620990040695307,0.29949782844733985,0.0
train,ulsan_023869,DKSR20000958_1,8,2.99,0.12132114406542657,0.4943840579710145,0.0
train,ulsan_018184,DKSR20001336_2,22,4.879958333333334,0.15926534738036707,0.26468805232285114,0.0
train,ulsan_016638,DKSR20001208_1,20,2.29,0.15282396389801614,0.1450509461426492,0.0
train,ulsan_019295,DKSR20001507_2,23,3.36,0.15023493182159758,0.10341021825396825,0.0
train,ulsan_012713,DKSR20001650_1,44,4.93,0.20008087484565362,0.26836544962812714,0.0
train,ulsan_024716,DKSR20000962_2,18,2.41,0.14838939486433045,0.21903526970954357,0.0
train,ulsan_015841,DKSR20001202_1,27,2.89,0.13957845351411619,0.3049163783160323,0.0
train,ulsan_001898,DKSR20001132_2,35,3.9200833333333334,0.12983805037363602,0.2482090091622202,0.0
train,ulsan_010862,DKSR20001608_1,22,2.9799583333333333,0.1311595047417612,0.40215886687453684,0.0
train,ulsan_000799,DKSR20000959_1,36,6.2,0.1727489609734763,0.3071505376344086,0.0
train,ulsan_026489,DKSR20001158_2,16,2.27,0.15883239628225782,0.29469530102790015,0.0
train,ulsan_003706,DKSR20001149_1,41,5.29,0.15031745448671996,0.2988815374921235,0.0
train,ulsan_000296,DKSR20000953_1,6,1.64,0.17946036398780107,0.16361788617886178,0.0
train,ulsan_002628,DKSR20001145_1,28,3.82,0.1434214516817636,0.22612347294938917,0.0
train,ulsan_022326,DKSR20001569_1,25,3.43,0.1162559216570254,0.1299198250728863,0.0
train,ulsan_024417,DKSR20000963_1,21,3.79,0.10821704727506987,0.5067282321899736,0.0
train,ulsan_007291,DKSR20001301_1,53,6.94,0.1383042345508372,0.28491834774255526,0.0
train,ulsan_000871,DKSR20000959_2,24,5.54,0.13060515918389304,0.4878534897713598,0.0
train,ulsan_008164,DKSR20001353_2,71,7.62,0.08389355461759827,0.19792213473315837,0.0
train,ulsan_017214,DKSR20001241_1,19,4.52,0.10496294893560305,0.42142330383480825,0.0
train,ulsan_019298,DKSR20001507_2,15,5.03,0.10459116922394254,0.25460569913850234,0.0
train,ulsan_010215,DKSR20001593_1,26,3.02,0.12328571117446835,0.25429083885209713,0.0
train,ulsan_026757,DKSR20000979_1,33,5.42,0.13723298106604376,0.2569111316113161,0.0
train,ulsan_027615,DKSR20001204_2,13,2.63,0.20637101413008102,0.2313212927756654,0.0
train,ulsan_005792,DKSR20001280_2,14,2.22,0.13396338319648668,0.38633633633633635,0.0
train,ulsan_022866,DKSR20001571_2,18,3.1,0.1115399809163267,0.19551075268817203,0.0
train,ulsan_026777,DKSR20000979_1,39,6.27,0.15912887520487579,0.28068846358320043,0.0
train,ulsan_019605,DKSR20001508_1,21,4.48,0.11687525556069477,0.21069568452380952,0.0
train,ulsan_000539,DKSR20000954_2,7,1.65,0.16784623794483522,0.26196969696969696,0.0
train,ulsan_017820,DKSR20001288_1,25,2.05,0.1150471074677444,0.29026422764227644,0.0
train,ulsan_005842,DKSR20001280_2,23,2.21,0.10918443067106504,0.21990950226244343,0.0
train,ulsan_002957,DKSR20001146_2,26,2.5,0.0934758037732156,0.3529,0.0
train,ulsan_010541,DKSR20001594_1,52,6.52,0.14438052965161238,0.2793647750511247,0.0
train,ulsan_017444,DKSR20001287_2,22,3.31,0.225047707417293,0.06154330312185297,0.0
train,ulsan_025455,DKSR20000974_2,13,1.97,0.15081923180979925,0.37692470389170896,0.0
train,ulsan_020485,DKSR20001511_1,26,3.24,0.15282423123818986,0.20498971193415638,0.0
train,ulsan_026413,DKSR20001158_2,27,4.14,0.1583345183127167,0.24757447665056362,0.0
train,ulsan_018658,DKSR20001387_2,41,4.92,0.17591972070721482,0.2073170731707317,0.0
train,ulsan_026109,DKSR20000975_1,33,3.89,0.1600855139705522,0.22980934018851756,0.0
train,ulsan_012749,DKSR20001650_2,36,5.06,0.11180709583370253,0.37472002635046114,0.0
train,ulsan_012103,DKSR20001617_2,48,5.7,0.1443934781119385,0.16140350877192983,0.0
train,ulsan_014338,DKSR20001032_2,4,0.95,0.1712369736846235,0.3895175438596491,0.0
train,ulsan_026605,DKSR20000979_2,29,3.88,0.10652169169624759,0.1984643470790378,0.0
train,ulsan_016485,DKSR20001207_2,15,4.13,0.22320401963369718,0.2581214689265537,0.0
train,ulsan_002852,DKSR20001145_1,26,3.39,0.13504846864224937,0.21333579154375615,0.0
train,ulsan_021062,DKSR20001533_1,63,8.4,0.17242206137324312,0.16216765873015873,0.0
train,ulsan_015264,DKSR20001159_1,43,7.39,0.11627416854348215,0.34032476319350474,0.0
train,ulsan_004566,DKSR20001167_2,31,6.19,0.09347763216053866,0.37950996230479267,0.0
train,ulsan_012890,DKSR20001651_1,21,6.23,0.08838797751004818,0.622418405564473,0.0
train,ulsan_007776,DKSR20001352_1,37,4.52,0.14964704467158443,0.18595132743362833,0.0
train,ulsan_015707,DKSR20001202_2,26,2.31,0.17187375074621195,0.14805194805194805,0.0
train,ulsan_010209,DKSR20001593_2,40,5.53,0.14804197397583047,0.30339813140446054,0.0
train,ulsan_014969,DKSR20001033_2,26,1.9,0.15995176756957882,0.1443859649122807,0.0
train,ulsan_016666,DKSR20001208_2,39,3.53,0.21386700503262335,0.21690273843248348,0.0
train,ulsan_026967,DKSR20001203_2,30,5.48,0.16222235917774647,0.1686891727493917,0.0
train,ulsan_023227,DKSR20000956_2,21,2.5,0.20318410133475925,0.15241666666666667,0.0
train,ulsan_007567,DKSR20001351_2,27,3.79,0.143014733947317,0.15682717678100264,0.0
train,ulsan_002670,DKSR20001145_1,19,2.47,0.10379099048927093,0.35280026990553304,0.0
train,ulsan_011503,DKSR20001610_2,40,5.95,0.14765249751981263,0.2718487394957983,0.0
train,ulsan_008133,DKSR20001353_2,53,9.28,0.15166959112146927,0.1947198275862069,0.0
train,ulsan_012712,DKSR20001650_1,22,4.85,0.21414707956553247,0.23396048109965636,0.0
train,ulsan_010611,DKSR20001594_1,19,3.47,0.12522747069830478,0.42928674351585017,0.0
train,ulsan_011100,DKSR20001609_2,16,2.0,0.10677962989970861,0.4501041666666667,0.0
train,ulsan_010986,DKSR20001608_2,22,3.86,0.14105165128976987,0.43568652849740935,0.0
train,ulsan_015297,DKSR20001159_1,40,5.82,0.1477474934917577,0.1414733676975945,0.0
train,ulsan_013902,DKSR20001031_1,20,3.64,0.14382210305970514,0.2364010989010989,0.0
train,ulsan_017666,DKSR20001288_2,37,4.78,0.19094247851986199,0.1444560669456067,0.0
train,ulsan_006456,DKSR20001285_1,52,6.18,0.1706405716451999,0.17337513484358144,0.0
train,ulsan_027013,DKSR20001203_1,12,3.28,0.14852901361250484,0.3926194105691057,0.0
train,ulsan_018633,DKSR20001387_2,64,11.1,0.16509752851869872,0.28331831831831833,0.0
train,ulsan_018101,DKSR20001336_2,29,4.49,0.1339668945644464,0.13260950259836674,0.0
train,ulsan_022257,DKSR20001569_2,8,1.93,0.11314272019446982,0.3185449050086356,0.0
train,ulsan_016105,DKSR20001206_1,25,5.06,0.18826713457771832,0.2058794466403162,0.0
train,ulsan_007671,DKSR20001351_2,62,7.09,0.10856998556498099,0.16721321109543957,0.0
train,ulsan_004516,DKSR20001167_2,18,2.28,0.11857357049230415,0.3983552631578947,0.0
train,ulsan_022093,DKSR20001569_2,30,4.14,0.11248469407152986,0.12135668276972625,0.0
train,ulsan_017244,DKSR20001241_2,36,4.16,0.21812130654198453,0.1446514423076923,0.0
train,ulsan_011652,DKSR20001611_2,29,2.75,0.19376069734095047,0.11086363636363636,0.0
train,ulsan_013564,DKSR20001715_2,46,5.95,0.1346331713426158,0.22534313725490196,0.0
train,ulsan_025381,DKSR20001156_2,6,2.720083333333333,0.18642823299232403,0.5096657577892835,0.0
train,ulsan_002134,DKSR20001132_2,22,2.63,0.11501593830658291,0.2679974651457541,0.0
train,ulsan_015929,DKSR20001202_1,26,3.79,0.25813205846157267,0.08983069481090589,0.0
train,ulsan_008912,DKSR20001476_1,26,3.8,0.1074774204771204,0.3647587719298246,0.0
train,ulsan_025844,DKSR20001157_2,10,2.2,0.15610012471472606,0.24293560606060607,0.0
train,ulsan_000136,DKSR20000953_1,7,1.8,0.1864963740951739,0.22157407407407406,0.0
train,ulsan_027051,DKSR20001203_1,30,3.97,0.2031771499404846,0.2248320738874895,0.0
train,ulsan_010292,DKSR20001593_2,29,3.13,0.17583006862911435,0.2157880724174654,0.0
train,ulsan_011712,DKSR20001611_2,49,4.440083333333333,0.16422346183445888,0.22367260374242226,0.0
train,ulsan_021664,DKSR20001537_1,39,5.31,0.15368997081334684,0.272575329566855,0.0
train,ulsan_010378,DKSR20001593_2,21,3.16,0.14988397792702432,0.24591244725738395,0.0
train,ulsan_003152,DKSR20001146_1,41,5.27,0.12660351650737622,0.27394845034788107,0.0
train,ulsan_011569,DKSR20001610_2,13,3.1,0.10384447079566583,0.3259005376344086,0.0
train,ulsan_002453,DKSR20001144_2,2,1.47,0.14744083466632518,0.45175736961451246,0.0
train,ulsan_025610,DKSR20000974_2,31,3.39,0.12762694673029065,0.3020771878072763,0.0
train,ulsan_004134,DKSR20001166_2,41,6.42,0.11699343444706542,0.33021157840083076,0.0
train,ulsan_019237,DKSR20001507_2,18,2.61,0.11800781997521363,0.19675925925925927,0.0
train,ulsan_000290,DKSR20000953_1,18,2.39,0.1527806304387792,0.2080020920502092,0.0
train,ulsan_015842,DKSR20001202_1,36,4.26,0.12972146068883186,0.2732003129890454,0.0
train,ulsan_024284,DKSR20000963_2,20,4.9,0.1223885717093554,0.42012755102040816,0.0
train,ulsan_004390,DKSR20001167_2,22,4.24,0.07720499593940909,0.3108687106918239,0.0
train,ulsan_004395,DKSR20001167_2,26,5.37,0.07736454497209289,0.4223774053382992,0.0
train,ulsan_012759,DKSR20001650_1,27,3.03,0.19117756296724464,0.23803630363036304,0.0
train,ulsan_000132,DKSR20000953_1,31,5.38,0.18708076510219065,0.29059789343246595,0.0
train,ulsan_000416,DKSR20000954_1,15,2.89,0.1665094490841487,0.18435697808535179,0.0
train,ulsan_001031,DKSR20000960_1,40,7.37,0.15348729477698023,0.3670341474445952,0.0
train,ulsan_007366,DKSR20001348_1,49,6.16,0.10418956009959915,0.3891910173160173,0.0
train,ulsan_014580,DKSR20001032_2,29,2.95,0.10008293195388408,0.35888418079096046,0.0
train,ulsan_013765,DKSR20001715_1,30,2.83,0.20334774414753362,0.15825971731448762,0.0
train,ulsan_006989,DKSR20001300_2,29,4.86,0.15158618168295349,0.23565672153635117,0.0
train,ulsan_025409,DKSR20001156_1,22,4.11,0.1195656050958178,0.3636050283860503,0.0
train,ulsan_014021,DKSR20001031_1,23,4.39,0.12101540847293973,0.33541192103264994,0.0
train,ulsan_019375,DKSR20001507_2,23,3.42,0.16429356939837228,0.09725877192982456,0.0
train,ulsan_022903,DKSR20001571_1,29,4.31,0.153733504888306,0.20726991492652747,0.0
train,ulsan_021748,DKSR20001568_2,6,1.58,0.1328983138467782,0.13568037974683544,0.0
train,ulsan_008941,DKSR20001476_2,43,6.76,0.12756547214579056,0.32885231755424066,0.0
train,ulsan_018605,DKSR20001386_2,48,9.92,0.11287136063298324,0.35934139784946234,0.0
train,ulsan_027088,DKSR20001203_1,21,3.31,0.09614173740936297,0.2986404833836858,0.0
train,ulsan_002990,DKSR20001146_1,6,1.76,0.11848127355963521,0.4217566287878788,0.0
train,ulsan_004738,DKSR20001168_2,80,7.09,0.1281674511501458,0.17405383168782323,0.0
train,ulsan_013477,DKSR20001677_2,15,1.93,0.1545501690093996,0.23266407599309152,0.0
train,ulsan_018745,DKSR20001388_1,35,5.39,0.1696784507912825,0.24412492269635128,0.0
train,ulsan_024912,DKSR20000973_2,29,3.52,0.09569085474311029,0.2921283143939394,0.0
train,ulsan_002587,DKSR20001145_2,5,2.27,0.07928208454267889,0.6806167400881057,0.0
train,ulsan_000387,DKSR20000953_2,11,1.4,0.15191294595821073,0.10288690476190476,0.0
train,ulsan_002457,DKSR20001144_2,11,2.51,0.15436960243669418,0.37088313413014606,0.0
train,ulsan_019055,DKSR20001491_2,27,4.0,0.1402167116098211,0.39788541666666666,0.0
train,ulsan_008909,DKSR20001476_1,46,5.96,0.2074021825273945,0.238457774049217,0.0
train,ulsan_007581,DKSR20001351_2,12,2.6,0.1604322876010888,0.3601602564102564,0.0
train,ulsan_021033,DKSR20001533_2,15,3.52,0.15447190704750138,0.20191761363636362,0.0
train,ulsan_007375,DKSR20001348_1,47,5.72,0.11870772251707085,0.382830710955711,0.0
train,ulsan_019098,DKSR20001491_2,17,2.78,0.13776151701319353,0.3376199040767386,0.0
train,ulsan_025355,DKSR20001156_2,15,3.96,0.15708156391376965,0.4759890572390572,0.0
train,ulsan_019525,DKSR20001508_2,29,4.05,0.12170465095515022,0.20720164609053499,0.0
train,ulsan_016746,DKSR20001208_1,44,6.57,0.12748375889967756,0.1709982242516489,0.0
train,ulsan_018716,DKSR20001387_2,52,5.97,0.15951064413304825,0.2013609715242881,0.0
train,ulsan_001024,DKSR20000960_1,36,6.37,0.18257245038258232,0.23664311878597594,0.0
train,ulsan_016639,DKSR20001208_1,46,5.24,0.16362578448228576,0.18493161577608141,0.0
train,ulsan_000801,DKSR20000959_1,48,6.14,0.13490644967724644,0.31494978284473396,0.0
train,ulsan_007106,DKSR20001300_2,4,2.63,0.10250651613320776,0.6564480354879595,0.0
train,ulsan_016886,DKSR20001240_1,19,3.2,0.17506329760315606,0.15583333333333332,0.0
train,ulsan_015694,DKSR20001202_1,41,3.84,0.14749657640872257,0.2226019965277778,0.0
train,ulsan_008943,DKSR20001476_2,40,4.47,0.12777929232442836,0.24076249067859806,0.0
train,ulsan_018228,DKSR20001380_2,21,2.45,0.1386371784920784,0.21124149659863944,0.0
train,ulsan_005718,DKSR20001280_1,15,2.06,0.16952130991635267,0.2362257281553398,0.0
train,ulsan_003471,DKSR20001147_2,34,5.38,0.10298605129948057,0.42173946716232963,0.0
train,ulsan_015998,DKSR20001206_1,20,2.81,0.16899895489928454,0.18499406880189798,0.0
train,ulsan_002285,DKSR20001144_2,17,2.81,0.12761584154078248,0.23222123368920522,0.0
train,ulsan_014762,DKSR20001033_2,22,2.24,0.15116554529205828,0.11569940476190477,0.0
train,ulsan_015645,DKSR20001160_2,12,3.13,0.1762441228023106,0.30448615548455804,0.0
train,ulsan_010607,DKSR20001594_2,20,2.79,0.12174548790697357,0.39086021505376345,0.0
train,ulsan_006543,DKSR20001285_1,36,4.55,0.15991982523604056,0.2822161172161172,0.0
train,ulsan_004221,DKSR20001166_2,25,2.9499583333333335,0.16037975364354407,0.21344934250483763,0.0
train,ulsan_019367,DKSR20001507_1,41,4.69,0.10959670304662411,0.12174840085287847,0.0
train,ulsan_009697,DKSR20001536_2,49,6.37,0.14959481658974666,0.18455651491365777,0.0
train,ulsan_021181,DKSR20001533_1,29,5.92,0.10921434403533077,0.39738879504504504,0.0
train,ulsan_013572,DKSR20001715_2,32,4.54,0.12879437115615347,0.3308186490455213,0.0
train,ulsan_026826,DKSR20000979_1,30,3.5,0.1687515067639039,0.20647619047619048,0.0
train,ulsan_006902,DKSR20001300_2,48,7.35,0.08066029196204184,0.30462585034013606,0.0
train,ulsan_009771,DKSR20001536_1,61,6.71,0.20745393507993243,0.1387046696472926,0.0
train,ulsan_006502,DKSR20001285_2,27,3.46,0.13368080454195808,0.2630539499036609,0.0
train,ulsan_020139,DKSR20001510_1,22,5.47,0.0964675669336198,0.24541438147471054,0.0
train,ulsan_016463,DKSR20001207_2,23,3.81,0.19482729636617388,0.20422134733158356,0.0
train,ulsan_018999,DKSR20001491_1,2,3.19,0.12657025626797624,0.6833594566353187,0.0
train,ulsan_005602,DKSR20001278_2,14,2.37,0.24211344756249367,0.18194444444444444,0.0
train,ulsan_003989,DKSR20001165_2,36,5.77,0.13336712857067023,0.2620161756210283,0.0
train,ulsan_002835,DKSR20001145_1,24,2.78,0.10677776076575343,0.2588279376498801,0.0
train,ulsan_023257,DKSR20000955_1,19,6.45,0.14239975839848862,0.3702131782945736,0.0
train,ulsan_017560,DKSR20001287_1,17,1.89,0.15776816102764768,0.21765873015873016,0.0
train,ulsan_021134,DKSR20001533_2,32,6.76,0.08901225609603891,0.36371425049309664,0.0
train,ulsan_001845,DKSR20001132_2,18,2.21,0.14148758520654164,0.2674396681749623,0.0
train,ulsan_006747,DKSR20001286_1,61,6.99,0.07246618885118522,0.4116654744873629,0.0
train,ulsan_011015,DKSR20001608_1,5,3.09,0.13942699584382456,0.6103155339805825,0.0
train,ulsan_017449,DKSR20001287_2,22,2.73,0.14294202652220941,0.24584859584859584,0.0
train,ulsan_002170,DKSR20001144_1,7,1.02,0.1460493785760808,0.39477124183006534,0.0
train,ulsan_007479,DKSR20001348_1,33,5.87,0.11768555712900773,0.4877555366269165,0.0
train,ulsan_024411,DKSR20000963_1,65,7.56,0.1291288816193188,0.20251873897707232,0.0
train,ulsan_003623,DKSR20001149_1,43,6.11,0.12335199392252352,0.29703355155482813,0.0
train,ulsan_002176,DKSR20001144_1,5,1.79,0.11546929628679949,0.6955074487895717,0.0
train,ulsan_017368,DKSR20001287_1,11,3.45,0.09878351698972757,0.6443961352657005,0.0
train,ulsan_008718,DKSR20001475_1,13,2.14,0.18744972464139345,0.21933411214953272,0.0
train,ulsan_019749,DKSR20001509_1,19,4.3,0.10939990428207107,0.19272286821705426,0.0
train,ulsan_011269,DKSR20001609_2,14,3.64,0.1759247669427148,0.3853250915750916,0.0
train,ulsan_024453,DKSR20000963_1,34,5.09,0.1462509489588686,0.34016044531761624,0.0
train,ulsan_016332,DKSR20001207_2,24,5.16,0.17590956098051688,0.16271802325581394,0.0
train,ulsan_000792,DKSR20000959_1,39,6.49,0.17209146179616128,0.1762326656394453,0.0
train,ulsan_026361,DKSR20001158_2,12,2.89,0.15422085427080565,0.3838091118800461,0.0
train,ulsan_009010,DKSR20001476_2,43,5.29,0.10761245463448012,0.2580103969754253,0.0
train,ulsan_018505,DKSR20001386_2,80,15.32,0.1250593836802887,0.22610150130548304,0.0
train,ulsan_002360,DKSR20001144_2,27,3.58,0.11677788981350107,0.25927607076350095,0.0
train,ulsan_011934,DKSR20001617_2,16,2.21,0.1160261645590767,0.21285822021116138,0.0
train,ulsan_020201,DKSR20001510_2,39,5.72,0.11968069428269178,0.3058857808857809,0.0
train,ulsan_011546,DKSR20001610_1,29,3.78,0.12337926248533106,0.35205026455026456,0.0
train,ulsan_008937,DKSR20001476_2,42,5.86,0.1489357448758195,0.2739547781569966,0.0
train,ulsan_027379,DKSR20000980_2,19,2.88,0.16873295291869367,0.29172453703703705,0.0
train,ulsan_004536,DKSR20001167_2,16,2.08,0.10951852630560714,0.22548076923076923,0.0
train,ulsan_022779,DKSR20001571_2,13,2.87,0.1860933345564017,0.29924506387921024,0.0
train,ulsan_006462,DKSR20001285_1,16,1.89,0.07373509159470724,0.40399029982363316,0.0
train,ulsan_018481,DKSR20001380_1,15,2.63,0.12117754661980881,0.4125316856780735,0.0
train,ulsan_022992,DKSR20001571_2,43,5.32,0.1542812297712672,0.18428101503759398,0.0
train,ulsan_006086,DKSR20001284_2,39,4.57,0.1643482903141672,0.15330051057622174,0.0
train,ulsan_000940,DKSR20000959_1,38,4.85,0.14256580241443573,0.26666666666666666,0.0
train,ulsan_021452,DKSR20001537_2,15,3.39,0.11782440998468462,0.16058259587020648,0.0
train,ulsan_022036,DKSR20001569_1,32,4.24,0.13634602263254547,0.11269654088050314,0.0
train,ulsan_000205,DKSR20000953_1,16,2.02,0.2009496420061006,0.18166254125412543,0.0
train,ulsan_020438,DKSR20001511_2,30,5.67,0.14967678147904104,0.4028145208700764,0.0
train,ulsan_018298,DKSR20001380_1,17,2.12,0.14080481006688117,0.19467374213836477,0.0
train,ulsan_019985,DKSR20001510_2,23,5.28,0.08288032964683538,0.40071022727272726,0.0
train,ulsan_018085,DKSR20001336_1,35,3.57,0.18212519693725193,0.2334267040149393,0.0
train,ulsan_024003,DKSR20000958_2,18,3.52,0.11832443348339344,0.5697916666666667,0.0
train,ulsan_022796,DKSR20001571_1,21,3.53,0.15232750755870958,0.12922568460812087,0.0
train,ulsan_020288,DKSR20001511_1,25,4.05,0.14191367862443585,0.2088991769547325,0.0
train,ulsan_000285,DKSR20000953_1,3,1.41,0.17615587087752174,0.22118794326241134,0.0
train,ulsan_022195,DKSR20001569_2,15,1.9,0.11899855255626098,0.15657894736842104,0.0
train,ulsan_013677,DKSR20001715_1,18,1.69,0.22557833030926305,0.20544871794871794,0.0
train,ulsan_000057,DKSR20000953_2,36,5.58,0.17210536498115966,0.17369324970131422,0.0
train,ulsan_001830,DKSR20001132_2,22,3.45,0.10898850561886488,0.37222222222222223,0.0
train,ulsan_003419,DKSR20001147_2,4,1.39,0.13757115759473587,0.37140287769784175,0.0
train,ulsan_019950,DKSR20001509_1,28,3.65,0.1471490834704031,0.24858447488584476,0.0
train,ulsan_018937,DKSR20001491_2,35,4.24,0.13817882157315803,0.33335298742138364,0.0
train,ulsan_004131,DKSR20001166_2,50,6.49,0.1591720007614419,0.22928864920390343,0.0
train,ulsan_008449,DKSR20001475_1,8,1.44,0.22637824966510084,0.26875,0.0
train,ulsan_014604,DKSR20001032_1,11,2.08,0.1640428801641925,0.22061298076923078,0.0
train,ulsan_001117,DKSR20000960_2,17,2.23,0.16249513893431503,0.37684977578475337,0.0
train,ulsan_005674,DKSR20001280_1,50,5.64,0.1422444165657607,0.1578088061465721,0.0
train,ulsan_008862,DKSR20001476_1,3,1.24,0.20621905261470289,0.315255376344086,0.0
train,ulsan_015737,DKSR20001202_1,8,2.6,0.13817877497008255,0.4317948717948718,0.0
train,ulsan_000560,DKSR20000954_2,22,2.63,0.16592507751080177,0.19621356147021546,0.0
train,ulsan_011382,DKSR20001610_1,19,3.01,0.12796427322537526,0.33223975636766334,0.0
train,ulsan_001858,DKSR20001132_1,20,3.45,0.15321626787740658,0.2597705314009662,0.0
train,ulsan_004615,DKSR20001167_1,36,3.88,0.13883824077779075,0.2728307560137457,0.0
train,ulsan_004668,DKSR20001168_2,2,1.48,0.14698131345533044,0.34980292792792794,0.0
train,ulsan_025862,DKSR20001157_2,54,5.95,0.13757961087542117,0.24813725490196079,0.0
train,ulsan_010833,DKSR20001608_2,30,4.07,0.12840494320275475,0.5150389025389025,0.0
train,ulsan_006872,DKSR20001286_1,23,5.57,0.1558405056435888,0.604645421903052,0.0
train,ulsan_011267,DKSR20001609_2,10,1.56,0.13791465425138674,0.3529647435897436,0.0
train,ulsan_010098,DKSR20001592_2,42,4.72,0.11295210931453088,0.2483050847457627,0.0
train,ulsan_002065,DKSR20001132_2,16,2.13,0.10109154415036091,0.313810641627543,0.0
train,ulsan_016901,DKSR20001240_2,37,4.72,0.041968587043387545,0.3958333333333333,0.0
train,ulsan_016393,DKSR20001207_2,6,2.14,0.29527874747756794,0.16553738317757008,0.0
train,ulsan_007186,DKSR20001301_2,40,4.75,0.2005722962308741,0.14825438596491228,0.0
train,ulsan_000901,DKSR20000959_1,36,3.57,0.13480416190148276,0.26693510737628384,0.0
train,ulsan_001288,DKSR20001094_1,19,3.28,0.20417976312196373,0.14500762195121952,0.0
train,ulsan_018691,DKSR20001387_2,38,7.7,0.1924253846503207,0.30952380952380953,0.0
train,ulsan_006518,DKSR20001285_2,29,3.48,0.13934414602407127,0.32351532567049807,0.0
train,ulsan_027334,DKSR20000980_1,36,6.07,0.20178974718295925,0.23428747940691927,0.0
train,ulsan_000188,DKSR20000953_1,16,2.38,0.1804942998541824,0.3191176470588235,0.0
train,ulsan_001567,DKSR20001131_2,26,2.7900833333333335,0.1460530448374635,0.2874914130402318,0.0
train,ulsan_007942,DKSR20001352_2,64,9.49,0.16166444768734467,0.28749121882683526,0.0
train,ulsan_006274,DKSR20001285_1,11,1.87,0.23377841268492636,0.1714795008912656,0.0
train,ulsan_010013,DKSR20001592_1,38,4.94,0.14297892615654967,0.3147351551956815,0.0
train,ulsan_000536,DKSR20000954_2,24,2.99,0.05136140162429207,0.40132385730211817,0.0
train,ulsan_013017,DKSR20001651_2,29,3.69,0.14360545357595436,0.3039182475158085,0.0
train,ulsan_000034,DKSR20000953_1,33,4.02,0.2195912172050744,0.1902363184079602,0.0
train,ulsan_024276,DKSR20000963_2,11,3.86,0.17513520049424558,0.45814982728842835,0.0
train,ulsan_008453,DKSR20001475_1,39,6.39,0.10122626181462441,0.38617631716223266,0.0
train,ulsan_023923,DKSR20000958_2,26,5.41,0.13668435026747786,0.3373613678373383,0.0
train,ulsan_009759,DKSR20001536_1,23,2.66,0.1896459255588191,0.15424498746867168,0.0
train,ulsan_014828,DKSR20001033_1,16,2.99,0.12987612849579044,0.34177814938684503,0.0
train,ulsan_011026,DKSR20001608_1,15,2.73,0.12310374661431714,0.4414224664224664,0.0
train,ulsan_020355,DKSR20001511_2,20,3.99,0.15851068904748042,0.3049394319131161,0.0
train,ulsan_027317,DKSR20000980_2,31,3.06,0.11093870731169687,0.3677696078431373,0.0
train,ulsan_004089,DKSR20001165_1,17,3.04,0.14176933341805312,0.31030701754385964,0.0
train,ulsan_011514,DKSR20001610_1,26,5.69,0.11602470944548535,0.36909050966608087,0.0
train,ulsan_000623,DKSR20000954_1,8,1.64,0.2059389837732022,0.29789126016260165,0.0
train,ulsan_018816,DKSR20001388_2,65,8.12,0.12804360688991595,0.2564295977011494,0.0
train,ulsan_011757,DKSR20001611_1,20,2.71,0.09651249282802357,0.3540590405904059,0.0
train,ulsan_013565,DKSR20001715_2,17,2.66,0.1375302145647213,0.2448934837092732,0.0
train,ulsan_003094,DKSR20001146_2,21,3.26,0.09052359508453033,0.3372827198364008,0.0
train,ulsan_023445,DKSR20000955_1,23,3.19,0.11037509860160492,0.3728317659352142,0.0
train,ulsan_023143,DKSR20000956_2,43,5.77,0.13384715683664988,0.23960138648180243,0.0
train,ulsan_017057,DKSR20001240_1,24,3.79,0.15961872969114926,0.2906882145998241,0.0
train,ulsan_026052,DKSR20000975_1,31,5.24,0.11106691894007921,0.36167302798982187,0.0
train,ulsan_000717,DKSR20000954_2,52,6.11,0.16462062873066413,0.21346153846153845,0.0
train,ulsan_000262,DKSR20000953_1,38,5.26,0.15923415301284355,0.23704055766793408,0.0
train,ulsan_015201,DKSR20001159_1,36,5.41,0.18353983605671517,0.08657578558225508,0.0
train,ulsan_020824,DKSR20001532_2,25,4.96,0.17865443653195387,0.2651125672043011,0.0
train,ulsan_015169,DKSR20001159_2,8,1.92,0.1630468632284804,0.2068576388888889,0.0
train,ulsan_023409,DKSR20000955_1,4,1.15,0.17399571352782786,0.25717391304347825,0.0
train,ulsan_015208,DKSR20001159_2,23,3.31,0.13434662282205376,0.17462235649546828,0.0
train,ulsan_008766,DKSR20001476_2,22,4.59,0.1190817531713831,0.32280319535221497,0.0
train,ulsan_014734,DKSR20001033_2,20,2.23,0.1791144610554497,0.18536995515695068,0.0
train,ulsan_022764,DKSR20001571_1,18,2.8,0.13216948578347695,0.22,0.0
train,ulsan_002097,DKSR20001132_1,35,4.17,0.15063153413173455,0.19707234212629895,0.0
train,ulsan_016587,DKSR20001208_1,14,2.22,0.18595039767329244,0.25506756756756754,0.0
train,ulsan_022933,DKSR20001571_1,27,4.31,0.17036749734022807,0.18932714617169374,0.0
train,ulsan_015442,DKSR20001160_2,2,2.24,0.15469472629963496,0.6463541666666667,0.0
train,ulsan_008272,DKSR20001413_2,32,3.93,0.13759882018813968,0.24768871925360475,0.0
train,ulsan_021819,DKSR20001568_1,1,0.72,0.15505987649404568,0.34421296296296294,0.0
train,ulsan_026889,DKSR20001203_2,34,6.97,0.0635542479373926,0.3333452893352463,0.0
train,ulsan_006196,DKSR20001284_2,12,1.73,0.09473236736936609,0.29101637764932564,0.0
train,ulsan_027303,DKSR20000980_2,28,4.79,0.11927101339325585,0.30632393876130826,0.0
train,ulsan_016621,DKSR20001208_2,14,2.97,0.19784333393412887,0.3570707070707071,0.0
train,ulsan_024532,DKSR20000963_1,41,5.97,0.11595895799826375,0.38741624790619766,0.0
train,ulsan_002522,DKSR20001144_2,9,1.12,0.0968105325233162,0.4992559523809524,0.0
train,ulsan_005754,DKSR20001280_2,27,3.78,0.1623035931604937,0.21644620811287477,0.0
train,ulsan_013528,DKSR20001677_2,14,1.28,0.15108343082245426,0.19267578125,0.0
train,ulsan_010807,DKSR20001608_1,26,5.02,0.10650808857247777,0.4987217795484728,0.0
train,ulsan_019369,DKSR20001507_1,37,5.06,0.13203102247299195,0.2068758234519104,0.0
train,ulsan_023136,DKSR20000956_2,13,2.8,0.17702283346257788,0.31346726190476193,0.0
train,ulsan_021105,DKSR20001533_1,40,5.84,0.19736195794238856,0.2752425799086758,0.0
train,ulsan_008423,DKSR20001475_2,38,5.400083333333333,0.14555219753431559,0.25570593046403606,0.0
train,ulsan_014759,DKSR20001033_2,19,3.12,0.1745108127151261,0.21611912393162394,0.0
train,ulsan_025359,DKSR20001156_2,19,2.98,0.12004250204498215,0.4155201342281879,0.0
train,ulsan_004763,DKSR20001168_2,9,2.51,0.12719669943544928,0.5131474103585657,0.0
train,ulsan_015783,DKSR20001202_1,21,3.86,0.22645766606870682,0.1780440414507772,0.0
train,ulsan_019864,DKSR20001509_2,44,6.54,0.18669080006818267,0.08107798165137614,0.0
train,ulsan_000634,DKSR20000954_1,4,1.17,0.11240968576713113,0.5515669515669516,0.0
train,ulsan_008437,DKSR20001475_1,19,3.03,0.16048197986598695,0.2863998899889989,0.0
train,ulsan_024869,DKSR20000973_1,32,4.53,0.12826301355185535,0.33700331125827815,0.0
train,ulsan_008504,DKSR20001475_2,56,5.45,0.16019384711434753,0.12879969418960244,0.0
train,ulsan_018047,DKSR20001336_2,14,1.62,0.13933551846962772,0.32463991769547323,0.0
train,ulsan_008470,DKSR20001475_2,41,4.6,0.08130533030229967,0.24215579710144927,0.0
train,ulsan_024967,DKSR20000973_2,13,2.23,0.08973194501807212,0.4155269058295964,0.0
train,ulsan_005224,DKSR20001169_1,15,1.88,0.11495961782960328,0.2896054964539007,0.0
train,ulsan_015912,DKSR20001202_2,94,8.31,0.08556668150226725,0.2664761331728841,0.0
train,ulsan_014054,DKSR20001031_2,28,2.28,0.18748113936810054,0.22377558479532164,0.0
train,ulsan_019127,DKSR20001507_2,12,3.42,0.11444756062390041,0.23556286549707603,0.0
train,ulsan_024718,DKSR20000962_2,13,3.01,0.16024378133206488,0.21814784053156147,0.0
train,ulsan_016003,DKSR20001206_1,17,2.34,0.24092019646345894,0.14889601139601139,0.0
train,ulsan_003136,DKSR20001146_2,12,2.39,0.12231326802400237,0.5995292887029289,0.0
train,ulsan_023177,DKSR20000956_1,36,6.24,0.16010208072851126,0.20158253205128204,0.0
train,ulsan_008900,DKSR20001476_1,18,1.78,0.1802899203450717,0.30330056179775283,0.0
train,ulsan_016269,DKSR20001207_2,24,3.42,0.151330046680064,0.2850268031189084,0.0
train,ulsan_022980,DKSR20001571_1,17,2.4,0.12307475226750167,0.27661458333333333,0.0
train,ulsan_020189,DKSR20001510_2,30,4.88,0.14912960575620857,0.27705771857923495,0.0
train,ulsan_007503,DKSR20001348_2,26,4.37,0.15085645677835946,0.3402173913043478,0.0
train,ulsan_020418,DKSR20001511_2,29,4.99,0.17858182250802834,0.23557114228456913,0.0
train,ulsan_027418,DKSR20001204_2,33,5.26,0.15656713857409352,0.28627217997465143,0.0
train,ulsan_025994,DKSR20001157_1,18,2.75,0.08172875810561638,0.3587727272727273,0.0
train,ulsan_018720,DKSR20001387_2,30,5.96,0.17535779474684032,0.3171630313199105,0.0
train,ulsan_011665,DKSR20001611_1,41,5.93,0.09071936300298229,0.2815345699831366,0.0
train,ulsan_014122,DKSR20001031_2,19,2.32,0.14350037577550498,0.27692169540229883,0.0
train,ulsan_016794,DKSR20001240_1,17,3.23,0.2084394515316568,0.13470072239422085,0.0
train,ulsan_008072,DKSR20001353_2,49,5.76,0.13123674898169407,0.24055266203703704,0.0
train,ulsan_027661,DKSR20001204_2,27,2.94,0.1631896652355403,0.21326530612244898,0.0
train,ulsan_017021,DKSR20001240_2,45,5.42,0.17188210363178782,0.22101014760147603,0.0
train,ulsan_021798,DKSR20001568_2,10,1.52,0.14506162506466913,0.11219846491228071,0.0
train,ulsan_022032,DKSR20001568_1,39,5.36,0.1549681066771969,0.17692008706467663,0.0
train,ulsan_002929,DKSR20001146_2,2,1.11,0.1260349841532318,0.6367492492492492,0.0
train,ulsan_014936,DKSR20001033_1,27,3.66,0.166081449482263,0.17980418943533696,0.0
train,ulsan_027114,DKSR20001203_2,22,3.18,0.09341489283376281,0.2957023060796646,0.0
train,ulsan_025412,DKSR20001156_1,29,4.02,0.12686451880362554,0.3109556384742952,0.0
train,ulsan_009707,DKSR20001536_1,36,4.38,0.16141549754327816,0.1974410197869102,0.0
train,ulsan_017191,DKSR20001241_2,20,3.49,0.1839000385796987,0.2249641833810888,0.0
train,ulsan_015578,DKSR20001160_2,30,5.12,0.12860185305421798,0.22679850260416667,0.0
train,ulsan_007947,DKSR20001352_2,61,8.51,0.13063684595495512,0.22792303172737954,0.0
train,ulsan_009143,DKSR20001487_1,40,4.95,0.11938370317256218,0.2665909090909091,0.0
train,ulsan_007928,DKSR20001352_1,41,4.74,0.15361267724482497,0.14414556962025316,0.0
train,ulsan_002625,DKSR20001145_1,16,2.61,0.1553484517791624,0.3030491698595147,0.0
train,ulsan_011913,DKSR20001617_2,32,4.48,0.18794279251196008,0.184375,0.0
train,ulsan_004867,DKSR20001168_2,17,2.37,0.14504952243755717,0.25868495077355835,0.0
train,ulsan_022985,DKSR20001571_1,39,4.64,0.12446541318314494,0.2101293103448276,0.0
train,ulsan_024696,DKSR20000962_2,33,5.11,0.11778167119752937,0.27018917155903455,0.0
train,ulsan_006487,DKSR20001285_2,22,3.42,0.13869695461626555,0.32781432748538014,0.0
train,ulsan_008129,DKSR20001353_1,58,8.0,0.1423724799841415,0.20900520833333333,0.0
train,ulsan_018376,DKSR20001380_2,41,4.18,0.14152579836389406,0.11728468899521531,0.0
train,ulsan_021561,DKSR20001537_1,14,2.58,0.17221315049252714,0.3016795865633075,0.0
train,ulsan_009104,DKSR20001487_2,45,5.09,0.18813343608865604,0.20031106745252128,0.0
train,ulsan_019745,DKSR20001509_2,23,3.29,0.12492707531980751,0.24480749746707192,0.0
train,ulsan_017726,DKSR20001288_1,24,3.65,0.08803895629850997,0.4080593607305936,0.0
train,ulsan_000044,DKSR20000953_1,23,3.15,0.17865427095763065,0.15128306878306877,0.0
train,ulsan_003335,DKSR20001147_2,14,5.48,0.11569359993146015,0.46166362530413624,0.0
train,ulsan_023483,DKSR20000955_2,10,2.44,0.1490876905971118,0.33316256830601093,0.0
train,ulsan_024226,DKSR20000961_2,21,4.33,0.09755939932012965,0.3171381832178599,0.0
train,ulsan_002542,DKSR20001145_1,19,3.12,0.15451076243472564,0.38697916666666665,0.0
train,ulsan_018949,DKSR20001491_1,39,4.99,0.18891362245047152,0.1949565798263193,0.0
train,ulsan_021234,DKSR20001534_1,18,2.54,0.20917451999017306,0.10564304461942257,0.0
train,ulsan_004021,DKSR20001165_1,28,4.22,0.15480278659289012,0.28713467614533966,0.0
train,ulsan_004174,DKSR20001166_1,4,1.5,0.13215720541242693,0.5414722222222222,0.0
train,ulsan_025983,DKSR20001157_1,17,3.65,0.1823486254149416,0.4020662100456621,0.0
train,ulsan_027470,DKSR20001204_2,13,2.21,0.15408526511253712,0.3713612368024133,0.0
train,ulsan_007650,DKSR20001351_1,40,5.13,0.17180651067310987,0.1852014294996751,0.0
train,ulsan_005995,DKSR20001284_2,23,4.14,0.05923073015400224,0.44334742351046696,0.0
train,ulsan_018123,DKSR20001336_1,13,2.33,0.16162558442895214,0.3299713876967096,0.0
train,ulsan_024222,DKSR20000961_2,50,6.24,0.17308810497119964,0.10554220085470085,0.0
train,ulsan_009766,DKSR20001536_1,37,4.69,0.12260093428765452,0.22017590618336888,0.0
train,ulsan_010995,DKSR20001608_2,25,3.86,0.0989050118574236,0.3981649395509499,0.0
train,ulsan_004762,DKSR20001168_2,44,5.73,0.11697592076618184,0.32824316463059916,0.0
train,ulsan_000415,DKSR20000954_1,8,1.74,0.24009260072722458,0.10969827586206897,0.0
train,ulsan_004616,DKSR20001167_1,33,4.73,0.160959269326121,0.31964411557434813,0.0
train,ulsan_021666,DKSR20001537_1,17,4.56,0.12911449387903634,0.40460526315789475,0.0
train,ulsan_020913,DKSR20001532_2,34,6.28,0.17593964918781277,0.24058519108280255,0.0
train,ulsan_004041,DKSR20001165_1,22,4.47,0.11372420243554625,0.45171513795674867,0.0
train,ulsan_010754,DKSR20001608_1,10,3.36,0.16169378140901794,0.3810515873015873,0.0
train,ulsan_006451,DKSR20001285_1,21,2.3,0.16490456451945,0.24248188405797103,0.0
train,ulsan_016297,DKSR20001207_1,33,4.88,0.13420486021450012,0.25786372950819675,0.0
train,ulsan_022832,DKSR20001571_2,32,4.24,0.09258585807082301,0.3325569968553459,0.0
train,ulsan_002024,DKSR20001132_1,26,2.71,0.13300059464983188,0.24277367773677735,0.0
train,ulsan_004278,DKSR20001166_2,23,4.52,0.12708633533411087,0.34157448377581123,0.0
train,ulsan_020314,DKSR20001511_1,45,5.58,0.17608911551771086,0.174634109916368,0.0
train,ulsan_012062,DKSR20001617_2,44,5.11,0.1501681958123719,0.19174820613176777,0.0
train,ulsan_022692,DKSR20001570_2,24,3.390083333333333,0.11996507402442949,0.21399424792900862,0.0
train,ulsan_007207,DKSR20001301_1,49,6.08,0.11671268083811864,0.28990542763157895,0.0
train,ulsan_013875,DKSR20001031_1,33,5.07,0.16647536228152765,0.18016929651545036,0.0
train,ulsan_014168,DKSR20001031_2,13,1.65,0.08476370957423443,0.30808080808080807,0.0
train,ulsan_025577,DKSR20000974_2,14,3.21,0.14665503215932715,0.4053738317757009,0.0
train,ulsan_014420,DKSR20001032_1,16,3.02,0.1823522524909707,0.17551048565121413,0.0
train,ulsan_026725,DKSR20000979_1,31,6.92,0.18571529170825327,0.2779865125240848,0.0
train,ulsan_011791,DKSR20001611_2,49,6.09,0.15877098082576926,0.23950465243568692,0.0
train,ulsan_009848,DKSR20001536_1,21,4.07,0.13950833660778258,0.30895782145782147,0.0
train,ulsan_010849,DKSR20001608_1,13,3.41,0.1307864951275742,0.5322336265884653,0.0
train,ulsan_003601,DKSR20001147_2,5,3.88,0.10206868030346618,0.5632839347079038,0.0
train,ulsan_006564,DKSR20001285_2,33,5.68,0.1119324821352175,0.5520026408450704,0.0
train,ulsan_006193,DKSR20001284_2,17,3.17,0.13306519704353012,0.3965036803364879,0.0
train,ulsan_018435,DKSR20001380_1,13,1.66,0.24433955081094597,0.17063253012048193,0.0
train,ulsan_020372,DKSR20001511_2,20,4.71,0.10861062897503794,0.48141365888181176,0.0
train,ulsan_015845,DKSR20001202_1,37,6.15,0.15245533652774776,0.3265718157181572,0.0
train,ulsan_010478,DKSR20001594_2,34,4.78,0.12629110655865905,0.39162308228730824,0.0
train,ulsan_014837,DKSR20001033_1,34,3.57,0.13337482320084207,0.1948062558356676,0.0
train,ulsan_011838,DKSR20001611_1,25,2.95,0.07260664210032089,0.32887005649717516,0.0
train,ulsan_012463,DKSR20001649_1,22,3.12,0.11452475231656056,0.35717147435897434,0.0
train,ulsan_009004,DKSR20001476_2,21,2.82,0.1689618386572911,0.25004432624113476,0.0
train,ulsan_022998,DKSR20001571_2,49,6.21,0.12098527028674426,0.21929012345679014,0.0
train,ulsan_022011,DKSR20001568_2,18,3.63,0.1365385282156706,0.17745638200183655,0.0
train,ulsan_018947,DKSR20001491_1,34,4.94,0.12669657192654651,0.3490384615384615,0.0
train,ulsan_015225,DKSR20001159_1,27,3.09,0.17288769964560038,0.1520631067961165,0.0
train,ulsan_025831,DKSR20001157_2,5,4.21,0.09224684084259119,0.7652117973079968,0.0
train,ulsan_003126,DKSR20001146_2,3,0.98,0.12580984780632878,0.49124149659863947,0.0
train,ulsan_005855,DKSR20001280_2,65,6.36,0.09598243693952987,0.16062631027253668,0.0
train,ulsan_025830,DKSR20001157_1,49,7.29,0.13661920953458895,0.30691015089163237,0.0
train,ulsan_020173,DKSR20001510_1,33,4.65,0.10691480380520287,0.1328942652329749,0.0
train,ulsan_022397,DKSR20001570_2,33,2.95,0.08565817638902927,0.2818361581920904,0.0
train,ulsan_026817,DKSR20000979_2,13,2.09,0.10794028622747076,0.3052232854864434,0.0
train,ulsan_027519,DKSR20001204_2,6,2.38,0.15366179050052847,0.5963760504201681,0.0
train,ulsan_027442,DKSR20001204_2,50,5.71,0.1725809850739551,0.15862521891418563,0.0
train,ulsan_010188,DKSR20001593_2,23,3.32,0.0993669235239158,0.31627761044176705,0.0
train,ulsan_014236,DKSR20001032_2,36,3.6,0.15667218582579726,0.09181712962962962,0.0
train,ulsan_012048,DKSR20001617_2,39,4.9,0.09678950646805483,0.20364795918367348,0.0
train,ulsan_002275,DKSR20001144_2,26,3.66,0.12189183668595774,0.2905851548269581,0.0
train,ulsan_022971,DKSR20001571_1,28,3.68,0.1261305442016873,0.21828577898550725,0.0
train,ulsan_012394,DKSR20001618_1,69,7.25,0.12175216222345125,0.2529310344827586,0.0
train,ulsan_007580,DKSR20001351_2,56,6.61,0.09746945868734519,0.25625945537065054,0.0
train,ulsan_001756,DKSR20001131_1,24,4.5,0.15369857318260943,0.32133333333333336,0.0
train,ulsan_010043,DKSR20001592_1,37,6.73,0.11978522783431765,0.3453875681030213,0.0
train,ulsan_003919,DKSR20001165_1,11,2.56,0.12004435234482906,0.44599609375,0.0
train,ulsan_027650,DKSR20001204_2,21,3.660083333333333,0.09012482743911145,0.29508663281801417,0.0
train,ulsan_026691,DKSR20000979_2,22,6.34,0.09894179657296752,0.3301721871713985,0.0
train,ulsan_015991,DKSR20001206_1,14,3.35,0.21163318012431845,0.2934701492537313,0.0
train,ulsan_023800,DKSR20000957_2,28,3.87,0.20595099200478897,0.16858311800172265,0.0
train,ulsan_005813,DKSR20001280_2,58,6.29,0.12048530215418758,0.26153948065712773,0.0
train,ulsan_008481,DKSR20001475_2,25,3.55,0.14936170754963743,0.19863849765258215,0.0
train,ulsan_005012,DKSR20001168_1,25,3.85,0.15807596213213124,0.2804329004329004,0.0
train,ulsan_021342,DKSR20001534_2,27,5.85,0.14083934321870828,0.22654558404558406,0.0
train,ulsan_011910,DKSR20001617_2,36,4.65,0.12394749583613524,0.1817652329749104,0.0
train,ulsan_027508,DKSR20001204_1,10,2.04,0.1399923870670142,0.22150735294117646,0.0
train,ulsan_006536,DKSR20001285_1,40,4.53,0.1818851409244752,0.19584253127299484,0.0
train,ulsan_018129,DKSR20001336_1,28,4.22,0.15294796614618966,0.29463862559241705,0.0
train,ulsan_016549,DKSR20001208_2,38,5.81,0.13432907833079696,0.22160786001147448,0.0
train,ulsan_023185,DKSR20000956_1,35,6.28,0.16839810516248443,0.281833864118896,0.0
train,ulsan_023285,DKSR20000955_2,10,2.43,0.16331227257613637,0.33719135802469136,0.0
train,ulsan_001547,DKSR20001131_1,45,4.73,0.11408510099992121,0.19718111346018322,0.0
train,ulsan_018958,DKSR20001491_2,14,2.36,0.18236300683111173,0.2317973163841808,0.0
train,ulsan_002993,DKSR20001146_1,31,4.78,0.1334675317829197,0.22706589958158996,0.0
train,ulsan_017405,DKSR20001287_1,26,3.76,0.1664374749081405,0.25913120567375886,0.0
train,ulsan_022641,DKSR20001570_1,30,4.46,0.11092169695360032,0.22780269058295965,0.0
train,ulsan_004528,DKSR20001167_2,47,5.23,0.10651233378263131,0.20259719566602932,0.0
train,ulsan_004838,DKSR20001168_2,20,2.59,0.11700219634728944,0.361003861003861,0.0
train,ulsan_007872,DKSR20001352_1,46,5.61,0.11715509518947331,0.244674688057041,0.0
train,ulsan_002717,DKSR20001145_2,9,2.06,0.12804365503377607,0.3343042071197411,0.0
train,ulsan_021330,DKSR20001534_2,32,6.43,0.15394436734709435,0.2916861067910835,0.0
train,ulsan_008430,DKSR20001475_1,9,1.99,0.14017208255215702,0.19600083752093803,0.0
train,ulsan_015546,DKSR20001160_2,20,3.51,0.19481111482376326,0.13537511870845204,0.0
train,ulsan_011764,DKSR20001611_2,49,3.99,0.15373189227366887,0.16326232247284878,0.0
train,ulsan_016377,DKSR20001207_1,38,5.17,0.14770975932323713,0.31534493874919406,0.0
train,ulsan_005797,DKSR20001280_2,34,3.74,0.1375918007356409,0.18446969696969698,0.0
train,ulsan_001311,DKSR20001094_2,42,5.61,0.113645120491814,0.26821152703505646,0.0
train,ulsan_022083,DKSR20001569_2,15,2.1,0.1629849983130867,0.22432539682539682,0.0
train,ulsan_001772,DKSR20001131_1,18,3.42,0.11535025267185665,0.3365375243664717,0.0
train,ulsan_005010,DKSR20001168_1,13,2.18,0.1365370363127504,0.2687882262996942,0.0
train,ulsan_002887,DKSR20001146_1,16,3.08,0.12214433929268105,0.4055330086580087,0.0
train,ulsan_021562,DKSR20001537_1,26,3.31,0.10879355113425791,0.334718026183283,0.0
train,ulsan_005521,DKSR20001278_2,36,3.75,0.14553442017792811,0.20225555555555555,0.0
train,ulsan_008298,DKSR20001413_2,39,4.51,0.13155636637597348,0.2847560975609756,0.0
train,ulsan_010158,DKSR20001592_1,29,4.2,0.1129294228552651,0.3946924603174603,0.0
train,ulsan_019031,DKSR20001491_2,48,5.62,0.16235689010241622,0.21325622775800712,0.0
train,ulsan_026822,DKSR20000979_1,10,2.2,0.1855572319556308,0.22327651515151514,0.0
train,ulsan_009504,DKSR20001535_2,38,5.78,0.1748868228521443,0.17770328719723183,0.0
train,ulsan_014237,DKSR20001032_2,23,2.45,0.16141490030549563,0.155,0.0
train,ulsan_016778,DKSR20001240_1,20,3.95,0.18467941420039832,0.237373417721519,0.0
train,ulsan_008193,DKSR20001353_1,42,7.59,0.11061689930942235,0.4170399648660518,0.0
train,ulsan_006236,DKSR20001284_2,19,2.88,0.19223477548980086,0.17065972222222223,0.0
train,ulsan_019473,DKSR20001508_1,36,5.41,0.10049108199543451,0.16033579790511399,0.0
train,ulsan_020397,DKSR20001511_1,23,3.09,0.11025092081675772,0.2657497303128371,0.0
train,ulsan_007948,DKSR20001352_2,46,5.57,0.15626192226360516,0.21962896469180132,0.0
train,ulsan_002296,DKSR20001144_1,40,4.18,0.1280946471701476,0.17720295055821372,0.0
train,ulsan_012667,DKSR20001650_1,39,4.05,0.19502292149999542,0.281059670781893,0.0
train,ulsan_019624,DKSR20001508_2,8,2.47,0.16040604603254374,0.2117408906882591,0.0
train,ulsan_014900,DKSR20001033_2,9,2.09,0.17263299739655932,0.2610446570972887,0.0
train,ulsan_014783,DKSR20001033_1,14,1.15,0.1535227233233219,0.2848913043478261,0.0
train,ulsan_009497,DKSR20001535_2,41,5.57,0.1389629234034804,0.16703321364452423,0.0
train,ulsan_013931,DKSR20001031_2,13,1.97,0.12342712642451642,0.4156091370558376,0.0
train,ulsan_010631,DKSR20001594_1,26,4.13,0.1252701411150967,0.3126311541565779,0.0
train,ulsan_025543,DKSR20000974_1,21,2.19,0.1190300573638404,0.30121765601217654,0.0
train,ulsan_001885,DKSR20001132_1,65,5.98,0.1637920274562557,0.17412207357859533,0.0
train,ulsan_009834,DKSR20001536_1,14,2.73,0.16068981210740874,0.3043192918192918,0.0
train,ulsan_020740,DKSR20001512_1,32,4.93,0.09964058685379211,0.2563810006761325,0.0
train,ulsan_022815,DKSR20001571_1,30,3.77,0.1765711295180294,0.13657161803713527,0.0
train,ulsan_000674,DKSR20000954_2,28,3.29,0.17385484591280556,0.17544326241134753,0.0
train,ulsan_009975,DKSR20001592_2,35,4.88,0.13612400317234385,0.2616034836065574,0.0
train,ulsan_018431,DKSR20001380_2,24,3.9,0.17808773164204278,0.0733440170940171,0.0
train,ulsan_021133,DKSR20001533_2,21,4.56,0.1538224426814122,0.18996710526315788,0.0
train,ulsan_002823,DKSR20001145_2,14,2.26,0.1089351280032705,0.46884218289085544,0.0
train,ulsan_021415,DKSR20001534_2,45,5.9,0.16339094768132875,0.2088771186440678,0.0
train,ulsan_015183,DKSR20001159_1,22,2.99,0.17039661295170586,0.14613991081382385,0.0
train,ulsan_007027,DKSR20001300_1,28,3.33,0.19937239891019418,0.09503253253253253,0.0
train,ulsan_024239,DKSR20000961_1,14,2.44,0.123858049814526,0.24697745901639345,0.0
train,ulsan_016768,DKSR20001240_1,39,7.86,0.12516216161768004,0.48663592027141644,0.0
train,ulsan_026955,DKSR20001203_2,19,3.18,0.15237140453512746,0.2533280922431866,0.0
train,ulsan_008242,DKSR20001413_2,31,4.56,0.10449996889967994,0.4856268274853801,0.0
train,ulsan_010773,DKSR20001608_1,17,4.91,0.12348965110802851,0.5448404616429057,0.0
train,ulsan_016225,DKSR20001206_1,15,2.96,0.16239386638891232,0.3011542792792793,0.0
train,ulsan_004696,DKSR20001168_2,15,2.08,0.1545381920445854,0.25993589743589746,0.0
train,ulsan_025207,DKSR20001156_1,16,2.22,0.14723876170510453,0.25236486486486487,0.0
train,ulsan_003966,DKSR20001165_1,29,4.17,0.15916590479468437,0.1866207034372502,0.0
train,ulsan_023580,DKSR20000955_1,15,3.16,0.11703225093965286,0.37703059071729955,0.0
train,ulsan_008117,DKSR20001353_1,18,2.12,0.13628507248164295,0.22590408805031448,0.0
train,ulsan_016055,DKSR20001206_2,59,5.18,0.18062488849864977,0.14632400257400258,0.0
train,ulsan_021509,DKSR20001537_2,5,2.58,0.17986444491853165,0.25463501291989665,0.0
train,ulsan_007453,DKSR20001348_1,27,4.16,0.1284799547880556,0.4795372596153846,0.0
train,ulsan_011713,DKSR20001611_2,44,5.18,0.2029877382404705,0.17228925353925353,0.0
train,ulsan_009465,DKSR20001535_2,40,5.45,0.19124257161398983,0.2142737003058104,0.0
train,ulsan_007492,DKSR20001348_1,27,3.97,0.1491653320282574,0.3206129303106633,0.0
train,ulsan_004442,DKSR20001167_1,32,4.53,0.123276066636457,0.33693892568064754,0.0
train,ulsan_017248,DKSR20001241_2,24,4.41,0.12636857132122783,0.22700302343159487,0.0
train,ulsan_002613,DKSR20001145_1,3,1.35,0.13724890069397996,0.555,0.0
train,ulsan_013500,DKSR20001677_1,36,4.48,0.13860310390211977,0.3039620535714286,0.0
train,ulsan_010051,DKSR20001592_2,21,2.94,0.10847970337373342,0.30551303854875284,0.0
train,ulsan_021307,DKSR20001534_1,29,5.2,0.15819344796226847,0.24953525641025642,0.0
train,ulsan_015790,DKSR20001202_2,15,2.12,0.12353093800311488,0.2962264150943396,0.0
train,ulsan_007679,DKSR20001351_2,44,5.08,0.12216140356469113,0.1412483595800525,0.0
train,ulsan_001545,DKSR20001131_1,59,5.94,0.1277302709866277,0.24284511784511784,0.0
train,ulsan_004198,DKSR20001166_2,11,1.56,0.14461396502403795,0.4099358974358974,0.0
train,ulsan_005472,DKSR20001278_1,34,5.6,0.17419355943709985,0.2670684523809524,0.0
train,ulsan_022304,DKSR20001569_2,9,2.58,0.15997993942887184,0.16041666666666668,0.0
train,ulsan_001769,DKSR20001131_1,20,4.7,0.09768162484981187,0.47650709219858156,0.0
train,ulsan_024777,DKSR20000962_2,16,2.61,0.13074026036639597,0.3018837803320562,0.0
train,ulsan_016254,DKSR20001207_2,22,4.97,0.17059766629796333,0.20488765928906774,0.0
train,ulsan_026566,DKSR20001158_1,13,1.75,0.1654975359971397,0.21607142857142858,0.0
train,ulsan_027339,DKSR20000980_1,37,6.14,0.14608892279011987,0.22975027144408253,0.0
train,ulsan_002187,DKSR20001144_1,12,2.09,0.10704008974494511,0.2241626794258373,0.0
train,ulsan_026924,DKSR20001203_1,22,3.2,0.18062237390841304,0.2469921875,0.0
train,ulsan_007936,DKSR20001352_2,33,5.83,0.13787899756476785,0.29110920526014866,0.0
train,ulsan_014586,DKSR20001032_2,32,3.61,0.14833480557375658,0.33266389658356416,0.0
train,ulsan_013270,DKSR20001677_2,19,2.78,0.14483931386099425,0.20530575539568346,0.0
train,ulsan_009217,DKSR20001487_1,6,1.16,0.12896530310421392,0.43886494252873565,0.0
train,ulsan_001851,DKSR20001132_1,10,4.27,0.1425025257700263,0.5922326307572209,0.0
train,ulsan_013328,DKSR20001677_2,11,1.84,0.11523675382824329,0.39746376811594203,0.0
train,ulsan_026058,DKSR20000975_2,22,5.23,0.083962706245432,0.4161408540471638,0.0
train,ulsan_004705,DKSR20001168_2,24,4.28,0.1429457224808136,0.4025798286604361,0.0
train,ulsan_019027,DKSR20001491_2,8,2.57,0.09061701948542061,0.6932230869001297,0.0
train,ulsan_006996,DKSR20001300_1,22,4.08,0.1322714538224361,0.32651143790849674,0.0
train,ulsan_014063,DKSR20001031_2,59,4.65,0.15294891706491928,0.2585035842293907,0.0
train,ulsan_004088,DKSR20001165_1,35,5.32,0.11227952449849474,0.38764097744360904,0.0
train,ulsan_010763,DKSR20001608_2,25,4.41,0.11306426486442535,0.4771825396825397,0.0
train,ulsan_015795,DKSR20001202_2,36,3.91,0.1239892782808563,0.21511082693947145,0.0
train,ulsan_018707,DKSR20001387_1,88,12.51,0.11556338673323112,0.20862310151878496,0.0
train,ulsan_013952,DKSR20001031_1,11,1.59,0.1742596400656013,0.2790356394129979,0.0
train,ulsan_003823,DKSR20001165_2,18,3.54,0.10832913744345804,0.38442796610169494,0.0
train,ulsan_026899,DKSR20001203_1,25,4.52,0.16061370365065197,0.19668141592920355,0.0
train,ulsan_011574,DKSR20001610_2,16,2.74,0.12173589131469925,0.37834549878345497,0.0
train,ulsan_023743,DKSR20000957_2,34,6.03,0.136292609255671,0.28121890547263684,0.0
train,ulsan_001424,DKSR20001094_2,32,5.07,0.11696756895263903,0.4012902695595003,0.0
train,ulsan_001741,DKSR20001131_1,28,4.75,0.12341848866668646,0.2279561403508772,0.0
train,ulsan_026862,DKSR20001203_2,22,4.49,0.14332168345389298,0.31034706755753527,0.0
train,ulsan_018132,DKSR20001336_1,28,3.68,0.12874904171988702,0.3277400362318841,0.0
train,ulsan_015067,DKSR20001159_1,14,1.77,0.1300672585001963,0.17356403013182675,0.0
train,ulsan_019040,DKSR20001491_2,17,4.52,0.15411888581884248,0.3709808259587021,0.0
train,ulsan_023903,DKSR20000958_1,23,5.17,0.18082483096300594,0.3508381689232753,0.0
train,ulsan_005426,DKSR20001278_2,29,4.42,0.18269269036017252,0.1517156862745098,0.0
train,ulsan_020752,DKSR20001512_2,8,1.9,0.14519286253058883,0.40366228070175436,0.0
train,ulsan_006525,DKSR20001285_2,40,4.8,0.1048137282272595,0.2502170138888889,0.0
train,ulsan_000184,DKSR20000953_1,23,2.55,0.09125577493139583,0.3642156862745098,0.0
train,ulsan_007170,DKSR20001301_1,44,5.27,0.14111411592936937,0.15564516129032258,0.0
train,ulsan_002561,DKSR20001145_2,43,5.02,0.12382802194057455,0.2649402390438247,0.0
train,ulsan_025466,DKSR20000974_2,36,5.06,0.09552081239775717,0.2658102766798419,0.0
train,ulsan_005303,DKSR20001169_1,19,2.35,0.12228100585058509,0.3676418439716312,0.0
train,ulsan_014561,DKSR20001032_1,14,1.84,0.18385416853991857,0.14827898550724639,0.0
train,ulsan_025672,DKSR20000974_2,27,4.91,0.12251279421155824,0.26592837746096404,0.0
train,ulsan_014312,DKSR20001032_2,23,2.93,0.10378512291559722,0.38118600682593856,0.0
train,ulsan_011917,DKSR20001617_2,22,3.53,0.23548755116170403,0.12404390934844192,0.0
train,ulsan_009009,DKSR20001476_2,27,3.23,0.14099088096658433,0.19349845201238391,0.0
train,ulsan_010976,DKSR20001608_2,17,2.68,0.13077375406600047,0.3111473880597015,0.0
train,ulsan_015022,DKSR20001033_1,23,3.05,0.13154690543041753,0.14219945355191257,0.0
train,ulsan_023171,DKSR20000956_1,25,5.44,0.21033785646499112,0.17853094362745098,0.0
train,ulsan_001891,DKSR20001132_1,18,2.32,0.13028812884097746,0.2885596264367816,0.0
train,ulsan_010637,DKSR20001594_2,27,3.71,0.13232362376205295,0.3605907457322552,0.0
train,ulsan_026069,DKSR20000975_2,39,5.0,0.10334231903354808,0.20928333333333332,0.0
train,ulsan_007813,DKSR20001352_1,62,7.84,0.14514814525678574,0.1739795918367347,0.0
train,ulsan_025371,DKSR20001156_2,24,5.11,0.15931745621423635,0.2589122635355512,0.0
train,ulsan_018581,DKSR20001386_1,61,9.26,0.14441071617968113,0.36123110151187904,0.0
train,ulsan_008818,DKSR20001476_2,35,4.7,0.15999019904179354,0.1803900709219858,0.0
train,ulsan_025370,DKSR20001156_2,44,6.06,0.10445374757517625,0.33510038503850387,0.0
train,ulsan_001730,DKSR20001131_1,16,2.4,0.10250046357802635,0.36029513888888887,0.0
train,ulsan_009167,DKSR20001487_1,16,2.91,0.12448645510198146,0.4245704467353952,0.0
train,ulsan_021409,DKSR20001534_2,52,7.34,0.15214476862165152,0.24903496821071752,0.0
train,ulsan_022470,DKSR20001570_1,10,2.11,0.13680807729035732,0.23143759873617695,0.0
train,ulsan_001458,DKSR20001094_1,23,3.17,0.17560310268437146,0.2705967402733964,0.0
train,ulsan_008045,DKSR20001353_1,31,3.54,0.14635163019417674,0.25343691148775893,0.0
train,ulsan_014228,DKSR20001032_1,24,3.21,0.15374084409948163,0.11656282450674973,0.0
train,ulsan_005820,DKSR20001280_2,53,5.83,0.09922318110243257,0.2258290451686678,0.0
train,ulsan_015272,DKSR20001159_1,26,3.88,0.1162158370632376,0.33709192439862545,0.0
train,ulsan_013771,DKSR20001715_1,26,3.42,0.17333473884146716,0.305567738791423,0.0
train,ulsan_013398,DKSR20001677_2,44,6.54,0.11260150096256498,0.22868246687054025,0.0
train,ulsan_023646,DKSR20000957_1,38,7.34,0.14542539498366452,0.32389872842870115,0.0
train,ulsan_007316,DKSR20001301_1,24,4.14,0.18334609312999842,0.20193236714975846,0.0
train,ulsan_022297,DKSR20001569_1,24,2.98,0.14250158955585362,0.11068232662192394,0.0
train,ulsan_006967,DKSR20001300_1,19,1.96,0.15948778136883124,0.1646045918367347,0.0
train,ulsan_023408,DKSR20000955_1,7,1.47,0.16026648981225136,0.3113095238095238,0.0
train,ulsan_006707,DKSR20001286_2,61,5.31,0.13000346841598648,0.2920433145009416,0.0
train,ulsan_007884,DKSR20001352_2,64,7.17,0.11080431648965966,0.18484425848442584,0.0
train,ulsan_015001,DKSR20001033_1,23,2.73,0.1456601107026821,0.1856990231990232,0.0
train,ulsan_006302,DKSR20001285_2,13,1.83,0.11721731176649156,0.37422586520947176,0.0
train,ulsan_019762,DKSR20001509_2,33,4.589958333333334,0.11039387141055015,0.3073829646238619,0.0
train,ulsan_017017,DKSR20001240_2,52,8.060083333333333,0.14534650202399718,0.2146689963916833,0.0
train,ulsan_013293,DKSR20001677_1,31,3.72,0.18554083745560718,0.2216733870967742,0.0
train,ulsan_021070,DKSR20001533_1,30,4.47,0.18007809632455998,0.2218027591349739,0.0
train,ulsan_000577,DKSR20000954_1,3,0.78,0.1763490583507489,0.29407051282051283,0.0
train,ulsan_027290,DKSR20000980_2,33,3.49,0.1444588341936491,0.27732808022922634,0.0
train,ulsan_011232,DKSR20001609_2,15,2.72,0.10445103040933196,0.3826746323529412,0.0
train,ulsan_006080,DKSR20001284_2,39,4.51,0.1482050763319734,0.1554970436067997,0.0
train,ulsan_024792,DKSR20000962_2,34,5.56,0.08232032861730185,0.2777203237410072,0.0
train,ulsan_027555,DKSR20001204_2,37,3.75,0.12808876171810427,0.40673333333333334,0.0
train,ulsan_007279,DKSR20001301_2,21,3.87,0.12777204003193238,0.21146640826873386,0.0
train,ulsan_000130,DKSR20000953_2,7,1.76,0.10424324818129375,0.24230587121212122,0.0
train,ulsan_009908,DKSR20001536_1,76,7.42,0.11803352580080931,0.19777066486972147,0.0
train,ulsan_022570,DKSR20001570_2,46,5.37,0.12535221998332224,0.14762569832402234,0.0
train,ulsan_011489,DKSR20001610_2,29,4.26,0.10035589270775058,0.28367566510172143,0.0
train,ulsan_021937,DKSR20001568_2,23,4.0,0.10960685171348439,0.2536875,0.0
train,ulsan_008884,DKSR20001476_1,15,1.76,0.08800027017704218,0.4582149621212121,0.0
train,ulsan_020822,DKSR20001532_2,32,5.23,0.1264233427557381,0.2397944550669216,0.0
train,ulsan_008885,DKSR20001476_1,13,2.14,0.19884553614363237,0.28547507788161997,0.0
train,ulsan_016175,DKSR20001206_1,19,3.52,0.18325559955619716,0.16154119318181817,0.0
train,ulsan_019594,DKSR20001508_1,29,4.52,0.13864285524396117,0.10918141592920354,0.0
train,ulsan_022133,DKSR20001569_1,9,1.29,0.13635606992391508,0.09324935400516796,0.0
train,ulsan_010079,DKSR20001592_1,43,5.82,0.13073775961950732,0.25330756013745703,0.0
train,ulsan_017326,DKSR20001287_2,33,3.7,0.18543319525364216,0.15800675675675677,0.0
train,ulsan_015374,DKSR20001160_2,14,2.56,0.14231353235939811,0.157080078125,0.0
train,ulsan_010815,DKSR20001608_2,43,5.21,0.1303849897654896,0.3000639795265515,0.0
train,ulsan_000012,DKSR20000953_1,39,4.47,0.16335659696239435,0.19191834451901565,0.0
train,ulsan_023103,DKSR20000956_1,32,4.61,0.193691303042543,0.15242227042660883,0.0
train,ulsan_010565,DKSR20001594_1,29,3.52,0.10805287398942476,0.34992897727272726,0.0
train,ulsan_008073,DKSR20001353_2,48,6.97,0.1320650483398089,0.26330105212816834,0.0
train,ulsan_010034,DKSR20001592_2,12,3.35,0.12370220011441697,0.5542412935323383,0.0
train,ulsan_026462,DKSR20001158_1,23,3.34,0.1654891827733993,0.2403567864271457,0.0
train,ulsan_003875,DKSR20001165_1,28,3.62,0.10970113181738315,0.3062845303867403,0.0
train,ulsan_009844,DKSR20001536_1,21,2.85,0.162404247986685,0.3786549707602339,0.0
train,ulsan_022996,DKSR20001571_2,17,3.32,0.13521537027171515,0.38151355421686745,0.0
train,ulsan_002788,DKSR20001145_1,48,5.33,0.1057986020866944,0.27940118824265164,0.0
train,ulsan_006017,DKSR20001284_2,17,1.91,0.15072990439596204,0.23165357766143108,0.0
train,ulsan_021875,DKSR20001568_2,11,2.4,0.12730706004797837,0.3996354166666667,0.0
train,ulsan_020512,DKSR20001511_2,10,3.69,0.16918541317277147,0.3991869918699187,0.0
train,ulsan_019323,DKSR20001507_2,43,5.68,0.1874759706904556,0.12424442488262911,0.0
train,ulsan_018665,DKSR20001387_2,71,11.31,0.16387885356091317,0.2563107869142352,0.0
train,ulsan_008834,DKSR20001476_2,35,3.99,0.11394235221420952,0.26746031746031745,0.0
train,ulsan_002526,DKSR20001145_1,18,4.52,0.139733895758236,0.4339048672566372,0.0
train,ulsan_026067,DKSR20000975_2,34,4.67,0.11245120672371142,0.2517487508922198,0.0
train,ulsan_000334,DKSR20000953_2,19,3.83,0.19021104661791244,0.1108899042645779,0.0
train,ulsan_017353,DKSR20001287_1,22,2.77,0.1775178972235061,0.2483904933814681,0.0
train,ulsan_006201,DKSR20001284_2,18,4.08,0.12065747762295312,0.3600796568627451,0.0
train,ulsan_019753,DKSR20001509_1,17,2.92,0.13521618156106135,0.16913527397260275,0.0
train,ulsan_007788,DKSR20001352_1,37,4.44,0.11057580717240569,0.2728415915915916,0.0
train,ulsan_016064,DKSR20001206_2,15,2.88,0.10846522715874377,0.3070891203703704,0.0
train,ulsan_017063,DKSR20001241_1,31,3.71,0.15211248285475787,0.16610512129380053,0.0
train,ulsan_004822,DKSR20001168_2,12,2.08,0.15174092639614492,0.36376201923076923,0.0
train,ulsan_020427,DKSR20001511_1,26,3.78,0.1676860529846024,0.2863536155202822,0.0
train,ulsan_014449,DKSR20001032_1,17,2.04,0.15878191895017618,0.18445669934640524,0.0
train,ulsan_026090,DKSR20000975_1,57,6.69,0.13710037607731937,0.17489412057797707,0.0
train,ulsan_010761,DKSR20001608_2,37,5.17,0.1130590020948517,0.41904416505480335,0.0
train,ulsan_008522,DKSR20001475_1,35,4.39,0.17230290812079094,0.11428435839028094,0.0
train,ulsan_010334,DKSR20001593_1,28,2.98,0.1219426584927361,0.32181208053691274,0.0
train,ulsan_027580,DKSR20001204_1,17,2.68,0.13551926877587894,0.21259328358208956,0.0
train,ulsan_022077,DKSR20001569_1,12,1.78,0.08726894303832251,0.21455992509363295,0.0
train,ulsan_013346,DKSR20001677_1,15,2.88,0.14062636375681964,0.2643084490740741,0.0
train,ulsan_002124,DKSR20001132_1,18,3.84,0.10899624431642872,0.46806640625,0.0
train,ulsan_013689,DKSR20001715_1,15,2.71,0.12628342604299306,0.40072263222632226,0.0
train,ulsan_017002,DKSR20001240_1,22,3.03,0.2079344106304812,0.23054180418041803,0.0
train,ulsan_026118,DKSR20000975_1,59,6.91,0.13326024231341105,0.28612518089725036,0.0
train,ulsan_002734,DKSR20001145_2,44,6.68,0.11738833926867756,0.2971494510978044,0.0
train,ulsan_001074,DKSR20000960_1,25,7.619958333333333,0.18439701300319225,0.37278747149754754,0.0
train,ulsan_023420,DKSR20000955_1,13,2.93,0.16239824738809114,0.170207622298066,0.0
train,ulsan_000146,DKSR20000953_1,20,2.44,0.1723584306358633,0.09859972677595628,0.0
train,ulsan_015725,DKSR20001202_2,18,2.96,0.056338712259716275,0.30308277027027025,0.0
train,ulsan_006868,DKSR20001286_1,32,4.4,0.1435451765396902,0.2707859848484849,0.0
train,ulsan_027071,DKSR20001203_2,24,3.88,0.17581849635080332,0.10766752577319588,0.0
train,ulsan_026799,DKSR20000979_2,35,5.81,0.13569236478841534,0.18094520940906483,0.0
train,ulsan_025774,DKSR20001157_1,27,2.89,0.13499259799395288,0.23094002306805075,0.0
train,ulsan_020194,DKSR20001510_2,10,2.04,0.13387596450430284,0.39191176470588235,0.0
train,ulsan_011284,DKSR20001609_2,35,4.5,0.13787775250736276,0.38272222222222224,0.0
train,ulsan_018879,DKSR20001491_1,17,4.19,0.1297907836016026,0.6561853619729515,0.0
train,ulsan_016806,DKSR20001240_1,4,3.5,0.15664471361919247,0.7030238095238095,0.0
train,ulsan_023175,DKSR20000956_1,55,6.83,0.12801530401173092,0.2728221083455344,0.0
train,ulsan_002141,DKSR20001132_2,7,4.1,0.045136537196385954,0.8423475609756098,0.0
train,ulsan_019536,DKSR20001508_1,38,6.09,0.13565873113445476,0.1413998357963875,0.0
train,ulsan_021557,DKSR20001537_2,38,5.29,0.18291511250589298,0.10448172652804033,0.0
train,ulsan_013610,DKSR20001715_1,8,4.02,0.17583015099138954,0.5940816749585406,0.0
train,ulsan_024795,DKSR20000962_2,33,5.68,0.06698857746279795,0.4303036971830986,0.0
train,ulsan_005121,DKSR20001169_2,19,4.36,0.13690295280765688,0.45939411314984707,0.0
train,ulsan_012352,DKSR20001618_2,29,3.12,0.19041612290187876,0.14702190170940171,0.0
train,ulsan_010760,DKSR20001608_2,14,2.36,0.1321808400334433,0.4113524011299435,0.0
train,ulsan_024485,DKSR20000963_1,33,3.75,0.07598493821119627,0.32695555555555555,0.0
train,ulsan_008693,DKSR20001475_1,15,2.63,0.16878328761038894,0.3363751584283904,0.0
train,ulsan_021866,DKSR20001568_2,10,3.89,0.08106690632901488,0.5211868037703513,0.0
train,ulsan_007547,DKSR20001348_1,20,3.58,0.09714944127226799,0.46682960893854747,0.0
train,ulsan_006877,DKSR20001300_1,41,8.35,0.08992563666583338,0.37224051896207583,0.0
train,ulsan_012442,DKSR20001649_1,31,6.01,0.08306213367141138,0.3797559622850804,0.0
train,ulsan_012295,DKSR20001618_1,45,5.21,0.15637482814615328,0.19596129238643634,0.0
train,ulsan_025614,DKSR20000974_2,12,3.06,0.15996834205412552,0.3282407407407407,0.0
train,ulsan_009963,DKSR20001592_1,28,4.26,0.15232134390969476,0.339651799687011,0.0
train,ulsan_023706,DKSR20000957_2,26,6.18,0.15669028292165108,0.30429476806903993,0.0
train,ulsan_012241,DKSR20001618_2,25,3.75,0.15817127620431148,0.3086,0.0
train,ulsan_010656,DKSR20001594_1,21,3.28,0.1359072475414405,0.32407266260162604,0.0
train,ulsan_016258,DKSR20001207_2,18,3.38,0.1765527608013439,0.15606508875739644,0.0
train,ulsan_004715,DKSR20001168_2,7,1.89,0.11968965056605187,0.48930776014109345,0.0
train,ulsan_003447,DKSR20001147_2,29,4.31,0.10350938366797281,0.2553170920340294,0.0
train,ulsan_005701,DKSR20001280_1,34,5.23,0.15532555121058142,0.2823215423836839,0.0
train,ulsan_026454,DKSR20001158_1,19,2.46,0.23492224519738597,0.08897357723577236,0.0
train,ulsan_010502,DKSR20001594_1,17,2.66,0.1749967687378511,0.28649749373433586,0.0
train,ulsan_008815,DKSR20001476_2,7,1.63,0.15661089958671814,0.33159509202453985,0.0
train,ulsan_010140,DKSR20001592_2,40,5.27,0.09421326279044082,0.39389626818469325,0.0
train,ulsan_024666,DKSR20000962_2,34,5.06,0.132928905956192,0.21489624505928853,0.0
train,ulsan_000776,DKSR20000959_1,39,5.98,0.1395567191870671,0.3805811036789298,0.0
train,ulsan_020996,DKSR20001532_1,30,6.030083333333334,0.15748392593123942,0.2519520183524274,0.0
train,ulsan_004353,DKSR20001166_2,15,2.6,0.15376258104836024,0.28868589743589745,0.0
train,ulsan_004963,DKSR20001168_2,21,2.95,0.09767998153874341,0.2965536723163842,0.0
train,ulsan_012968,DKSR20001651_1,19,2.81,0.09080073418252185,0.34070284697508896,0.0
train,ulsan_008790,DKSR20001476_2,16,2.07,0.10934268100730066,0.45348228663446055,0.0
train,ulsan_015104,DKSR20001159_2,31,4.26,0.17386079659296982,0.18337245696400625,0.0
train,ulsan_003098,DKSR20001146_2,37,5.11,0.1276448802020051,0.28808708414872797,0.0
train,ulsan_024918,DKSR20000973_1,23,4.18,0.13216207722853524,0.25376794258373203,0.0
train,ulsan_013575,DKSR20001715_1,31,5.61,0.1522147533346966,0.36073232323232324,0.0
train,ulsan_005082,DKSR20001169_1,24,3.86,0.13508333846271064,0.3276554404145078,0.0
train,ulsan_000382,DKSR20000953_2,21,3.66,0.12308200711137214,0.16868169398907104,0.0
train,ulsan_000444,DKSR20000954_2,12,2.53,0.21037871623774393,0.18354743083003952,0.0
train,ulsan_027492,DKSR20001204_1,26,5.03,0.1717370742761968,0.054879058979456594,0.0
train,ulsan_009093,DKSR20001487_2,23,3.48,0.1660772345851684,0.3716355363984674,0.0
train,ulsan_024815,DKSR20000962_2,20,4.4,0.11699296896989382,0.20773674242424242,0.0
train,ulsan_004240,DKSR20001166_1,53,7.05,0.09065382951840574,0.41475768321513,0.0
train,ulsan_021818,DKSR20001568_1,19,2.72,0.13820372092371971,0.27547487745098037,0.0
train,ulsan_004680,DKSR20001168_2,26,4.19,0.14026322199952607,0.26976929196499605,0.0
train,ulsan_021862,DKSR20001568_1,5,1.68,0.12519108576571575,0.5268105158730159,0.0
train,ulsan_021281,DKSR20001534_2,50,7.8,0.12024250217653246,0.4178311965811966,0.0
train,ulsan_011687,DKSR20001611_2,25,2.29,0.18669765258256413,0.18755458515283843,0.0
train,ulsan_007850,DKSR20001352_1,25,4.23,0.15132500915797403,0.34545902285263985,0.0
train,ulsan_005672,DKSR20001280_1,5,1.4,0.13194094314538468,0.4257440476190476,0.0
train,ulsan_003649,DKSR20001149_2,33,5.07,0.126428820480216,0.3041748849441157,0.0
train,ulsan_015280,DKSR20001159_2,14,2.4,0.19324002699833118,0.23057291666666666,0.0
train,ulsan_017553,DKSR20001287_1,40,5.1,0.07410012288275719,0.3186111111111111,0.0
train,ulsan_002905,DKSR20001146_2,17,3.04,0.1318796787581806,0.2124314692982456,0.0
train,ulsan_005896,DKSR20001280_2,38,4.97,0.11609852369498619,0.23539570757880618,0.0
train,ulsan_021508,DKSR20001537_2,13,3.63,0.22013841712971563,0.11367079889807162,0.0
train,ulsan_004255,DKSR20001166_1,44,5.12,0.10941025624676931,0.250830078125,0.0
train,ulsan_001917,DKSR20001132_2,12,1.99,0.10657974780614918,0.4409338358458961,0.0
train,ulsan_025490,DKSR20000974_2,34,4.57,0.11741843438159696,0.24676331145149527,0.0
train,ulsan_012444,DKSR20001649_1,19,5.61,0.10523942988151365,0.5142082590612003,0.0
train,ulsan_014951,DKSR20001033_2,33,4.37,0.148409422769169,0.1688119755911518,0.0
train,ulsan_014790,DKSR20001033_1,20,3.33,0.15168416148326064,0.19092842842842841,0.0
train,ulsan_023324,DKSR20000955_1,9,2.03,0.1309647670298832,0.2638957307060755,0.0
train,ulsan_006710,DKSR20001286_2,35,5.42,0.14584555268258467,0.27648370233702335,0.0
train,ulsan_027300,DKSR20000980_2,45,5.9,0.12234365824511857,0.38103813559322036,0.0
train,ulsan_015813,DKSR20001202_2,25,3.46,0.09698407036698653,0.34028179190751445,0.0
train,ulsan_024861,DKSR20000973_1,19,3.63,0.1287441985645077,0.26116850321395774,0.0
train,ulsan_020386,DKSR20001511_2,26,3.78,0.1317765728233377,0.20050705467372135,0.0
train,ulsan_026705,DKSR20000979_2,49,7.17,0.08669277841720974,0.2759239888423989,0.0
train,ulsan_005773,DKSR20001280_2,56,6.09,0.1491884841266358,0.17861932129173508,0.0
train,ulsan_004229,DKSR20001166_2,31,6.26,0.08156404932154429,0.4466986155484558,0.0
train,ulsan_021968,DKSR20001568_2,21,2.4,0.1954393080390779,0.06902777777777777,0.0
train,ulsan_001466,DKSR20001094_1,36,7.17,0.11276028737025824,0.42057763830776385,0.0
train,ulsan_001859,DKSR20001132_1,12,1.87,0.144539141627248,0.40459001782531195,0.0
train,ulsan_012909,DKSR20001651_1,35,4.54,0.09779684284189401,0.36588656387665197,0.0
train,ulsan_022384,DKSR20001570_2,33,4.78,0.12955328836784688,0.21765167364016735,0.0
train,ulsan_001776,DKSR20001131_1,24,2.62,0.12270886291554221,0.4058206106870229,0.0
train,ulsan_007099,DKSR20001300_1,29,3.45,0.11458742888085972,0.2316425120772947,0.0
train,ulsan_001431,DKSR20001094_2,19,4.19,0.14863216379526376,0.42724741447891806,0.0
train,ulsan_022681,DKSR20001570_1,7,1.17,0.25385159603186797,0.10270655270655271,0.0
train,ulsan_017566,DKSR20001287_2,30,4.47,0.2158133890281586,0.13118941088739747,0.0
train,ulsan_010218,DKSR20001593_1,42,5.05,0.12276794604256121,0.18886138613861386,0.0
train,ulsan_018332,DKSR20001380_2,9,1.48,0.17143536259962783,0.12761824324324325,0.0
train,ulsan_023446,DKSR20000955_1,12,1.98,0.15890367023651103,0.20513468013468014,0.0
train,ulsan_006575,DKSR20001286_1,23,2.85,0.07653603746849841,0.22804093567251463,0.0
train,ulsan_021722,DKSR20001568_1,7,1.22,0.17613656899669597,0.28391393442622953,0.0
train,ulsan_008085,DKSR20001353_2,52,7.4,0.16957063843852385,0.13522522522522523,0.0
train,ulsan_019207,DKSR20001507_1,15,2.12,0.14532711147468533,0.1354559748427673,0.0
train,ulsan_004468,DKSR20001167_1,19,2.84,0.1875874413574403,0.2588468309859155,0.0
train,ulsan_021408,DKSR20001534_2,44,7.49,0.1417755472401876,0.26030818869603917,0.0
train,ulsan_001106,DKSR20000960_2,20,3.36,0.06516956828545051,0.5705853174603175,0.0
train,ulsan_010609,DKSR20001594_2,19,2.65,0.12546708201322113,0.42336477987421384,0.0
train,ulsan_011327,DKSR20001609_1,16,3.3600833333333333,0.07956201290324419,0.5992286897646387,0.0
train,ulsan_006631,DKSR20001286_2,23,2.2,0.1313864350111194,0.2477840909090909,0.0
train,ulsan_009575,DKSR20001535_1,40,5.93,0.14130903493946906,0.3121908375491849,0.0
train,ulsan_010036,DKSR20001592_2,17,2.57,0.11943500297103332,0.3122081712062257,0.0
train,ulsan_021966,DKSR20001568_2,15,2.79,0.14957448811313417,0.13393070489844683,0.0
train,ulsan_006029,DKSR20001284_2,24,4.41,0.1483606148344159,0.25741685563114136,0.0
train,ulsan_022515,DKSR20001570_1,26,3.49,0.11344536493497334,0.13807306590257878,0.0
train,ulsan_014855,DKSR20001033_2,46,5.49,0.12769027814269762,0.15152550091074682,0.0
train,ulsan_012907,DKSR20001651_1,43,5.05,0.0979613052409702,0.31863861386138614,0.0
train,ulsan_013582,DKSR20001715_1,17,2.79,0.12126792947143901,0.2619026284348865,0.0
train,ulsan_023836,DKSR20000958_1,24,5.55,0.13971313620511067,0.4784384384384384,0.0
train,ulsan_026858,DKSR20001203_2,27,4.16,0.1547644682470554,0.11072716346153846,0.0
train,ulsan_000754,DKSR20000954_2,24,3.4,0.14538448794057016,0.30481617647058823,0.0
train,ulsan_002535,DKSR20001145_1,5,1.39,0.12914090361704106,0.4601019184652278,0.0
train,ulsan_020841,DKSR20001532_1,65,9.46,0.15072456061902623,0.21829633544749824,0.0
train,ulsan_000168,DKSR20000953_1,61,5.96,0.11852488088525498,0.2926873601789709,0.0
train,ulsan_005568,DKSR20001278_1,60,6.77,0.047501006948030784,0.3497722796651896,0.0
train,ulsan_016488,DKSR20001207_1,9,1.91,0.2384969658867076,0.1412303664921466,0.0
train,ulsan_027042,DKSR20001203_1,31,5.79,0.1317866795072327,0.4434153713298791,0.0
train,ulsan_000752,DKSR20000954_2,11,1.38,0.17103111815602237,0.3210144927536232,0.0
train,ulsan_011746,DKSR20001611_1,44,5.39,0.07072358149025278,0.38522727272727275,0.0
train,ulsan_007715,DKSR20001351_1,64,7.17,0.1433610582558447,0.23213040446304045,0.0
train,ulsan_009827,DKSR20001536_1,18,1.66,0.15454520746191924,0.18529116465863454,0.0
train,ulsan_002416,DKSR20001144_1,24,3.04,0.1328650873571354,0.21417214912280702,0.0
train,ulsan_003133,DKSR20001146_2,42,4.19,0.10349520001169078,0.26802903739061257,0.0
train,ulsan_024609,DKSR20000962_2,28,5.96,0.1221821255313415,0.32542645413870247,0.0
train,ulsan_006397,DKSR20001285_1,48,4.74,0.18689555960914214,0.17628340365682138,0.0
train,ulsan_027499,DKSR20001204_1,16,3.41,0.18014784053538901,0.16471163245356793,0.0
train,ulsan_001949,DKSR20001132_2,42,3.77,0.14050293017709123,0.16170424403183023,0.0
train,ulsan_022932,DKSR20001571_1,22,3.57,0.17192453303032057,0.19908963585434172,0.0
train,ulsan_009223,DKSR20001487_1,22,3.15,0.14215582368084356,0.2788756613756614,0.0
train,ulsan_025289,DKSR20001156_2,16,4.09,0.14896713280270202,0.31181744091279545,0.0
train,ulsan_009177,DKSR20001487_1,23,2.98,0.12280008762651047,0.3503914988814318,0.0
train,ulsan_027388,DKSR20001204_1,17,3.71,0.1850621082756448,0.1282345013477089,0.0
train,ulsan_000816,DKSR20000959_1,33,7.17,0.11559334631226846,0.5108496048349604,0.0
train,ulsan_012240,DKSR20001618_2,24,3.44,0.08043618381867636,0.389656007751938,0.0
train,ulsan_002845,DKSR20001145_1,47,3.86,0.12831267583201844,0.20210492227979274,0.0
train,ulsan_003595,DKSR20001147_2,34,6.11,0.1320984742851225,0.2658006001091108,0.0
train,ulsan_021463,DKSR20001537_1,24,3.39,0.18405537702440317,0.18017453294001967,0.0
train,ulsan_026078,DKSR20000975_2,25,5.29,0.1090437256120072,0.3855308758664146,0.0
train,ulsan_007645,DKSR20001351_1,35,3.51,0.22855616953502444,0.0830721747388414,0.0
train,ulsan_020113,DKSR20001510_2,29,5.82,0.13052105963687374,0.462020332187858,0.0
train,ulsan_008819,DKSR20001476_2,67,7.92,0.12947774216332947,0.2167929292929293,0.0
train,ulsan_000281,DKSR20000953_1,46,5.95,0.15305123388323005,0.19199579831932773,0.0
train,ulsan_016019,DKSR20001206_1,35,4.89,0.17904682249479173,0.2152777777777778,0.0
train,ulsan_014235,DKSR20001032_2,15,2.94,0.13021218364046241,0.20738378684807257,0.0
train,ulsan_004009,DKSR20001165_2,7,1.66,0.1439935730621811,0.318925702811245,0.0
train,ulsan_017198,DKSR20001241_2,46,7.2,0.08170997479883593,0.24098958333333334,0.0
train,ulsan_017731,DKSR20001288_1,20,2.38,0.12359236375412021,0.2569677871148459,0.0
train,ulsan_004136,DKSR20001166_2,18,3.13,0.14550078974507205,0.26074281150159745,0.0
train,ulsan_005640,DKSR20001278_2,14,2.28,0.1356666946371549,0.22998903508771928,0.0
train,ulsan_025627,DKSR20000974_1,34,5.12,0.10152203431609369,0.14125162760416668,0.0
train,ulsan_009109,DKSR20001487_2,64,6.46,0.13748789027390093,0.2043924148606811,0.0
train,ulsan_017866,DKSR20001288_1,44,4.96,0.1329844977071179,0.16430611559139785,0.0
train,ulsan_026875,DKSR20001203_1,16,3.01,0.1341716339557507,0.2674557032115172,0.0
train,ulsan_022306,DKSR20001569_2,21,2.67,0.1154536557859942,0.2387016229712859,0.0
train,ulsan_009893,DKSR20001536_1,25,3.46,0.19050674891393124,0.31327071290944125,0.0
train,ulsan_006693,DKSR20001286_1,37,6.84,0.13117070582449125,0.327509746588694,0.0
train,ulsan_011089,DKSR20001609_2,14,2.75,0.11805343748713436,0.4385151515151515,0.0
train,ulsan_009039,DKSR20001487_2,26,3.32,0.1192931514529768,0.2363328313253012,0.0
train,ulsan_006130,DKSR20001284_2,3,0.74,0.1602514848439535,0.20112612612612613,0.0
train,ulsan_015771,DKSR20001202_2,38,3.5,0.11407656540839482,0.24491666666666667,0.0
train,ulsan_025960,DKSR20001157_1,21,3.81,0.17996895334599847,0.2916666666666667,0.0
train,ulsan_016728,DKSR20001208_1,36,3.5,0.16615298999970676,0.17482142857142857,0.0
train,ulsan_005990,DKSR20001284_1,36,3.95,0.17443644269898043,0.15483122362869198,0.0
train,ulsan_010212,DKSR20001593_1,29,4.19,0.125447620669274,0.36009347653142404,0.0
train,ulsan_001061,DKSR20000960_2,22,5.42,0.11930343693337664,0.627260147601476,0.0
train,ulsan_025431,DKSR20000974_1,42,5.83,0.11125349696738808,0.23498427672955974,0.0
train,ulsan_015962,DKSR20001206_2,38,6.27,0.15428359889662435,0.16874003189792663,0.0
train,ulsan_015274,DKSR20001159_2,19,2.65,0.15886871524020746,0.23317610062893082,0.0
train,ulsan_002317,DKSR20001144_1,6,1.14,0.07459190460508663,0.49967105263157896,0.0
train,ulsan_007576,DKSR20001351_2,42,5.58,0.1375884590251563,0.23337066905615292,0.0
train,ulsan_007795,DKSR20001352_2,71,9.43,0.1376486515574809,0.21822640509013785,0.0
train,ulsan_012468,DKSR20001649_1,17,4.25,0.083776737299947,0.5664607843137255,0.0
train,ulsan_022287,DKSR20001569_2,20,4.48,0.11665370406434042,0.4063058035714286,0.0
train,ulsan_027113,DKSR20001203_2,15,2.96,0.15893654576894672,0.19220157657657658,0.0
train,ulsan_015704,DKSR20001202_2,41,5.42,0.08460473072070558,0.2608779212792128,0.0
train,ulsan_027503,DKSR20001204_1,15,3.08,0.16233755932714208,0.13971861471861471,0.0
train,ulsan_016100,DKSR20001206_1,39,5.0,0.19560786806019945,0.16471666666666668,0.0
train,ulsan_026240,DKSR20000975_1,51,5.48,0.15178623718003761,0.29610705596107056,0.0
train,ulsan_022741,DKSR20001571_2,15,3.23,0.11144001064596606,0.3953044375644995,0.0
train,ulsan_000108,DKSR20000953_2,32,5.04,0.10978388770975486,0.1747767857142857,0.0
train,ulsan_006609,DKSR20001286_2,35,4.52,0.12542988760617715,0.2652378318584071,0.0
train,ulsan_026435,DKSR20001158_1,43,3.99,0.129450855426711,0.2488095238095238,0.0
train,ulsan_013320,DKSR20001677_2,21,2.82,0.10970084728396347,0.33444148936170215,0.0
train,ulsan_001774,DKSR20001131_1,48,5.01,0.17114584574011316,0.18340818363273453,0.0
train,ulsan_011926,DKSR20001617_2,52,4.87,0.13718093870971335,0.1509069130732375,0.0
train,ulsan_018373,DKSR20001380_2,14,2.33,0.13525734074551046,0.1336552217453505,0.0
train,ulsan_003517,DKSR20001147_2,29,3.44,0.1266757610507047,0.32101501937984495,0.0
train,ulsan_020051,DKSR20001510_2,44,5.35,0.11267723395471801,0.23028037383177571,0.0
train,ulsan_003311,DKSR20001147_1,9,2.51,0.11760000184630924,0.5532204515272244,0.0
train,ulsan_019318,DKSR20001507_2,26,4.05,0.07607007884818184,0.31993827160493826,0.0
train,ulsan_002033,DKSR20001132_1,18,2.86,0.1379577314939182,0.37814685314685315,0.0
train,ulsan_022983,DKSR20001571_1,29,4.57,0.12680863058509978,0.17709700948212984,0.0
train,ulsan_021069,DKSR20001533_1,22,3.06,0.2345441789724768,0.11938997821350762,0.0
train,ulsan_021865,DKSR20001568_1,46,5.93,0.11672833845062863,0.23099353569421022,0.0
train,ulsan_015511,DKSR20001160_2,31,4.4,0.1371933611647722,0.1959469696969697,0.0
train,ulsan_017517,DKSR20001287_1,24,2.61,0.09984862195122213,0.31211685823754787,0.0
train,ulsan_014458,DKSR20001032_2,17,1.41,0.10541915318181638,0.291193853427896,0.0
train,ulsan_017502,DKSR20001287_1,25,3.39,0.10276439715041193,0.23607423795476892,0.0
train,ulsan_021024,DKSR20001533_1,32,6.59,0.2039123014730462,0.17155412240768841,0.0
train,ulsan_015309,DKSR20001159_1,8,1.55,0.17709196613380906,0.22239247311827956,0.0
train,ulsan_022010,DKSR20001568_2,24,4.0,0.15764656768964744,0.1034375,0.0
train,ulsan_008665,DKSR20001475_1,12,2.61,0.17103992291634337,0.30119731800766286,0.0
train,ulsan_007759,DKSR20001351_2,7,1.52,0.18258495179385664,0.27269736842105263,0.0
train,ulsan_019626,DKSR20001508_1,19,3.52,0.14647915871425643,0.10060369318181818,0.0
train,ulsan_026657,DKSR20000979_2,28,3.92,0.08095777395042279,0.3521471088435374,0.0
train,ulsan_018026,DKSR20001336_1,11,1.83,0.14767718730274906,0.3079690346083789,0.0
train,ulsan_018049,DKSR20001336_2,28,3.5099583333333335,0.17364044949100768,0.12874084450195278,0.0
train,ulsan_027537,DKSR20001204_2,24,2.53,0.1400171545430683,0.2768280632411067,0.0
train,ulsan_014130,DKSR20001031_1,28,4.09,0.16038573957553567,0.17363488182559086,0.0
train,ulsan_009677,DKSR20001536_1,56,5.55,0.1728651612424069,0.1746921921921922,0.0
train,ulsan_013331,DKSR20001677_2,22,3.21,0.11824655058755339,0.2510903426791277,0.0
train,ulsan_014285,DKSR20001032_1,32,4.54,0.18350518031710683,0.15027533039647578,0.0
train,ulsan_021138,DKSR20001533_2,26,3.56,0.14458171273939102,0.24556413857677903,0.0
train,ulsan_024414,DKSR20000963_1,21,5.26,0.11791322778391394,0.4195659062103929,0.0
train,ulsan_016093,DKSR20001206_1,43,5.31,0.17923936697366474,0.13152856246076586,0.0
train,ulsan_024850,DKSR20000973_2,43,5.34,0.11125837705074147,0.26601903870162297,0.0
train,ulsan_019586,DKSR20001508_1,29,4.0,0.12807758810121497,0.12563541666666667,0.0
train,ulsan_027104,DKSR20001203_1,15,2.8500833333333335,0.16137653998209225,0.35465337270840036,0.0
train,ulsan_014544,DKSR20001032_1,37,3.17,0.14729491450698162,0.155375920084122,0.0
train,ulsan_026890,DKSR20001203_1,14,6.34,0.0927474769613524,0.525105152471083,0.0
train,ulsan_017959,DKSR20001336_2,35,5.29,0.08857598428611743,0.23858695652173914,0.0
train,ulsan_016087,DKSR20001206_1,30,3.52,0.22693375357979648,0.15210700757575757,0.0
train,ulsan_023421,DKSR20000955_1,20,2.17,0.12723224462788285,0.20960061443932412,0.0
train,ulsan_005950,DKSR20001280_1,19,3.45,0.16188415615190818,0.19928743961352657,0.0
train,ulsan_022084,DKSR20001569_2,18,3.0,0.12378307069813446,0.26511111111111113,0.0
train,ulsan_006150,DKSR20001284_1,53,5.45,0.12694389836264797,0.23086391437308867,0.0
train,ulsan_023959,DKSR20000958_1,12,2.03,0.23845444352311498,0.35022577996715926,0.0
train,ulsan_015092,DKSR20001159_1,18,3.21,0.11694525846052413,0.24535306334371754,0.0
train,ulsan_009361,DKSR20001535_2,25,4.14,0.22134096217017396,0.1263083735909823,0.0
train,ulsan_019827,DKSR20001509_1,44,6.33,0.11049040829502806,0.18139810426540284,0.0
train,ulsan_004768,DKSR20001168_2,14,2.17,0.132064414876753,0.3016129032258065,0.0
train,ulsan_010405,DKSR20001593_2,23,3.6,0.1761554084189345,0.3795486111111111,0.0
train,ulsan_009137,DKSR20001487_1,33,5.56,0.11141050299325948,0.3563474220623501,0.0
train,ulsan_018209,DKSR20001380_1,57,6.61,0.09583990273564956,0.3356152294503278,0.0
train,ulsan_024101,DKSR20000961_1,41,6.49,0.12084729408205086,0.2842835130970724,0.0
train,ulsan_015791,DKSR20001202_2,27,4.35,0.12673154377817838,0.28012452107279695,0.0
train,ulsan_014675,DKSR20001033_1,35,4.179958333333333,0.09776637924031864,0.20672056140910494,0.0
train,ulsan_000890,DKSR20000959_1,38,6.5,0.14897200717376843,0.31466666666666665,0.0
train,ulsan_002344,DKSR20001144_2,17,2.91,0.0938367186356072,0.5235108820160367,0.0
train,ulsan_008733,DKSR20001476_1,14,2.07,0.15984316504583082,0.28425925925925927,0.0
train,ulsan_020998,DKSR20001532_1,54,6.72,0.1553122626648611,0.2162140376984127,0.0
train,ulsan_009745,DKSR20001536_1,36,4.74,0.18303041852292962,0.17424402250351617,0.0
train,ulsan_006011,DKSR20001284_2,20,3.92,0.17624597681414747,0.25052083333333336,0.0
train,ulsan_021012,DKSR20001532_1,37,6.13,0.15048715942648971,0.22171016856987494,0.0
train,ulsan_017589,DKSR20001287_1,20,2.76,0.1646181985754313,0.20544987922705313,0.0
train,ulsan_022041,DKSR20001569_2,18,2.92,0.16604997365707555,0.1264554794520548,0.0
train,ulsan_022098,DKSR20001569_2,31,4.6,0.13898047647000975,0.13419384057971015,0.0
train,ulsan_012619,DKSR20001649_2,33,6.1,0.08853693421219108,0.4334357923497268,0.0
train,ulsan_003407,DKSR20001147_2,22,5.39,0.11964596375930235,0.48505720470006186,0.0
train,ulsan_011660,DKSR20001611_2,13,2.21,0.1641951223830646,0.4168929110105581,0.0
train,ulsan_013651,DKSR20001715_2,28,3.1,0.15385463361290433,0.20404569892473118,0.0
train,ulsan_010895,DKSR20001608_1,7,1.89,0.1494913216481301,0.3751763668430335,0.0
train,ulsan_016518,DKSR20001208_1,21,2.52,0.13492262390101206,0.22041997354497356,0.0
train,ulsan_005258,DKSR20001169_1,44,4.27,0.08141209724098573,0.3885343481654957,0.0
train,ulsan_006569,DKSR20001286_1,29,4.39,0.1976420765696997,0.24369779802581626,0.0
train,ulsan_009280,DKSR20001487_2,32,3.71,0.16585828944579048,0.2006064690026954,0.0
train,ulsan_000283,DKSR20000953_1,26,3.93,0.15772476587876544,0.1643765903307888,0.0
train,ulsan_027410,DKSR20001204_2,44,6.05,0.13520494751163153,0.2247314049586777,0.0
train,ulsan_021595,DKSR20001537_1,40,6.04,0.10955647194136851,0.3647833885209713,0.0
train,ulsan_021586,DKSR20001537_1,26,2.96,0.16714112394639857,0.17636542792792792,0.0
train,ulsan_025316,DKSR20001156_1,48,5.03,0.14770560505537889,0.29203943008614974,0.0
train,ulsan_015677,DKSR20001202_1,5,2.21,0.17143572382829064,0.40382730015082957,0.0
train,ulsan_004903,DKSR20001168_1,29,4.98,0.12735325166138256,0.2839943105756359,0.0
train,ulsan_008666,DKSR20001475_1,9,1.42,0.10561426038290822,0.29964788732394365,0.0
train,ulsan_016740,DKSR20001208_1,49,6.93,0.11517167555680648,0.20466570466570466,0.0
train,ulsan_007358,DKSR20001348_2,26,5.23,0.1448400834583602,0.4420411089866157,0.0
train,ulsan_027265,DKSR20000980_1,41,4.9,0.13880305791290568,0.22329931972789116,0.0
train,ulsan_007205,DKSR20001301_1,19,2.99,0.23124454915765597,0.10540691192865106,0.0
train,ulsan_007529,DKSR20001348_1,19,2.49,0.15063268644885772,0.38380187416331996,0.0
train,ulsan_000844,DKSR20000959_1,44,6.72,0.13768240979670796,0.24405381944444443,0.0
train,ulsan_021711,DKSR20001568_1,55,5.53,0.16586277470950542,0.1375,0.0
train,ulsan_009882,DKSR20001536_2,29,4.55,0.11596602578371032,0.18271062271062272,0.0
train,ulsan_000781,DKSR20000959_2,26,3.59,0.16051609932454294,0.18088440111420612,0.0
train,ulsan_017419,DKSR20001287_2,42,6.94,0.06281301390865407,0.40019212295869355,0.0
train,ulsan_006952,DKSR20001300_1,30,3.57,0.06030769514338206,0.49917133520074697,0.0
train,ulsan_024529,DKSR20000963_1,19,3.98,0.1166183130993133,0.2226863484087102,0.0
train,ulsan_017162,DKSR20001241_1,14,1.97,0.14029310287154317,0.3113578680203046,0.0
train,ulsan_024160,DKSR20000961_2,31,5.33,0.12257475625589591,0.27956535334584115,0.0
train,ulsan_006965,DKSR20001300_1,19,3.79,0.16840896001506905,0.20167106420404574,0.0
train,ulsan_020354,DKSR20001511_2,37,5.46,0.13188615059598316,0.23720238095238094,0.0
train,ulsan_012945,DKSR20001651_2,27,4.04,0.1087701642781481,0.2199773102310231,0.0
train,ulsan_011731,DKSR20001611_2,33,3.4,0.20917663408413256,0.19732843137254902,0.0
train,ulsan_015162,DKSR20001159_1,54,7.07,0.1334252304750215,0.19346416784535597,0.0
train,ulsan_008858,DKSR20001476_2,42,5.64,0.12802574195159666,0.22873079196217494,0.0
train,ulsan_001465,DKSR20001094_1,14,2.57,0.1690630883541658,0.24810311284046693,0.0
train,ulsan_025958,DKSR20001157_1,38,4.2,0.17919326075506323,0.17503968253968255,0.0
train,ulsan_014062,DKSR20001031_2,18,3.32,0.20155914723186158,0.11910140562248996,0.0
train,ulsan_017597,DKSR20001287_2,18,3.04,0.14359160448756786,0.4180509868421053,0.0
train,ulsan_003943,DKSR20001165_1,32,4.21,0.12227771672669746,0.3792161520190024,0.0
train,ulsan_011099,DKSR20001609_2,28,3.68,0.10359528818044608,0.4136096014492754,0.0
train,ulsan_024044,DKSR20000958_2,35,6.15,0.12046822088468613,0.43679539295392955,0.0
train,ulsan_003457,DKSR20001147_2,22,5.41,0.07954889466336781,0.4943776956253851,0.0
train,ulsan_025508,DKSR20000974_1,26,3.42,0.12865961611569807,0.24622319688109162,0.0
train,ulsan_021498,DKSR20001537_1,19,3.92,0.17631382455459413,0.25584608843537415,0.0
train,ulsan_010747,DKSR20001608_2,30,4.77,0.09627358620277363,0.5427061495457722,0.0
train,ulsan_015538,DKSR20001160_1,22,4.11,0.16022024606579277,0.22036699107866992,0.0
train,ulsan_021005,DKSR20001532_1,61,8.35,0.14582985319139122,0.23847804391217564,0.0
train,ulsan_020381,DKSR20001511_1,21,3.82,0.18273871049069781,0.2548974694589878,0.0
train,ulsan_006327,DKSR20001285_2,30,3.46,0.15962266507591255,0.11384874759152216,0.0
train,ulsan_017467,DKSR20001287_1,46,5.15,0.1249626630728781,0.17429611650485438,0.0
train,ulsan_015352,DKSR20001159_1,49,7.01,0.1325215732187634,0.19251069900142653,0.0
train,ulsan_020440,DKSR20001511_1,31,4.49,0.09645486540918172,0.22493504083147736,0.0
train,ulsan_007397,DKSR20001348_2,22,3.45,0.12096076892307171,0.37973429951690824,0.0
train,ulsan_004742,DKSR20001168_2,5,1.28,0.13409097310260537,0.3,0.0
train,ulsan_020650,DKSR20001512_1,15,2.8,0.11124479796424429,0.29590773809523807,0.0
train,ulsan_010481,DKSR20001594_2,20,1.95,0.10585052296783862,0.3489316239316239,0.0
train,ulsan_027084,DKSR20001203_2,17,4.16,0.14602521911029787,0.20827323717948718,0.0
train,ulsan_024444,DKSR20000963_2,8,2.2,0.09871591265605169,0.3772348484848485,0.0
train,ulsan_014133,DKSR20001031_1,50,6.12,0.10900047687385285,0.17999727668845317,0.0
train,ulsan_010106,DKSR20001592_2,27,3.54,0.12825362246664743,0.4302612994350282,0.0
train,ulsan_024852,DKSR20000973_2,18,3.97,0.08992177254282563,0.17894626364399663,0.0
train,ulsan_015228,DKSR20001159_1,6,1.39,0.1430465335226397,0.20905275779376498,0.0
train,ulsan_004890,DKSR20001168_1,17,3.88,0.14409691540632544,0.4153457903780069,0.0
train,ulsan_024232,DKSR20000961_2,32,5.65,0.11376760122839463,0.2867256637168142,0.0
train,ulsan_008130,DKSR20001353_1,47,6.5,0.1674799526412254,0.2640128205128205,0.0
train,ulsan_025300,DKSR20001156_1,25,4.16,0.12906429373420936,0.3176482371794872,0.0
train,ulsan_014935,DKSR20001033_1,30,2.34,0.12954989423982916,0.23281695156695156,0.0
train,ulsan_024620,DKSR20000962_1,24,3.59,0.14112726236074405,0.12685701021355617,0.0
train,ulsan_002069,DKSR20001132_2,11,1.43,0.1502678471033882,0.3507867132867133,0.0
train,ulsan_012125,DKSR20001617_2,55,6.22,0.1637056652412334,0.16192390139335477,0.0
train,ulsan_027355,DKSR20000980_1,36,3.58,0.16732952146965374,0.31666666666666665,0.0
train,ulsan_012011,DKSR20001617_2,55,6.24,0.14563628781062243,0.31276041666666665,0.0
train,ulsan_003478,DKSR20001147_1,42,4.92,0.10177327513793782,0.2486449864498645,0.0
train,ulsan_015717,DKSR20001202_2,10,4.9,0.13947596010791258,0.3786734693877551,0.0
train,ulsan_021518,DKSR20001537_2,19,3.05,0.1591686436128237,0.2762431693989071,0.0
train,ulsan_021349,DKSR20001534_1,17,3.43,0.16279980894326096,0.306268221574344,0.0
train,ulsan_015287,DKSR20001159_1,22,4.92,0.12115058573860578,0.3428268970189702,0.0
train,ulsan_007129,DKSR20001301_2,40,6.42,0.15838349258670872,0.1484358774662513,0.0
train,ulsan_009269,DKSR20001487_2,96,9.68,0.12502821125099273,0.18416838842975206,0.0
train,ulsan_019548,DKSR20001508_2,51,6.3,0.11956141191872535,0.24017195767195768,0.0
train,ulsan_007705,DKSR20001351_1,38,6.73,0.16190739286018335,0.24294205052005943,0.0
train,ulsan_003807,DKSR20001149_2,53,6.13,0.10128481002455841,0.34152392604676457,0.0
train,ulsan_014908,DKSR20001033_2,10,1.79,0.15664977868730323,0.37737430167597763,0.0
train,ulsan_010885,DKSR20001608_1,7,1.72,0.15820880691772546,0.6404312015503876,0.0
train,ulsan_013553,DKSR20001677_2,18,2.16,0.12399866960805532,0.3050925925925926,0.0
train,ulsan_004469,DKSR20001167_1,22,2.75,0.15344967970025222,0.24054545454545453,0.0
train,ulsan_026218,DKSR20000975_2,37,6.12,0.09561461191448509,0.23472222222222222,0.0
train,ulsan_026648,DKSR20000979_2,31,4.32,0.09739872759412527,0.21946373456790125,0.0
train,ulsan_002826,DKSR20001145_1,13,2.55,0.14248622662578092,0.39883986928104576,0.0
train,ulsan_014581,DKSR20001032_2,25,3.47,0.09442508670602151,0.3890850144092219,0.0
train,ulsan_008990,DKSR20001476_2,46,6.32,0.11369135470226742,0.24411260548523206,0.0
train,ulsan_015747,DKSR20001202_2,48,6.53,0.12236577897903443,0.21699846860643185,0.0
train,ulsan_008901,DKSR20001476_1,44,6.1,0.1683301366876049,0.27834699453551914,0.0
train,ulsan_005823,DKSR20001280_2,34,4.93,0.08614930501521992,0.2795977011494253,0.0
train,ulsan_000394,DKSR20000953_2,14,3.96,0.17190484797227154,0.20466119528619528,0.0
train,ulsan_014405,DKSR20001032_2,11,2.27,0.22833591515920912,0.1642437591776799,0.0
train,ulsan_023394,DKSR20000955_2,4,1.69,0.07837752898315209,0.7522682445759369,0.0
train,ulsan_002014,DKSR20001132_1,19,3.32,0.1468665869400258,0.236320281124498,0.0
train,ulsan_004188,DKSR20001166_2,48,6.4,0.1296905572295544,0.2856640625,0.0
train,ulsan_017451,DKSR20001287_2,38,4.17,0.12547276841645372,0.25267785771382895,0.0
train,ulsan_002519,DKSR20001144_2,9,1.48,0.11382300019815535,0.5469031531531532,0.0
train,ulsan_025404,DKSR20001156_1,16,3.12,0.15482648411359518,0.3836004273504274,0.0
train,ulsan_013686,DKSR20001715_1,32,5.28,0.13550801605363944,0.25997474747474747,0.0
train,ulsan_011935,DKSR20001617_2,21,2.51,0.2012835843836151,0.11396082337317397,0.0
train,ulsan_007406,DKSR20001348_1,48,6.9,0.1476799477312742,0.35582729468599034,0.0
train,ulsan_014433,DKSR20001032_1,29,3.55,0.14334010702962682,0.18632629107981222,0.0
train,ulsan_020237,DKSR20001510_1,29,5.03,0.13248043995666378,0.22464380384360505,0.0
train,ulsan_015197,DKSR20001159_1,23,3.51,0.17129214867390985,0.20268281101614435,0.0
train,ulsan_013156,DKSR20001651_1,20,2.55,0.0851452533472266,0.32369281045751636,0.0
train,ulsan_005241,DKSR20001169_1,13,2.33,0.13591016341664153,0.4653254649499285,0.0
train,ulsan_009673,DKSR20001536_1,63,7.19,0.13453960981636628,0.23641052387575337,0.0
train,ulsan_012581,DKSR20001649_2,40,6.45,0.09927441562731078,0.3739728682170543,0.0
train,ulsan_022055,DKSR20001569_2,31,4.77,0.13790884951586074,0.1731219426974144,0.0
train,ulsan_013418,DKSR20001677_2,20,1.67,0.15286133380697595,0.19498502994011976,0.0
train,ulsan_018637,DKSR20001387_1,64,8.92,0.09988837916118884,0.22761584454409567,0.0
train,ulsan_012720,DKSR20001650_1,55,6.1,0.19576698061866232,0.1946789617486339,0.0
train,ulsan_024631,DKSR20000962_1,26,3.83,0.10176987665467936,0.16427328111401218,0.0
train,ulsan_011786,DKSR20001611_1,26,4.74,0.08504638553398672,0.3437939521800281,0.0
train,ulsan_024582,DKSR20000962_2,5,2.51,0.15294682144979305,0.5101261620185923,0.0
train,ulsan_027608,DKSR20001204_2,31,4.23,0.11932913585900352,0.2932427107959023,0.0
train,ulsan_017253,DKSR20001241_2,26,3.11,0.22328077861279721,0.12687566988210075,0.0
train,ulsan_016298,DKSR20001207_1,18,3.48,0.16239921103962782,0.3602250957854406,0.0
train,ulsan_017346,DKSR20001287_2,25,3.67,0.17732000966517958,0.22643051771117167,0.0
train,ulsan_011457,DKSR20001610_1,19,2.48,0.17016732803323426,0.2559811827956989,0.0
train,ulsan_002484,DKSR20001144_2,33,4.4,0.10799363220107637,0.2908522727272727,0.0
train,ulsan_007817,DKSR20001352_1,32,3.94,0.16613738241016596,0.22696700507614212,0.0
train,ulsan_005495,DKSR20001278_1,21,3.79,0.1504442366302835,0.3062994722955145,0.0
train,ulsan_020000,DKSR20001510_2,24,4.61,0.1351998109571812,0.31052060737527115,0.0
train,ulsan_003224,DKSR20001146_2,14,2.25,0.15303959399219988,0.22816666666666666,0.0
train,ulsan_023083,DKSR20000956_2,34,6.13,0.11693076526732571,0.3288268080478521,0.0
train,ulsan_005252,DKSR20001169_1,19,1.97,0.13959255607842183,0.22823604060913705,0.0
train,ulsan_018531,DKSR20001386_2,105,14.47,0.09065681077766746,0.27164247869154573,0.0
train,ulsan_002500,DKSR20001144_2,14,2.75,0.14568598082680725,0.33231818181818185,0.0
train,ulsan_006894,DKSR20001300_2,32,4.07,0.05675310022430687,0.39677518427518427,0.0
train,ulsan_022628,DKSR20001570_2,52,5.64,0.1321784733866656,0.14425236406619385,0.0
train,ulsan_019724,DKSR20001509_1,38,4.6,0.13916313277746864,0.09640398550724638,0.0
train,ulsan_009476,DKSR20001535_1,19,2.01,0.22645494137153377,0.09973051409618573,0.0
train,ulsan_012964,DKSR20001651_1,42,4.85,0.10821616081703277,0.2689776632302405,0.0
train,ulsan_019633,DKSR20001508_1,48,6.26,0.10701007659640514,0.1295926517571885,0.0
train,ulsan_001948,DKSR20001132_2,20,2.31,0.13708562649881986,0.24341630591630592,0.0
train,ulsan_022910,DKSR20001571_1,30,4.09,0.10772803584106157,0.17151589242053789,0.0
train,ulsan_012033,DKSR20001617_2,24,3.55,0.18406668471016638,0.16491784037558685,0.0
train,ulsan_026450,DKSR20001158_1,16,3.38,0.18409782644731437,0.3383999013806706,0.0
train,ulsan_010194,DKSR20001593_1,23,3.45,0.15341312796439882,0.2489855072463768,0.0
train,ulsan_021706,DKSR20001568_1,5,1.49,0.16276657276723047,0.4210570469798658,0.0
train,ulsan_005684,DKSR20001280_1,29,3.96,0.1202798332982676,0.23717382154882155,0.0
train,ulsan_012499,DKSR20001649_1,13,3.54,0.12608749475112768,0.5233050847457628,0.0
train,ulsan_009656,DKSR20001536_1,27,3.0099583333333335,0.19992403595323283,0.15434875898060604,0.0
train,ulsan_000280,DKSR20000953_1,21,3.81,0.18019866038246637,0.17309711286089238,0.0
train,ulsan_020016,DKSR20001510_1,26,5.53,0.13664723730773098,0.15101717902350814,0.0
train,ulsan_020783,DKSR20001512_2,30,4.99,0.1374184850673664,0.28804275217100866,0.0
train,ulsan_016481,DKSR20001207_2,13,2.45,0.20374621003071117,0.19877551020408163,0.0
train,ulsan_020162,DKSR20001510_2,24,4.62,0.1543452181859672,0.2758838383838384,0.0
train,ulsan_027532,DKSR20001204_2,21,2.72,0.17953887447387873,0.389874387254902,0.0
train,ulsan_017892,DKSR20001288_1,37,4.21,0.1585398104813095,0.30181116389548696,0.0
train,ulsan_005006,DKSR20001168_1,7,2.84,0.19334196696476214,0.4368838028169014,0.0
train,ulsan_002084,DKSR20001132_2,23,2.74,0.12269504579752061,0.3114051094890511,0.0
train,ulsan_006779,DKSR20001286_1,41,3.78,0.19230248822167084,0.15006613756613757,0.0
train,ulsan_024217,DKSR20000961_2,26,4.12,0.09983723981371961,0.3812601132686084,0.0
train,ulsan_025911,DKSR20001157_2,9,2.97,0.10126652574641441,0.4751543209876543,0.0
train,ulsan_017614,DKSR20001288_2,30,4.25,0.17642872809648344,0.17229411764705882,0.0
train,ulsan_019664,DKSR20001508_2,35,3.74,0.15857688457590025,0.1401626559714795,0.0
train,ulsan_022228,DKSR20001569_2,57,7.39,0.12883934662560922,0.11180085701398286,0.0
train,ulsan_009381,DKSR20001535_1,12,2.43,0.23247312757913774,0.2037551440329218,0.0
train,ulsan_005469,DKSR20001278_1,44,5.87,0.08374083220774026,0.24494605337876207,0.0
train,ulsan_022850,DKSR20001571_2,17,4.44,0.1045763580342922,0.5960397897897898,0.0
train,ulsan_023523,DKSR20000955_2,4,1.16,0.19098490567424783,0.36742097701149423,0.0
train,ulsan_026583,DKSR20001158_1,11,1.76,0.21064834332261662,0.1959280303030303,0.0
train,ulsan_012441,DKSR20001649_1,30,6.08,0.11248513574251613,0.38623218201754383,0.0
train,ulsan_016307,DKSR20001207_1,17,4.01,0.13431717179659586,0.21930590191188695,0.0
train,ulsan_026235,DKSR20000975_1,38,5.15,0.16372622654490052,0.2771197411003236,0.0
train,ulsan_023069,DKSR20000956_2,14,2.65,0.12159486051912329,0.2788993710691824,0.0
train,ulsan_007111,DKSR20001300_2,29,5.11,0.09143378745472613,0.3133643183300718,0.0
train,ulsan_006402,DKSR20001285_1,46,4.47,0.12129627863011776,0.21027218493661445,0.0
train,ulsan_001220,DKSR20001094_2,11,3.08,0.12286507558090828,0.45857683982683983,0.0
train,ulsan_002161,DKSR20001144_2,24,4.04,0.12444652095282184,0.19927805280528052,0.0
train,ulsan_011734,DKSR20001611_1,45,6.01,0.06162291336901479,0.3738422074320577,0.0
train,ulsan_026451,DKSR20001158_1,29,2.39,0.2036744705799701,0.325697350069735,0.0
train,ulsan_008521,DKSR20001475_1,34,5.24,0.1097974761536006,0.3015346692111959,0.0
train,ulsan_004339,DKSR20001166_1,14,4.53,0.1297725922107328,0.3324319352465048,0.0
train,ulsan_026018,DKSR20001157_1,29,3.91,0.1426937786777265,0.26096547314578006,0.0
train,ulsan_017599,DKSR20001287_2,29,4.65,0.17422541543133666,0.24912186379928317,0.0
train,ulsan_018574,DKSR20001386_2,81,14.69,0.10683382098178237,0.2777598139323803,0.0
train,ulsan_022912,DKSR20001571_1,37,6.07,0.1249045955692471,0.2537891268533773,0.0
train,ulsan_011594,DKSR20001610_1,10,2.04,0.11129374937279089,0.44515931372549017,0.0
train,ulsan_010101,DKSR20001592_2,30,4.21,0.13081814451731918,0.21503365003958827,0.0
train,ulsan_023301,DKSR20000955_1,21,4.62,0.11043420095925321,0.2813131313131313,0.0
train,ulsan_026134,DKSR20000975_2,41,6.27,0.10800673836834906,0.19089580010632642,0.0
train,ulsan_019363,DKSR20001507_1,30,4.69,0.10032451032952303,0.2857498223169865,0.0
train,ulsan_008627,DKSR20001475_2,26,4.32,0.10012147138985,0.37840470679012345,0.0
train,ulsan_004992,DKSR20001168_2,20,3.44,0.1407363130078429,0.2048812984496124,0.0
train,ulsan_016386,DKSR20001207_2,25,4.91,0.21784977648528284,0.17808893414799729,0.0
train,ulsan_001287,DKSR20001094_1,11,3.44,0.17770583955453942,0.27697432170542635,0.0
train,ulsan_025341,DKSR20001156_1,20,2.67,0.17693524373002945,0.23623595505617978,0.0
train,ulsan_000412,DKSR20000954_1,2,1.15,0.30977283939211625,0.21123188405797103,0.0
train,ulsan_020881,DKSR20001532_2,26,4.49,0.15846321108876132,0.2205920564216778,0.0
train,ulsan_016989,DKSR20001240_2,34,4.76,0.045004313766899486,0.36518732492997197,0.0
train,ulsan_014394,DKSR20001032_2,40,2.43,0.12032568957151356,0.12782921810699588,0.0
train,ulsan_004969,DKSR20001168_2,15,3.08,0.11321790788651556,0.44241071428571427,0.0
train,ulsan_004980,DKSR20001168_2,9,1.89,0.10429668776971264,0.525110229276896,0.0
train,ulsan_003733,DKSR20001149_1,36,4.94,0.14743023759423568,0.282304318488529,0.0
train,ulsan_024029,DKSR20000958_1,22,4.73,0.1347534080198551,0.6370771670190275,0.0
train,ulsan_012582,DKSR20001649_2,36,5.47,0.08141952173263527,0.44351767215112736,0.0
train,ulsan_005916,DKSR20001280_1,35,4.68,0.1192349450357323,0.18765135327635327,0.0
train,ulsan_015719,DKSR20001202_2,41,5.24,0.07336250728228921,0.23420006361323156,0.0
train,ulsan_021558,DKSR20001537_2,24,4.26,0.13540251555349908,0.19312402190923317,0.0
train,ulsan_020558,DKSR20001512_2,33,4.16,0.13035634068102928,0.16960136217948718,0.0
train,ulsan_010748,DKSR20001608_1,9,3.17,0.1333165447888737,0.5719374342797056,0.0
train,ulsan_001140,DKSR20000960_2,35,5.89,0.13325706628560757,0.41866157328805886,0.0
train,ulsan_002700,DKSR20001145_1,23,3.91,0.12099917379243,0.2703537936913896,0.0
train,ulsan_010511,DKSR20001594_2,22,2.93,0.1543854986313281,0.4522895335608646,0.0
train,ulsan_012067,DKSR20001617_2,50,5.52,0.14568950809680803,0.14305555555555555,0.0
train,ulsan_014565,DKSR20001032_2,8,1.78,0.16084738901371287,0.19714419475655431,0.0
train,ulsan_016796,DKSR20001240_1,32,5.68,0.16784966479568247,0.32584360328638495,0.0
train,ulsan_013386,DKSR20001677_2,43,5.9,0.12799986226210955,0.22805084745762713,0.0
train,ulsan_014413,DKSR20001032_2,8,0.98,0.21614808966867224,0.19068877551020408,0.0
train,ulsan_010249,DKSR20001593_2,24,3.44,0.11753184007533996,0.35648013565891473,0.0
train,ulsan_000107,DKSR20000953_2,27,3.96,0.10240230116702402,0.29946338383838383,0.0
train,ulsan_006333,DKSR20001285_2,20,3.66,0.0990065587476509,0.36645036429872496,0.0
train,ulsan_014603,DKSR20001032_1,11,1.3600833333333333,0.13701122271307414,0.35656516144844064,0.0
train,ulsan_005106,DKSR20001169_1,9,1.95,0.1473604066549618,0.44764957264957267,0.0
train,ulsan_021768,DKSR20001568_1,27,3.63,0.16639381211206788,0.13453856749311294,0.0
train,ulsan_014163,DKSR20001031_2,11,2.01,0.12627758023980123,0.29653814262023215,0.0
train,ulsan_026515,DKSR20001158_2,5,1.22,0.196550875221381,0.37967896174863386,0.0
train,ulsan_001690,DKSR20001131_2,11,2.12,0.15309969554131597,0.5044614779874214,0.0
train,ulsan_013298,DKSR20001677_1,13,2.11,0.14503959159293453,0.34984202211690363,0.0
train,ulsan_003975,DKSR20001165_2,33,3.88,0.13953174632002155,0.21605455326460482,0.0
train,ulsan_020213,DKSR20001510_2,43,7.14,0.10114584369642289,0.2969596171802054,0.0
train,ulsan_003645,DKSR20001149_2,17,2.24,0.12470592260825054,0.39659598214285713,0.0
train,ulsan_024608,DKSR20000962_2,13,2.79,0.15638525891663854,0.2887246117084827,0.0
train,ulsan_023921,DKSR20000958_2,19,6.13,0.11580896638474995,0.4078031538879826,0.0
train,ulsan_005928,DKSR20001280_1,17,2.18,0.17078332277975602,0.14197247706422017,0.0
train,ulsan_005133,DKSR20001169_1,29,4.18,0.12836926433481033,0.29387958532695374,0.0
train,ulsan_026788,DKSR20000979_2,36,5.36,0.11257608105631967,0.2806436567164179,0.0
train,ulsan_000143,DKSR20000953_1,27,4.73,0.16602223751634357,0.20206131078224102,0.0
train,ulsan_025573,DKSR20000974_2,30,5.02,0.1222987735917643,0.2906789508632138,0.0
train,ulsan_002169,DKSR20001144_1,6,1.58,0.13669268367987797,0.30116033755274263,0.0
train,ulsan_015486,DKSR20001160_2,24,5.87,0.146540536114166,0.4350865985235662,0.0
train,ulsan_002565,DKSR20001145_2,40,3.71,0.12810283437683945,0.230570530098832,0.0
train,ulsan_025062,DKSR20000973_2,27,4.9,0.13923661191503447,0.14093537414965987,0.0
train,ulsan_013790,DKSR20001715_1,30,3.63,0.1761932517468426,0.25736914600550964,0.0
train,ulsan_011012,DKSR20001608_1,17,4.31,0.11203486443929499,0.5813708430007734,0.0
train,ulsan_000342,DKSR20000953_2,28,4.11,0.186882158459474,0.0911699107866991,0.0
train,ulsan_006205,DKSR20001284_2,17,2.38,0.17046338791335344,0.21165966386554622,0.0
train,ulsan_012768,DKSR20001650_2,41,6.37,0.08043922325730121,0.4052721088435374,0.0
train,ulsan_024677,DKSR20000962_2,22,4.0,0.10634798897831511,0.3478541666666667,0.0
train,ulsan_015450,DKSR20001160_2,15,3.0,0.17713477107979397,0.16027777777777777,0.0
train,ulsan_005199,DKSR20001169_2,28,4.52,0.1445715470920719,0.16684181415929203,0.0
train,ulsan_004817,DKSR20001168_2,17,4.61,0.128868435741043,0.5354302241503976,0.0
train,ulsan_008926,DKSR20001476_1,15,2.61,0.13322360818340714,0.30344827586206896,0.0
train,ulsan_026815,DKSR20000979_2,56,6.93,0.09732892239931573,0.20784632034632033,0.0
train,ulsan_016217,DKSR20001206_1,42,5.54,0.21331650982038539,0.177940734055355,0.0
train,ulsan_017696,DKSR20001288_2,28,3.61,0.19598464205601224,0.29410203139427515,0.0
train,ulsan_011075,DKSR20001609_1,14,3.22,0.1633289126879038,0.3888586956521739,0.0
train,ulsan_001539,DKSR20001131_1,18,1.88,0.13097671536292133,0.23730053191489361,0.0
train,ulsan_018690,DKSR20001387_1,99,16.36,0.10541689688862207,0.2870950488997555,0.0
train,ulsan_017432,DKSR20001287_1,22,3.13,0.12271527372906815,0.40945154419595314,0.0
train,ulsan_003691,DKSR20001149_2,18,3.06,0.14028337810219035,0.4503540305010893,0.0
train,ulsan_027494,DKSR20001204_1,17,2.8,0.1365456528736115,0.18063988095238095,0.0
train,ulsan_013112,DKSR20001651_1,26,2.9,0.08563684159704028,0.3062212643678161,0.0
train,ulsan_005703,DKSR20001280_1,27,3.66,0.13305744384397541,0.20021630236794172,0.0
train,ulsan_004059,DKSR20001165_1,21,3.93,0.12149561550384422,0.5163273960983885,0.0
train,ulsan_025109,DKSR20000973_1,13,2.97,0.126827861810705,0.35028058361391695,0.0
train,ulsan_015467,DKSR20001160_2,16,2.14,0.17071336761402972,0.21314252336448597,0.0
train,ulsan_025496,DKSR20000974_2,37,5.84,0.14149981895462582,0.3253424657534247,0.0
train,ulsan_016922,DKSR20001240_1,10,1.2,0.16596278822708038,0.2684375,0.0
train,ulsan_018235,DKSR20001380_1,28,4.11,0.16517214326271032,0.20764395782643957,0.0
train,ulsan_021041,DKSR20001533_2,12,2.28,0.11578037990382067,0.42317251461988303,0.0
train,ulsan_006049,DKSR20001284_1,30,3.55,0.07548334048240588,0.2505633802816901,0.0
train,ulsan_003156,DKSR20001146_1,36,4.8,0.14818349635968894,0.25110243055555553,0.0
train,ulsan_003894,DKSR20001165_2,33,5.98,0.1313250180762886,0.2197463768115942,0.0
train,ulsan_002564,DKSR20001145_2,23,4.13,0.10522020458910773,0.3763014527845036,0.0
train,ulsan_012136,DKSR20001617_2,35,3.51,0.14734048633896554,0.12896486229819562,0.0
train,ulsan_009803,DKSR20001536_2,16,2.96,0.16980903726376115,0.21341497747747748,0.0
train,ulsan_018518,DKSR20001386_1,49,7.73,0.17286671634622564,0.23945127210004313,0.0
train,ulsan_020508,DKSR20001511_1,31,5.27,0.09489782495100624,0.2873260594560405,0.0
train,ulsan_019455,DKSR20001508_1,32,5.75,0.13475495329656104,0.3963115942028986,0.0
train,ulsan_000172,DKSR20000953_1,38,5.38,0.16606904386622326,0.22824504337050805,0.0
train,ulsan_011583,DKSR20001610_1,25,3.64,0.14640315428987705,0.32379807692307694,0.0
train,ulsan_006833,DKSR20001286_2,36,4.36,0.12497678579697974,0.35619266055045873,0.0
train,ulsan_018830,DKSR20001388_2,68,8.57,0.1272235676809583,0.22131466355503696,0.0
train,ulsan_022977,DKSR20001571_1,29,3.13,0.12544113837382126,0.1981895633652822,0.0
train,ulsan_008290,DKSR20001413_2,24,2.45,0.13119253198435485,0.4608503401360544,0.0
train,ulsan_010599,DKSR20001594_2,22,2.99,0.12688517051098602,0.3959169453734671,0.0
train,ulsan_020870,DKSR20001532_1,14,2.32,0.16868302564152132,0.20440014367816092,0.0
train,ulsan_004559,DKSR20001167_2,57,5.87,0.10781561309414443,0.18048693923906872,0.0
train,ulsan_026999,DKSR20001203_1,34,4.68,0.07736377268669525,0.3087695868945869,0.0
train,ulsan_019668,DKSR20001508_2,50,5.55,0.13047463384868824,0.2162087087087087,0.0
train,ulsan_016733,DKSR20001208_1,26,4.01,0.11669339692558729,0.207522859517872,0.0
train,ulsan_021126,DKSR20001533_2,23,4.0,0.1480908706535589,0.25236458333333334,0.0
train,ulsan_013024,DKSR20001651_1,31,3.92,0.09712928132829007,0.32417091836734696,0.0
train,ulsan_011741,DKSR20001611_1,17,3.07,0.09522653206626892,0.31178067318132463,0.0
train,ulsan_001943,DKSR20001132_2,30,3.34,0.10654124872071459,0.16331087824351298,0.0
train,ulsan_005240,DKSR20001169_1,31,3.07,0.15574528796801126,0.20580890336590663,0.0
train,ulsan_008921,DKSR20001476_1,22,2.96,0.1548166309592223,0.24476351351351353,0.0
train,ulsan_017102,DKSR20001241_1,13,2.95,0.17863669331367005,0.3579943502824859,0.0
train,ulsan_007967,DKSR20001352_2,56,6.93,0.10674191155989436,0.2821007696007696,0.0
train,ulsan_020560,DKSR20001512_2,27,5.46,0.08062150897933572,0.29354395604395606,0.0
train,ulsan_022634,DKSR20001570_2,40,4.51,0.07678974914606661,0.2520140428677014,0.0
train,ulsan_023965,DKSR20000958_2,26,4.86,0.11825094838023788,0.45108882030178327,0.0
train,ulsan_011900,DKSR20001617_2,39,4.56,0.15557275159741948,0.14932383040935673,0.0
train,ulsan_002888,DKSR20001146_1,47,5.52,0.10781644878397267,0.2273022342995169,0.0
train,ulsan_001214,DKSR20001094_2,27,3.49,0.14492590673942174,0.17079751671442217,0.0
train,ulsan_007686,DKSR20001351_1,81,8.75,0.16455588223229536,0.19357142857142856,0.0
train,ulsan_025632,DKSR20000974_1,43,5.52,0.1253464140988597,0.18561292270531402,0.0
train,ulsan_011861,DKSR20001611_1,37,5.15,0.10192414177406513,0.2737378640776699,0.0
train,ulsan_003172,DKSR20001146_2,26,4.71,0.12348917629718147,0.1890038924274593,0.0
train,ulsan_008094,DKSR20001353_2,48,5.44,0.149801298126689,0.15739123774509803,0.0
train,ulsan_027658,DKSR20001204_2,29,2.68,0.17373676710500405,0.11198694029850746,0.0
train,ulsan_017681,DKSR20001288_1,36,3.13,0.08613883662318804,0.47529286474973376,0.0
train,ulsan_019457,DKSR20001508_2,27,3.01,0.1319823238067052,0.2230343300110742,0.0
train,ulsan_018954,DKSR20001491_2,34,4.49,0.13290639962728534,0.18265590200445433,0.0
train,ulsan_007218,DKSR20001301_1,28,3.57,0.16873456254765523,0.18425536881419236,0.0
train,ulsan_002428,DKSR20001144_1,2,1.18,0.10636607454964284,0.1949858757062147,0.0
train,ulsan_016327,DKSR20001207_2,36,4.04,0.13981550204525792,0.23133250825082508,0.0
train,ulsan_009418,DKSR20001535_1,18,2.03,0.14270579417234414,0.18967569786535304,0.0
train,ulsan_012010,DKSR20001617_2,21,2.87,0.16141132992062157,0.20515389082462254,0.0
train,ulsan_007174,DKSR20001301_1,28,3.98,0.19736557365254664,0.20175879396984925,0.0
train,ulsan_020594,DKSR20001512_2,38,7.53,0.11676882138246769,0.5133023461708721,0.0
train,ulsan_003474,DKSR20001147_1,2,2.42,0.07706616372196849,0.8078340220385675,0.0
train,ulsan_002341,DKSR20001144_2,15,2.41,0.15557146555810783,0.24154564315352697,0.0
train,ulsan_015692,DKSR20001202_1,31,3.04,0.1778587641250878,0.11674890350877193,0.0
train,ulsan_007494,DKSR20001348_1,27,4.31,0.10802898638678213,0.488553750966744,0.0
train,ulsan_011678,DKSR20001611_1,23,4.59,0.10476340411042995,0.3338235294117647,0.0
train,ulsan_001750,DKSR20001131_1,32,4.58,0.14149106440616888,0.2150382096069869,0.0
train,ulsan_021378,DKSR20001534_1,28,5.62,0.163599130786822,0.21904655990510083,0.0
train,ulsan_015505,DKSR20001160_1,32,6.51,0.14114519468802864,0.1631400409626216,0.0
train,ulsan_023766,DKSR20000957_2,19,4.4,0.14490702273099554,0.3462689393939394,0.0
train,ulsan_016798,DKSR20001240_1,29,4.05,0.147196684772381,0.19724279835390945,0.0
train,ulsan_019078,DKSR20001491_2,39,4.11,0.12630471883161046,0.268978102189781,0.0
train,ulsan_014414,DKSR20001032_2,19,2.99,0.14562442693933186,0.210103121516165,0.0
train,ulsan_027405,DKSR20001204_2,20,2.18,0.11078292436228525,0.20905963302752292,0.0
train,ulsan_020577,DKSR20001512_1,15,3.15,0.18277818944247273,0.2637830687830688,0.0
train,ulsan_019851,DKSR20001509_2,2,1.82,0.1300445421859402,0.13333333333333333,0.0
train,ulsan_022296,DKSR20001569_1,45,5.0,0.13287370409080831,0.09375,0.0
train,ulsan_015664,DKSR20001202_2,68,5.3,0.1834130665640919,0.1077122641509434,0.0
train,ulsan_016197,DKSR20001206_1,18,3.15,0.14848194989893979,0.1736904761904762,0.0
train,ulsan_009582,DKSR20001535_1,37,5.47,0.1589638551871336,0.19568098720292504,0.0
train,ulsan_024970,DKSR20000973_2,28,4.02,0.1174035265366367,0.19422678275290214,0.0
train,ulsan_013930,DKSR20001031_2,16,2.6,0.16134522336918247,0.32092948717948716,0.0
train,ulsan_014070,DKSR20001031_2,27,3.51,0.09258422789256167,0.369349477682811,0.0
train,ulsan_009899,DKSR20001536_1,31,4.52,0.1303097299769561,0.2916758849557522,0.0
train,ulsan_021969,DKSR20001568_2,23,3.32,0.15934116989374497,0.09049949799196787,0.0
train,ulsan_017669,DKSR20001288_1,51,5.52,0.13608762217598525,0.2563707729468599,0.0
train,ulsan_025321,DKSR20001156_1,10,1.98,0.1889393500674809,0.2144570707070707,0.0
train,ulsan_010675,DKSR20001594_2,32,3.65,0.13394340218063602,0.29800228310502286,0.0
train,ulsan_019467,DKSR20001508_2,21,2.55,0.10665509454194261,0.26678104575163397,0.0
train,ulsan_008273,DKSR20001413_2,24,3.26,0.1636126664840114,0.4296651329243354,0.0
train,ulsan_013745,DKSR20001715_2,36,4.27,0.1726926844228999,0.1642369242779079,0.0
train,ulsan_024207,DKSR20000961_2,17,2.43,0.12337057987399089,0.21515775034293552,0.0
train,ulsan_023870,DKSR20000958_2,25,5.15,0.1562434126660258,0.38990291262135923,0.0
train,ulsan_015888,DKSR20001202_2,27,3.8,0.1414618121502797,0.23291666666666666,0.0
train,ulsan_020115,DKSR20001510_1,6,1.85,0.10286229035406892,0.24443693693693694,0.0
train,ulsan_005872,DKSR20001280_2,36,3.84,0.11043414030516331,0.24091796875,0.0
train,ulsan_015207,DKSR20001159_2,26,3.45,0.15740459419538164,0.16392512077294685,0.0
train,ulsan_009936,DKSR20001592_1,24,4.0,0.17379932164906112,0.4159375,0.0
train,ulsan_018822,DKSR20001388_2,40,6.59,0.11678073085779252,0.2436962569549823,0.0
train,ulsan_026667,DKSR20000979_1,44,5.77,0.14712411188631314,0.2920421721548238,0.0
train,ulsan_015855,DKSR20001202_2,34,4.32,0.08312243050816123,0.2652391975308642,0.0
train,ulsan_023813,DKSR20000957_1,25,4.63,0.1308947213844667,0.18785097192224623,0.0
train,ulsan_018751,DKSR20001388_1,77,11.9,0.16627581663569818,0.2862429971988796,0.0
train,ulsan_018544,DKSR20001386_2,67,8.29,0.1249290151783347,0.24731604342581423,0.0
train,ulsan_009772,DKSR20001536_1,49,4.92,0.13021149410226648,0.2005250677506775,0.0
train,ulsan_019184,DKSR20001507_1,33,4.57,0.1137530905997743,0.19303428154631655,0.0
train,ulsan_024507,DKSR20000963_2,11,1.78,0.20603862064786205,0.2427434456928839,0.0
train,ulsan_010117,DKSR20001592_1,20,3.48,0.1516612600147884,0.4059985632183908,0.0
train,ulsan_003661,DKSR20001149_1,59,6.72,0.15672118064193236,0.28417038690476193,0.0
train,ulsan_020825,DKSR20001532_2,8,3.39,0.17401688320831463,0.37659783677482794,0.0
train,ulsan_000115,DKSR20000953_2,29,3.96,0.1289916712275126,0.222243265993266,0.0
train,ulsan_005385,DKSR20001278_1,24,3.03,0.212112675240669,0.19207920792079208,0.0
train,ulsan_013724,DKSR20001715_1,34,5.42,0.17855098687748835,0.3561269987699877,0.0
train,ulsan_011798,DKSR20001611_2,33,3.13,0.1599246121277944,0.18647497337593183,0.0
train,ulsan_000236,DKSR20000953_1,16,2.61,0.23966298271315367,0.20523627075351214,0.0
train,ulsan_019050,DKSR20001491_1,32,3.21,0.18008203639454995,0.25053219106957425,0.0
train,ulsan_011804,DKSR20001611_2,44,5.12,0.18142444456976461,0.23750813802083334,0.0
train,ulsan_013700,DKSR20001715_2,58,8.66,0.10411662292231028,0.3628367975365666,0.0
train,ulsan_018875,DKSR20001491_1,31,4.11,0.12581393317858786,0.27630778588807786,0.0
train,ulsan_020437,DKSR20001511_2,18,2.7,0.1527274980918782,0.28001543209876545,0.0
train,ulsan_011677,DKSR20001611_1,38,5.36,0.07888719735396303,0.3645833333333333,0.0
train,ulsan_018546,DKSR20001386_2,64,8.85,0.13955626955163072,0.15158662900188324,0.0
train,ulsan_018961,DKSR20001491_2,39,4.52,0.07952595207794022,0.32862278761061947,0.0
train,ulsan_020842,DKSR20001532_1,34,6.07,0.20794175807026213,0.2092943437671609,0.0
train,ulsan_007117,DKSR20001301_1,37,5.75,0.149501628215129,0.2556304347826087,0.0
train,ulsan_001632,DKSR20001131_1,27,2.87,0.10338100071133371,0.22607433217189316,0.0
train,ulsan_001023,DKSR20000960_1,28,5.2,0.13346416593874047,0.32045673076923076,0.0
train,ulsan_003818,DKSR20001165_2,10,2.34,0.13868015639877906,0.2021545584045584,0.0
train,ulsan_011547,DKSR20001610_1,21,2.88,0.13766226581567706,0.2071903935185185,0.0
train,ulsan_013148,DKSR20001651_2,38,5.48,0.08912944784870691,0.43775091240875913,0.0
train,ulsan_008685,DKSR20001475_1,17,2.86,0.16114586285768337,0.2630536130536131,0.0
train,ulsan_010411,DKSR20001593_1,45,4.47,0.1654365440734625,0.2386744966442953,0.0
train,ulsan_025591,DKSR20000974_2,38,5.62,0.11639671002139361,0.32812129300118625,0.0
train,ulsan_024581,DKSR20000962_2,30,5.4,0.13176807342183128,0.2694675925925926,0.0
train,ulsan_025007,DKSR20000973_2,45,5.24,0.10089488624218095,0.30489821882951657,0.0
train,ulsan_012472,DKSR20001649_1,42,8.07,0.10999037635924407,0.46094589012804627,0.0
train,ulsan_003720,DKSR20001149_2,54,6.99,0.09047845444590927,0.4136981402002861,0.0
train,ulsan_012755,DKSR20001650_2,74,8.88,0.10453803167084637,0.3238504129129129,0.0
train,ulsan_018827,DKSR20001388_2,96,14.9,0.10393699233298674,0.2683836689038031,0.0
train,ulsan_013381,DKSR20001677_2,15,2.02,0.12419045298970838,0.3793935643564356,0.0
train,ulsan_024849,DKSR20000973_2,9,3.01,0.0787920343359619,0.574764673311185,0.0
train,ulsan_016062,DKSR20001206_2,8,2.69,0.19363411314091195,0.19481102850061957,0.0
train,ulsan_022956,DKSR20001571_2,37,4.91,0.13811012659311717,0.24601154107264087,0.0
train,ulsan_001183,DKSR20000960_2,27,2.89,0.1629789193800181,0.2452277970011534,0.0
train,ulsan_017988,DKSR20001336_2,28,5.82,0.13354373303704395,0.20473224513172966,0.0
train,ulsan_014332,DKSR20001032_2,18,2.41,0.15576313227294322,0.23357538035961273,0.0
train,ulsan_014660,DKSR20001033_2,8,1.63,0.16209462596263965,0.17620143149284254,0.0
train,ulsan_023430,DKSR20000955_1,12,2.21,0.174404560196484,0.26896681749622925,0.0
train,ulsan_010426,DKSR20001593_1,30,4.87,0.115535945069745,0.4628593429158111,0.0
train,ulsan_000035,DKSR20000953_1,42,5.74,0.16426219704931028,0.16093931475029036,0.0
train,ulsan_026102,DKSR20000975_1,23,4.32,0.13989541158499796,0.2804012345679012,0.0
train,ulsan_027600,DKSR20001204_2,30,4.4,0.17075747010074732,0.24378787878787878,0.0
train,ulsan_026111,DKSR20000975_1,37,4.88,0.13374816102653414,0.27109801912568304,0.0
train,ulsan_007072,DKSR20001300_2,14,2.61,0.07434265285308982,0.34757343550447,0.0
train,ulsan_000762,DKSR20000954_2,15,4.82,0.12534600774967994,0.7488243430152144,0.0
train,ulsan_007585,DKSR20001351_2,36,4.75,0.15359511082091895,0.2222017543859649,0.0
train,ulsan_015097,DKSR20001159_1,12,1.58,0.14444337037722724,0.258834388185654,0.0
train,ulsan_006048,DKSR20001284_1,27,2.42,0.17001976480243622,0.20666322314049587,0.0
train,ulsan_009331,DKSR20001535_2,33,4.01,0.20647750419831656,0.17068786367414795,0.0
train,ulsan_025528,DKSR20000974_1,16,3.68,0.1296580600259627,0.2030457427536232,0.0
train,ulsan_017477,DKSR20001287_2,44,5.14,0.15419050863620673,0.16798800259403374,0.0
train,ulsan_011929,DKSR20001617_2,13,2.05,0.175588042979449,0.14815040650406505,0.0
train,ulsan_018712,DKSR20001387_2,77,11.52,0.16532690470256695,0.19312427662037038,0.0
train,ulsan_001331,DKSR20001094_2,41,4.93,0.11584736101681262,0.2017494929006085,0.0
train,ulsan_017973,DKSR20001336_1,23,4.57,0.17755839318645927,0.324562363238512,0.0
train,ulsan_003342,DKSR20001147_2,33,4.11,0.11705192046011902,0.2532745336577453,0.0
train,ulsan_026314,DKSR20001158_1,9,2.37,0.16302199039280332,0.34514767932489454,0.0
train,ulsan_026365,DKSR20001158_2,7,1.66,0.16921087806219867,0.3641315261044177,0.0
train,ulsan_007743,DKSR20001351_1,46,5.83,0.16375073994368852,0.218732132647227,0.0
train,ulsan_004260,DKSR20001166_1,27,4.75,0.120373904799669,0.31866666666666665,0.0
train,ulsan_014440,DKSR20001032_1,23,2.7,0.17857640664444233,0.17251543209876544,0.0
train,ulsan_012425,DKSR20001649_2,12,3.61,0.10405408170602908,0.46755540166204984,0.0
train,ulsan_021345,DKSR20001534_2,48,9.16,0.10227986903482016,0.4576419213973799,0.0
train,ulsan_009015,DKSR20001476_2,55,6.38,0.11984443266378236,0.18422805642633228,0.0
train,ulsan_009992,DKSR20001592_2,27,4.06,0.10865366443888007,0.5069170771756979,0.0
train,ulsan_006530,DKSR20001285_2,17,3.55,0.0834991871864913,0.6121713615023474,0.0
train,ulsan_027277,DKSR20000980_2,17,3.64,0.11292872388354046,0.447481684981685,0.0
train,ulsan_006315,DKSR20001285_2,25,3.919958333333333,0.15931473052534714,0.23812965699040167,0.0
train,ulsan_017178,DKSR20001241_1,16,2.919958333333333,0.17700755617842143,0.2776009931648568,0.0
train,ulsan_026553,DKSR20001158_1,17,2.5000833333333334,0.13028753768336032,0.3032732242258591,0.0
train,ulsan_011464,DKSR20001610_1,23,4.01,0.13269388955683487,0.32050083125519535,0.0
train,ulsan_026773,DKSR20000979_1,40,5.72,0.1874900818400789,0.2248397435897436,0.0
train,ulsan_027052,DKSR20001203_1,22,3.59,0.16482388873856943,0.3575789229340761,0.0
train,ulsan_002605,DKSR20001145_1,33,2.8,0.09533647712227458,0.4242559523809524,0.0
train,ulsan_019479,DKSR20001508_1,29,3.2099583333333332,0.15487668977437455,0.09427692467451551,0.0
train,ulsan_017634,DKSR20001288_1,53,4.7,0.1317705955339907,0.31830673758865247,0.0
train,ulsan_003167,DKSR20001146_2,12,2.6,0.16029007411074467,0.379599358974359,0.0
train,ulsan_026683,DKSR20000979_1,24,4.57,0.1894355622795658,0.23843909555069293,0.0
train,ulsan_003944,DKSR20001165_1,10,2.11,0.14295733776387412,0.44549763033175355,0.0
train,ulsan_010857,DKSR20001608_1,11,2.31,0.12861706693045688,0.5373196248196248,0.0
train,ulsan_010685,DKSR20001594_1,18,3.43,0.1685526390735537,0.39024538386783286,0.0
train,ulsan_010306,DKSR20001593_2,15,2.29,0.13313306533317593,0.46937772925764193,0.0
train,ulsan_021248,DKSR20001534_1,45,7.87,0.13824501574919532,0.1997141041931385,0.0
train,ulsan_003778,DKSR20001149_1,59,7.86,0.14434384489908397,0.32761874469889735,0.0
train,ulsan_023605,DKSR20000955_2,9,1.92,0.17237889016354127,0.25811631944444446,0.0
train,ulsan_016790,DKSR20001240_2,46,5.57,0.052584493433800505,0.3864452423698384,0.0
train,ulsan_005387,DKSR20001278_1,30,3.82,0.11741096824612092,0.24736038394415358,0.0
train,ulsan_012579,DKSR20001649_2,33,4.37,0.10226682057552934,0.24284897025171626,0.0
train,ulsan_010977,DKSR20001608_2,40,5.4,0.1268865859069115,0.3794521604938272,0.0
train,ulsan_025058,DKSR20000973_1,17,1.97,0.13594419719899065,0.22201776649746194,0.0
train,ulsan_005088,DKSR20001169_1,23,2.85,0.13209889430375235,0.26900584795321636,0.0
train,ulsan_007865,DKSR20001352_1,29,3.35,0.15867382001302305,0.17574626865671641,0.0
train,ulsan_001757,DKSR20001131_1,16,2.34,0.16516977141505404,0.2739494301994302,0.0
train,ulsan_005643,DKSR20001278_2,29,3.7,0.20290685836234978,0.1618581081081081,0.0
train,ulsan_010486,DKSR20001594_2,25,2.68,0.11496670263172579,0.4017723880597015,0.0
train,ulsan_005822,DKSR20001280_2,26,4.05,0.13406901340536878,0.3380144032921811,0.0
train,ulsan_011459,DKSR20001610_1,16,2.31,0.16187706723880513,0.3431818181818182,0.0
train,ulsan_020607,DKSR20001512_1,32,5.63,0.1423848639334605,0.19311722912966253,0.0
train,ulsan_011568,DKSR20001610_1,34,4.08,0.11504521535998652,0.38875612745098037,0.0
train,ulsan_011714,DKSR20001611_2,21,2.46,0.18246275073577992,0.16453252032520324,0.0
train,ulsan_024245,DKSR20000961_1,53,6.93,0.16725434918725707,0.20866402116402116,0.0
train,ulsan_004044,DKSR20001165_1,15,4.94,0.09848090208266104,0.5371879217273954,0.0
train,ulsan_017813,DKSR20001288_2,8,2.15,0.23575469756365627,0.31901162790697674,0.0
train,ulsan_003879,DKSR20001165_1,15,3.01,0.15770906146813873,0.3803156146179402,0.0
train,ulsan_007707,DKSR20001351_1,58,7.77,0.15740317548606506,0.18654547404547406,0.0
train,ulsan_009107,DKSR20001487_2,55,5.64,0.16746147962141575,0.15833333333333333,0.0
train,ulsan_003745,DKSR20001149_1,40,4.61,0.14368219691817624,0.22522595806218365,0.0
train,ulsan_014050,DKSR20001031_2,23,3.05,0.11849145728138812,0.311051912568306,0.0
train,ulsan_016158,DKSR20001206_2,27,4.99,0.17508231737880786,0.23077822311289245,0.0
train,ulsan_008712,DKSR20001475_1,15,1.98,0.1957448502187443,0.15881734006734008,0.0
train,ulsan_022112,DKSR20001569_2,27,3.15,0.11885533293193729,0.2723941798941799,0.0
train,ulsan_013255,DKSR20001677_2,9,2.06,0.16435308739027726,0.2614886731391586,0.0
train,ulsan_000083,DKSR20000953_2,13,1.7,0.17633281372044912,0.18262254901960784,0.0
train,ulsan_005662,DKSR20001280_1,44,5.91,0.13418204127371178,0.2180414551607445,0.0
train,ulsan_022086,DKSR20001569_1,12,1.84,0.12021106063272421,0.1885643115942029,0.0
train,ulsan_002352,DKSR20001144_2,3,1.56,0.14615163666307404,0.49439102564102566,0.0
train,ulsan_016688,DKSR20001208_2,27,3.64,0.15106754212956988,0.25274725274725274,0.0
train,ulsan_019272,DKSR20001507_2,49,6.74,0.1067465674136828,0.18235657764589516,0.0
train,ulsan_009554,DKSR20001535_1,19,3.49,0.10739186701752061,0.41160458452722065,0.0
train,ulsan_004922,DKSR20001168_1,35,5.85,0.12187455563448564,0.26837606837606837,0.0
train,ulsan_017325,DKSR20001287_2,28,4.84,0.1614450057687031,0.3074207988980716,0.0
train,ulsan_004889,DKSR20001168_2,10,2.15,0.1230328884083388,0.5909883720930232,0.0
train,ulsan_020253,DKSR20001511_1,27,5.23,0.12844644848618064,0.5333173996175908,0.0
train,ulsan_025268,DKSR20001156_1,39,5.6,0.05941514548463386,0.5070610119047619,0.0
train,ulsan_017320,DKSR20001287_1,25,2.62,0.1528806807844734,0.18805661577608143,0.0
train,ulsan_026302,DKSR20001158_2,40,7.87,0.1340130988433376,0.3811732316814909,0.0
train,ulsan_002198,DKSR20001144_1,2,0.94,0.13174583428614617,0.2687056737588652,0.0
train,ulsan_001428,DKSR20001094_2,24,3.28,0.12463901069172537,0.28558180894308943,0.0
train,ulsan_015084,DKSR20001159_1,21,3.53,0.1348603561167537,0.13033522190745986,0.0
train,ulsan_024952,DKSR20000973_1,18,3.0599583333333333,0.11322528806528458,0.4337749697027465,0.0
train,ulsan_016387,DKSR20001207_2,27,5.04,0.1505183826383725,0.32826554232804234,0.0
train,ulsan_011067,DKSR20001609_1,9,2.55,0.20115170924988807,0.3533660130718954,0.0
train,ulsan_021312,DKSR20001534_1,45,5.95,0.13210769449612045,0.22702380952380952,0.0
train,ulsan_003460,DKSR20001147_2,28,5.63,0.10719578693551492,0.3438351095322676,0.0
train,ulsan_016842,DKSR20001240_1,30,3.79,0.16130980981561766,0.15789357959542655,0.0
train,ulsan_018667,DKSR20001387_2,92,12.6,0.14799250213889575,0.2353009259259259,0.0
train,ulsan_024550,DKSR20000962_2,16,3.06,0.12547134485098527,0.2219362745098039,0.0
train,ulsan_009650,DKSR20001536_2,11,1.11,0.184559233441258,0.19166666666666668,0.0
train,ulsan_011194,DKSR20001609_1,10,3.24,0.1243007013890962,0.632008744855967,0.0
train,ulsan_010141,DKSR20001592_1,11,3.2,0.11982611190176752,0.47283854166666667,0.0
train,ulsan_002171,DKSR20001144_1,51,6.22,0.10969928109235096,0.20471596998928188,0.0
train,ulsan_004667,DKSR20001168_2,7,4.03,0.13494630388200307,0.5931244830438379,0.0
train,ulsan_019128,DKSR20001507_2,19,3.93,0.10717049268403406,0.1694974554707379,0.0
train,ulsan_019741,DKSR20001509_2,33,4.85,0.18071171297438446,0.12250859106529209,0.0
train,ulsan_014385,DKSR20001032_2,11,1.34,0.150778876758274,0.34701492537313433,0.0
train,ulsan_002694,DKSR20001145_1,26,3.13,0.11614481864255691,0.3078541001064963,0.0
train,ulsan_001656,DKSR20001131_1,26,3.5,0.13228783565421837,0.35051190476190475,0.0
train,ulsan_020420,DKSR20001511_2,27,5.16,0.09862185719949025,0.47763242894056845,0.0
train,ulsan_027529,DKSR20001204_2,35,4.64,0.1417386749291171,0.2396551724137931,0.0
train,ulsan_002976,DKSR20001146_1,23,3.7,0.11816474789968189,0.2579617117117117,0.0
train,ulsan_004027,DKSR20001165_1,34,4.17,0.10682467103598617,0.27278177458033576,0.0
train,ulsan_015768,DKSR20001202_1,58,6.68,0.16915831814193694,0.17108283433133734,0.0
train,ulsan_005111,DKSR20001169_2,5,1.98,0.1652281691474308,0.5627946127946128,0.0
train,ulsan_000836,DKSR20000959_2,26,6.48,0.1318257350886773,0.4918531378600823,0.0
train,ulsan_008506,DKSR20001475_2,8,1.89,0.1878801537135748,0.13756613756613756,0.0
train,ulsan_005327,DKSR20001169_2,27,2.93,0.15570128255403476,0.27299488054607507,0.0
train,ulsan_022363,DKSR20001569_2,29,5.16,0.1400743933529167,0.13406815245478035,0.0
train,ulsan_001180,DKSR20000960_2,50,6.02,0.16678338489856212,0.311468715393134,0.0
train,ulsan_019930,DKSR20001509_2,32,3.41,0.1311616076158585,0.11187683284457478,0.0
train,ulsan_023376,DKSR20000955_2,16,1.97,0.16346509109001126,0.27956852791878173,0.0
train,ulsan_024051,DKSR20000961_2,60,6.66,0.14494835124104483,0.12127127127127127,0.0
train,ulsan_018502,DKSR20001380_1,14,3.82,0.0946321514684768,0.437554537521815,0.0
train,ulsan_026631,DKSR20000979_1,29,3.84,0.1613845614331857,0.2530381944444444,0.0
train,ulsan_000501,DKSR20000954_2,25,2.84,0.1571080787745393,0.15413732394366197,0.0
train,ulsan_002137,DKSR20001132_2,43,4.1200833333333335,0.14665816816948624,0.23726259582128192,0.0
train,ulsan_015254,DKSR20001159_2,27,3.29,0.196138826452592,0.18734802431610942,0.0
train,ulsan_000721,DKSR20000954_2,40,5.63,0.18326725514430592,0.1764801657785672,0.0
train,ulsan_020595,DKSR20001512_1,11,2.44,0.12654530224694344,0.35297131147540983,0.0
train,ulsan_007140,DKSR20001301_2,68,7.56,0.11901116333419655,0.1898754409171076,0.0
train,ulsan_005073,DKSR20001169_1,26,4.02,0.10312964635350415,0.41375414593698173,0.0
train,ulsan_015215,DKSR20001159_2,40,5.62,0.16414952388477141,0.24929567022538554,0.0
train,ulsan_007597,DKSR20001351_2,29,3.91,0.14980209038744643,0.15515771526001704,0.0
train,ulsan_008440,DKSR20001475_1,37,5.5,0.15546812034883128,0.21692424242424244,0.0
train,ulsan_002454,DKSR20001144_2,20,2.37,0.11710999944600925,0.23110056258790437,0.0
train,ulsan_003461,DKSR20001147_2,30,4.07,0.12196602532005225,0.19804463554463556,0.0
train,ulsan_016229,DKSR20001207_2,13,3.18,0.165240287927102,0.2805948637316562,0.0
train,ulsan_004836,DKSR20001168_2,27,3.36,0.11448477631417901,0.24072420634920635,0.0
train,ulsan_000789,DKSR20000959_2,27,5.7,0.16099452644636733,0.28294590643274853,0.0
train,ulsan_018832,DKSR20001388_2,70,10.32,0.10813189179538096,0.21856831395348839,0.0
train,ulsan_006002,DKSR20001284_2,16,3.02,0.09521007601403489,0.43751379690949227,0.0
train,ulsan_010173,DKSR20001592_2,29,3.35,0.1278980635602842,0.30024875621890545,0.0
train,ulsan_018833,DKSR20001388_2,27,3.07,0.128202951982354,0.23352334419109663,0.0
train,ulsan_018700,DKSR20001387_2,40,6.1,0.15555805667752728,0.2725546448087432,0.0
train,ulsan_020046,DKSR20001510_1,22,5.0,0.08726153259325117,0.19038333333333332,0.0
train,ulsan_009976,DKSR20001592_2,16,2.56,0.1308657165474836,0.35162760416666666,0.0
train,ulsan_011260,DKSR20001609_2,27,4.54,0.11523913681101967,0.36262848751835536,0.0
train,ulsan_011480,DKSR20001610_2,9,2.65,0.14854593893089535,0.3589308176100629,0.0
train,ulsan_014794,DKSR20001033_1,14,1.91,0.12195595684477434,0.2893542757417103,0.0
train,ulsan_027349,DKSR20000980_1,52,5.58,0.19420725305011563,0.16562873357228197,0.0
train,ulsan_007859,DKSR20001352_1,66,8.26,0.17463791121845848,0.20510996771589993,0.0
train,ulsan_024369,DKSR20000963_1,30,4.14,0.12905807769868088,0.2851247987117552,0.0
train,ulsan_025643,DKSR20000974_1,28,5.47,0.13559123571725892,0.3085770871419866,0.0
train,ulsan_005309,DKSR20001169_1,47,5.06,0.13483926487499143,0.21406455862977603,0.0
train,ulsan_016112,DKSR20001206_1,31,3.82,0.17010890485539168,0.21891361256544503,0.0
train,ulsan_019796,DKSR20001509_2,25,3.03,0.14621792138164544,0.15944719471947194,0.0
train,ulsan_005176,DKSR20001169_2,11,3.35,0.09960054213813191,0.48206467661691543,0.0
train,ulsan_006284,DKSR20001285_2,28,4.01,0.12864691447609897,0.3427265170407315,0.0
train,ulsan_003814,DKSR20001165_1,28,5.42,0.15511389636658945,0.46295356703567037,0.0
train,ulsan_021470,DKSR20001537_1,12,2.31,0.18382208437522615,0.2722402597402597,0.0
train,ulsan_017296,DKSR20001241_2,36,6.01,0.1696571720560882,0.22272601220188576,0.0
train,ulsan_016096,DKSR20001206_1,38,5.21,0.11075431579985388,0.22328055022392834,0.0
train,ulsan_006357,DKSR20001285_1,20,2.12,0.14589103037170664,0.18103380503144653,0.0
train,ulsan_012879,DKSR20001650_2,22,5.03,0.08541536722291863,0.4359012591119947,0.0
train,ulsan_022481,DKSR20001570_2,20,3.18,0.1867623846618791,0.16648322851153038,0.0
train,ulsan_021252,DKSR20001534_1,11,2.49,0.19775314926426274,0.17250669344042838,0.0
train,ulsan_001252,DKSR20001094_1,16,3.01,0.14898943014492447,0.23438538205980067,0.0
train,ulsan_010530,DKSR20001594_2,19,2.59,0.1713449197840085,0.2912966537966538,0.0
train,ulsan_017861,DKSR20001288_1,15,1.87,0.14172819323010152,0.4127673796791444,0.0
train,ulsan_012452,DKSR20001649_2,30,4.16,0.09900142741402812,0.3469050480769231,0.0
train,ulsan_019269,DKSR20001507_2,14,3.41,0.1525421093855081,0.2545210166177908,0.0
train,ulsan_003406,DKSR20001147_2,5,1.54,0.13789008826069343,0.6221320346320346,0.0
train,ulsan_013351,DKSR20001677_1,8,2.04,0.10238685589836366,0.5396854575163399,0.0
train,ulsan_012365,DKSR20001618_1,21,4.13,0.15803800366334728,0.18771186440677967,0.0
train,ulsan_004065,DKSR20001165_1,31,5.4,0.12018864644669877,0.41521604938271606,0.0
train,ulsan_000410,DKSR20000954_1,2,0.98,0.21769906810111156,0.4256377551020408,0.0
train,ulsan_021618,DKSR20001537_2,31,4.1,0.189571783717342,0.1916260162601626,0.0
train,ulsan_006171,DKSR20001284_1,40,5.56,0.17575790165309396,0.2572766786570743,0.0
train,ulsan_004505,DKSR20001167_2,25,3.23,0.1144153646919394,0.268937048503612,0.0
train,ulsan_007390,DKSR20001348_1,12,1.59,0.13219790857623606,0.5397536687631027,0.0
train,ulsan_023809,DKSR20000957_1,5,3.85,0.10874069749785265,0.35913419913419914,0.0
train,ulsan_022710,DKSR20001570_2,15,2.82,0.15536282313610797,0.2178486997635934,0.0
train,ulsan_011115,DKSR20001609_2,15,2.12,0.13844212360820488,0.23551493710691823,0.0
train,ulsan_024309,DKSR20000963_2,21,2.66,0.18275130684356952,0.15137844611528822,0.0
train,ulsan_026880,DKSR20001203_2,19,4.18,0.1545606331845296,0.2332834928229665,0.0
train,ulsan_014974,DKSR20001033_2,5,1.12,0.11924078839163779,0.30040922619047616,0.0
train,ulsan_008351,DKSR20001413_1,35,5.92,0.11879090213617996,0.3997395833333333,0.0
train,ulsan_004990,DKSR20001168_2,10,2.4,0.11076852018200088,0.35996527777777776,0.0
train,ulsan_016129,DKSR20001206_2,37,4.87,0.1447413399301559,0.1289442162902122,0.0
train,ulsan_001715,DKSR20001131_1,9,2.23,0.14003053441439092,0.5635276532137519,0.0
train,ulsan_011454,DKSR20001610_1,7,1.79,0.19022749534415762,0.2824953445065177,0.0
train,ulsan_018125,DKSR20001336_1,26,3.67,0.18944620458676456,0.16590599455040872,0.0
train,ulsan_001994,DKSR20001132_2,43,3.66,0.14341056119463533,0.17610428051001822,0.0
train,ulsan_026008,DKSR20001157_1,33,4.04,0.2020360534008327,0.16880156765676568,0.0
train,ulsan_025720,DKSR20001157_2,6,1.72,0.18672944854491702,0.3073158914728682,0.0
train,ulsan_001371,DKSR20001094_2,30,3.85,0.11587681498337507,0.24034632034632034,0.0
train,ulsan_009473,DKSR20001535_1,32,3.6,0.16787216591246193,0.14113425925925926,0.0
train,ulsan_010859,DKSR20001608_1,13,4.699958333333333,0.09729153794036705,0.5357582957295721,0.0
train,ulsan_017314,DKSR20001287_2,22,3.61,0.15759267243323025,0.13960064635272393,0.0
train,ulsan_005657,DKSR20001278_1,30,3.83,0.09460816186425358,0.249325500435161,0.0
train,ulsan_002041,DKSR20001132_1,17,2.27,0.17249990799469422,0.33241556534508077,0.0
train,ulsan_027681,DKSR20001204_1,18,3.59,0.14680564951414113,0.1595287836583101,0.0
train,ulsan_024505,DKSR20000963_2,55,4.61,0.2187880068484014,0.16954989154013014,0.0
train,ulsan_019852,DKSR20001509_2,24,5.51,0.1314969848085457,0.22236842105263158,0.0
train,ulsan_009720,DKSR20001536_1,32,3.45,0.1106259413741546,0.3511473429951691,0.0
train,ulsan_006484,DKSR20001285_2,21,4.86,0.10393939498612458,0.45257201646090534,0.0
train,ulsan_025926,DKSR20001157_2,55,7.8,0.11212526640798867,0.3050801282051282,0.0
train,ulsan_017207,DKSR20001241_2,18,3.27,0.16168075673512558,0.27429918450560653,0.0
train,ulsan_000329,DKSR20000953_2,4,1.75,0.11542601019513092,0.2837857142857143,0.0
train,ulsan_003331,DKSR20001147_1,20,5.16,0.1116944771366827,0.4822512919896641,0.0
train,ulsan_021491,DKSR20001537_1,27,4.22,0.12650983133617125,0.3254739336492891,0.0
train,ulsan_006368,DKSR20001285_1,34,3.98,0.11086515154387895,0.32860134003350083,0.0
train,ulsan_012698,DKSR20001650_1,17,3.11,0.19905546243875974,0.14508306538049304,0.0
train,ulsan_026062,DKSR20000975_2,57,6.66,0.09602933501524623,0.23557307307307307,0.0
train,ulsan_000872,DKSR20000959_2,28,5.5,0.11218376050063913,0.4329848484848485,0.0
train,ulsan_011275,DKSR20001609_2,12,2.47,0.11378580722077619,0.5912280701754385,0.0
train,ulsan_019553,DKSR20001508_2,32,5.57,0.11455976853694792,0.4110263315380012,0.0
train,ulsan_001163,DKSR20000960_1,29,5.38,0.17775085663256027,0.3552354399008674,0.0
train,ulsan_008190,DKSR20001353_1,71,7.67,0.1414370079658361,0.2111418948283355,0.0
train,ulsan_000436,DKSR20000954_1,33,4.58,0.11710805748691826,0.33630822416302764,0.0
train,ulsan_006146,DKSR20001284_1,36,4.19,0.12512652124267348,0.28910103420843275,0.0
train,ulsan_010459,DKSR20001594_2,33,3.59,0.12837812496866746,0.2971564531104921,0.0
train,ulsan_013399,DKSR20001677_2,17,2.12,0.13885808706740002,0.28199685534591196,0.0
train,ulsan_007550,DKSR20001348_1,31,4.18,0.14571365425067123,0.2788177830940989,0.0
train,ulsan_015994,DKSR20001206_1,16,2.28,0.19598925361473588,0.12516447368421052,0.0
train,ulsan_020548,DKSR20001512_1,21,4.23,0.10331358926832657,0.5874901497241922,0.0
train,ulsan_011183,DKSR20001609_1,14,2.07,0.11490221125295093,0.46181561996779386,0.0
train,ulsan_005062,DKSR20001169_1,19,1.95,0.1840190537911131,0.14801282051282053,0.0
train,ulsan_015996,DKSR20001206_1,50,6.86,0.16594685255737748,0.21892614188532555,0.0
train,ulsan_013574,DKSR20001715_1,26,6.46,0.09389413892362539,0.4034700722394221,0.0
train,ulsan_022049,DKSR20001569_2,36,4.88,0.14895992671765546,0.08280396174863389,0.0
train,ulsan_026783,DKSR20000979_2,42,6.97,0.08057035605371254,0.31791606886657103,0.0
train,ulsan_017976,DKSR20001336_1,21,4.41,0.1436618799564412,0.39842214663643233,0.0
train,ulsan_016246,DKSR20001207_1,26,2.98,0.17221158243921425,0.1298238255033557,0.0
train,ulsan_012329,DKSR20001618_1,2,0.98,0.18936831290770334,0.4516156462585034,0.0
train,ulsan_026870,DKSR20001203_1,30,4.69,0.11516594746196115,0.3574004975124378,0.0
train,ulsan_002326,DKSR20001144_2,2,1.78,0.22530933959531077,0.3331928838951311,0.0
train,ulsan_006033,DKSR20001284_2,26,3.68,0.10260497019438661,0.42544157608695654,0.0
train,ulsan_015574,DKSR20001160_2,44,5.96,0.1385894614393541,0.161793903803132,0.0
train,ulsan_010888,DKSR20001608_1,19,3.25,0.17696317474702797,0.2945384615384615,0.0
train,ulsan_026687,DKSR20000979_1,62,7.54,0.14400214075890858,0.21248894783377542,0.0
train,ulsan_010991,DKSR20001608_2,19,3.13,0.1735972245441849,0.3079206602768903,0.0
train,ulsan_012696,DKSR20001650_2,38,5.75,0.09376832251394863,0.4401304347826087,0.0
train,ulsan_014904,DKSR20001033_2,8,2.41,0.1567344558455676,0.4738762102351314,0.0
train,ulsan_010883,DKSR20001608_1,7,2.02,0.10278907648410321,0.53384900990099,0.0
train,ulsan_022635,DKSR20001570_2,10,1.62,0.1862001220387778,0.1702932098765432,0.0
train,ulsan_024724,DKSR20000962_1,24,5.88,0.19779605486057608,0.1831986961451247,0.0
train,ulsan_013550,DKSR20001677_2,15,3.05,0.10677538038374168,0.3478142076502732,0.0
train,ulsan_013960,DKSR20001031_1,21,2.05,0.1314998542783853,0.1494308943089431,0.0
train,ulsan_003050,DKSR20001146_1,8,2.31,0.08938884998938304,0.4741883116883117,0.0
train,ulsan_007837,DKSR20001352_1,21,2.89,0.18631037768182593,0.19816897347174164,0.0
train,ulsan_004571,DKSR20001167_1,38,5.71,0.12077528256771232,0.36180677174547576,0.0
train,ulsan_015383,DKSR20001160_1,23,4.02,0.1777688336098047,0.22016998341625207,0.0
train,ulsan_004418,DKSR20001167_1,18,2.01,0.13460196687121592,0.18530265339966834,0.0
train,ulsan_017684,DKSR20001288_1,13,1.13,0.15601555436101774,0.231047197640118,0.0
train,ulsan_010522,DKSR20001594_1,45,5.23,0.1308332988877866,0.33311822817080944,0.0
train,ulsan_023459,DKSR20000955_2,21,2.96,0.15943790095861357,0.3054617117117117,0.0
train,ulsan_010997,DKSR20001608_2,18,3.41,0.09055043960164942,0.35826001955034215,0.0
train,ulsan_017300,DKSR20001241_2,19,2.78,0.20247655392354558,0.17954136690647482,0.0
train,ulsan_024420,DKSR20000963_2,30,3.96,0.16721268282969118,0.2015256734006734,0.0
train,ulsan_008477,DKSR20001475_2,15,1.57,0.17477551717557252,0.27693736730360935,0.0
train,ulsan_019256,DKSR20001507_1,11,2.57,0.09785121367177846,0.4137645914396887,0.0
train,ulsan_006545,DKSR20001285_1,38,5.31,0.1412335749781172,0.3159212178279975,0.0
train,ulsan_010213,DKSR20001593_1,22,3.17,0.11786870098772996,0.27900893796004206,0.0
train,ulsan_023063,DKSR20000956_2,7,1.7,0.15655562921188718,0.28448529411764706,0.0
train,ulsan_010262,DKSR20001593_2,31,4.96,0.12848048892298142,0.36745631720430105,0.0
train,ulsan_026624,DKSR20000979_1,42,6.07,0.15140463479632432,0.25254667764964306,0.0
train,ulsan_002505,DKSR20001144_2,2,1.44,0.0909872387243601,0.7135127314814815,0.0
train,ulsan_009585,DKSR20001535_2,19,3.03,0.17974840446850923,0.18993399339933995,0.0
train,ulsan_022637,DKSR20001570_2,21,3.15,0.10536130990885138,0.24843915343915343,0.0
train,ulsan_012773,DKSR20001650_1,34,5.530083333333334,0.209828028282095,0.18837871641476167,0.0
train,ulsan_008012,DKSR20001353_2,57,8.25,0.182297602591847,0.14265656565656565,0.0
train,ulsan_013983,DKSR20001031_1,17,2.8,0.1319407239455805,0.23686011904761906,0.0
train,ulsan_020803,DKSR20001512_2,26,6.66,0.10485028851220632,0.6264139139139139,0.0
train,ulsan_022159,DKSR20001569_2,16,5.34,0.06872893476960755,0.27941635455680397,0.0
train,ulsan_020566,DKSR20001512_2,42,5.65,0.13733484736240079,0.1670722713864307,0.0
train,ulsan_003178,DKSR20001146_2,26,3.13,0.1312500342765391,0.32641107561235355,0.0
train,ulsan_022235,DKSR20001569_2,33,3.5,0.16332395742725297,0.08317857142857144,0.0
train,ulsan_027565,DKSR20001204_2,25,3.02,0.10166591442168008,0.35303532008830024,0.0
train,ulsan_010324,DKSR20001593_1,29,4.059958333333333,0.13043643868617066,0.3816233746241238,0.0
train,ulsan_006593,DKSR20001286_1,19,2.48,0.16334848778926314,0.2986391129032258,0.0
train,ulsan_011799,DKSR20001611_2,32,3.65,0.18561656251448158,0.2678881278538813,0.0
train,ulsan_025093,DKSR20000973_2,16,2.12,0.1237391729908208,0.33643867924528303,0.0
train,ulsan_000248,DKSR20000953_1,23,3.4,0.17018615476872276,0.12284313725490197,0.0
train,ulsan_000566,DKSR20000954_1,29,3.93,0.1420407863906015,0.17580576759966074,0.0
train,ulsan_008534,DKSR20001475_1,31,3.930083333333333,0.12440649795129377,0.19178982633956024,0.0
train,ulsan_026190,DKSR20000975_1,55,7.8,0.09971483379545563,0.31919871794871796,0.0
train,ulsan_001823,DKSR20001132_1,18,2.23,0.1609574555855233,0.2147234678624813,0.0
train,ulsan_007222,DKSR20001301_1,23,4.15,0.19793992145216316,0.288714859437751,0.0
train,ulsan_022231,DKSR20001569_2,18,2.52,0.16787585868235777,0.19143518518518518,0.0
train,ulsan_013671,DKSR20001715_2,36,4.4,0.1242946860032191,0.32428030303030303,0.0
train,ulsan_006803,DKSR20001286_2,14,2.21,0.1489744427866293,0.3744343891402715,0.0
train,ulsan_021857,DKSR20001568_1,23,3.03,0.13822094058690365,0.22392739273927392,0.0
train,ulsan_027502,DKSR20001204_1,31,3.98,0.0979896790999285,0.24121649916247906,0.0
train,ulsan_020634,DKSR20001512_2,25,4.08,0.13258501643655052,0.20161356209150327,0.0
train,ulsan_014345,DKSR20001032_1,8,1.62,0.16184587439967746,0.2763374485596708,0.0
train,ulsan_024787,DKSR20000962_2,13,2.58,0.1379765528175589,0.18099160206718345,0.0
train,ulsan_022344,DKSR20001569_1,14,4.949958333333333,0.0844808487847822,0.38479280128620613,0.0
train,ulsan_019370,DKSR20001507_1,37,5.54,0.09032976012928345,0.280370036101083,0.0
train,ulsan_005918,DKSR20001280_1,24,3.73,0.14676547764193856,0.25281501340482576,0.0
train,ulsan_006615,DKSR20001286_2,28,3.06,0.077774199926547,0.40183823529411766,0.0
train,ulsan_007138,DKSR20001301_2,37,5.04,0.1648269664502413,0.17048611111111112,0.0
train,ulsan_026611,DKSR20000979_2,24,4.79,0.08236800127082641,0.45043493389004874,0.0
train,ulsan_004293,DKSR20001166_2,65,6.5,0.14327917846002478,0.15352564102564104,0.0
train,ulsan_020606,DKSR20001512_1,37,5.3,0.1617288276292629,0.23030660377358492,0.0
train,ulsan_021110,DKSR20001533_1,11,3.08,0.145610390135488,0.5360119047619047,0.0
train,ulsan_010313,DKSR20001593_1,31,3.86,0.09639125320971995,0.44249784110535406,0.0
train,ulsan_024192,DKSR20000961_2,46,5.3,0.16413371192602363,0.17562893081761005,0.0
train,ulsan_025776,DKSR20001157_1,32,3.45,0.13151929651920352,0.21533816425120772,0.0
train,ulsan_024068,DKSR20000961_2,36,5.96,0.11811899592435782,0.3281459731543624,0.0
train,ulsan_018041,DKSR20001336_2,32,5.58,0.16401082100430234,0.20822879330943847,0.0
train,ulsan_004754,DKSR20001168_2,73,7.84,0.1315939830288558,0.20711628401360543,0.0
train,ulsan_010876,DKSR20001608_1,16,4.28,0.11574187116688053,0.5443049065420561,0.0
train,ulsan_019485,DKSR20001508_1,18,2.17,0.12263703685139025,0.20280337941628265,0.0
train,ulsan_002117,DKSR20001132_1,22,3.12,0.17891901561617435,0.218616452991453,0.0
train,ulsan_013533,DKSR20001677_1,32,5.35,0.1237137197056706,0.304291277258567,0.0
train,ulsan_017500,DKSR20001287_1,12,2.35,0.1350017609470145,0.310709219858156,0.0
train,ulsan_025074,DKSR20000973_2,39,5.09,0.11772106167219483,0.250049115913556,0.0
train,ulsan_025975,DKSR20001157_1,6,1.58,0.22467185606850693,0.18233122362869197,0.0
train,ulsan_021023,DKSR20001533_1,39,6.11,0.1284197114541548,0.2687738679759956,0.0
train,ulsan_016441,DKSR20001207_1,40,4.39,0.20792665371025015,0.18060933940774487,0.0
train,ulsan_007236,DKSR20001301_1,31,5.75,0.0956016048961684,0.5441304347826087,0.0
train,ulsan_000423,DKSR20000954_1,9,1.97,0.2390586177428709,0.22404822335025382,0.0
train,ulsan_007232,DKSR20001301_2,47,6.85,0.12846511029556,0.18129562043795622,0.0
train,ulsan_008891,DKSR20001476_1,29,3.45,0.16908843445016478,0.2326207729468599,0.0
train,ulsan_017769,DKSR20001288_1,25,4.19,0.1721145105992382,0.24673826571201274,0.0
train,ulsan_024709,DKSR20000962_2,16,4.5,0.11594505324461683,0.25469444444444445,0.0
train,ulsan_009514,DKSR20001535_2,12,2.09,0.1533083507169646,0.24926236044657096,0.0
train,ulsan_008321,DKSR20001413_1,16,5.14,0.1437773881642443,0.4594682230869001,0.0
train,ulsan_003186,DKSR20001146_1,18,2.24,0.1213562682577483,0.23035714285714284,0.0
train,ulsan_010912,DKSR20001608_2,27,4.57,0.14772766773948057,0.41814369073668856,0.0
train,ulsan_027302,DKSR20000980_2,31,2.78,0.12160699593032638,0.35541067146282973,0.0
train,ulsan_012036,DKSR20001617_2,46,5.57,0.09413528276271792,0.29967085577498503,0.0
train,ulsan_020227,DKSR20001510_1,17,4.05,0.12505351043268037,0.16311728395061728,0.0
train,ulsan_027361,DKSR20000980_1,40,6.19,0.1078047039454279,0.33377086698976843,0.0
train,ulsan_004030,DKSR20001165_1,27,3.85,0.13734393253332558,0.1635930735930736,0.0
train,ulsan_014452,DKSR20001032_1,6,1.83,0.1773407187152871,0.24312386156648452,0.0
train,ulsan_025497,DKSR20000974_2,28,3.9,0.1335206977307806,0.2641346153846154,0.0
train,ulsan_019196,DKSR20001507_1,52,6.83,0.11819805111511693,0.2038677403611518,0.0
train,ulsan_006217,DKSR20001284_2,25,3.19,0.19936024285449666,0.20245559038662486,0.0
train,ulsan_010137,DKSR20001592_2,27,2.87,0.10035708754732593,0.3028890824622532,0.0
train,ulsan_017072,DKSR20001241_2,25,4.71,0.1728938793036275,0.20687367303609341,0.0
train,ulsan_026244,DKSR20000975_1,2,1.37,0.20126196567072205,0.4862530413625304,0.0
train,ulsan_025839,DKSR20001157_2,34,4.59,0.10476140137917513,0.30948620188816267,0.0
train,ulsan_012273,DKSR20001618_1,33,4.5,0.13045957293067018,0.18938888888888888,0.0
train,ulsan_012844,DKSR20001650_2,27,3.82,0.10786897862039876,0.3254908376963351,0.0
train,ulsan_009678,DKSR20001536_1,25,2.36,0.19067699198243063,0.16096398305084747,0.0
train,ulsan_009495,DKSR20001535_2,21,2.92,0.17126870254890839,0.2647117579908676,0.0
train,ulsan_000587,DKSR20000954_1,37,5.27,0.19242626226792287,0.10629348513598988,0.0
train,ulsan_015147,DKSR20001159_1,11,2.61,0.09847127760835407,0.16658684546615582,0.0
train,ulsan_023641,DKSR20000957_1,22,4.58,0.14504079118125673,0.32142467248908296,0.0
train,ulsan_017448,DKSR20001287_2,26,2.92,0.16013101313744518,0.1437357305936073,0.0
train,ulsan_005342,DKSR20001169_2,36,6.07,0.12385165805323214,0.35382344865458537,0.0
train,ulsan_021733,DKSR20001568_2,28,3.81,0.07917443173352351,0.2536417322834646,0.0
train,ulsan_024442,DKSR20000963_2,40,5.6,0.15307704897712965,0.2610639880952381,0.0
train,ulsan_009940,DKSR20001592_2,34,5.79,0.11149576451160774,0.39154432930339667,0.0
train,ulsan_002536,DKSR20001145_1,5,0.96,0.09658198705907378,0.5100694444444445,0.0
train,ulsan_005042,DKSR20001169_2,17,2.97,0.12184790513342932,0.3317901234567901,0.0
train,ulsan_011762,DKSR20001611_2,34,3.79,0.2053679524532871,0.21838170624450307,0.0
train,ulsan_011126,DKSR20001609_2,9,1.95,0.10962414654856555,0.4063034188034188,0.0
train,ulsan_013383,DKSR20001677_2,13,1.89,0.09334665229656496,0.4025793650793651,0.0
train,ulsan_011394,DKSR20001610_1,22,3.57,0.1263968057639357,0.3994747899159664,0.0
train,ulsan_020080,DKSR20001510_1,21,2.91,0.10937282421649433,0.16490549828178694,0.0
train,ulsan_006959,DKSR20001300_1,33,4.67,0.10329648994644043,0.22214489650249822,0.0
train,ulsan_018344,DKSR20001380_2,44,6.45,0.08026062022850534,0.29271317829457366,0.0
train,ulsan_016030,DKSR20001206_1,39,4.92,0.18363044771451775,0.13781334688346883,0.0
train,ulsan_009572,DKSR20001535_1,39,4.13,0.1868737528253278,0.1855730427764326,0.0
train,ulsan_019700,DKSR20001508_1,20,2.35,0.1812393234365295,0.09375886524822695,0.0
train,ulsan_008676,DKSR20001475_1,32,5.31,0.17026452173591325,0.19822661644695544,0.0
train,ulsan_012665,DKSR20001650_2,30,3.2,0.06284699141833214,0.45373697916666667,0.0
train,ulsan_017426,DKSR20001287_1,22,3.14,0.147806295148371,0.26199575371549894,0.0
train,ulsan_004347,DKSR20001166_1,18,3.13,0.14172433601066073,0.3817625133120341,0.0
train,ulsan_022693,DKSR20001570_2,23,4.72,0.1292339746995371,0.43563735875706217,0.0
train,ulsan_010988,DKSR20001608_2,16,2.61,0.08604610466043477,0.5007503192848021,0.0
train,ulsan_006819,DKSR20001286_2,36,4.51,0.1408541129736276,0.2397357723577236,0.0
train,ulsan_026251,DKSR20000975_1,57,7.35,0.13424344061720242,0.3556065759637188,0.0
train,ulsan_014700,DKSR20001033_1,30,3.41,0.15504701857953535,0.18411534701857282,0.0
train,ulsan_008681,DKSR20001475_1,35,4.66,0.06281273843920679,0.2886266094420601,0.0
train,ulsan_023239,DKSR20000956_2,18,2.48,0.13706900353223808,0.35685483870967744,0.0
train,ulsan_017164,DKSR20001241_1,23,3.43,0.13890189941972914,0.34156948493683187,0.0
train,ulsan_003091,DKSR20001146_2,34,5.37,0.17268083802856943,0.2418451272501552,0.0
train,ulsan_017933,DKSR20001336_1,28,5.88,0.05780685879547779,0.4394274376417234,0.0
train,ulsan_022544,DKSR20001570_2,8,1.79,0.1181284468708393,0.3044459962756052,0.0
train,ulsan_023441,DKSR20000955_1,15,2.63,0.15345864654395266,0.21888466413181243,0.0
train,ulsan_011442,DKSR20001610_2,9,2.9,0.1870553196270732,0.30225574712643677,0.0
train,ulsan_008924,DKSR20001476_1,18,2.38,0.17397272052265256,0.18476890756302522,0.0
train,ulsan_021398,DKSR20001534_2,22,4.66,0.15464943458248154,0.31292024320457795,0.0
train,ulsan_005628,DKSR20001278_2,25,2.9,0.2079203763923759,0.15745689655172415,0.0
train,ulsan_022367,DKSR20001569_2,14,2.86,0.10439949704100102,0.22488344988344988,0.0
train,ulsan_003855,DKSR20001165_2,38,5.74,0.15297282589233116,0.2683580139372822,0.0
train,ulsan_010575,DKSR20001594_2,17,3.4,0.15801774172950167,0.38919117647058826,0.0
train,ulsan_019516,DKSR20001508_2,27,4.62,0.11390188908971736,0.36501623376623377,0.0
train,ulsan_026481,DKSR20001158_1,18,2.9,0.15683256139220061,0.30527298850574713,0.0
train,ulsan_001385,DKSR20001094_1,21,4.26,0.13206803899586508,0.28346048513302036,0.0
train,ulsan_009851,DKSR20001536_1,21,2.4,0.18517810823947414,0.25873263888888887,0.0
train,ulsan_004217,DKSR20001166_2,23,3.51,0.12006966094737974,0.2899216524216524,0.0
train,ulsan_009482,DKSR20001535_1,24,2.7,0.16542554037968663,0.1706327160493827,0.0
train,ulsan_010613,DKSR20001594_1,23,2.56,0.12474221755942516,0.3455403645833333,0.0
train,ulsan_011833,DKSR20001611_1,19,2.28,0.11977670570609668,0.26355994152046786,0.0
train,ulsan_008482,DKSR20001475_2,48,4.2,0.14932390509613844,0.14510912698412698,0.0
train,ulsan_011144,DKSR20001609_1,14,2.65,0.1426741865560592,0.32720125786163523,0.0
train,ulsan_022975,DKSR20001571_1,12,2.03,0.12211590562069387,0.28374384236453204,0.0
train,ulsan_016754,DKSR20001208_2,14,2.74,0.1328230022287367,0.24478406326034063,0.0
train,ulsan_008079,DKSR20001353_2,41,4.81,0.1409339397000174,0.16273388773388772,0.0
train,ulsan_005980,DKSR20001284_1,53,5.6,0.13764976441267693,0.15652529761904763,0.0
train,ulsan_007335,DKSR20001301_1,48,5.27,0.14629576335398706,0.20939278937381403,0.0
train,ulsan_013066,DKSR20001651_2,45,6.07,0.0943580362266898,0.33990939044481056,0.0
train,ulsan_024983,DKSR20000973_2,46,6.38,0.10428875259172245,0.23308516196447232,0.0
train,ulsan_003072,DKSR20001146_1,32,4.19,0.09568611013360968,0.23828560063643595,0.0
train,ulsan_011890,DKSR20001617_1,54,5.93,0.16493527439312813,0.1901840921866217,0.0
train,ulsan_019880,DKSR20001509_1,20,2.71,0.1285354506444052,0.13537822878228783,0.0
train,ulsan_019601,DKSR20001508_1,28,4.3,0.1841643764682979,0.06207364341085271,0.0
train,ulsan_017429,DKSR20001287_1,40,3.72,0.1099693327705631,0.31319444444444444,0.0
train,ulsan_018318,DKSR20001380_1,33,4.52,0.11321693917804806,0.18414454277286135,0.0
train,ulsan_022726,DKSR20001570_2,39,4.52,0.03913551158649415,0.45663716814159294,0.0
train,ulsan_000842,DKSR20000959_2,31,6.51,0.11876008448596778,0.4140040962621608,0.0
train,ulsan_023949,DKSR20000958_2,10,2.97,0.10233405899681305,0.5932940516273849,0.0
train,ulsan_013471,DKSR20001677_2,30,3.49,0.10612371959189294,0.28486150907354346,0.0
train,ulsan_017090,DKSR20001241_1,20,4.08,0.1486358052546603,0.34071691176470587,0.0
train,ulsan_021480,DKSR20001537_1,30,4.84,0.16452321664229744,0.22457816804407713,0.0
train,ulsan_000011,DKSR20000953_1,24,3.28,0.17704825468642438,0.2020706300813008,0.0
train,ulsan_008586,DKSR20001475_2,7,1.34,0.174061237347161,0.43255597014925373,0.0
train,ulsan_018753,DKSR20001388_1,15,2.68,0.13692181329783173,0.5304726368159204,0.0
train,ulsan_002114,DKSR20001132_1,24,3.25,0.14831924242804773,0.24512820512820513,0.0
train,ulsan_027050,DKSR20001203_1,65,6.09,0.1468162676191081,0.14772851669403395,0.0
train,ulsan_020867,DKSR20001532_1,49,5.45,0.117048570644642,0.2750993883792049,0.0
train,ulsan_026322,DKSR20001158_1,25,3.48,0.15261228894825996,0.2571719348659004,0.0
train,ulsan_002315,DKSR20001144_1,10,2.19,0.15520715415931718,0.13106925418569254,0.0
train,ulsan_004803,DKSR20001168_1,29,4.67,0.13232074168974842,0.3754104211277659,0.0
train,ulsan_006273,DKSR20001285_1,37,4.96,0.13370163186151843,0.25821572580645163,0.0
train,ulsan_016741,DKSR20001208_1,36,4.82,0.14096519416200382,0.1838606500691563,0.0
train,ulsan_005458,DKSR20001278_2,52,5.07,0.1638507608441475,0.1502465483234714,0.0
train,ulsan_026419,DKSR20001158_2,18,3.65,0.08517305514034011,0.4231392694063927,0.0
train,ulsan_018039,DKSR20001336_2,15,3.32,0.1708535049340012,0.2748117469879518,0.0
train,ulsan_024045,DKSR20000961_1,22,6.17,0.11192233357355293,0.5372366288492707,0.0
train,ulsan_005800,DKSR20001280_2,15,2.03,0.16179741027233308,0.21490147783251232,0.0
train,ulsan_008392,DKSR20001475_1,10,2.03,0.1770695952222569,0.19170771756978652,0.0
train,ulsan_004026,DKSR20001165_1,54,6.39,0.10065329204566371,0.3084376630151278,0.0
train,ulsan_010018,DKSR20001592_2,38,4.21,0.1786226107137897,0.22591053048297705,0.0
train,ulsan_006899,DKSR20001300_2,15,2.35,0.16661042520143413,0.17877659574468086,0.0
train,ulsan_006626,DKSR20001286_2,26,3.8,0.09238066904796978,0.40115131578947366,0.0
train,ulsan_010457,DKSR20001594_2,20,3.1,0.12433549044510901,0.37637096774193546,0.0
train,ulsan_025216,DKSR20001156_2,15,2.38,0.14068671356863507,0.19455532212885154,0.0
train,ulsan_016904,DKSR20001240_2,19,3.46,0.19446292852740923,0.16529383429672448,0.0
train,ulsan_011545,DKSR20001610_1,23,2.63,0.1368250143705248,0.2863593155893536,0.0
train,ulsan_027540,DKSR20001204_2,46,6.1,0.09917666202992316,0.2582103825136612,0.0
train,ulsan_015762,DKSR20001202_2,47,4.53,0.13841738166685766,0.3997608535688006,0.0
train,ulsan_014733,DKSR20001033_2,27,3.37,0.19721104058686398,0.12564292779426312,0.0
train,ulsan_004862,DKSR20001168_2,10,1.86,0.1118543490513156,0.3107078853046595,0.0
train,ulsan_011730,DKSR20001611_2,24,2.76,0.19364227369998088,0.20096618357487922,0.0
train,ulsan_005182,DKSR20001169_2,24,2.9699583333333335,0.16460357917380633,0.25701819610263893,0.0
train,ulsan_023688,DKSR20000957_2,35,5.75,0.1591033058102689,0.34145652173913044,0.0
train,ulsan_013337,DKSR20001677_2,9,1.66,0.11695880711492947,0.39565763052208835,0.0
train,ulsan_003521,DKSR20001147_2,2,1.46,0.13028909739778333,0.6340468036529681,0.0
train,ulsan_027407,DKSR20001204_2,12,1.76,0.10592881255077141,0.3080965909090909,0.0
train,ulsan_003561,DKSR20001147_2,23,3.91,0.15918284577395692,0.2908674339300938,0.0
train,ulsan_002708,DKSR20001145_2,13,3.01,0.09001648545969371,0.2909745293466224,0.0
train,ulsan_007542,DKSR20001348_2,26,4.66,0.1461858320658696,0.4922299713876967,0.0
train,ulsan_015239,DKSR20001159_2,33,4.28,0.17576875196173072,0.18114291277258568,0.0
train,ulsan_023726,DKSR20000957_2,31,5.47,0.1696025224159337,0.19587903717245583,0.0
train,ulsan_025285,DKSR20001156_2,45,5.87,0.16308346059258164,0.1384298693923907,0.0
train,ulsan_021766,DKSR20001568_1,23,3.6,0.13096242756255153,0.2670486111111111,0.0
train,ulsan_024945,DKSR20000973_1,16,3.72,0.1695042309400716,0.312959229390681,0.0
train,ulsan_003028,DKSR20001146_2,3,1.22,0.15196142685906464,0.43364071038251367,0.0
train,ulsan_005329,DKSR20001169_2,6,2.75,0.11700680135814039,0.6871818181818182,0.0
train,ulsan_026720,DKSR20000979_2,42,7.36,0.08287836648820408,0.2827219202898551,0.0
train,ulsan_021924,DKSR20001568_1,26,3.92,0.11692908823824551,0.2472576530612245,0.0
train,ulsan_015364,DKSR20001159_1,13,5.3,0.09755387122360845,0.6536792452830189,0.0
train,ulsan_016975,DKSR20001240_1,12,2.56,0.2315346801211844,0.32233072916666666,0.0
train,ulsan_003399,DKSR20001147_2,8,1.75,0.14094934806440187,0.32466666666666666,0.0
train,ulsan_006353,DKSR20001285_1,13,1.59,0.17340480736281194,0.3077568134171908,0.0
train,ulsan_016251,DKSR20001207_1,25,4.8,0.14596745014843143,0.3012065972222222,0.0
train,ulsan_017841,DKSR20001288_2,53,6.52,0.1961703435203948,0.2483640081799591,0.0
train,ulsan_017008,DKSR20001240_1,26,3.98,0.17276734932038834,0.22273869346733668,0.0
train,ulsan_021910,DKSR20001568_2,47,6.07,0.1376167911598642,0.1794412410763317,0.0
train,ulsan_008515,DKSR20001475_2,24,3.83,0.1563504353221618,0.2334312445604874,0.0
train,ulsan_011619,DKSR20001610_2,18,3.18,0.16716240978580793,0.21231656184486372,0.0
train,ulsan_016172,DKSR20001206_2,11,1.82,0.18141601813787345,0.2135989010989011,0.0
train,ulsan_018782,DKSR20001388_2,73,11.870083333333334,0.13408474762946973,0.24126129414985853,0.0
train,ulsan_019250,DKSR20001507_2,34,4.29,0.07515569395198157,0.36755050505050507,0.0
train,ulsan_012353,DKSR20001618_2,26,4.96,0.16916861137340458,0.2449344758064516,0.0
train,ulsan_023256,DKSR20000956_2,22,5.1,0.11813577997870606,0.4230964052287582,0.0
train,ulsan_002422,DKSR20001144_1,6,1.51,0.1649926796018812,0.4046081677704194,0.0
train,ulsan_021954,DKSR20001568_1,28,3.54,0.11372056305072355,0.2559675141242938,0.0
train,ulsan_002998,DKSR20001146_1,12,2.8,0.10930000281823612,0.6391964285714286,0.0
train,ulsan_020571,DKSR20001512_1,34,5.76,0.12597818457031515,0.32734375,0.0
train,ulsan_023037,DKSR20000956_1,22,4.14,0.13053863904487983,0.4332326892109501,0.0
train,ulsan_022210,DKSR20001569_1,22,3.54,0.10418451361403257,0.1649364406779661,0.0
train,ulsan_002978,DKSR20001146_1,18,2.75,0.14250767205391485,0.28524242424242424,0.0
train,ulsan_007786,DKSR20001352_1,43,5.059958333333333,0.15503299404561882,0.16595986462339116,0.0
train,ulsan_015805,DKSR20001202_1,16,3.5,0.10093727941168351,0.38561904761904764,0.0
train,ulsan_027603,DKSR20001204_2,39,5.29,0.11611110737370181,0.2475346565847511,0.0
train,ulsan_025584,DKSR20000974_2,58,6.92,0.11629387516161992,0.3044315992292871,0.0
train,ulsan_023742,DKSR20000957_2,36,6.42,0.19875654815236882,0.2036344755970924,0.0
train,ulsan_014437,DKSR20001032_1,11,1.6,0.24168687942147976,0.13651041666666666,0.0
train,ulsan_003307,DKSR20001147_1,16,3.76,0.07731309347580627,0.5974955673758865,0.0
train,ulsan_015586,DKSR20001160_1,24,4.96,0.20454247916841692,0.31633064516129034,0.0
train,ulsan_008500,DKSR20001475_2,21,3.1,0.15925206964682348,0.1871774193548387,0.0
train,ulsan_013232,DKSR20001677_1,12,2.68,0.15381952899885362,0.33415733830845773,0.0
train,ulsan_001283,DKSR20001094_1,15,4.27,0.11042297253744086,0.3884562841530055,0.0
train,ulsan_026893,DKSR20001203_1,25,3.88,0.10693666512339772,0.3737220790378007,0.0
train,ulsan_027579,DKSR20001204_1,35,5.73,0.107769653908391,0.1904304828388598,0.0
train,ulsan_004619,DKSR20001167_1,10,1.95,0.12841175415640899,0.3799145299145299,0.0
train,ulsan_022122,DKSR20001569_2,31,4.68,0.09007820290227994,0.3174946581196581,0.0
train,ulsan_008228,DKSR20001413_2,19,3.86,0.13533728443485496,0.610038860103627,0.0
train,ulsan_007879,DKSR20001352_1,52,7.41,0.10677996323845194,0.3599865047233468,0.0
train,ulsan_019214,DKSR20001507_1,28,4.46,0.09240824486244026,0.30996823617339314,0.0
train,ulsan_003981,DKSR20001165_2,44,6.56,0.132133799147612,0.31270960365853656,0.0
train,ulsan_023576,DKSR20000955_1,52,5.47,0.10658543026914713,0.23889396709323582,0.0
train,ulsan_007552,DKSR20001348_1,47,8.17,0.08362816950563598,0.5964504283965728,0.0
train,ulsan_016655,DKSR20001208_1,21,3.5,0.1400524373986726,0.21598809523809523,0.0
train,ulsan_009252,DKSR20001487_2,24,3.64,0.11959446670786048,0.2565590659340659,0.0
train,ulsan_023368,DKSR20000955_2,7,2.13,0.11811315299845522,0.3285798122065728,0.0
train,ulsan_009807,DKSR20001536_2,16,2.53,0.15331611847239768,0.14286890645586298,0.0
train,ulsan_004437,DKSR20001167_1,66,6.71,0.11400226802734365,0.22756458022851467,0.0
train,ulsan_023396,DKSR20000955_1,37,5.26,0.10408289782750905,0.23418092522179976,0.0
train,ulsan_019791,DKSR20001509_1,35,6.61,0.11316283840741741,0.26108799798285426,0.0
train,ulsan_020197,DKSR20001510_2,33,3.57,0.12178427703109801,0.25229925303454714,0.0
train,ulsan_021662,DKSR20001537_1,34,5.03,0.13896471369942365,0.2484592445328032,0.0
train,ulsan_004396,DKSR20001167_2,39,5.46,0.09407481636014522,0.4267628205128205,0.0
train,ulsan_019220,DKSR20001507_1,32,3.65,0.12516835638506887,0.18320776255707763,0.0
train,ulsan_027226,DKSR20000980_1,30,4.08,0.15038772662345826,0.1753063725490196,0.0
train,ulsan_024114,DKSR20000961_2,37,6.37,0.10315130300731955,0.3406789638932496,0.0
train,ulsan_020710,DKSR20001512_1,24,4.4,0.1387693921490062,0.31177083333333333,0.0
val,ulsan_002884,DKSR20001146_1,3,2.28,0.09748587714671775,0.4949926900584795,0.0
val,ulsan_006474,DKSR20001285_1,24,2.64,0.16052551888601965,0.31523042929292927,0.0
val,ulsan_020015,DKSR20001510_1,13,2.7,0.1469367731551897,0.08691358024691358,0.0
val,ulsan_002443,DKSR20001144_1,14,1.72,0.12818858484659967,0.1693313953488372,0.0
val,ulsan_025332,DKSR20001156_1,38,4.72,0.13047741616900457,0.22800141242937852,0.0
val,ulsan_000519,DKSR20000954_2,13,1.72,0.173703590592571,0.23619186046511628,0.0
val,ulsan_023894,DKSR20000958_2,36,7.0,0.12154442403543789,0.3523095238095238,0.0
val,ulsan_008516,DKSR20001475_2,52,5.74,0.1438998554703231,0.17825929152148665,0.0
val,ulsan_004189,DKSR20001166_2,32,3.8,0.17850619481749053,0.23598684210526316,0.0
val,ulsan_011330,DKSR20001609_2,17,3.69,0.11023379087427604,0.40566847335140016,0.0
val,ulsan_016597,DKSR20001208_2,24,4.4,0.1443800734670716,0.19645833333333335,0.0
val,ulsan_016395,DKSR20001207_2,22,3.98,0.21387886614622087,0.22616206030150754,0.0
val,ulsan_023613,DKSR20000957_2,43,5.99,0.12489724864150555,0.24562465219810795,0.0
val,ulsan_023003,DKSR20001571_2,19,2.64,0.16765790655091534,0.27642045454545455,0.0
val,ulsan_010727,DKSR20001608_2,23,4.61,0.06479385913319569,0.7419468546637744,0.0
val,ulsan_007614,DKSR20001351_1,28,3.68,0.16072724818805717,0.20409873188405797,0.0
val,ulsan_003573,DKSR20001147_2,11,2.16,0.16230962055652334,0.2528163580246914,0.0
val,ulsan_016637,DKSR20001208_1,37,4.57,0.1376594237813541,0.2151349380014588,0.0
val,ulsan_008729,DKSR20001476_1,12,1.83,0.11661039084354984,0.3317622950819672,0.0
val,ulsan_021152,DKSR20001533_1,35,4.71,0.18820346469351024,0.15636058032554848,0.0
val,ulsan_021885,DKSR20001568_1,15,3.66,0.13849092996185028,0.38109061930783245,0.0
val,ulsan_008837,DKSR20001476_2,49,5.55,0.10452874917953614,0.2722147147147147,0.0
val,ulsan_009685,DKSR20001536_2,30,4.45,0.15592428155532118,0.26207865168539324,0.0
val,ulsan_020133,DKSR20001510_2,25,4.1,0.14060551245036482,0.2240142276422764,0.0
val,ulsan_013646,DKSR20001715_2,21,4.97,0.08792077394057729,0.5604376257545272,0.0
val,ulsan_006786,DKSR20001286_1,35,4.24,0.16064217027094768,0.2211183176100629,0.0
val,ulsan_012313,DKSR20001618_1,50,5.38,0.1423986292788726,0.15084417596034697,0.0
val,ulsan_023305,DKSR20000955_1,42,6.48,0.10987277582764741,0.2712448559670782,0.0
val,ulsan_018706,DKSR20001387_1,40,7.0,0.1450080001517331,0.3086904761904762,0.0
val,ulsan_002174,DKSR20001144_1,21,2.73,0.11963009655894893,0.2771672771672772,0.0
val,ulsan_012397,DKSR20001618_1,26,3.68,0.12186033687902707,0.3436707427536232,0.0
val,ulsan_001092,DKSR20000960_1,24,3.18,0.11481308226839794,0.24477201257861636,0.0
val,ulsan_011725,DKSR20001611_1,36,4.1,0.08426835794984902,0.36898373983739835,0.0
val,ulsan_025311,DKSR20001156_1,19,2.83,0.15300200804391723,0.2871024734982332,0.0
val,ulsan_015148,DKSR20001159_1,20,3.16,0.18175715825006342,0.15661919831223628,0.0
val,ulsan_014663,DKSR20001033_2,11,2.6,0.17437843677045323,0.17940705128205128,0.0
val,ulsan_010946,DKSR20001608_1,10,1.83,0.1086063905517444,0.3897313296903461,0.0
val,ulsan_002350,DKSR20001144_2,2,1.84,0.17392383567065411,0.5957427536231884,0.0
val,ulsan_000911,DKSR20000959_1,38,6.1,0.17551087607045598,0.3837090163934426,0.0
val,ulsan_009804,DKSR20001536_2,27,3.14,0.163534833792944,0.11788747346072187,0.0
val,ulsan_023872,DKSR20000958_2,31,5.21,0.11231361338196412,0.4785428662827895,0.0
val,ulsan_014411,DKSR20001032_2,37,5.6,0.14643756129001997,0.2113764880952381,0.0
val,ulsan_016374,DKSR20001207_1,42,4.85,0.16001889110773632,0.21393470790378008,0.0
val,ulsan_023414,DKSR20000955_1,35,3.84,0.14636187572934248,0.2816840277777778,0.0
val,ulsan_025680,DKSR20000974_2,35,4.27,0.14459698376843255,0.2561085089773614,0.0
val,ulsan_008030,DKSR20001353_2,67,7.79,0.151514740573462,0.23454214805305948,0.0
val,ulsan_000514,DKSR20000954_2,12,1.94,0.07825990852560685,0.39579037800687283,0.0
val,ulsan_005805,DKSR20001280_2,12,2.11,0.13330071642558278,0.30361374407582936,0.0
val,ulsan_015128,DKSR20001159_2,26,3.81,0.15704052987293063,0.2300524934383202,0.0
val,ulsan_018261,DKSR20001380_2,27,3.28,0.10668316735187212,0.20152439024390245,0.0
val,ulsan_009626,DKSR20001536_1,26,3.74,0.165178791324118,0.16383689839572194,0.0
val,ulsan_005632,DKSR20001278_2,38,4.619958333333333,0.1634541446699515,0.2067298586747716,0.0
val,ulsan_009411,DKSR20001535_1,21,2.12,0.11296034733108463,0.3021816037735849,0.0
val,ulsan_009124,DKSR20001487_2,33,4.38,0.14912540224822968,0.23291476407914763,0.0
val,ulsan_019039,DKSR20001491_2,33,4.9,0.11633591482663867,0.37043367346938777,0.0
val,ulsan_007078,DKSR20001300_2,16,1.91,0.07716362959063516,0.4955933682373473,0.0
val,ulsan_008732,DKSR20001476_1,20,3.4,0.06709780200566577,0.3957352941176471,0.0
val,ulsan_026954,DKSR20001203_2,15,3.28,0.13122667630222792,0.3285569105691057,0.0
val,ulsan_026123,DKSR20000975_1,51,5.9,0.12695623706933257,0.2941313559322034,0.0
val,ulsan_004782,DKSR20001168_2,9,2.09,0.12737322678452953,0.49250398724082933,0.0
val,ulsan_020802,DKSR20001512_2,31,4.72,0.1875544108362574,0.23040254237288135,0.0
val,ulsan_018728,DKSR20001388_2,75,12.39,0.10880074792744708,0.31081853645412966,0.0
val,ulsan_013309,DKSR20001677_1,25,4.65,0.1208957952168714,0.4388440860215054,0.0
val,ulsan_001634,DKSR20001131_1,33,4.21,0.0786243009919151,0.3556215360253365,0.0
val,ulsan_021054,DKSR20001533_1,61,8.44,0.2158419761329899,0.15699545813586097,0.0
val,ulsan_013868,DKSR20001031_2,22,3.61,0.14367372016360794,0.3364843028624192,0.0
val,ulsan_009867,DKSR20001536_1,66,7.19,0.14495557945360407,0.22548099211868336,0.0
val,ulsan_015812,DKSR20001202_2,42,4.8,0.11810924465528864,0.20232638888888888,0.0
val,ulsan_021797,DKSR20001568_2,45,6.84,0.10442489808546208,0.17874025341130603,0.0
val,ulsan_020264,DKSR20001511_2,21,3.65,0.09042722420529296,0.24928082191780823,0.0
val,ulsan_002677,DKSR20001145_1,24,3.26,0.08331552226560862,0.27662321063394685,0.0
val,ulsan_002379,DKSR20001144_2,3,1.32,0.11491504724548979,0.5297032828282828,0.0
val,ulsan_002582,DKSR20001145_2,21,2.65,0.1685404547289598,0.16105345911949687,0.0
val,ulsan_020674,DKSR20001512_2,28,5.22,0.14573354858991744,0.45423052362707533,0.0
val,ulsan_008559,DKSR20001475_1,27,5.16,0.21030342665251045,0.16340439276485788,0.0
val,ulsan_013327,DKSR20001677_2,15,3.3,0.10685372127138199,0.4422474747474747,0.0
val,ulsan_008370,DKSR20001413_2,38,5.61,0.10893835876673669,0.4313057040998218,0.0
val,ulsan_004006,DKSR20001165_2,22,4.44,0.1650372110068455,0.37552552552552554,0.0
val,ulsan_007871,DKSR20001352_1,25,3.61,0.1376134486717297,0.3241343490304709,0.0
val,ulsan_019677,DKSR20001508_1,24,3.78,0.11120798355940721,0.18628747795414463,0.0
val,ulsan_005492,DKSR20001278_1,28,4.61,0.14783206084479258,0.19841829356471438,0.0
val,ulsan_014164,DKSR20001031_2,19,2.54,0.13405176796488602,0.15646325459317587,0.0
val,ulsan_014023,DKSR20001031_1,24,2.46,0.16372858678981358,0.19693428184281841,0.0
val,ulsan_006587,DKSR20001286_1,22,2.86,0.1511389501286415,0.3073280885780886,0.0
val,ulsan_015417,DKSR20001160_2,22,2.76,0.14634445006529742,0.22146739130434784,0.0
val,ulsan_005109,DKSR20001169_2,15,2.21,0.15381053607999895,0.30659879336349927,0.0
val,ulsan_016929,DKSR20001240_1,20,2.29,0.17127824284299353,0.13817321688500728,0.0
val,ulsan_026550,DKSR20001158_1,23,3.3600833333333333,0.12251124366050513,0.3542570868778056,0.0
val,ulsan_010288,DKSR20001593_2,24,3.2,0.15446724176066495,0.31783854166666664,0.0
val,ulsan_012857,DKSR20001650_1,28,4.5,0.1769234203071765,0.3441666666666667,0.0
val,ulsan_011752,DKSR20001611_2,30,3.07,0.16668234229531972,0.31893322475570035,0.0
val,ulsan_016252,DKSR20001207_2,26,5.62,0.23822035202771988,0.16952846975088967,0.0
val,ulsan_007410,DKSR20001348_2,42,6.85,0.16898895370206324,0.3234367396593674,0.0
val,ulsan_004766,DKSR20001168_2,13,2.01,0.19789860626917533,0.25151326699834164,0.0
val,ulsan_019812,DKSR20001509_2,29,4.76,0.1451962159229869,0.1466999299719888,0.0
val,ulsan_019618,DKSR20001508_2,46,4.79,0.15783082823992053,0.17627000695894224,0.0
val,ulsan_021304,DKSR20001534_1,29,4.92,0.15850603416338827,0.2867801490514905,0.0
val,ulsan_011859,DKSR20001611_1,23,3.64,0.08408558642604673,0.300904304029304,0.0
val,ulsan_025594,DKSR20000974_2,33,7.39,0.136415657345088,0.22431777176364456,0.0
val,ulsan_027385,DKSR20000980_2,3,1.25,0.12023987151852625,0.6592333333333333,0.0
val,ulsan_001483,DKSR20001094_2,15,2.33,0.12092436340689955,0.3120708154506438,0.0
val,ulsan_009085,DKSR20001487_1,8,1.34,0.14419274015230824,0.3755597014925373,0.0
val,ulsan_001616,DKSR20001131_1,21,2.8,0.09556627630492953,0.30142857142857143,0.0
val,ulsan_021652,DKSR20001537_2,27,3.8,0.11701906748413528,0.22470394736842106,0.0
val,ulsan_009986,DKSR20001592_1,13,1.86,0.1543029025816003,0.32426075268817206,0.0
val,ulsan_019107,DKSR20001491_2,17,3.31,0.10292952282328216,0.45526183282980864,0.0
val,ulsan_006143,DKSR20001284_1,43,4.41,0.15940615131475555,0.2107898715041572,0.0
val,ulsan_011237,DKSR20001609_2,15,3.0,0.13081884689934065,0.3941527777777778,0.0
val,ulsan_023934,DKSR20000958_1,16,3.3100833333333335,0.18539446857272118,0.5588983157523728,0.0
val,ulsan_013734,DKSR20001715_1,27,4.05,0.11856403045396373,0.4009465020576132,0.0
val,ulsan_000226,DKSR20000953_1,41,4.87,0.141639544128359,0.20085557837097878,0.0
val,ulsan_018003,DKSR20001336_1,30,4.46,0.13623799707801504,0.306343423019432,0.0
val,ulsan_014060,DKSR20001031_2,26,2.96,0.1553285134741582,0.19245495495495496,0.0
val,ulsan_007359,DKSR20001348_2,9,2.48,0.17969422042093822,0.5992439516129032,0.0
val,ulsan_019258,DKSR20001507_1,25,3.85,0.10740988747076648,0.2076082251082251,0.0
val,ulsan_009426,DKSR20001535_1,19,2.67,0.18668932407948036,0.27656054931335833,0.0
val,ulsan_006651,DKSR20001286_2,18,1.99,0.0790647214911702,0.33513400335008375,0.0
val,ulsan_011661,DKSR20001611_2,34,4.52,0.1872048581218163,0.19482853982300885,0.0
val,ulsan_026675,DKSR20000979_1,38,4.86,0.14975055964637973,0.22353395061728396,0.0
val,ulsan_019244,DKSR20001507_2,22,2.68,0.11071350329765398,0.21646455223880598,0.0
val,ulsan_009860,DKSR20001536_1,27,3.94,0.13267422637485363,0.30087774957698815,0.0
val,ulsan_020694,DKSR20001512_2,15,2.82,0.12974897760495585,0.27439420803782505,0.0
val,ulsan_023652,DKSR20000957_1,35,7.56,0.06596951559095648,0.43898809523809523,0.0
val,ulsan_005391,DKSR20001278_1,30,3.88,0.15598811468775112,0.24876503436426117,0.0
val,ulsan_025468,DKSR20000974_2,31,4.12,0.10806657464731485,0.33157362459546924,0.0
val,ulsan_010267,DKSR20001593_2,36,4.15,0.14178384376558442,0.2885843373493976,0.0
val,ulsan_021917,DKSR20001568_2,32,5.02,0.07712318909178358,0.28950863213811423,0.0
val,ulsan_006641,DKSR20001286_2,26,3.32,0.08572209680516814,0.2915913654618474,0.0
val,ulsan_002851,DKSR20001145_1,30,2.98,0.10213754014116651,0.2765659955257271,0.0
val,ulsan_010798,DKSR20001608_1,9,2.46,0.1251682443754176,0.5528116531165311,0.0
val,ulsan_022654,DKSR20001570_1,16,2.93,0.12001836371743944,0.22680602957906712,0.0
val,ulsan_001953,DKSR20001132_2,40,4.06,0.13704215056218327,0.347188013136289,0.0
val,ulsan_001910,DKSR20001132_2,34,4.04,0.1245010665732262,0.22802186468646865,0.0
val,ulsan_019951,DKSR20001509_1,67,6.91,0.11102020952306174,0.14443439459720211,0.0
val,ulsan_025420,DKSR20001156_1,12,2.43,0.10491093592137027,0.42021604938271606,0.0
val,ulsan_025694,DKSR20000974_2,42,6.0,0.14931327638377528,0.2093125,0.0
val,ulsan_017293,DKSR20001241_2,19,3.78,0.2221013650578848,0.1910163139329806,0.0
val,ulsan_013911,DKSR20001031_1,22,3.0,0.17793767419859224,0.28625,0.0
val,ulsan_018052,DKSR20001336_2,43,6.5,0.06688254916457892,0.34767948717948716,0.0
val,ulsan_015010,DKSR20001033_1,26,3.56,0.12377085786422927,0.2396301498127341,0.0
val,ulsan_023631,DKSR20000957_1,42,7.12,0.08501320549119838,0.2348373127340824,0.0
val,ulsan_025675,DKSR20000974_2,33,5.44,0.14012890932889638,0.2207720588235294,0.0
val,ulsan_015959,DKSR20001206_1,18,2.81,0.2110665831409953,0.2384638196915777,0.0
val,ulsan_008181,DKSR20001353_1,49,4.4,0.1622508651926438,0.17772727272727273,0.0
val,ulsan_008366,DKSR20001413_1,44,6.08,0.12086525007485706,0.36023163377192985,0.0
val,ulsan_015615,DKSR20001160_2,30,6.38,0.13942597157965306,0.32421630094043885,0.0
val,ulsan_020706,DKSR20001512_1,14,2.89,0.23684050764122397,0.2302047289504037,0.0
val,ulsan_027040,DKSR20001203_1,13,3.35,0.14019577136201297,0.4533208955223881,0.0
val,ulsan_005029,DKSR20001169_2,23,3.0,0.11344858778715639,0.30019444444444443,0.0
val,ulsan_000162,DKSR20000953_1,30,4.13,0.2113109501798317,0.17775423728813558,0.0
val,ulsan_003069,DKSR20001146_1,12,2.61,0.11156514709568209,0.5316570881226054,0.0
val,ulsan_009440,DKSR20001535_2,12,2.25,0.23229608675100982,0.23903703703703705,0.0
val,ulsan_025076,DKSR20000973_2,8,1.6,0.09928437997538378,0.41682291666666665,0.0
val,ulsan_013658,DKSR20001715_2,13,2.23,0.14125348593712417,0.3590807174887892,0.0
val,ulsan_006784,DKSR20001286_1,20,3.59,0.18392856777380195,0.31610956360259984,0.0
val,ulsan_011378,DKSR20001610_2,18,2.85,0.1568729543088044,0.3825438596491228,0.0
val,ulsan_021294,DKSR20001534_1,18,4.14,0.13811514925415258,0.39098228663446055,0.0
val,ulsan_017884,DKSR20001288_2,44,5.29,0.23859045867681514,0.19877126654064273,0.0
val,ulsan_019602,DKSR20001508_1,26,3.63,0.09188183794980063,0.16170798898071626,0.0
val,ulsan_010673,DKSR20001594_1,28,4.99,0.11317730210267606,0.534001336005344,0.0
val,ulsan_008452,DKSR20001475_1,36,4.23,0.17355276121353785,0.16599684791174152,0.0
val,ulsan_012583,DKSR20001649_2,11,2.69,0.07027918626067116,0.5927354399008674,0.0
val,ulsan_006842,DKSR20001286_2,15,2.13,0.10949825529887394,0.515414710485133,0.0
val,ulsan_013379,DKSR20001677_2,33,4.45,0.11171439489536537,0.23002808988764045,0.0
val,ulsan_023908,DKSR20000958_2,24,6.93,0.11588920986004854,0.4553872053872054,0.0
val,ulsan_027402,DKSR20001204_2,31,5.39,0.16823005876901997,0.299721706864564,0.0
val,ulsan_005059,DKSR20001169_1,28,3.86,0.13932489191593783,0.24316709844559586,0.0
val,ulsan_006616,DKSR20001286_2,17,2.54,0.10450482451107342,0.3906496062992126,0.0
val,ulsan_010682,DKSR20001594_1,38,6.27,0.15538688610169926,0.32612307283359915,0.0
val,ulsan_023008,DKSR20001571_2,25,6.93,0.07690565744418407,0.6678210678210679,0.0
val,ulsan_009934,DKSR20001592_2,30,3.35,0.10102252888811802,0.37294776119402984,0.0
val,ulsan_008850,DKSR20001476_2,45,4.7,0.15630934661345816,0.21335992907801418,0.0
val,ulsan_007734,DKSR20001351_1,64,7.65,0.09534879512066365,0.30692265795206974,0.0
val,ulsan_004103,DKSR20001166_2,66,6.75,0.15087699070316943,0.2125679012345679,0.0
val,ulsan_011523,DKSR20001610_1,28,3.94,0.14842619326799994,0.2771044839255499,0.0
val,ulsan_020221,DKSR20001510_2,46,5.53,0.13010765935975305,0.1643685955394816,0.0
val,ulsan_019470,DKSR20001508_2,29,3.4,0.14397907401347348,0.1605514705882353,0.0
val,ulsan_013784,DKSR20001715_1,21,2.8,0.2074719049155251,0.19870535714285714,0.0
val,ulsan_000102,DKSR20000953_2,25,3.63,0.15819936657160338,0.10332874196510561,0.0
val,ulsan_008235,DKSR20001413_1,19,5.04,0.1463626577635626,0.3741319444444444,0.0
val,ulsan_008664,DKSR20001475_1,16,3.18,0.17716220832724944,0.19901729559748427,0.0
val,ulsan_023161,DKSR20000956_2,39,4.83,0.14915292533443186,0.23285024154589373,0.0
val,ulsan_005480,DKSR20001278_1,28,3.89,0.17459141009445248,0.16334618680377036,0.0
val,ulsan_016830,DKSR20001240_2,25,3.65,0.11449917575323919,0.2990182648401826,0.0
val,ulsan_025567,DKSR20000974_2,23,4.63,0.14478602061386686,0.3273758099352052,0.0
val,ulsan_000662,DKSR20000954_2,12,1.57,0.1777575981937244,0.3059447983014862,0.0
val,ulsan_021357,DKSR20001534_1,39,5.9,0.17001958748159018,0.22219632768361583,0.0
val,ulsan_022014,DKSR20001568_2,33,5.07,0.12113193766881188,0.13602892833662064,0.0
val,ulsan_026770,DKSR20000979_1,29,3.6,0.1562736438256867,0.22458333333333333,0.0
val,ulsan_004568,DKSR20001167_1,8,1.24,0.10461703859243594,0.3530241935483871,0.0
val,ulsan_006257,DKSR20001285_1,30,3.29,0.1718078909848996,0.23812056737588652,0.0
val,ulsan_017930,DKSR20001336_2,44,6.6,0.17160377900446167,0.20571338383838383,0.0
val,ulsan_021933,DKSR20001568_1,22,3.18,0.09964792571213107,0.2710953878406709,0.0
val,ulsan_006341,DKSR20001285_1,20,2.59,0.14896931924828993,0.31444658944658943,0.0
val,ulsan_009035,DKSR20001487_2,10,2.64,0.10890853611900614,0.5349905303030303,0.0
val,ulsan_011772,DKSR20001611_1,27,3.9,0.07742529562636286,0.33724358974358976,0.0
val,ulsan_017440,DKSR20001287_2,37,5.31,0.15199882343090793,0.19552730696798493,0.0
val,ulsan_024534,DKSR20000962_1,21,5.84,0.1402392691952568,0.3278824200913242,0.0
val,ulsan_003497,DKSR20001147_2,26,4.23,0.1416245282995292,0.3019011032308905,0.0
val,ulsan_016826,DKSR20001240_1,16,4.07,0.1498316089913376,0.26165028665028667,0.0
val,ulsan_016021,DKSR20001206_1,31,3.85,0.17527577980101827,0.19465367965367966,0.0
val,ulsan_010485,DKSR20001594_2,35,4.35,0.1390774321157784,0.328323754789272,0.0
val,ulsan_008277,DKSR20001413_1,28,1.99,0.13646502260866994,0.38682998324958123,0.0
val,ulsan_010824,DKSR20001608_2,45,5.67,0.11665319310662264,0.33963844797178133,0.0
val,ulsan_007692,DKSR20001351_1,38,4.32,0.1881479038243533,0.16488233024691357,0.0
val,ulsan_023987,DKSR20000958_2,33,7.04,0.08643165261358066,0.43433357007575757,0.0
val,ulsan_012502,DKSR20001649_1,21,3.0,0.11075013708105647,0.36883333333333335,0.0
val,ulsan_013158,DKSR20001651_1,29,3.52,0.10268287497408804,0.3111742424242424,0.0
val,ulsan_003704,DKSR20001149_1,43,6.55,0.13627179354068164,0.2816857506361323,0.0
val,ulsan_004446,DKSR20001167_1,51,5.98,0.15334178563429943,0.3410604793756968,0.0
val,ulsan_018029,DKSR20001336_2,27,5.18,0.0838791519785197,0.3671975546975547,0.0
val,ulsan_024126,DKSR20000961_2,40,5.55,0.1293665528117501,0.17625375375375377,0.0
val,ulsan_015045,DKSR20001033_1,24,2.63,0.12490795591275977,0.16028200253485425,0.0
val,ulsan_017946,DKSR20001336_1,14,3.06,0.1295522494511289,0.4807734204793028,0.0
val,ulsan_017771,DKSR20001288_1,24,2.79,0.12392853209877784,0.28222819593787335,0.0
val,ulsan_007562,DKSR20001351_2,28,4.84,0.07977290350014604,0.303168044077135,0.0
val,ulsan_014796,DKSR20001033_1,7,1.02,0.19975582574919493,0.3995915032679739,0.0
val,ulsan_020826,DKSR20001532_2,15,3.22,0.17720469878230768,0.2411231884057971,0.0
val,ulsan_000073,DKSR20000953_2,21,3.87,0.14721838901633935,0.17872523686477174,0.0
val,ulsan_022916,DKSR20001571_2,14,3.01,0.1774317144615688,0.2084717607973422,0.0
val,ulsan_019768,DKSR20001509_1,32,5.96,0.12636309919888633,0.1912751677852349,0.0
val,ulsan_008699,DKSR20001475_1,14,1.89,0.22423469385483652,0.2064594356261023,0.0
val,ulsan_014240,DKSR20001032_2,10,1.25,0.14956495241556836,0.28923333333333334,0.0
val,ulsan_016492,DKSR20001207_1,15,2.71,0.10216305416540479,0.4781519065190652,0.0
val,ulsan_020819,DKSR20001532_2,25,4.26,0.1881739998341272,0.15524256651017215,0.0
val,ulsan_009708,DKSR20001536_1,32,3.25,0.1818235157435658,0.16657692307692307,0.0
val,ulsan_009581,DKSR20001535_1,33,4.47,0.12212315221457165,0.307475764354959,0.0
val,ulsan_015673,DKSR20001202_1,32,3.1,0.1894806411557086,0.11405913978494624,0.0
val,ulsan_006907,DKSR20001300_2,10,3.1,0.14454735000528257,0.23470430107526882,0.0
val,ulsan_025126,DKSR20001156_1,26,4.26,0.1360596193556523,0.41776212832550863,0.0
val,ulsan_009522,DKSR20001535_2,13,2.6,0.20468297806537492,0.26314102564102565,0.0
val,ulsan_006144,DKSR20001284_1,19,3.3,0.18624816645684664,0.3066792929292929,0.0
val,ulsan_010028,DKSR20001592_2,29,3.78,0.09574554500021681,0.34595458553791886,0.0
val,ulsan_022198,DKSR20001569_2,31,4.98,0.1136430578471352,0.17991967871485945,0.0
val,ulsan_008041,DKSR20001353_1,17,2.48,0.17758009263968488,0.15893817204301075,0.0
val,ulsan_007864,DKSR20001352_1,19,2.14,0.19588444712855674,0.125,0.0
val,ulsan_005289,DKSR20001169_1,29,4.11,0.13627143234298225,0.2974148418491484,0.0
val,ulsan_010759,DKSR20001608_2,8,3.3,0.06914867363555424,0.627550505050505,0.0
val,ulsan_003134,DKSR20001146_2,2,2.09,0.08348592397619804,0.796012759170654,0.0
val,ulsan_008929,DKSR20001476_2,23,2.62,0.14037378444076906,0.23791348600508905,0.0
val,ulsan_022388,DKSR20001570_2,23,2.54,0.12781081664622587,0.1626968503937008,0.0
val,ulsan_008092,DKSR20001353_2,38,5.63,0.13294676517420734,0.2250222024866785,0.0
val,ulsan_021555,DKSR20001537_2,28,3.19,0.18974708932352455,0.20411442006269592,0.0
val,ulsan_022227,DKSR20001569_2,6,1.23,0.14584014582870058,0.16144986449864498,0.0
val,ulsan_004513,DKSR20001167_2,30,5.01,0.11575869131169826,0.2856952761144378,0.0
val,ulsan_021244,DKSR20001534_1,19,4.61,0.12148295771502023,0.2761930585683297,0.0
val,ulsan_025945,DKSR20001157_1,3,1.08,0.17289300091856608,0.3330246913580247,0.0
val,ulsan_022792,DKSR20001571_1,31,4.51,0.14629789412111643,0.25764042867701403,0.0
val,ulsan_022447,DKSR20001570_1,8,1.4,0.1429618925129975,0.2005952380952381,0.0
val,ulsan_006404,DKSR20001285_1,16,2.78,0.18179019306395505,0.34238609112709834,0.0
val,ulsan_017134,DKSR20001241_2,30,5.14,0.13140470608029922,0.32415693904020754,0.0
val,ulsan_026047,DKSR20000975_1,26,3.16,0.12239728879255583,0.19518723628691984,0.0
val,ulsan_007331,DKSR20001301_1,12,2.45,0.18685434490166503,0.19962585034013605,0.0
val,ulsan_006879,DKSR20001300_1,28,3.81,0.11658071809830393,0.33232720909886265,0.0
val,ulsan_027243,DKSR20000980_1,28,3.92,0.18729362683032036,0.1884141156462585,0.0
val,ulsan_023518,DKSR20000955_2,10,1.56,0.11420421079330023,0.3310897435897436,0.0
val,ulsan_019966,DKSR20001509_2,22,4.42,0.07459824421548814,0.3260840874811463,0.0
val,ulsan_027142,DKSR20001203_1,23,3.55,0.11473245064040756,0.4020305164319249,0.0
val,ulsan_016340,DKSR20001207_1,24,4.47,0.19695828561382578,0.21158650260999254,0.0
val,ulsan_010154,DKSR20001592_2,27,3.28,0.1285175540869795,0.33753810975609755,0.0
val,ulsan_001736,DKSR20001131_1,20,2.58,0.13535105326689464,0.21681201550387597,0.0
val,ulsan_009982,DKSR20001592_1,14,2.65,0.1464646427200734,0.42130503144654086,0.0
val,ulsan_011846,DKSR20001611_1,50,5.81,0.07387743749097896,0.3733218588640275,0.0
val,ulsan_008778,DKSR20001476_2,15,2.01,0.1586792484675765,0.3611111111111111,0.0
val,ulsan_006930,DKSR20001300_2,4,1.12,0.15948751622354737,0.4159598214285714,0.0
val,ulsan_019301,DKSR20001507_2,30,4.38,0.11369421196494323,0.2046993911719939,0.0
val,ulsan_005589,DKSR20001278_2,18,2.77,0.18096789802716237,0.21780986762936222,0.0
val,ulsan_025599,DKSR20000974_2,41,5.5,0.11266273621669713,0.2603939393939394,0.0
val,ulsan_014869,DKSR20001033_2,16,2.14,0.1786677145965656,0.39123831775700935,0.0
val,ulsan_013216,DKSR20001677_2,10,1.66,0.12482787942551424,0.34282128514056226,0.0
val,ulsan_013998,DKSR20001031_1,13,2.35,0.14338142028114942,0.2225531914893617,0.0
val,ulsan_026247,DKSR20000975_1,10,1.76,0.16434521931256882,0.4546875,0.0
val,ulsan_014709,DKSR20001033_1,27,3.75,0.19537383565795186,0.23615555555555556,0.0
val,ulsan_021204,DKSR20001533_2,22,4.26,0.09803110912259479,0.33083920187793425,0.0
val,ulsan_005786,DKSR20001280_2,47,5.17,0.13762800886555107,0.1622662798194713,0.0
val,ulsan_007016,DKSR20001300_1,57,6.5,0.08987302787705934,0.31875,0.0
val,ulsan_016231,DKSR20001207_2,38,6.98,0.16858372207843936,0.1685947946513849,0.0
val,ulsan_026497,DKSR20001158_2,15,3.47,0.1846260294036882,0.2953890489913545,0.0
val,ulsan_022768,DKSR20001571_1,30,4.16,0.13381629273467505,0.18107972756410257,0.0
val,ulsan_016999,DKSR20001240_1,33,4.6,0.14922406289423076,0.2282427536231884,0.0
val,ulsan_012419,DKSR20001618_1,2,1.35,0.1701353365083181,0.35898148148148146,0.0
val,ulsan_026076,DKSR20000975_2,38,6.55,0.08623623982709738,0.3001208651399491,0.0
val,ulsan_001784,DKSR20001131_2,23,2.859958333333333,0.14881999519739944,0.237139235711476,0.0
val,ulsan_021891,DKSR20001568_1,36,6.65,0.10367954970731683,0.477437343358396,0.0
val,ulsan_012151,DKSR20001617_2,9,3.87,0.09326743915603537,0.7561261843238587,0.0
val,ulsan_024943,DKSR20000973_1,24,4.09,0.14837708391053708,0.15381010594947025,0.0
val,ulsan_026392,DKSR20001158_2,22,2.43,0.1605868503045809,0.19633058984910837,0.0
val,ulsan_020052,DKSR20001510_2,12,3.51,0.11179087235292882,0.488164767331434,0.0
val,ulsan_006023,DKSR20001284_2,41,6.01,0.14853675651089435,0.25292567942318356,0.0
val,ulsan_027110,DKSR20001203_2,20,2.63,0.11931411434178092,0.2991920152091255,0.0
val,ulsan_004967,DKSR20001168_2,33,4.12,0.13661778278768263,0.3016686893203884,0.0
val,ulsan_011165,DKSR20001609_1,26,3.78,0.10703249213164602,0.42336860670194004,0.0
val,ulsan_021155,DKSR20001533_1,21,2.98,0.14982495448398364,0.30496364653243846,0.0
val,ulsan_009346,DKSR20001535_2,15,2.43,0.22505288415453822,0.09871399176954733,0.0
val,ulsan_012921,DKSR20001651_2,12,2.16,0.108748383663227,0.49604552469135804,0.0
val,ulsan_013438,DKSR20001677_2,22,2.98,0.10869081276546205,0.46136744966442955,0.0
val,ulsan_023634,DKSR20000957_1,26,5.27,0.14415695979027499,0.32533206831119543,0.0
val,ulsan_025004,DKSR20000973_2,28,3.34,0.09216584552302327,0.23812375249500997,0.0
val,ulsan_026137,DKSR20000975_2,22,4.63,0.07734090232852055,0.42218322534197267,0.0
val,ulsan_005912,DKSR20001280_1,30,3.55,0.10906085732325897,0.27523474178403756,0.0
val,ulsan_004190,DKSR20001166_2,42,5.5,0.13743686487850554,0.30757575757575756,0.0
val,ulsan_021423,DKSR20001537_1,17,5.33,0.10794026305641959,0.5479127579737336,0.0
val,ulsan_026915,DKSR20001203_1,19,2.81,0.1429966901894069,0.29991103202846975,0.0
val,ulsan_015385,DKSR20001160_2,2,2.88,0.12345706294959156,0.7109664351851852,0.0
val,ulsan_023044,DKSR20000956_2,27,4.47,0.18691223579409455,0.19675615212527964,0.0
val,ulsan_001251,DKSR20001094_1,30,5.28,0.1438988710328046,0.2641887626262626,0.0
val,ulsan_024889,DKSR20000973_2,31,4.04,0.10240442401597027,0.23872731023102312,0.0
val,ulsan_023979,DKSR20000958_2,11,4.79,0.10814430243300095,0.6923103688239388,0.0
val,ulsan_012356,DKSR20001618_2,22,4.15,0.1706681340150968,0.32477911646586344,0.0
val,ulsan_025731,DKSR20001157_2,16,2.2,0.11393853917925671,0.3683712121212121,0.0
val,ulsan_003921,DKSR20001165_1,29,4.49,0.15115681802597872,0.33067000742390495,0.0
val,ulsan_022731,DKSR20001570_2,23,5.12,0.05433045271174037,0.6810953776041667,0.0
val,ulsan_003383,DKSR20001147_1,12,1.64,0.15712049851222817,0.27197662601626016,0.0
val,ulsan_020854,DKSR20001532_1,4,1.28,0.1347363328412223,0.4314778645833333,0.0
val,ulsan_025190,DKSR20001156_1,17,4.88,0.10518161831298115,0.3337004781420765,0.0
val,ulsan_025527,DKSR20000974_1,21,3.31,0.13215461180717478,0.21260070493454178,0.0
val,ulsan_012817,DKSR20001650_2,28,4.08,0.0726492113988569,0.40679125816993467,0.0
val,ulsan_007638,DKSR20001351_1,86,8.88,0.1369521622039618,0.19031062312312313,0.0
val,ulsan_024304,DKSR20000963_2,23,3.65,0.15498072278676245,0.29561643835616436,0.0
val,ulsan_014524,DKSR20001032_1,38,4.36,0.15284870080924856,0.2053038990825688,0.0
val,ulsan_018102,DKSR20001336_2,22,2.69,0.1421631667916559,0.17935254027261463,0.0
val,ulsan_009768,DKSR20001536_1,29,3.39,0.17336032123841513,0.21353244837758112,0.0
val,ulsan_013783,DKSR20001715_1,45,5.46,0.13844303338264743,0.28482142857142856,0.0
val,ulsan_026170,DKSR20000975_1,32,4.26,0.11707836384461406,0.3130575117370892,0.0
val,ulsan_024506,DKSR20000963_2,43,5.25,0.13468938540937078,0.2320873015873016,0.0
val,ulsan_009845,DKSR20001536_1,49,5.44,0.19438622067216188,0.19331341911764705,0.0
val,ulsan_000513,DKSR20000954_2,13,2.63,0.16538206601194969,0.3470532319391635,0.0
val,ulsan_000017,DKSR20000953_1,34,4.52,0.15392005015009147,0.22689896755162242,0.0
val,ulsan_003285,DKSR20001147_2,19,2.640083333333333,0.1393041325648581,0.18438496259587767,0.0
val,ulsan_004693,DKSR20001168_2,49,5.49,0.17539569641670727,0.16193837279902853,0.0
val,ulsan_007087,DKSR20001300_1,14,1.82,0.19328879339247995,0.26279761904761906,0.0
val,ulsan_002234,DKSR20001144_2,17,3.24,0.13088298755738415,0.3179526748971193,0.0
val,ulsan_018168,DKSR20001336_1,26,5.13,0.11303042858808693,0.3674545159194282,0.0
val,ulsan_008380,DKSR20001413_1,38,8.35,0.12578665563462416,0.45641217564870257,0.0
val,ulsan_012178,DKSR20001618_1,11,1.65,0.12317108448906867,0.2298989898989899,0.0
val,ulsan_014898,DKSR20001033_2,11,1.88,0.17367516391927854,0.2786790780141844,0.0
val,ulsan_010437,DKSR20001593_2,36,4.5,0.1402159309567998,0.35817592592592595,0.0
val,ulsan_017062,DKSR20001241_1,11,2.03,0.09303439790799267,0.4312192118226601,0.0
val,ulsan_027122,DKSR20001203_2,15,3.04,0.12097059152277063,0.2502330043859649,0.0
val,ulsan_002402,DKSR20001144_2,20,3.47,0.09526883341200013,0.4400576368876081,0.0
val,ulsan_008042,DKSR20001353_1,43,6.06,0.10702267536768532,0.2817175467546755,0.0
val,ulsan_025986,DKSR20001157_1,15,2.04,0.17846295906714907,0.22128267973856208,0.0
val,ulsan_002345,DKSR20001144_2,15,3.13,0.15577457156123325,0.3047790202342918,0.0
val,ulsan_012108,DKSR20001617_2,42,5.0099583333333335,0.20039083672332764,0.13287701993529555,0.0
val,ulsan_002313,DKSR20001144_1,49,5.49,0.11502800518553098,0.2417956891317547,0.0
val,ulsan_017971,DKSR20001336_1,13,2.94,0.2156802899018828,0.23698979591836736,0.0
val,ulsan_025674,DKSR20000974_2,6,1.92,0.12291423933705146,0.34357638888888886,0.0
val,ulsan_026081,DKSR20000975_2,34,4.72,0.11166372043937858,0.19695444915254237,0.0
val,ulsan_015311,DKSR20001159_2,35,5.07,0.1760651608646055,0.1591387245233399,0.0
val,ulsan_026741,DKSR20000979_1,42,5.19,0.13982958740680096,0.19217244701348749,0.0
val,ulsan_020180,DKSR20001510_1,24,3.43,0.1775851605642158,0.14635568513119535,0.0
val,ulsan_007634,DKSR20001351_1,70,7.24,0.12612554510409243,0.19087822283609576,0.0
val,ulsan_025633,DKSR20000974_1,28,5.26,0.1139077251180454,0.24536596958174905,0.0
val,ulsan_005416,DKSR20001278_2,44,5.49,0.1689550835206409,0.18258196721311476,0.0
val,ulsan_014135,DKSR20001031_1,26,3.75,0.1526917143724742,0.18446666666666667,0.0
val,ulsan_019513,DKSR20001508_1,31,4.72,0.12754348462674034,0.20075918079096045,0.0
val,ulsan_020358,DKSR20001511_1,24,3.05,0.15422182881161287,0.19293715846994536,0.0
val,ulsan_026442,DKSR20001158_1,32,4.44,0.15612182739250613,0.2723536036036036,0.0
val,ulsan_008131,DKSR20001353_1,56,8.4,0.17294186026506378,0.21608630952380953,0.0
val,ulsan_009545,DKSR20001535_1,18,2.44,0.16966197147243978,0.23681693989071037,0.0
val,ulsan_024924,DKSR20000973_1,38,6.07,0.11495885745335999,0.32385365183964854,0.0
val,ulsan_009341,DKSR20001535_2,46,6.94,0.13301928683235367,0.19006964457252642,0.0
val,ulsan_005760,DKSR20001280_2,25,3.57,0.0988018703161544,0.27804621848739497,0.0
val,ulsan_004071,DKSR20001165_1,40,6.04,0.13447596150903737,0.2877621412803532,0.0
val,ulsan_022981,DKSR20001571_1,24,4.2,0.09831024815300303,0.3745436507936508,0.0
val,ulsan_020334,DKSR20001511_1,34,4.64,0.20092636301579575,0.19180136494252872,0.0
val,ulsan_021812,DKSR20001568_2,19,5.05,0.08246933618984888,0.287483498349835,0.0
val,ulsan_002515,DKSR20001144_2,33,4.54,0.11379626457253574,0.26177496328928046,0.0
val,ulsan_014259,DKSR20001032_2,14,1.82,0.11660502589757138,0.3538232600732601,0.0
val,ulsan_017922,DKSR20001288_2,44,4.68,0.1963118304471219,0.20434472934472933,0.0
val,ulsan_025374,DKSR20001156_2,2,1.24,0.12033982784933712,0.520497311827957,0.0
val,ulsan_008354,DKSR20001413_2,30,4.88,0.13913056664697968,0.41684596994535517,0.0
val,ulsan_012378,DKSR20001618_1,37,4.67,0.17044292147621054,0.17350999286224125,0.0
val,ulsan_016239,DKSR20001207_1,29,3.91,0.1289246057298824,0.2236466325660699,0.0
val,ulsan_006511,DKSR20001285_2,26,4.37,0.16450809872205008,0.33267543859649124,0.0
val,ulsan_009980,DKSR20001592_2,30,4.5,0.09863204872343065,0.5076296296296297,0.0
val,ulsan_026054,DKSR20000975_1,43,6.06,0.1536011713106102,0.22757838283828383,0.0
val,ulsan_023704,DKSR20000957_2,66,7.4,0.115743832045438,0.24220157657657657,0.0
val,ulsan_000719,DKSR20000954_2,20,2.63,0.14553348737892755,0.15451520912547528,0.0
val,ulsan_021364,DKSR20001534_1,37,7.89,0.1365581262996915,0.32370616814533165,0.0
val,ulsan_021726,DKSR20001568_1,29,5.14,0.15569298699728312,0.21660992217898833,0.0
val,ulsan_009530,DKSR20001535_2,37,5.53,0.15217107387292264,0.2506253767329717,0.0
val,ulsan_023696,DKSR20000957_2,31,6.65,0.19411229083165366,0.21696115288220552,0.0
val,ulsan_022909,DKSR20001571_1,28,5.2,0.1496714907849987,0.2825721153846154,0.0
val,ulsan_023935,DKSR20000958_2,18,5.71,0.1348939381848996,0.37536485697606536,0.0
val,ulsan_020368,DKSR20001511_2,25,4.13,0.09998451605207749,0.3158393866020985,0.0
val,ulsan_018504,DKSR20001386_1,14,4.86,0.13143566587338118,0.6654835390946502,0.0
val,ulsan_025186,DKSR20001156_1,9,2.5,0.11537681495524084,0.2276,0.0
val,ulsan_020931,DKSR20001532_1,41,8.76,0.14270176650809233,0.2602501902587519,0.0
val,ulsan_016178,DKSR20001206_1,48,5.56,0.1803289390748194,0.17159772182254196,0.0
val,ulsan_023207,DKSR20000956_1,35,6.03,0.13996579879594068,0.27120646766169154,0.0
val,ulsan_011019,DKSR20001608_1,40,6.97,0.10656079322413654,0.351506456241033,0.0
val,ulsan_027641,DKSR20001204_1,9,4.51,0.10978962512271587,0.4471452328159645,0.0
val,ulsan_022941,DKSR20001571_1,12,2.91,0.17582803806944958,0.2739690721649485,0.0
val,ulsan_001345,DKSR20001094_1,24,3.75,0.18580482769135814,0.14895555555555556,0.0
val,ulsan_007425,DKSR20001348_2,24,4.88,0.14870088208207696,0.5511441256830601,0.0
val,ulsan_019270,DKSR20001507_2,22,4.08,0.13008337115189345,0.15959967320261437,0.0
val,ulsan_022486,DKSR20001570_2,25,3.2,0.13014422585297936,0.16540364583333333,0.0
val,ulsan_002722,DKSR20001145_2,27,3.75,0.12213670936684419,0.2076888888888889,0.0
val,ulsan_013959,DKSR20001031_1,31,5.36,0.1230152307600656,0.36244558457711445,0.0
val,ulsan_003144,DKSR20001146_1,20,2.7,0.14003429530593478,0.2042283950617284,0.0
val,ulsan_022452,DKSR20001570_2,19,4.05,0.11938033728342554,0.36439300411522635,0.0
val,ulsan_000702,DKSR20000954_2,29,3.63,0.16659724269195733,0.23617998163452708,0.0
val,ulsan_021928,DKSR20001568_1,16,2.3,0.14146649507085238,0.25056159420289853,0.0
val,ulsan_015031,DKSR20001033_1,27,3.28,0.11853759022297577,0.2394308943089431,0.0
val,ulsan_001979,DKSR20001132_2,23,3.08,0.13413065929863233,0.28682359307359306,0.0
val,ulsan_026886,DKSR20001203_2,15,1.98,0.1417136897759512,0.1896043771043771,0.0
val,ulsan_013020,DKSR20001651_1,32,4.89,0.14125350534339884,0.2323790047716428,0.0
val,ulsan_005105,DKSR20001169_1,20,2.61,0.09737533730205628,0.4651500638569604,0.0
val,ulsan_014036,DKSR20001031_1,40,4.4,0.1542382627883304,0.14767992424242424,0.0
val,ulsan_021843,DKSR20001568_1,36,7.3,0.14080267710012634,0.4228538812785388,0.0
val,ulsan_006167,DKSR20001284_1,54,5.78,0.18288526433901053,0.1916017877739331,0.0
val,ulsan_005275,DKSR20001169_2,25,4.18,0.14437788861403508,0.355841307814992,0.0
val,ulsan_008071,DKSR20001353_2,32,4.25,0.17718595764467887,0.20486274509803923,0.0
val,ulsan_019133,DKSR20001507_2,22,2.1,0.11534517759560997,0.16964285714285715,0.0
val,ulsan_008014,DKSR20001353_2,51,6.11,0.17354244264820257,0.16194762684124386,0.0
val,ulsan_006607,DKSR20001286_2,17,2.87,0.11291718048483708,0.39510743321718933,0.0
val,ulsan_015581,DKSR20001160_1,2,1.52,0.29109119057222055,0.35046600877192985,0.0
val,ulsan_003985,DKSR20001165_2,7,3.42,0.14677991501717172,0.4144736842105263,0.0
val,ulsan_010645,DKSR20001594_2,40,4.95,0.11541675154076264,0.4490909090909091,0.0
val,ulsan_001188,DKSR20000960_2,42,6.64,0.12858490685869392,0.33382906626506026,0.0
val,ulsan_014715,DKSR20001033_1,35,4.0,0.09591630763033594,0.21740625,0.0
val,ulsan_004246,DKSR20001166_1,31,6.03,0.1270828025635014,0.342944997236042,0.0
val,ulsan_019239,DKSR20001507_2,39,5.65,0.09714709457759801,0.21694690265486727,0.0
val,ulsan_007387,DKSR20001348_2,32,5.19,0.09170860288707429,0.40594894026974954,0.0
val,ulsan_010949,DKSR20001608_1,22,3.99,0.1068568791275255,0.4693191311612364,0.0
val,ulsan_025569,DKSR20000974_2,30,4.78,0.15430291247998487,0.2851377266387727,0.0
val,ulsan_027192,DKSR20000980_2,57,7.06,0.13469197607988648,0.2543024079320113,0.0
val,ulsan_004100,DKSR20001166_2,59,6.25,0.09403303451085863,0.3101333333333333,0.0
val,ulsan_015784,DKSR20001202_1,34,4.5,0.18995946596702123,0.1555462962962963,0.0
val,ulsan_003201,DKSR20001146_1,14,1.82,0.15148276292508156,0.2928342490842491,0.0
val,ulsan_025259,DKSR20001156_1,24,3.04,0.15445317385167812,0.18201754385964913,0.0
val,ulsan_020473,DKSR20001511_2,18,3.5,0.18840379509846922,0.2695952380952381,0.0
val,ulsan_000219,DKSR20000953_1,21,2.61,0.1713528936131899,0.21529374201787996,0.0
val,ulsan_009722,DKSR20001536_1,34,4.52,0.2256790221709336,0.13242072271386432,0.0
val,ulsan_000434,DKSR20000954_1,2,0.8,0.3407184898776523,0.18567708333333333,0.0
val,ulsan_002042,DKSR20001132_1,31,2.5,0.15261114271200937,0.13785,0.0
val,ulsan_018461,DKSR20001380_1,43,4.99,0.14058399123977705,0.18723279893119574,0.0
val,ulsan_004777,DKSR20001168_2,17,3.64,0.1505436327287727,0.3950091575091575,0.0
val,ulsan_010971,DKSR20001608_2,19,3.22,0.1338933776478117,0.3509575569358178,0.0
val,ulsan_016116,DKSR20001206_1,24,4.2,0.17914116239359784,0.21688492063492062,0.0
val,ulsan_002336,DKSR20001144_2,16,2.2,0.09496440948280427,0.3685227272727273,0.0
val,ulsan_018257,DKSR20001380_1,29,3.7999583333333335,0.1350337331344865,0.2729744843693462,0.0
val,ulsan_011793,DKSR20001611_2,40,3.92,0.19550203575828612,0.1592687074829932,0.0
val,ulsan_000235,DKSR20000953_1,44,5.06,0.16954123365338417,0.16236001317523058,0.0
val,ulsan_016248,DKSR20001207_1,29,4.11,0.14641074768943282,0.20989456609894566,0.0
val,ulsan_006991,DKSR20001300_2,22,2.43,0.13259275331506648,0.26781550068587107,0.0
val,ulsan_005732,DKSR20001280_2,37,3.95,0.13810499098035553,0.11420886075949367,0.0
val,ulsan_022156,DKSR20001569_2,20,2.92,0.1505649823409232,0.12626997716894978,0.0
val,ulsan_022938,DKSR20001571_1,19,3.43,0.09976161123627159,0.2699829931972789,0.0
val,ulsan_020702,DKSR20001512_1,33,5.36,0.13625071257471302,0.27493003731343285,0.0
val,ulsan_006168,DKSR20001284_1,48,5.32,0.22064363000608095,0.15421365914786966,0.0
val,ulsan_010143,DKSR20001592_1,36,4.86,0.14306376613255817,0.3663065843621399,0.0
val,ulsan_027206,DKSR20000980_2,31,5.16,0.1020110288099484,0.3407703488372093,0.0
val,ulsan_024477,DKSR20000963_1,19,3.61,0.09277783796991847,0.3510041551246537,0.0
val,ulsan_007158,DKSR20001301_2,34,4.64,0.14884057365008344,0.19970366379310345,0.0
val,ulsan_014840,DKSR20001033_1,33,2.75,0.15378242139608445,0.16695454545454547,0.0
val,ulsan_009291,DKSR20001487_2,5,1.48,0.13055271266433563,0.44949324324324325,0.0
val,ulsan_001333,DKSR20001094_2,39,4.2,0.0818176303535995,0.38200396825396826,0.0
val,ulsan_002668,DKSR20001145_1,15,2.52,0.15226470890651422,0.2533564814814815,0.0
val,ulsan_026547,DKSR20001158_1,40,4.46,0.1547737166291279,0.1789704783258595,0.0
val,ulsan_011467,DKSR20001610_1,35,4.89,0.14771670099089593,0.2448023176550784,0.0
val,ulsan_000237,DKSR20000953_1,36,4.66,0.1266770908204064,0.2611498569384835,0.0
val,ulsan_000952,DKSR20000959_1,47,5.36,0.1260918047809862,0.2770055970149254,0.0
val,ulsan_020731,DKSR20001512_2,22,2.92,0.1461669727820728,0.17946632420091324,0.0
val,ulsan_010157,DKSR20001592_1,34,5.86,0.12257249500220424,0.37638651877133106,0.0
val,ulsan_001605,DKSR20001131_1,13,1.6,0.11430114197222138,0.386875,0.0
val,ulsan_020628,DKSR20001512_1,21,5.62,0.08301206967781045,0.3319246737841044,0.0
val,ulsan_004753,DKSR20001168_2,11,1.45,0.13764233995020356,0.32135057471264367,0.0
val,ulsan_007315,DKSR20001301_1,29,3.83,0.18398299058831835,0.2459094865100087,0.0
val,ulsan_024790,DKSR20000962_2,20,3.11,0.1912102323296563,0.12453108252947481,0.0
val,ulsan_001708,DKSR20001131_2,25,3.5,0.12838699957896532,0.3781547619047619,0.0
val,ulsan_004577,DKSR20001167_1,25,3.36,0.14317802252379216,0.30561755952380953,0.0
val,ulsan_014224,DKSR20001032_1,20,2.77,0.181324065137299,0.13903429602888087,0.0
val,ulsan_010163,DKSR20001592_1,19,2.38,0.11257549972881396,0.42118347338935574,0.0
val,ulsan_008791,DKSR20001476_2,41,5.03,0.1183359365803928,0.2797630881378396,0.0
val,ulsan_017292,DKSR20001241_2,28,5.28,0.14820616824760036,0.2814157196969697,0.0
val,ulsan_005104,DKSR20001169_1,24,3.48,0.11391310203381043,0.35251436781609197,0.0
val,ulsan_002361,DKSR20001144_2,32,5.26,0.1030609616236131,0.32306717363751586,0.0
val,ulsan_014142,DKSR20001031_1,24,4.06,0.17958836511821977,0.14105090311986865,0.0
val,ulsan_014572,DKSR20001032_2,11,1.2,0.11737846306152003,0.34284722222222225,0.0
val,ulsan_023902,DKSR20000958_1,37,5.49,0.18359054050708856,0.2849954462659381,0.0
val,ulsan_005503,DKSR20001278_2,51,6.52,0.1328284988596391,0.23284125766871167,0.0
val,ulsan_010821,DKSR20001608_2,13,2.39,0.08761706815379759,0.5253661087866108,0.0
val,ulsan_018426,DKSR20001380_2,41,5.22,0.10600911322804663,0.13878512132822476,0.0
val,ulsan_016397,DKSR20001207_2,16,3.46,0.18642193435703938,0.27677023121387284,0.0
val,ulsan_021637,DKSR20001537_2,29,3.98,0.1708818296463578,0.1694932998324958,0.0
val,ulsan_026803,DKSR20000979_2,54,7.63,0.07153563032268738,0.2813947138488423,0.0
val,ulsan_010002,DKSR20001592_1,20,3.5,0.17401948295893244,0.39598809523809525,0.0
val,ulsan_001869,DKSR20001132_1,21,4.78,0.14575037634765325,0.36759065550906556,0.0
val,ulsan_012640,DKSR20001649_1,16,3.21,0.09895071362835743,0.5828790238836968,0.0
val,ulsan_024224,DKSR20000961_2,30,5.5,0.13910106710384176,0.33271969696969694,0.0
val,ulsan_013412,DKSR20001677_1,26,4.28,0.11496603657290463,0.45094431464174456,0.0
val,ulsan_018857,DKSR20001491_2,17,3.33,0.13299844879773448,0.46186186186186184,0.0
val,ulsan_019061,DKSR20001491_2,29,5.31,0.13868816884256344,0.29347143753923416,0.0
val,ulsan_020727,DKSR20001512_2,25,3.12,0.1287401722914667,0.19895833333333332,0.0
val,ulsan_023890,DKSR20000958_2,8,1.91,0.14802316835495014,0.3162085514834206,0.0
val,ulsan_017807,DKSR20001288_1,34,3.64,0.12927932160357763,0.31245421245421245,0.0
val,ulsan_026743,DKSR20000979_1,50,6.72,0.17031477729327835,0.19475446428571427,0.0
val,ulsan_017578,DKSR20001287_1,48,5.71,0.09328377819419485,0.3259048453006421,0.0
val,ulsan_015369,DKSR20001160_1,21,3.0,0.1323028524780183,0.18545833333333334,0.0
val,ulsan_019120,DKSR20001491_1,13,4.44,0.13421702954976583,0.6449136636636636,0.0
val,ulsan_025914,DKSR20001157_2,3,1.85,0.11276768868869322,0.5823873873873874,0.0
val,ulsan_016074,DKSR20001206_1,48,5.39,0.1314003190324335,0.19342145949288805,0.0
val,ulsan_004714,DKSR20001168_2,9,1.83,0.1207971948412832,0.4427367941712204,0.0
val,ulsan_005465,DKSR20001278_2,32,4.49,0.14804878519739387,0.2732553823311062,0.0
val,ulsan_004275,DKSR20001166_1,23,4.64,0.11500480917647066,0.49492636494252873,0.0
val,ulsan_003115,DKSR20001146_2,12,2.62,0.11203574360580168,0.3306297709923664,0.0
val,ulsan_013841,DKSR20001715_2,11,2.12,0.11899299420334063,0.35668238993710694,0.0
val,ulsan_003082,DKSR20001146_1,42,5.14,0.1511211931677586,0.1965953307392996,0.0
val,ulsan_024515,DKSR20000963_2,57,5.27,0.1097028936380986,0.2666034155597723,0.0
val,ulsan_021389,DKSR20001534_1,36,5.19,0.1712829377816191,0.22732819524727038,0.0
val,ulsan_005211,DKSR20001169_1,36,3.77,0.12749545378227353,0.2916666666666667,0.0
val,ulsan_010443,DKSR20001593_2,30,3.41,0.16833658962773834,0.33807429130009775,0.0
val,ulsan_010134,DKSR20001592_2,30,3.46,0.16349784812524742,0.25030105973025046,0.0
val,ulsan_008418,DKSR20001475_2,11,2.25,0.207813559214496,0.20007407407407407,0.0
val,ulsan_021779,DKSR20001568_2,22,2.52,0.1623158600917822,0.11296296296296296,0.0
val,ulsan_027175,DKSR20000980_1,57,6.91,0.18828637746357887,0.16792088760250845,0.0
val,ulsan_017814,DKSR20001288_2,29,2.95,0.17147597369127163,0.3060875706214689,0.0
val,ulsan_009983,DKSR20001592_1,52,6.12,0.14875456297187703,0.2525599128540305,0.0
val,ulsan_011548,DKSR20001610_1,12,1.65,0.143002109485295,0.26421717171717174,0.0
val,ulsan_001732,DKSR20001131_1,32,3.57,0.14717517807970787,0.2021591970121382,0.0
val,ulsan_008696,DKSR20001475_1,22,4.28,0.16738375118667814,0.22723909657320873,0.0
val,ulsan_010287,DKSR20001593_2,8,1.64,0.19334766195489564,0.3390497967479675,0.0
val,ulsan_012520,DKSR20001649_2,15,3.19,0.07946894084910437,0.3505616509926855,0.0
val,ulsan_004043,DKSR20001165_1,23,3.71,0.13195484876320157,0.2947214734950584,0.0
val,ulsan_011193,DKSR20001609_1,22,4.19,0.13888656720921844,0.369063245823389,0.0
val,ulsan_027139,DKSR20001203_1,28,3.9,0.20501176255756523,0.18028846153846154,0.0
val,ulsan_009852,DKSR20001536_1,21,2.95,0.1202929357851276,0.3533757062146893,0.0
val,ulsan_017612,DKSR20001288_1,29,4.58,0.10509444218550741,0.32903930131004366,0.0
val,ulsan_020592,DKSR20001512_2,24,3.33,0.13720288256679578,0.24527027027027026,0.0
val,ulsan_018283,DKSR20001380_2,14,2.46,0.12028779758778321,0.36177168021680217,0.0
val,ulsan_021829,DKSR20001568_2,22,3.92,0.11290296528891501,0.1494047619047619,0.0
val,ulsan_003086,DKSR20001146_2,27,2.67,0.08340481839563713,0.31537141073657926,0.0
val,ulsan_005118,DKSR20001169_2,2,1.45,0.16170645809123443,0.41620689655172416,0.0
val,ulsan_002023,DKSR20001132_1,13,3.36,0.14398262202533021,0.3380332341269841,0.0
val,ulsan_022205,DKSR20001569_2,19,4.21,0.08643697797687433,0.3835015835312747,0.0
val,ulsan_018865,DKSR20001491_1,9,3.42,0.14135351215637204,0.5767665692007797,0.0
val,ulsan_023146,DKSR20000956_2,7,4.12,0.13331738121233708,0.5807038834951457,0.0
val,ulsan_016618,DKSR20001208_2,15,3.0599583333333333,0.09517000599676763,0.42101608137365704,0.0
val,ulsan_016865,DKSR20001240_2,22,3.92,0.16341135583252978,0.263828656462585,0.0
val,ulsan_005408,DKSR20001278_2,39,5.29,0.1715584628488468,0.15295368620037808,0.0
val,ulsan_025880,DKSR20001157_2,16,2.8,0.0921536695854285,0.45296130952380953,0.0
val,ulsan_015460,DKSR20001160_2,2,2.51,0.14620654393841467,0.5901726427622842,0.0
val,ulsan_011054,DKSR20001609_2,10,1.69,0.12553105223961983,0.40919625246548325,0.0
val,ulsan_021418,DKSR20001534_2,39,7.92,0.13133156215680047,0.400552398989899,0.0
val,ulsan_023419,DKSR20000955_1,9,1.87,0.22368226260032129,0.25256238859180036,0.0
val,ulsan_010227,DKSR20001593_1,15,2.96,0.12994347804957165,0.49505912162162163,0.0
val,ulsan_021639,DKSR20001537_2,20,2.94,0.24179828141727477,0.11746031746031746,0.0
val,ulsan_011931,DKSR20001617_2,19,3.08,0.18928330871699833,0.15293560606060605,0.0
val,ulsan_009488,DKSR20001535_2,24,3.5,0.12461274637785871,0.32107142857142856,0.0
val,ulsan_016850,DKSR20001240_1,36,5.19,0.09931749635482848,0.3253131021194605,0.0
val,ulsan_012740,DKSR20001650_1,44,5.59,0.16569660128994043,0.2728011329755516,0.0
val,ulsan_000916,DKSR20000959_1,38,5.38,0.1609553279466601,0.19776177199504338,0.0
val,ulsan_012736,DKSR20001650_1,27,3.61,0.1927401021330307,0.16316943674976916,0.0
val,ulsan_007810,DKSR20001352_2,34,5.87,0.1543518976995903,0.18953719477569564,0.0
val,ulsan_014547,DKSR20001032_1,9,1.64,0.10066880113894337,0.24009146341463414,0.0
val,ulsan_001978,DKSR20001132_2,10,1.88,0.14956630702677914,0.41788563829787234,0.0
val,ulsan_003832,DKSR20001165_1,28,4.11,0.13782835421771153,0.3097019464720195,0.0
val,ulsan_021095,DKSR20001533_1,26,4.26,0.18041514732239156,0.31310641627543034,0.0
val,ulsan_021262,DKSR20001534_2,26,3.47,0.1549597229382509,0.19379202689721423,0.0
val,ulsan_025931,DKSR20001157_1,28,3.75,0.17052425199950316,0.1758888888888889,0.0
val,ulsan_026345,DKSR20001158_1,36,4.16,0.16362830217938157,0.2610176282051282,0.0
val,ulsan_004864,DKSR20001168_2,15,3.0,0.13063575460683322,0.27852777777777776,0.0
val,ulsan_020939,DKSR20001532_1,28,3.18,0.07398097861618207,0.2579533542976939,0.0
val,ulsan_026333,DKSR20001158_1,2,1.56,0.22675487616386053,0.41952457264957266,0.0
val,ulsan_005229,DKSR20001169_1,24,3.85,0.0887990123735083,0.3005627705627706,0.0
val,ulsan_001145,DKSR20000960_2,47,6.6,0.11695523197741375,0.2859027777777778,0.0
val,ulsan_006875,DKSR20001300_2,59,7.5,0.07612565993186457,0.22663333333333333,0.0
val,ulsan_013055,DKSR20001651_1,30,4.23,0.10038418200870323,0.321128841607565,0.0
val,ulsan_012433,DKSR20001649_1,20,3.16,0.13305838623025204,0.5229166666666667,0.0
val,ulsan_003993,DKSR20001165_2,15,2.59,0.14957779800703946,0.2568371943371943,0.0
val,ulsan_015310,DKSR20001159_2,17,4.07,0.1524760342552077,0.4255118755118755,0.0
val,ulsan_019899,DKSR20001509_2,26,4.2,0.13373919328539763,0.11055555555555556,0.0
val,ulsan_019390,DKSR20001507_2,14,2.52,0.13206001627481992,0.23462301587301587,0.0
val,ulsan_021159,DKSR20001533_1,21,3.28,0.18580599275006499,0.21140752032520324,0.0
val,ulsan_008824,DKSR20001476_2,44,4.51,0.13746574366502973,0.17704175905395417,0.0
val,ulsan_015960,DKSR20001206_1,24,3.74,0.29956485743002026,0.16305704099821747,0.0
val,ulsan_009541,DKSR20001535_2,28,5.02,0.06695748366639624,0.27368027888446217,0.0
val,ulsan_007632,DKSR20001351_1,42,5.79,0.15526891601970036,0.2738126079447323,0.0
val,ulsan_000314,DKSR20000953_2,22,3.96,0.18350570395522178,0.1529040404040404,0.0
val,ulsan_025557,DKSR20000974_2,8,1.5,0.17755203423186586,0.3462222222222222,0.0
val,ulsan_019088,DKSR20001491_1,28,4.06,0.18771711353428056,0.2834564860426929,0.0
val,ulsan_016907,DKSR20001240_2,38,4.96,0.07885808907155833,0.2789650537634409,0.0
val,ulsan_020382,DKSR20001511_1,35,4.97,0.14737728554173896,0.2574530516431925,0.0
val,ulsan_008141,DKSR20001353_2,24,3.18,0.1333254710819918,0.14382861635220126,0.0
val,ulsan_021533,DKSR20001537_2,13,2.08,0.11193637415786942,0.1993790064102564,0.0
val,ulsan_003850,DKSR20001165_2,30,4.34,0.11585847543432126,0.3082085253456221,0.0
val,ulsan_017312,DKSR20001287_2,17,2.53,0.16690908773219043,0.34300065876152835,0.0
val,ulsan_002608,DKSR20001145_1,25,2.81,0.16286785486973537,0.3890717674970344,0.0
val,ulsan_011844,DKSR20001611_1,29,4.44,0.11764257536704739,0.27018581081081083,0.0
val,ulsan_010551,DKSR20001594_2,35,5.82,0.10413767438643536,0.42484249713631156,0.0
val,ulsan_015913,DKSR20001202_2,39,5.82,0.13689944950429364,0.2263745704467354,0.0
val,ulsan_016216,DKSR20001206_1,33,4.56,0.18591937594812194,0.19894005847953217,0.0
val,ulsan_005677,DKSR20001280_1,30,4.52,0.12758239803006438,0.2849557522123894,0.0
val,ulsan_026265,DKSR20001158_1,39,5.31,0.1629074868131349,0.22252824858757062,0.0
val,ulsan_012911,DKSR20001651_1,11,2.22,0.06594590288633756,0.6401088588588588,0.0
val,ulsan_004227,DKSR20001166_2,28,3.45,0.136228377083244,0.25928743961352657,0.0
val,ulsan_019878,DKSR20001509_1,19,4.04,0.17720722372213768,0.14173886138613861,0.0
val,ulsan_013482,DKSR20001677_2,35,4.13,0.1111364874248494,0.24326069410815174,0.0
val,ulsan_003128,DKSR20001146_2,5,1.38,0.1242081423777841,0.4072765700483092,0.0
val,ulsan_022957,DKSR20001571_2,18,4.11,0.18534414198779428,0.1383617193836172,0.0
val,ulsan_019636,DKSR20001508_1,30,5.81,0.10999500527968024,0.1455895008605852,0.0
val,ulsan_001469,DKSR20001094_2,25,3.53,0.11247381202827196,0.3832625118035883,0.0
val,ulsan_021769,DKSR20001568_1,23,5.23,0.12543866824474398,0.4923119821542384,0.0
val,ulsan_013664,DKSR20001715_2,38,4.72,0.10823937382265392,0.29644244350282484,0.0
val,ulsan_017913,DKSR20001288_1,46,5.72,0.10850415338383362,0.3444128787878788,0.0
val,ulsan_000360,DKSR20000953_2,29,4.35,0.11163142741681642,0.2659578544061303,0.0
val,ulsan_021448,DKSR20001537_2,26,4.05,0.05425066578096709,0.354917695473251,0.0
val,ulsan_022362,DKSR20001569_2,20,3.5,0.17798338437455616,0.08165476190476191,0.0
val,ulsan_007901,DKSR20001352_1,26,2.98,0.1734858180662726,0.32330816554809844,0.0
val,ulsan_017301,DKSR20001241_2,14,3.9,0.12191123257273934,0.3836431623931624,0.0
val,ulsan_021027,DKSR20001533_1,9,2.4,0.22327172593620903,0.2388715277777778,0.0
val,ulsan_026416,DKSR20001158_2,30,5.68,0.154244135938042,0.267356220657277,0.0
val,ulsan_002206,DKSR20001144_1,8,1.71,0.14029135673347132,0.36103801169590644,0.0
val,ulsan_021548,DKSR20001537_2,30,3.95,0.1165336062718472,0.26246835443037975,0.0
val,ulsan_003168,DKSR20001146_2,19,3.95,0.15287503388443785,0.307668776371308,0.0
val,ulsan_021160,DKSR20001533_1,37,7.42,0.16063323090711487,0.3238544474393531,0.0
val,ulsan_012360,DKSR20001618_2,65,6.8,0.15737867823700596,0.28987132352941175,0.0
val,ulsan_002814,DKSR20001145_2,18,2.6,0.15159522958107213,0.2417147435897436,0.0
val,ulsan_009172,DKSR20001487_1,14,2.13,0.14212173473027243,0.3254499217527387,0.0
val,ulsan_014973,DKSR20001033_2,35,2.96,0.1479541703142328,0.24418637387387387,0.0
val,ulsan_022328,DKSR20001569_1,23,2.78,0.1334030553893473,0.1433453237410072,0.0
val,ulsan_011657,DKSR20001611_1,22,3.01,0.09058277479569452,0.27995570321151714,0.0
val,ulsan_023477,DKSR20000955_1,5,1.23,0.20039057411882985,0.20233739837398373,0.0
val,ulsan_015103,DKSR20001159_2,15,1.89,0.11811291558052207,0.3817460317460317,0.0
val,ulsan_012546,DKSR20001649_1,30,5.61,0.0979667513623348,0.347363339275104,0.0
val,ulsan_021904,DKSR20001568_2,33,6.15,0.17159039370378537,0.09247289972899729,0.0
val,ulsan_025858,DKSR20001157_2,8,1.43,0.121026854488345,0.2820221445221445,0.0
val,ulsan_014991,DKSR20001033_1,7,2.28,0.1346944002699245,0.4400036549707602,0.0
val,ulsan_015781,DKSR20001202_1,17,2.19,0.15397899812280869,0.2178462709284627,0.0
val,ulsan_015688,DKSR20001202_2,33,4.46,0.112927476714583,0.6306147234678625,0.0
val,ulsan_011930,DKSR20001617_2,47,5.98,0.1056607086389897,0.18756270903010033,0.0
val,ulsan_018906,DKSR20001491_1,27,3.23,0.162895129376166,0.30381836945304436,0.0
val,ulsan_011174,DKSR20001609_1,19,3.98,0.12340586904234639,0.5086683417085427,0.0
val,ulsan_001627,DKSR20001131_1,12,2.1,0.08275909593969066,0.4290079365079365,0.0
val,ulsan_006563,DKSR20001285_2,25,3.84,0.10552012964699321,0.5046766493055556,0.0
val,ulsan_022350,DKSR20001569_2,10,1.43,0.1982380343421849,0.11261655011655011,0.0
val,ulsan_007351,DKSR20001301_2,28,4.75,0.16515207753556088,0.17117543859649123,0.0
val,ulsan_010283,DKSR20001593_1,18,2.7,0.13886226287430958,0.3574074074074074,0.0
val,ulsan_011399,DKSR20001610_1,24,3.6,0.13846177577081137,0.3648263888888889,0.0
val,ulsan_023569,DKSR20000955_1,7,1.12,0.1501777885653415,0.2017857142857143,0.0
val,ulsan_021651,DKSR20001537_2,24,4.1,0.16297171584315537,0.22952235772357724,0.0
val,ulsan_027163,DKSR20000980_2,47,7.9,0.11343158598755956,0.3795727848101266,0.0
val,ulsan_020758,DKSR20001512_2,24,4.14,0.14712603743738775,0.3696658615136876,0.0
val,ulsan_016902,DKSR20001240_2,31,4.04,0.17083265090412425,0.26338696369636966,0.0
val,ulsan_007440,DKSR20001348_1,29,6.63,0.12008352727749423,0.4648127199597788,0.0
val,ulsan_017332,DKSR20001287_1,48,4.96,0.13387891924614762,0.21965725806451614,0.0
val,ulsan_011185,DKSR20001609_1,16,3.27,0.12685191030822815,0.5559505606523956,0.0
val,ulsan_026264,DKSR20001158_1,42,4.53,0.13622008747321973,0.19420529801324504,0.0
val,ulsan_002327,DKSR20001144_2,22,4.15,0.10225173490666105,0.36887550200803215,0.0
val,ulsan_026919,DKSR20001203_1,35,5.07,0.15363885512925554,0.27782708744247203,0.0
val,ulsan_011053,DKSR20001609_2,31,4.95,0.12876150357542265,0.2505471380471381,0.0
val,ulsan_006623,DKSR20001286_2,22,3.47,0.08197081141847574,0.49863112391930836,0.0
val,ulsan_023327,DKSR20000955_1,3,0.96,0.1737150405218596,0.37526041666666665,0.0
val,ulsan_025279,DKSR20001156_2,3,2.74,0.14778421979250983,0.5285431873479318,0.0
val,ulsan_012396,DKSR20001618_1,46,5.84,0.18091765441841587,0.15081335616438357,0.0
val,ulsan_002374,DKSR20001144_2,20,2.88,0.14156611683297057,0.2531105324074074,0.0
val,ulsan_002108,DKSR20001132_1,27,3.07,0.15634154010608264,0.22878664495114007,0.0
val,ulsan_001234,DKSR20001094_2,31,4.32,0.12977799374722546,0.24097222222222223,0.0
val,ulsan_012105,DKSR20001617_2,39,4.34,0.18865430172314698,0.1288690476190476,0.0
val,ulsan_008769,DKSR20001476_2,13,2.43,0.17796234435775132,0.2845679012345679,0.0
val,ulsan_008076,DKSR20001353_2,44,5.2,0.19183704206015204,0.09177884615384616,0.0
val,ulsan_014090,DKSR20001031_1,29,3.29,0.18174714377917633,0.1454660587639311,0.0
val,ulsan_016829,DKSR20001240_1,14,4.69,0.09275288790056821,0.6449893390191898,0.0
val,ulsan_007688,DKSR20001351_1,49,6.19,0.1438536179629137,0.22662224017232094,0.0
val,ulsan_004142,DKSR20001166_1,6,2.01,0.1879471519451183,0.25731757877280265,0.0
val,ulsan_001198,DKSR20000960_2,32,3.9,0.052605761515210535,0.4188782051282051,0.0
val,ulsan_022734,DKSR20001571_1,35,5.19,0.13915975166982772,0.22549775208734746,0.0
val,ulsan_010745,DKSR20001608_2,23,5.34,0.10369279205187323,0.4889747191011236,0.0
val,ulsan_000899,DKSR20000959_1,28,3.47,0.15200032083314877,0.3463856868395773,0.0
val,ulsan_013738,DKSR20001715_1,13,1.88,0.1433138609744746,0.3160904255319149,0.0
val,ulsan_007996,DKSR20001352_2,31,3.85,0.1995396895933138,0.15965367965367966,0.0
val,ulsan_007124,DKSR20001301_2,20,2.62,0.1841528143007491,0.08220419847328245,0.0
val,ulsan_017233,DKSR20001241_1,18,3.04,0.16787465247779346,0.3674205043859649,0.0
val,ulsan_002726,DKSR20001145_2,25,3.51,0.14376015621782495,0.2410849952516619,0.0
val,ulsan_012230,DKSR20001618_2,14,4.54,0.18139107385269201,0.44047356828193834,0.0
val,ulsan_001965,DKSR20001132_2,23,3.43,0.12002909730230765,0.27734450923226434,0.0
val,ulsan_024514,DKSR20000963_2,35,4.02,0.13691208940651095,0.34146973466003316,0.0
val,ulsan_020891,DKSR20001532_2,36,5.22,0.16316444527928742,0.2027618135376756,0.0
val,ulsan_010689,DKSR20001594_2,46,5.56,0.1146822405813181,0.3157299160671463,0.0
val,ulsan_005611,DKSR20001278_2,19,2.59,0.15558197247248406,0.2618082368082368,0.0
val,ulsan_026426,DKSR20001158_1,33,6.39,0.13964254109604785,0.35284298382889934,0.0
val,ulsan_004453,DKSR20001167_1,43,4.7,0.1318993581476588,0.20183510638297872,0.0
val,ulsan_012065,DKSR20001617_2,29,4.48,0.06090049153355322,0.4216517857142857,0.0
val,ulsan_010498,DKSR20001594_1,23,3.98,0.11915173315470028,0.3886725293132328,0.0
val,ulsan_013873,DKSR20001031_1,16,2.88,0.15124580653209582,0.11888020833333333,0.0
val,ulsan_003251,DKSR20001146_2,25,3.81,0.12334124034187421,0.391240157480315,0.0
val,ulsan_025099,DKSR20000973_2,22,3.19,0.1210920086475869,0.25427115987460813,0.0
val,ulsan_010624,DKSR20001594_2,26,3.24,0.15379261006839845,0.31162551440329217,0.0
val,ulsan_010768,DKSR20001608_2,30,4.7,0.09384613941629943,0.6739007092198581,0.0
val,ulsan_018028,DKSR20001336_1,16,2.72,0.07678378918049547,0.5406096813725491,0.0
val,ulsan_015242,DKSR20001159_1,3,0.94,0.22635086611783362,0.2025709219858156,0.0
val,ulsan_004138,DKSR20001166_2,29,3.12,0.10772827251203176,0.22100694444444444,0.0
val,ulsan_003877,DKSR20001165_1,51,6.41,0.145487742899575,0.26321502860114404,0.0
val,ulsan_005276,DKSR20001169_2,13,3.99,0.1305331861816614,0.3800751879699248,0.0
val,ulsan_000734,DKSR20000954_2,17,2.96,0.1561617317280305,0.3236064189189189,0.0
val,ulsan_016097,DKSR20001206_1,30,3.27,0.20784484048300406,0.11374872579001019,0.0
val,ulsan_022284,DKSR20001569_2,6,2.12,0.14004965883937448,0.24180424528301886,0.0
val,ulsan_017659,DKSR20001288_1,57,5.46,0.11150688326277187,0.29948107448107447,0.0
val,ulsan_023956,DKSR20000958_1,17,3.58,0.20446695095386566,0.4883147113594041,0.0
val,ulsan_003294,DKSR20001147_1,12,3.23,0.08010531515673656,0.5915634674922601,0.0
val,ulsan_012557,DKSR20001649_2,29,5.17,0.0911909885423654,0.3723404255319149,0.0
val,ulsan_004719,DKSR20001168_2,24,3.02,0.14735541092467225,0.3018763796909492,0.0
val,ulsan_012208,DKSR20001618_1,26,3.55,0.0973983823456375,0.24193661971830985,0.0
val,ulsan_023032,DKSR20000956_1,12,3.76,0.1528973010774477,0.5087655141843972,0.0
val,ulsan_017043,DKSR20001240_1,34,4.22,0.16012926846767617,0.1964158767772512,0.0
val,ulsan_021735,DKSR20001568_2,6,1.13,0.10585069205412788,0.22485250737463128,0.0
val,ulsan_021640,DKSR20001537_2,22,3.57,0.17675447470554068,0.20163398692810458,0.0
val,ulsan_019887,DKSR20001509_2,31,4.14,0.15697964851820867,0.12483896940418679,0.0
val,ulsan_020196,DKSR20001510_2,50,5.73,0.13804377248474975,0.2153650378126818,0.0
val,ulsan_014368,DKSR20001032_1,15,1.65,0.1474036304173861,0.23416666666666666,0.0
val,ulsan_016772,DKSR20001240_1,2,2.5,0.21347908532481183,0.5944833333333334,0.0
val,ulsan_026301,DKSR20001158_2,24,6.28,0.15305848024462307,0.4306462314225053,0.0
val,ulsan_001439,DKSR20001094_1,8,2.49,0.18286490041822492,0.3796519410977242,0.0
val,ulsan_010996,DKSR20001608_2,13,2.91,0.12377542534055576,0.4775200458190149,0.0
val,ulsan_017882,DKSR20001288_2,48,5.73,0.19422037772116107,0.2696989528795812,0.0
val,ulsan_013741,DKSR20001715_2,15,4.31,0.0996257658074156,0.5816415313225058,0.0
val,ulsan_009032,DKSR20001487_2,4,1.21,0.16144686600519792,0.4506198347107438,0.0
val,ulsan_007256,DKSR20001301_2,52,7.13,0.12643695235768584,0.07500584385226741,0.0
val,ulsan_021400,DKSR20001534_2,28,5.24,0.132992020200655,0.2565283078880407,0.0
val,ulsan_012892,DKSR20001651_2,51,5.5499583333333335,0.12207184926998399,0.2591535972492286,0.0
val,ulsan_026019,DKSR20001157_1,22,2.5,0.18110403704347489,0.21711666666666668,0.0
val,ulsan_017123,DKSR20001241_2,44,5.96,0.21073768802972737,0.1664010067114094,0.0
val,ulsan_015769,DKSR20001202_1,33,4.0,0.17468540722767895,0.3603645833333333,0.0
val,ulsan_010695,DKSR20001594_1,42,5.51,0.1904586341290424,0.20725196612220206,0.0
val,ulsan_015133,DKSR20001159_2,14,2.16,0.14805552654076626,0.18508873456790123,0.0
val,ulsan_013849,DKSR20001715_1,37,7.57,0.14759425923603134,0.47013430206957285,0.0
val,ulsan_008861,DKSR20001476_1,18,3.33,0.06737849674105888,0.2883758758758759,0.0
val,ulsan_025655,DKSR20000974_1,38,5.28,0.07363001923997367,0.40665246212121214,0.0
val,ulsan_010753,DKSR20001608_1,26,4.54,0.1258684766606944,0.3689977973568282,0.0
val,ulsan_019035,DKSR20001491_2,31,5.05,0.1311579056687818,0.3950825082508251,0.0
val,ulsan_010054,DKSR20001592_2,23,2.88,0.12669556484279873,0.3519820601851852,0.0
val,ulsan_008977,DKSR20001476_2,16,2.63,0.13714512296925965,0.25007921419518375,0.0
val,ulsan_014497,DKSR20001032_2,25,3.03,0.08609057836711498,0.33806380638063804,0.0
val,ulsan_014539,DKSR20001032_1,26,2.76,0.14447828884297545,0.21977657004830917,0.0
val,ulsan_012988,DKSR20001651_1,52,5.59,0.07199739098768732,0.3627757901013715,0.0
val,ulsan_026233,DKSR20000975_1,26,4.59,0.1007917703940347,0.4480573710965868,0.0
val,ulsan_005439,DKSR20001278_2,36,5.41,0.15412301689506125,0.20300369685767097,0.0
val,ulsan_022269,DKSR20001569_1,20,2.7,0.1465644374594858,0.09612654320987654,0.0
val,ulsan_010684,DKSR20001594_1,24,3.74,0.15216948337319003,0.3029300356506239,0.0
val,ulsan_020366,DKSR20001511_1,29,4.07,0.12740477087336477,0.36970720720720723,0.0
val,ulsan_000095,DKSR20000953_2,26,4.83,0.18537226217521244,0.10483091787439613,0.0
val,ulsan_017412,DKSR20001287_1,16,2.37,0.17436926246361958,0.34896272855133614,0.0
val,ulsan_008113,DKSR20001353_1,51,6.48,0.18705068180308007,0.24226466049382717,0.0
val,ulsan_026325,DKSR20001158_1,14,2.28,0.22906903792576835,0.25416666666666665,0.0
val,ulsan_004893,DKSR20001168_1,5,1.69,0.15208523788520228,0.644723865877712,0.0
val,ulsan_013596,DKSR20001715_2,53,6.83,0.1580918590201747,0.14550390434358224,0.0
val,ulsan_016914,DKSR20001240_1,24,4.59,0.1685699386047252,0.26536855482933913,0.0
val,ulsan_008641,DKSR20001475_2,20,2.71,0.15892159474381815,0.19054428044280441,0.0
val,ulsan_016506,DKSR20001208_1,8,2.33,0.1141478543177023,0.29007510729613734,0.0
val,ulsan_024448,DKSR20000963_1,28,5.9,0.10233617821025061,0.4945550847457627,0.0
val,ulsan_001029,DKSR20000960_1,46,6.68,0.130340986806857,0.27906062874251497,0.0
val,ulsan_004420,DKSR20001167_1,34,6.31,0.1442795439406274,0.3456814580031696,0.0
val,ulsan_025835,DKSR20001157_2,6,1.41,0.13478178749409697,0.420596926713948,0.0
val,ulsan_011829,DKSR20001611_1,30,5.17,0.09074402446139462,0.3442698259187621,0.0
val,ulsan_014487,DKSR20001032_2,28,2.2,0.13345037663555517,0.24820075757575757,0.0
val,ulsan_011701,DKSR20001611_1,55,7.13,0.09677063804923582,0.2814691444600281,0.0
val,ulsan_002410,DKSR20001144_1,7,1.59,0.15237767376916223,0.292374213836478,0.0
val,ulsan_006218,DKSR20001284_2,11,3.02,0.15298166901203186,0.4356650110375276,0.0
val,ulsan_012247,DKSR20001618_2,10,1.41,0.12176743984544633,0.2966016548463357,0.0
val,ulsan_024717,DKSR20000962_2,6,2.02,0.10648648911393103,0.6193275577557755,0.0
val,ulsan_005835,DKSR20001280_2,23,3.35,0.13909207225604084,0.34139303482587063,0.0
val,ulsan_023738,DKSR20000957_2,36,5.26,0.10342465557638636,0.2759980988593156,0.0
val,ulsan_027321,DKSR20000980_2,13,2.32,0.09205698188818287,0.5764727011494253,0.0
val,ulsan_002107,DKSR20001132_1,24,2.54,0.13605972517245482,0.32878937007874015,0.0
val,ulsan_002742,DKSR20001145_1,53,5.9,0.10214786643316008,0.24546610169491526,0.0
val,ulsan_014720,DKSR20001033_1,41,4.24,0.11218183271623085,0.19159787735849057,0.0
val,ulsan_001459,DKSR20001094_1,6,2.23,0.18709230528452975,0.5322496263079223,0.0
val,ulsan_006682,DKSR20001286_1,37,4.15,0.1712126318975555,0.18090361445783132,0.0
val,ulsan_026816,DKSR20000979_2,50,8.23,0.13470390323997672,0.16435297691373024,0.0
val,ulsan_014474,DKSR20001032_2,35,3.98,0.13866104394398748,0.20749581239530987,0.0
val,ulsan_020007,DKSR20001510_1,14,3.73,0.13192600155845735,0.14291778373547812,0.0
val,ulsan_021543,DKSR20001537_2,23,3.48,0.1314383688522529,0.25093390804597704,0.0
val,ulsan_009149,DKSR20001487_1,24,3.45,0.10745800484982494,0.29791062801932366,0.0
val,ulsan_007797,DKSR20001352_2,60,7.83,0.10084676161082523,0.2788207747977863,0.0
val,ulsan_009141,DKSR20001487_1,8,1.32,0.14704618371239814,0.41369949494949493,0.0
val,ulsan_007530,DKSR20001348_1,38,4.0,0.1307165270083748,0.24276041666666667,0.0
val,ulsan_023020,DKSR20000956_2,24,5.2,0.12351972075440473,0.4483092948717949,0.0
val,ulsan_016565,DKSR20001208_1,19,2.92,0.17030338534378447,0.1937357305936073,0.0
val,ulsan_012421,DKSR20001649_1,17,6.26,0.11966859375856517,0.5994076144834931,0.0
val,ulsan_022404,DKSR20001570_2,13,2.51,0.1190601494998859,0.34807436918990703,0.0
val,ulsan_017691,DKSR20001288_1,13,2.11,0.21297843343130418,0.221978672985782,0.0
val,ulsan_003516,DKSR20001147_2,9,2.25,0.1537285990163163,0.36966666666666664,0.0
val,ulsan_010077,DKSR20001592_1,21,3.9,0.1249180463703895,0.4801175213675214,0.0
val,ulsan_017648,DKSR20001288_1,3,0.72,0.17172121831374526,0.4382523148148148,0.0
val,ulsan_021851,DKSR20001568_2,20,2.4,0.1541866714787201,0.13815972222222223,0.0
val,ulsan_018522,DKSR20001386_2,63,7.75,0.10414285359950533,0.2781774193548387,0.0
val,ulsan_005410,DKSR20001278_2,22,3.18,0.14894522082635178,0.20661687631027253,0.0
val,ulsan_012678,DKSR20001650_2,5,1.9,0.12364005773488791,0.5678947368421052,0.0
val,ulsan_016316,DKSR20001207_1,18,2.66,0.16370102109374293,0.28215852130325814,0.0
val,ulsan_022567,DKSR20001570_2,19,3.99,0.16323426502577443,0.31181077694235587,0.0
val,ulsan_008560,DKSR20001475_1,11,1.8,0.1607018457421002,0.262037037037037,0.0
val,ulsan_003239,DKSR20001146_2,12,2.27,0.13215909426042247,0.28654552129221733,0.0
val,ulsan_019271,DKSR20001507_2,43,6.52,0.1381410978529649,0.12206671779141104,0.0
val,ulsan_005529,DKSR20001278_2,35,4.73,0.13254092239653575,0.201092318534179,0.0
val,ulsan_018714,DKSR20001387_2,52,7.93,0.17120292017066877,0.2496532156368222,0.0
val,ulsan_015767,DKSR20001202_1,10,1.86,0.21974874860083166,0.23317652329749103,0.0
val,ulsan_009742,DKSR20001536_1,37,4.55,0.1351196716734586,0.3329945054945055,0.0
val,ulsan_010439,DKSR20001593_2,19,3.29,0.14517963426197877,0.40723150962512666,0.0
val,ulsan_011226,DKSR20001609_2,25,3.21,0.11796102351024434,0.3285565939771547,0.0
val,ulsan_009624,DKSR20001536_1,27,5.85,0.15228463200495326,0.47032051282051285,0.0
val,ulsan_022163,DKSR20001569_2,10,2.03,0.1828779091092734,0.16032430213464696,0.0
val,ulsan_014583,DKSR20001032_2,54,5.01,0.17712257206656928,0.1554474384564205,0.0
val,ulsan_001080,DKSR20000960_1,37,6.73,0.12126906176856507,0.2883296186230807,0.0
val,ulsan_008908,DKSR20001476_1,29,4.62,0.1709744385705813,0.2854978354978355,0.0
val,ulsan_026275,DKSR20001158_2,26,4.1,0.19081282768833138,0.16978658536585367,0.0
val,ulsan_002913,DKSR20001146_2,14,2.09,0.11143714756152975,0.2322767145135566,0.0
val,ulsan_025702,DKSR20001157_1,13,2.11,0.16098652768081154,0.15325829383886255,0.0
val,ulsan_017344,DKSR20001287_2,53,7.18,0.11349604551484005,0.2675893686165274,0.0
val,ulsan_011563,DKSR20001610_1,42,6.61,0.12919003497565182,0.37633005547150783,0.0
val,ulsan_025995,DKSR20001157_1,14,2.3,0.1162044236566028,0.4041485507246377,0.0
val,ulsan_023626,DKSR20000957_2,33,7.28,0.11090220827494719,0.4627518315018315,0.0
val,ulsan_012414,DKSR20001618_1,24,3.66,0.13760821526723674,0.3432832422586521,0.0
val,ulsan_001924,DKSR20001132_2,13,1.38,0.0719391898412796,0.46065821256038647,0.0
val,ulsan_027454,DKSR20001204_2,27,4.2,0.1365808667414944,0.30586309523809524,0.0
val,ulsan_016391,DKSR20001207_2,9,2.74,0.21783148983480877,0.29425182481751827,0.0
val,ulsan_012170,DKSR20001618_1,21,2.81,0.1434658722297035,0.19998517200474497,0.0
val,ulsan_001553,DKSR20001131_1,34,4.71,0.1128412952286635,0.2705944798301486,0.0
val,ulsan_016596,DKSR20001208_2,8,3.11,0.19505917333010542,0.3677116827438371,0.0
val,ulsan_018794,DKSR20001388_1,82,15.09,0.14403916339756778,0.37647448641484427,0.0
val,ulsan_020976,DKSR20001532_2,41,7.49,0.10313889347245472,0.2798286604361371,0.0
val,ulsan_024336,DKSR20000963_1,39,3.75,0.13052990543524,0.14423333333333332,0.0
val,ulsan_022648,DKSR20001570_1,22,2.51,0.12883706723730554,0.15146082337317396,0.0
val,ulsan_009502,DKSR20001535_2,41,4.66,0.20530637110466182,0.21619277539341916,0.0
val,ulsan_007143,DKSR20001301_2,19,3.21,0.11648292773260091,0.2712097611630322,0.0
val,ulsan_017819,DKSR20001288_1,26,2.67,0.15888435327814307,0.20914481897627965,0.0
val,ulsan_012566,DKSR20001649_1,44,6.91,0.1059262463319021,0.3072298601061264,0.0
val,ulsan_004312,DKSR20001166_1,30,5.57,0.13099514791502337,0.24317773788150807,0.0
val,ulsan_026125,DKSR20000975_1,22,4.23,0.1127745391549163,0.37741331757289204,0.0
val,ulsan_013072,DKSR20001651_2,13,2.97,0.15940057740565186,0.41764870931537595,0.0
val,ulsan_024822,DKSR20000962_2,6,2.71,0.13915719877843263,0.5065036900369003,0.0
val,ulsan_015611,DKSR20001160_1,15,3.44,0.19513054385233644,0.2373062015503876,0.0
val,ulsan_020588,DKSR20001512_2,21,3.23,0.20455799765021998,0.16675696594427245,0.0
val,ulsan_001399,DKSR20001094_2,16,4.09,0.13793548582612458,0.38556438467807663,0.0
val,ulsan_010044,DKSR20001592_1,25,3.24,0.10012567174718807,0.3683641975308642,0.0
val,ulsan_023427,DKSR20000955_1,25,2.93,0.1460211275611185,0.2504977246871445,0.0
val,ulsan_025063,DKSR20000973_2,21,3.59,0.10488870825402602,0.3041318477251625,0.0
val,ulsan_002342,DKSR20001144_2,30,4.64,0.13546870865123653,0.21866020114942528,0.0
val,ulsan_007077,DKSR20001300_2,18,2.99,0.0752096585149918,0.3604515050167224,0.0
val,ulsan_019609,DKSR20001508_1,29,3.68,0.12579358896391543,0.07728713768115943,0.0
val,ulsan_020426,DKSR20001511_1,38,5.41,0.13578568010621006,0.25184842883548986,0.0
val,ulsan_009531,DKSR20001535_2,18,2.88,0.18761597255311369,0.28000578703703705,0.0
val,ulsan_015428,DKSR20001160_1,33,5.44,0.1917940912082838,0.16152726715686275,0.0
val,ulsan_024466,DKSR20000963_2,28,4.2,0.1483060665471173,0.26128968253968254,0.0
val,ulsan_005689,DKSR20001280_1,30,3.84,0.15190101381712756,0.21167534722222223,0.0
val,ulsan_000210,DKSR20000953_1,16,2.51,0.15305262134781086,0.28764940239043824,0.0
val,ulsan_026933,DKSR20001203_2,27,5.06,0.14150908551907387,0.1431241765480896,0.0
val,ulsan_012880,DKSR20001650_2,30,5.14,0.06887012838919883,0.47899643320363167,0.0
val,ulsan_014272,DKSR20001032_2,24,3.35,0.14645877722778036,0.34738805970149256,0.0
val,ulsan_007199,DKSR20001301_1,58,6.09,0.09531962842258755,0.30803229337712096,0.0
val,ulsan_008199,DKSR20001413_2,34,4.53,0.12411220627872639,0.30883002207505517,0.0
val,ulsan_009157,DKSR20001487_1,24,5.09,0.09276638675783916,0.41046168958742635,0.0
val,ulsan_016755,DKSR20001208_2,23,4.64,0.1570121186371161,0.2110632183908046,0.0
val,ulsan_023966,DKSR20000958_2,26,6.49,0.1332765422982333,0.5055148947098099,0.0
val,ulsan_025030,DKSR20000973_1,20,2.97,0.13407386576379376,0.30945566778900113,0.0
val,ulsan_011773,DKSR20001611_1,23,3.46,0.06637512424104107,0.4629576107899807,0.0
val,ulsan_003962,DKSR20001165_1,32,3.97,0.13830376968487118,0.2456129303106633,0.0
val,ulsan_015275,DKSR20001159_2,10,0.84,0.1996187425812267,0.21607142857142858,0.0
val,ulsan_009490,DKSR20001535_2,12,1.65,0.21585294695073007,0.2255050505050505,0.0
val,ulsan_025741,DKSR20001157_2,64,6.68,0.1175180073857819,0.2307322854291417,0.0
val,ulsan_018674,DKSR20001387_1,61,7.62,0.12885589177968446,0.2081583552055993,0.0
val,ulsan_008575,DKSR20001475_1,32,5.21,0.19594728420453633,0.14796865003198975,0.0
val,ulsan_013040,DKSR20001651_1,25,4.52,0.10282342286977796,0.4022953539823009,0.0
val,ulsan_017295,DKSR20001241_2,20,3.72,0.2025540723698132,0.215255376344086,0.0
val,ulsan_002025,DKSR20001132_1,15,2.01,0.14429464470680334,0.30031094527363184,0.0
val,ulsan_002517,DKSR20001144_2,29,4.43,0.10709437695313785,0.2669112114371708,0.0
val,ulsan_004707,DKSR20001168_2,34,4.02,0.11051013859370414,0.22155887230514096,0.0
val,ulsan_025526,DKSR20000974_1,9,1.58,0.10056244722867852,0.39119198312236286,0.0
val,ulsan_023887,DKSR20000958_1,35,6.15,0.14150686876421634,0.28836043360433605,0.0
val,ulsan_014801,DKSR20001033_1,25,3.34,0.1367580675451331,0.20714820359281438,0.0
val,ulsan_006183,DKSR20001284_1,3,0.9,0.2043028403140488,0.19069444444444444,0.0
val,ulsan_019847,DKSR20001509_2,30,5.71,0.15393120618573877,0.16600262697022766,0.0
val,ulsan_014639,DKSR20001033_1,23,2.7,0.11185074780417566,0.2277006172839506,0.0
val,ulsan_021240,DKSR20001534_1,35,6.590083333333333,0.1775561521797215,0.22969486981702306,0.0
val,ulsan_006098,DKSR20001284_2,27,2.24,0.11128002938009683,0.2287202380952381,0.0
val,ulsan_023582,DKSR20000955_1,7,2.05,0.09522350413612625,0.33447154471544716,0.0
val,ulsan_006878,DKSR20001300_1,16,3.9,0.11067868078561988,0.3378846153846154,0.0
val,ulsan_019790,DKSR20001509_1,40,5.93,0.12050842138466215,0.1365725126475548,0.0
val,ulsan_019398,DKSR20001507_2,35,5.46,0.1384599941538477,0.1952457264957265,0.0
val,ulsan_005278,DKSR20001169_2,28,5.64,0.11760208544011642,0.455858451536643,0.0
val,ulsan_022808,DKSR20001571_1,45,7.05,0.07794739769255035,0.31067375886524823,0.0
val,ulsan_008347,DKSR20001413_1,37,7.41,0.1355400060936421,0.3649853801169591,0.0
val,ulsan_022603,DKSR20001570_1,34,4.09,0.12441634433560887,0.11381418092909536,0.0
val,ulsan_014914,DKSR20001033_1,12,1.74,0.20885099740864838,0.18855363984674328,0.0
val,ulsan_016186,DKSR20001206_1,27,3.23,0.20050657458838475,0.15572755417956657,0.0
val,ulsan_001378,DKSR20001094_2,22,4.09,0.1301025831853259,0.25048899755501225,0.0
val,ulsan_005078,DKSR20001169_1,8,2.12,0.14885476459951838,0.3954009433962264,0.0
val,ulsan_011688,DKSR20001611_2,30,2.75,0.19813937790514108,0.3075,0.0
val,ulsan_025628,DKSR20000974_1,18,2.55,0.0822293946215415,0.32830065359477123,0.0
val,ulsan_025930,DKSR20001157_1,32,5.47,0.13998455891756684,0.31321602681291894,0.0
val,ulsan_004646,DKSR20001167_2,16,3.46,0.11324676808527727,0.21728082851637764,0.0
val,ulsan_000729,DKSR20000954_2,29,3.34,0.16807860318823525,0.1713822355289421,0.0
val,ulsan_011940,DKSR20001617_1,34,6.28,0.12549581330310147,0.3062367303609342,0.0
val,ulsan_023337,DKSR20000955_2,4,1.55,0.1759443649836512,0.2848924731182796,0.0
val,ulsan_024092,DKSR20000961_1,42,5.42,0.16564196152515953,0.14577952029520294,0.0
val,ulsan_006748,DKSR20001286_1,52,3.71,0.15703896462204128,0.26834007187780773,0.0
val,ulsan_013843,DKSR20001715_2,17,1.87,0.16396438755324821,0.24514260249554368,0.0
val,ulsan_002911,DKSR20001146_2,28,2.78,0.14148331284027194,0.16182553956834533,0.0
val,ulsan_021854,DKSR20001568_1,26,3.65,0.13109342830174744,0.21993150684931506,0.0
val,ulsan_021079,DKSR20001533_1,32,4.73,0.1254213326255938,0.3232646229739253,0.0
val,ulsan_009069,DKSR20001487_1,34,4.51,0.11485332098910428,0.35211566888396156,0.0
val,ulsan_007052,DKSR20001300_2,36,6.19,0.11512200652077731,0.26600700053850296,0.0
val,ulsan_025432,DKSR20000974_1,6,1.54,0.15986980481934535,0.3150162337662338,0.0
val,ulsan_016182,DKSR20001206_1,25,2.97,0.17223917841438888,0.24020763187429853,0.0
val,ulsan_008317,DKSR20001413_1,21,4.57,0.13382599881063773,0.40972830051057624,0.0
val,ulsan_015733,DKSR20001202_1,39,6.19,0.16986456267656674,0.20041733979536888,0.0
val,ulsan_016023,DKSR20001206_1,9,2.33,0.19989236718823766,0.16689914163090128,0.0
val,ulsan_018072,DKSR20001336_1,26,4.47,0.10001184016811387,0.42141126025354214,0.0
val,ulsan_005530,DKSR20001278_2,35,4.48,0.18709729757351604,0.13546316964285715,0.0
val,ulsan_010284,DKSR20001593_1,28,3.87,0.13081047278029082,0.38844745908699396,0.0
val,ulsan_005441,DKSR20001278_2,24,3.26,0.17213414887296097,0.18647750511247443,0.0
val,ulsan_006037,DKSR20001284_1,56,6.28,0.1363746798491512,0.2227972399150743,0.0
val,ulsan_016282,DKSR20001207_1,45,6.55,0.20714250562143507,0.1964376590330789,0.0
val,ulsan_023701,DKSR20000957_2,53,6.669958333333334,0.17854622452054122,0.20924668444955302,0.0
val,ulsan_000135,DKSR20000953_1,22,4.15,0.11289652476170767,0.26938755020080324,0.0
val,ulsan_025476,DKSR20000974_2,23,4.83,0.16391275125235194,0.24262422360248448,0.0
val,ulsan_025709,DKSR20001157_1,11,2.39,0.1953326529629721,0.3730299860529986,0.0
val,ulsan_015710,DKSR20001202_1,51,5.72,0.18158500699718735,0.14133158508158508,0.0
val,ulsan_000981,DKSR20000960_1,37,6.26,0.20670716332853573,0.2393503727369542,0.0
val,ulsan_022031,DKSR20001568_1,9,1.03,0.13998853743923695,0.2928398058252427,0.0
val,ulsan_013419,DKSR20001677_2,11,2.68,0.13707878889973696,0.325342039800995,0.0
val,ulsan_002676,DKSR20001145_1,32,3.71,0.10080928386611138,0.3150943396226415,0.0
val,ulsan_013494,DKSR20001677_1,25,3.03,0.1602676154619558,0.2937018701870187,0.0
val,ulsan_000066,DKSR20000953_2,30,6.7,0.2059447315735293,0.10427860696517413,0.0
val,ulsan_006298,DKSR20001285_2,15,2.07,0.08395847168314967,0.38981481481481484,0.0
val,ulsan_005214,DKSR20001169_1,27,3.83,0.1469589532720008,0.204852045256745,0.0
val,ulsan_011920,DKSR20001617_2,38,5.37,0.12195232079409986,0.2076427684667908,0.0
val,ulsan_009798,DKSR20001536_2,13,1.55,0.15573993629884336,0.1436290322580645,0.0
val,ulsan_024498,DKSR20000963_1,31,5.03,0.15975288542208704,0.3961978131212724,0.0
val,ulsan_020781,DKSR20001512_2,39,6.03,0.1459353640747661,0.278510226644555,0.0
val,ulsan_001312,DKSR20001094_2,35,5.26,0.10940894422596463,0.3102740811153359,0.0
val,ulsan_004412,DKSR20001167_2,45,5.6,0.11995298522729628,0.3229613095238095,0.0
val,ulsan_015856,DKSR20001202_2,32,5.68,0.047334321668198925,0.3543427230046948,0.0
val,ulsan_013669,DKSR20001715_2,20,3.21,0.11871879696992399,0.2730529595015576,0.0
val,ulsan_024701,DKSR20000962_2,18,2.41,0.13031053908963372,0.3400414937759336,0.0
val,ulsan_013364,DKSR20001677_1,26,3.0,0.1471175356660202,0.2916666666666667,0.0
val,ulsan_013916,DKSR20001031_2,38,4.47,0.1712854438498225,0.1651193139448173,0.0
val,ulsan_017947,DKSR20001336_1,20,3.3,0.13584885559467097,0.4147979797979798,0.0
val,ulsan_025440,DKSR20000974_1,30,3.44,0.14530645070229295,0.16188226744186046,0.0
val,ulsan_008945,DKSR20001476_2,29,5.05,0.15562181225380714,0.17544554455445543,0.0
val,ulsan_020910,DKSR20001532_2,21,3.9,0.16759657723667665,0.25627136752136753,0.0
val,ulsan_003043,DKSR20001146_2,25,2.78,0.14738471833557862,0.30064448441247005,0.0
val,ulsan_019967,DKSR20001509_2,21,4.0,0.15369344992238224,0.1893125,0.0
val,ulsan_004631,DKSR20001167_1,23,3.3,0.12488451800488351,0.18398989898989898,0.0
val,ulsan_011721,DKSR20001611_1,10,1.75,0.09953431457794236,0.397,0.0
val,ulsan_001760,DKSR20001131_1,29,3.39,0.12947221817363386,0.29160521140609635,0.0
val,ulsan_011504,DKSR20001610_1,17,3.9,0.1239239930039756,0.3567948717948718,0.0
val,ulsan_009003,DKSR20001476_2,13,3.09,0.13221001798692256,0.30907497303128373,0.0
val,ulsan_016716,DKSR20001208_1,59,6.26,0.1246886041452593,0.1810303514376997,0.0
val,ulsan_009189,DKSR20001487_1,12,2.15,0.10243053800895871,0.4179263565891473,0.0
val,ulsan_022327,DKSR20001569_1,15,2.36,0.11704946953154918,0.1785840395480226,0.0
val,ulsan_000150,DKSR20000953_1,18,3.04,0.12086493947384891,0.2660361842105263,0.0
val,ulsan_001631,DKSR20001131_1,88,7.07,0.11324470739330647,0.17953206034889202,0.0
val,ulsan_010826,DKSR20001608_2,26,5.15,0.11826680648519511,0.41318770226537216,0.0
val,ulsan_015427,DKSR20001160_1,31,6.42,0.1430148208668024,0.21984683281412254,0.0
val,ulsan_021893,DKSR20001568_2,24,3.13,0.131892595512203,0.12349574014909478,0.0
val,ulsan_010931,DKSR20001608_2,21,2.4,0.13995432956926038,0.45786458333333335,0.0
val,ulsan_016013,DKSR20001206_1,50,5.25,0.17511196011770794,0.1364126984126984,0.0
val,ulsan_001270,DKSR20001094_2,39,4.91,0.13783947603709465,0.266683638832315,0.0
val,ulsan_019247,DKSR20001507_2,32,4.77,0.14611210888790044,0.10020964360587002,0.0
val,ulsan_009363,DKSR20001535_2,15,3.43,0.2185930701938814,0.21503887269193392,0.0
val,ulsan_003112,DKSR20001146_2,4,1.51,0.13803853684619088,0.382864238410596,0.0
val,ulsan_027089,DKSR20001203_1,23,3.91,0.05770764722627071,0.45732097186700765,0.0
val,ulsan_019792,DKSR20001509_1,14,3.53,0.12188948589731284,0.19818224740321058,0.0
val,ulsan_021732,DKSR20001568_2,26,4.37,0.08708658129752739,0.23186498855835241,0.0
val,ulsan_008839,DKSR20001476_2,50,5.33,0.13193013102505768,0.16393058161350843,0.0
val,ulsan_001236,DKSR20001094_2,57,6.54,0.11158550956521583,0.2648764016309888,0.0
val,ulsan_004603,DKSR20001167_1,30,4.38,0.12769619042742922,0.30429033485540335,0.0
val,ulsan_021214,DKSR20001533_1,47,8.4,0.22090609069586245,0.22862103174603174,0.0
val,ulsan_007304,DKSR20001301_2,30,5.45,0.13608607197525951,0.13637614678899082,0.0
val,ulsan_020620,DKSR20001512_2,32,5.25,0.1565053882462712,0.23165873015873015,0.0
val,ulsan_005997,DKSR20001284_2,25,3.49,0.182106427556266,0.26331184336198665,0.0
val,ulsan_011122,DKSR20001609_2,31,3.92,0.15471493999478295,0.3054209183673469,0.0
val,ulsan_014114,DKSR20001031_2,12,2.63,0.18026550853003406,0.17495247148288973,0.0
val,ulsan_004789,DKSR20001168_1,22,4.6,0.12155835705097878,0.2947554347826087,0.0
val,ulsan_010503,DKSR20001594_1,28,4.54,0.11890647387450683,0.4834251101321586,0.0
val,ulsan_005237,DKSR20001169_1,20,2.25,0.17800046373853382,0.2957222222222222,0.0
val,ulsan_024926,DKSR20000973_1,30,4.35,0.1177729217435527,0.34934865900383144,0.0
val,ulsan_018881,DKSR20001491_2,34,5.34,0.16628757457375454,0.26679151061173534,0.0
val,ulsan_010183,DKSR20001592_1,34,5.34,0.13440269564553498,0.3365480649188514,0.0
val,ulsan_011832,DKSR20001611_1,53,5.93,0.12221345678761766,0.21194491287240022,0.0
val,ulsan_022091,DKSR20001569_2,10,2.97,0.13178249375004308,0.1654882154882155,0.0
val,ulsan_016130,DKSR20001206_2,49,5.58,0.20294892004046272,0.10838560334528076,0.0
val,ulsan_024263,DKSR20000961_1,24,3.01,0.16777181731273005,0.11223698781838316,0.0
val,ulsan_027590,DKSR20001204_1,20,3.9,0.16624851187935633,0.21449786324786324,0.0
val,ulsan_018321,DKSR20001380_1,35,4.96,0.11171118176134431,0.3008736559139785,0.0
val,ulsan_026059,DKSR20000975_2,51,7.11,0.10193779377230541,0.31261134552273795,0.0
val,ulsan_013946,DKSR20001031_1,21,2.49,0.185320070220345,0.15093708165997322,0.0
val,ulsan_022642,DKSR20001570_1,10,2.93,0.08170817858573155,0.41429180887372014,0.0
val,ulsan_018899,DKSR20001491_2,47,6.08,0.11296343653009742,0.30270696271929826,0.0
val,ulsan_014482,DKSR20001032_2,22,2.76,0.15422060814107255,0.2509963768115942,0.0
val,ulsan_012210,DKSR20001618_1,30,4.26,0.13261202749352688,0.24508998435054774,0.0
val,ulsan_000808,DKSR20000959_1,15,2.19,0.11693699446818155,0.45051369863013696,0.0
val,ulsan_010952,DKSR20001608_1,24,3.2,0.15364421917640472,0.30341145833333333,0.0
val,ulsan_001624,DKSR20001131_1,40,6.25,0.08965091536230739,0.41418666666666665,0.0
val,ulsan_005361,DKSR20001169_1,22,4.01,0.18072262564971725,0.22220490440565255,0.0
val,ulsan_027238,DKSR20000980_1,48,7.08,0.15987734243982873,0.21621351224105462,0.0
val,ulsan_002396,DKSR20001144_2,8,1.31,0.15263284625084048,0.3249363867684478,0.0
val,ulsan_022576,DKSR20001570_2,43,5.14,0.13977438314058407,0.15469357976653697,0.0
val,ulsan_010229,DKSR20001593_2,11,2.14,0.17500270224165715,0.38656542056074766,0.0
val,ulsan_022767,DKSR20001571_1,14,2.25,0.17072469072053806,0.21359259259259258,0.0
val,ulsan_007008,DKSR20001300_1,57,6.39,0.067096134784858,0.2938380281690141,0.0
val,ulsan_010559,DKSR20001594_1,41,5.92,0.1561976550397587,0.2734797297297297,0.0
val,ulsan_000726,DKSR20000954_2,49,6.22,0.14079446099880266,0.16361870310825294,0.0
val,ulsan_002891,DKSR20001146_1,38,4.75,0.11907115164792534,0.23785964912280702,0.0
val,ulsan_019652,DKSR20001508_1,15,2.54,0.21463791669778393,0.0775262467191601,0.0
val,ulsan_003427,DKSR20001147_1,6,1.38,0.10000745552044146,0.41678743961352654,0.0
val,ulsan_011691,DKSR20001611_1,41,4.86,0.11511886052314611,0.25141460905349794,0.0
val,ulsan_024310,DKSR20000963_2,24,3.49,0.11206050656252593,0.30808261700095513,0.0
val,ulsan_023223,DKSR20000956_2,28,4.7999583333333335,0.163407714345847,0.23760622922073976,0.0
val,ulsan_007183,DKSR20001301_2,13,1.82,0.14494696657115327,0.19191849816849818,0.0
val,ulsan_001276,DKSR20001094_2,37,5.06,0.11926638843277837,0.28847167325428197,0.0
val,ulsan_004333,DKSR20001166_1,27,5.02,0.12940830527296376,0.2976012616201859,0.0
val,ulsan_010608,DKSR20001594_2,27,3.98,0.13615738837911925,0.46879187604690115,0.0
val,ulsan_018046,DKSR20001336_2,23,3.51,0.09207946241843347,0.28614672364672367,0.0
val,ulsan_011667,DKSR20001611_1,33,4.46,0.09505097875541965,0.307660687593423,0.0
val,ulsan_008873,DKSR20001476_1,12,2.2,0.11906004646964972,0.384280303030303,0.0
val,ulsan_014316,DKSR20001032_2,27,2.01,0.17678326806748096,0.13957296849087894,0.0
val,ulsan_011340,DKSR20001609_2,16,2.87,0.110337675900729,0.5935394889663183,0.0
val,ulsan_009008,DKSR20001476_2,15,2.94,0.15416022715691563,0.21753117913832198,0.0
val,ulsan_015665,DKSR20001202_2,50,6.6,0.1454357510928781,0.13833964646464647,0.0
val,ulsan_022059,DKSR20001569_2,17,3.7,0.11328697897790364,0.22684684684684683,0.0
val,ulsan_022369,DKSR20001569_2,13,2.14,0.16224145913481292,0.14665109034267912,0.0
val,ulsan_023500,DKSR20000955_2,19,2.69,0.1599609533144349,0.2908921933085502,0.0
val,ulsan_019145,DKSR20001507_1,18,2.35,0.17023939345869418,0.07290780141843972,0.0
val,ulsan_026851,DKSR20001203_1,36,5.93,0.11316393394974165,0.32527403035413155,0.0
val,ulsan_022197,DKSR20001569_2,35,5.64,0.09508101215986822,0.16701388888888888,0.0
val,ulsan_004625,DKSR20001167_1,35,4.35,0.12673438442040116,0.2802490421455939,0.0
val,ulsan_019353,DKSR20001507_1,23,4.65,0.11653648595612826,0.21121863799283155,0.0
val,ulsan_003543,DKSR20001147_1,25,4.23,0.08760783147901896,0.5130910165484633,0.0
val,ulsan_001293,DKSR20001094_1,18,2.42,0.18042965528568583,0.27357093663911847,0.0
val,ulsan_001485,DKSR20001094_2,18,3.03,0.18587686435409798,0.1937843784378438,0.0
val,ulsan_012753,DKSR20001650_2,31,6.01,0.0963087623991056,0.39461314475873543,0.0
val,ulsan_010704,DKSR20001594_2,15,2.81,0.14172463768906043,0.33262158956109134,0.0
val,ulsan_013146,DKSR20001651_2,31,5.17,0.12945540935443642,0.2432462927143778,0.0
val,ulsan_002999,DKSR20001146_1,8,1.91,0.09544898728026817,0.5928883071553228,0.0
val,ulsan_013817,DKSR20001715_1,9,1.62,0.13657943529524205,0.5900977366255145,0.0
val,ulsan_018255,DKSR20001380_1,32,4.72,0.14152505701757884,0.18528425141242938,0.0
val,ulsan_025707,DKSR20001157_1,53,6.33,0.14685601385121438,0.17632306477093207,0.0
val,ulsan_003712,DKSR20001149_1,51,7.69,0.1374431890568537,0.3997453402687473,0.0
val,ulsan_021285,DKSR20001534_1,34,6.57,0.1612015490104298,0.2986491628614916,0.0
val,ulsan_025230,DKSR20001156_1,55,7.61,0.13577621248949684,0.21475580376697329,0.0
val,ulsan_024899,DKSR20000973_2,26,4.63,0.08612780440468809,0.30306875449964005,0.0
val,ulsan_014875,DKSR20001033_2,27,3.32,0.10535452610763625,0.21022841365461847,0.0
val,ulsan_003432,DKSR20001147_1,16,2.37,0.11921427020728467,0.3036568213783404,0.0
val,ulsan_019074,DKSR20001491_2,39,4.61,0.12461424812096747,0.1879880694143167,0.0
val,ulsan_026874,DKSR20001203_1,15,2.74,0.16275195912509877,0.3711070559610706,0.0
val,ulsan_018414,DKSR20001380_1,24,2.87,0.10244638410081401,0.2797473867595819,0.0
val,ulsan_017842,DKSR20001288_2,31,3.74,0.16155798039367328,0.24650178253119429,0.0
val,ulsan_000969,DKSR20000959_2,25,5.85,0.11200426140395317,0.3820868945868946,0.0
val,ulsan_015258,DKSR20001159_2,29,4.19,0.17585371618115905,0.16429992044550518,0.0
val,ulsan_023533,DKSR20000955_2,11,2.42,0.1503815502948927,0.23861914600550965,0.0
val,ulsan_012192,DKSR20001618_1,26,3.45,0.15644276382230984,0.19408212560386473,0.0
val,ulsan_019517,DKSR20001508_2,20,2.58,0.15270578903848367,0.1757267441860465,0.0
val,ulsan_004399,DKSR20001167_2,21,4.1,0.09493851941275852,0.39346544715447157,0.0
val,ulsan_023437,DKSR20000955_1,43,5.67,0.14073819728495218,0.2033068783068783,0.0
val,ulsan_001694,DKSR20001131_2,22,2.97,0.14030871920451732,0.49482323232323233,0.0
val,ulsan_026456,DKSR20001158_1,21,3.33,0.17076073632251634,0.15905905905905907,0.0
val,ulsan_016622,DKSR20001208_1,32,5.8,0.19742663271488622,0.13130028735632185,0.0
val,ulsan_013796,DKSR20001715_2,24,3.51,0.1327861786959101,0.4227445394112061,0.0
val,ulsan_007539,DKSR20001348_2,26,6.38,0.10964518569951087,0.4657262277951933,0.0
val,ulsan_010081,DKSR20001592_2,33,4.69,0.08992773141553058,0.4348880597014925,0.0
val,ulsan_015775,DKSR20001202_2,46,7.46,0.1059154210407783,0.39317470956210904,0.0
val,ulsan_007229,DKSR20001301_2,45,6.86,0.16014725985724215,0.17240038872691935,0.0
val,ulsan_018734,DKSR20001388_2,55,9.37,0.09416298539666643,0.25205887584489506,0.0
val,ulsan_007059,DKSR20001300_1,12,1.98,0.17161431915649333,0.28327020202020203,0.0
val,ulsan_026882,DKSR20001203_2,17,4.67,0.11935281095345292,0.3202266238401142,0.0
val,ulsan_010733,DKSR20001608_1,24,3.97,0.1520961343340888,0.349664147774979,0.0
val,ulsan_000713,DKSR20000954_2,35,5.11,0.1610401330604637,0.25805609915198957,0.0
val,ulsan_010296,DKSR20001593_1,31,4.36,0.1340547763346678,0.3486142966360856,0.0
val,ulsan_020347,DKSR20001511_1,41,5.05,0.12467342285809585,0.2447854785478548,0.0
val,ulsan_025269,DKSR20001156_1,16,2.78,0.15906119832179236,0.30824340527577937,0.0
val,ulsan_018199,DKSR20001380_2,31,3.29,0.13091528786704118,0.380661094224924,0.0
val,ulsan_021000,DKSR20001532_1,22,3.760083333333333,0.1699909407494181,0.21547616409210787,0.0
val,ulsan_011018,DKSR20001608_1,2,1.22,0.10621243067055429,0.7886270491803279,0.0
val,ulsan_010535,DKSR20001594_2,29,4.25,0.13946681116322823,0.3223921568627451,0.0
val,ulsan_022840,DKSR20001571_2,22,4.12,0.13649125486093516,0.28454692556634303,0.0
val,ulsan_016436,DKSR20001207_1,20,2.87,0.22099047833520571,0.23199767711962835,0.0
val,ulsan_015072,DKSR20001159_2,47,5.79,0.16161051930693446,0.14345854922279794,0.0
val,ulsan_024469,DKSR20000963_2,23,4.12,0.14130943274218286,0.2976334951456311,0.0
val,ulsan_000851,DKSR20000959_1,59,6.47,0.16792117158516434,0.23945775373518804,0.0
val,ulsan_011607,DKSR20001610_1,44,5.45,0.11797720623032328,0.29178134556574925,0.0
val,ulsan_008202,DKSR20001413_2,25,3.48,0.1042818535879191,0.45537595785440615,0.0
val,ulsan_017156,DKSR20001241_1,29,4.98,0.1593010242666432,0.35177376171352076,0.0
val,ulsan_018005,DKSR20001336_1,31,4.89,0.1700874744007714,0.26100034083162915,0.0
val,ulsan_012411,DKSR20001618_1,57,6.34,0.13071100046160286,0.259982912723449,0.0
val,ulsan_011852,DKSR20001611_2,62,5.08,0.1754356443818319,0.12836286089238846,0.0
val,ulsan_003658,DKSR20001149_1,41,6.1,0.13972844726303674,0.3373360655737705,0.0
val,ulsan_020160,DKSR20001510_2,39,5.06,0.14820138494490848,0.18305335968379446,0.0
val,ulsan_020224,DKSR20001510_1,24,3.37,0.11310175736280988,0.24165430267062316,0.0
val,ulsan_010181,DKSR20001592_2,36,4.78,0.14149576932302335,0.4218357740585774,0.0
val,ulsan_023126,DKSR20000956_2,32,3.95,0.1762445295510679,0.12191983122362869,0.0
val,ulsan_014213,DKSR20001032_1,7,1.38,0.15399802651545944,0.321256038647343,0.0
val,ulsan_006282,DKSR20001285_2,12,2.24,0.17809753413948542,0.4242559523809524,0.0
val,ulsan_015227,DKSR20001159_1,49,5.15,0.12697698007515126,0.11394822006472492,0.0
val,ulsan_026590,DKSR20001158_1,9,2.38,0.1474595949796767,0.3650910364145658,0.0
val,ulsan_001941,DKSR20001132_1,35,4.08,0.11183620718946731,0.423968545751634,0.0
val,ulsan_002555,DKSR20001145_2,8,1.72,0.14922861520746927,0.22315891472868218,0.0
val,ulsan_027005,DKSR20001203_1,58,6.8,0.11665322541919051,0.2446139705882353,0.0
val,ulsan_001457,DKSR20001094_1,18,2.99,0.14295516942117584,0.2979654403567447,0.0
val,ulsan_005931,DKSR20001280_1,15,3.07,0.13214228582810525,0.3723127035830619,0.0
val,ulsan_021471,DKSR20001537_1,27,4.15,0.19836787328869296,0.23337349397590362,0.0
val,ulsan_022964,DKSR20001571_1,32,4.52,0.15193650404195055,0.2172566371681416,0.0
val,ulsan_023538,DKSR20000955_2,18,3.05,0.18832833218812797,0.20991803278688526,0.0
val,ulsan_022466,DKSR20001570_1,37,4.98,0.11412127914373751,0.138679718875502,0.0
val,ulsan_016572,DKSR20001208_1,17,1.94,0.08723555490521633,0.4022766323024055,0.0
val,ulsan_006153,DKSR20001284_1,51,5.56,0.15217148474366546,0.23424760191846522,0.0
val,ulsan_022455,DKSR20001570_2,36,5.25,0.1267930076112784,0.19750793650793652,0.0
val,ulsan_001315,DKSR20001094_2,17,2.99,0.09433244031743936,0.49307413600891864,0.0
val,ulsan_023996,DKSR20000958_2,30,6.51,0.10826679024383808,0.40229774705581156,0.0
val,ulsan_017496,DKSR20001287_1,8,1.44,0.1337375528308748,0.36261574074074077,0.0
val,ulsan_023739,DKSR20000957_2,18,2.75,0.1990122040288377,0.09346969696969697,0.0
val,ulsan_011292,DKSR20001609_1,5,2.32,0.18048190476172812,0.4701688218390805,0.0
val,ulsan_004721,DKSR20001168_2,44,5.15,0.11332535168126648,0.2581796116504854,0.0
val,ulsan_024361,DKSR20000963_2,41,4.84,0.14394185655855798,0.26607265840220384,0.0
val,ulsan_027188,DKSR20000980_2,42,5.77,0.11804368325806275,0.323526863084922,0.0
val,ulsan_006485,DKSR20001285_2,47,5.31,0.13929976571813102,0.19964689265536723,0.0
val,ulsan_021029,DKSR20001533_1,22,3.64,0.20291580035906173,0.2748511904761905,0.0
val,ulsan_002286,DKSR20001144_2,8,1.59,0.12690392778921455,0.3668501048218029,0.0
val,ulsan_001164,DKSR20000960_1,32,6.05,0.15036518764243248,0.27692148760330576,0.0
val,ulsan_000462,DKSR20000954_2,4,1.04,0.19675437604692633,0.3736778846153846,0.0
val,ulsan_024130,DKSR20000961_2,17,2.87,0.1357903899794806,0.2677119628339141,0.0
val,ulsan_025863,DKSR20001157_2,12,1.87,0.14023845939000745,0.30049019607843136,0.0
val,ulsan_018884,DKSR20001491_2,25,3.05,0.12623262884150846,0.31525956284153006,0.0
val,ulsan_018863,DKSR20001491_2,39,4.9,0.14395373101727232,0.23954081632653063,0.0
val,ulsan_024619,DKSR20000962_1,8,3.38,0.11836455820135737,0.2962524654832347,0.0
val,ulsan_020865,DKSR20001532_1,10,1.81,0.21828665594793473,0.16521639042357275,0.0
val,ulsan_020333,DKSR20001511_1,21,3.27,0.15776084074272004,0.2465341488277268,0.0
val,ulsan_021703,DKSR20001568_1,11,1.68,0.13790322472126018,0.21964285714285714,0.0
val,ulsan_016090,DKSR20001206_1,23,4.31,0.09995504288932178,0.2652648878576953,0.0
val,ulsan_011242,DKSR20001609_2,13,2.81,0.09361380379096165,0.47811387900355873,0.0
val,ulsan_002298,DKSR20001144_1,6,1.34,0.12651624457974264,0.2713308457711443,0.0
val,ulsan_022676,DKSR20001570_1,24,2.85,0.17184532077765946,0.15986842105263158,0.0
val,ulsan_003083,DKSR20001146_2,25,5.03,0.14357283952715888,0.44372929092113983,0.0
val,ulsan_001081,DKSR20000960_1,22,5.9,0.1570015968638673,0.38459745762711867,0.0
val,ulsan_000082,DKSR20000953_2,32,4.78,0.20268695636666914,0.10598849372384937,0.0
val,ulsan_026623,DKSR20000979_1,38,5.35,0.1712362422383881,0.2357165109034268,0.0
val,ulsan_011203,DKSR20001609_1,23,5.45,0.12194063018143929,0.4379434250764526,0.0
val,ulsan_013041,DKSR20001651_1,37,5.96,0.09449182591525773,0.347832774049217,0.0
val,ulsan_009960,DKSR20001592_1,12,2.3,0.19446674766951147,0.4033514492753623,0.0
val,ulsan_024996,DKSR20000973_2,29,4.1,0.08243695523707979,0.38721544715447154,0.0
val,ulsan_025290,DKSR20001156_2,30,6.56,0.1538168553388941,0.37966209349593494,0.0
val,ulsan_008266,DKSR20001413_2,30,6.43,0.0924503637311311,0.5552358735095905,0.0
val,ulsan_008629,DKSR20001475_2,25,3.75,0.15392361162066456,0.27682222222222225,0.0
val,ulsan_006774,DKSR20001286_1,30,3.81,0.21695813366352878,0.2097878390201225,0.0
val,ulsan_012725,DKSR20001650_1,14,2.17,0.19107297513339533,0.3672427035330261,0.0
val,ulsan_023585,DKSR20000955_1,26,3.41,0.14018220808643483,0.3083944281524927,0.0
val,ulsan_001489,DKSR20001094_2,7,1.88,0.11055872919655453,0.6294547872340426,0.0
val,ulsan_025902,DKSR20001157_2,12,2.47,0.11731167405738614,0.2710695006747638,0.0
val,ulsan_004004,DKSR20001165_2,31,5.63,0.16123357816633266,0.24294701006512728,0.0
val,ulsan_021532,DKSR20001537_2,43,6.2,0.038563756806495375,0.37538978494623654,0.0
val,ulsan_023946,DKSR20000958_1,24,5.9,0.19004376565855208,0.382069209039548,0.0
val,ulsan_007907,DKSR20001352_1,64,7.29,0.14631040883987523,0.21774691358024692,0.0
val,ulsan_016881,DKSR20001240_1,32,3.99,0.17708583351996493,0.16258354218880536,0.0
val,ulsan_027057,DKSR20001203_1,13,3.27,0.08738805141758096,0.5646534148827727,0.0
val,ulsan_025241,DKSR20001156_1,15,3.13,0.12823553969141155,0.3377662406815761,0.0
val,ulsan_022631,DKSR20001570_2,25,3.11,0.1421315504788221,0.13673633440514468,0.0
val,ulsan_022993,DKSR20001571_2,35,4.59,0.10450150330062348,0.21959876543209877,0.0
val,ulsan_011952,DKSR20001617_1,10,2.15,0.15313849650707936,0.30949612403100774,0.0
val,ulsan_004943,DKSR20001168_2,34,4.69,0.14630119544292106,0.36656894100923954,0.0
val,ulsan_011928,DKSR20001617_2,13,2.03,0.15882965530070475,0.17042282430213465,0.0
val,ulsan_023070,DKSR20000956_2,16,2.19,0.12106195718490274,0.3484779299847793,0.0
val,ulsan_019701,DKSR20001508_1,26,8.23,0.09434669282108502,0.2296172539489672,0.0
val,ulsan_022175,DKSR20001569_2,58,6.91,0.08852713136972327,0.2768572117703811,0.0
val,ulsan_022095,DKSR20001569_2,7,1.23,0.17423340183195937,0.08502710027100271,0.0
val,ulsan_003912,DKSR20001165_2,40,6.86,0.13708163568540963,0.3117832847424684,0.0
val,ulsan_021821,DKSR20001568_1,35,4.76,0.15165731383794878,0.2776172969187675,0.0
val,ulsan_014816,DKSR20001033_1,20,2.71,0.13334422859475614,0.23376383763837638,0.0
val,ulsan_024314,DKSR20000963_2,32,4.76,0.1361397249771073,0.222890406162465,0.0
val,ulsan_026805,DKSR20000979_2,64,7.29,0.10010197632581151,0.24682213077274806,0.0
val,ulsan_026045,DKSR20001157_1,41,9.34,0.06056279117937078,0.489855460385439,0.0
val,ulsan_017565,DKSR20001287_2,32,4.32,0.12396698256212178,0.28858024691358025,0.0
val,ulsan_004311,DKSR20001166_1,27,3.41,0.13960379844643833,0.3910312805474096,0.0
val,ulsan_011641,DKSR20001611_2,41,5.42,0.18674491550931624,0.2478321033210332,0.0
val,ulsan_002232,DKSR20001144_2,13,2.03,0.07391346701609397,0.484688013136289,0.0
val,ulsan_027133,DKSR20001203_1,10,2.29,0.06839527777658264,0.49303129548762736,0.0
val,ulsan_018534,DKSR20001386_2,52,9.38,0.10845917759801568,0.36070540156361053,0.0
val,ulsan_026830,DKSR20000979_1,15,2.99,0.20458671858220795,0.22353678929765886,0.0
val,ulsan_017213,DKSR20001241_1,16,2.93,0.1417233757244471,0.2765642775881684,0.0
val,ulsan_004508,DKSR20001167_2,36,6.1,0.13234853582618797,0.38243169398907106,0.0
val,ulsan_017373,DKSR20001287_2,28,4.01,0.16778564500490825,0.25654613466334164,0.0
val,ulsan_010179,DKSR20001592_2,14,1.76,0.12979024773300196,0.32398200757575757,0.0
val,ulsan_015016,DKSR20001033_1,20,2.950083333333333,0.147351063093579,0.19644925284596482,0.0
val,ulsan_025656,DKSR20000974_1,8,2.77,0.16264248425276187,0.2545728038507822,0.0
val,ulsan_014751,DKSR20001033_2,14,2.7,0.10397005711470028,0.3653240740740741,0.0
val,ulsan_025503,DKSR20000974_1,23,4.64,0.1424552146425364,0.269378591954023,0.0
val,ulsan_018870,DKSR20001491_1,19,2.02,0.21522474822998527,0.3693069306930693,0.0
val,ulsan_010201,DKSR20001593_1,40,5.5,0.13693104638057793,0.3231818181818182,0.0
val,ulsan_002433,DKSR20001144_1,18,2.66,0.11106370669770482,0.30466791979949875,0.0
val,ulsan_024121,DKSR20000961_2,19,2.33,0.20716003137379752,0.08206366237482117,0.0
val,ulsan_003456,DKSR20001147_2,26,2.59,0.10437217795380094,0.31375482625482626,0.0
val,ulsan_026285,DKSR20001158_2,17,3.14,0.15068471333519928,0.26588375796178343,0.0
val,ulsan_006791,DKSR20001286_1,28,4.92,0.11634200696223916,0.482715108401084,0.0
val,ulsan_004627,DKSR20001167_1,33,3.28,0.14680122577411595,0.21916920731707318,0.0
val,ulsan_004896,DKSR20001168_1,27,4.48,0.16127233800338472,0.3128627232142857,0.0
val,ulsan_022289,DKSR20001569_1,33,3.89,0.09795417040957878,0.21946229648671808,0.0
val,ulsan_011199,DKSR20001609_1,5,1.47,0.13452568976707752,0.5978458049886621,0.0
val,ulsan_004537,DKSR20001167_2,22,2.46,0.1498568416722601,0.25863821138211385,0.0
val,ulsan_025927,DKSR20001157_2,16,2.93,0.1916028230786225,0.23100113765642777,0.0
val,ulsan_015606,DKSR20001160_2,35,5.6,0.11033667187306785,0.3122916666666667,0.0
val,ulsan_003550,DKSR20001147_1,3,0.71,0.15557676873746945,0.37916666666666665,0.0
val,ulsan_027245,DKSR20000980_1,31,3.54,0.16856640539607126,0.24641007532956685,0.0
val,ulsan_009543,DKSR20001535_1,22,3.2,0.1315267053281589,0.324296875,0.0
val,ulsan_005982,DKSR20001284_1,29,3.42,0.17296462715997157,0.22876461988304095,0.0
val,ulsan_011041,DKSR20001609_2,22,4.57,0.13353612450050364,0.4537746170678337,0.0
val,ulsan_009013,DKSR20001476_2,35,4.35,0.15465663253248194,0.27490421455938696,0.0
val,ulsan_013113,DKSR20001651_1,14,4.67,0.07788037605215521,0.5557637401855817,0.0
val,ulsan_024125,DKSR20000961_2,19,2.94,0.15291556628335076,0.11969954648526077,0.0
val,ulsan_016553,DKSR20001208_1,33,5.91,0.18602060123693676,0.1724478285391991,0.0
val,ulsan_020559,DKSR20001512_2,23,3.45,0.10643751918623609,0.291256038647343,0.0
val,ulsan_014027,DKSR20001031_1,8,2.07,0.15298958148399874,0.2591988727858293,0.0
val,ulsan_013459,DKSR20001677_2,24,3.65,0.1145681891176993,0.27544520547945206,0.0
val,ulsan_025021,DKSR20000973_1,14,2.62,0.11565394027972935,0.3448155216284987,0.0
val,ulsan_018978,DKSR20001491_1,36,4.41,0.09187882127536875,0.3831538170823885,0.0
val,ulsan_024385,DKSR20000963_2,20,3.63,0.11141482197578409,0.3362947658402204,0.0
val,ulsan_022797,DKSR20001571_1,38,5.82,0.1240470081356147,0.2462986827033219,0.0
val,ulsan_016098,DKSR20001206_1,54,6.92,0.11688861829782805,0.2854889210019268,0.0
val,ulsan_022293,DKSR20001569_1,43,5.51,0.11663394933857896,0.15774349667271628,0.0
val,ulsan_005502,DKSR20001278_1,28,4.32,0.09628859139537876,0.3745949074074074,0.0
val,ulsan_008115,DKSR20001353_1,74,8.19,0.14107838952952867,0.22513227513227513,0.0
val,ulsan_003276,DKSR20001147_1,29,3.97,0.08847134806362496,0.5237090680100756,0.0
val,ulsan_023775,DKSR20000957_2,34,7.55,0.14396890254514624,0.3551158940397351,0.0
val,ulsan_024946,DKSR20000973_1,32,5.8,0.12721883972921857,0.37178879310344826,0.0
val,ulsan_015226,DKSR20001159_1,18,2.25,0.16686600536939247,0.12001851851851852,0.0
val,ulsan_022646,DKSR20001570_1,25,2.87,0.11589571283783878,0.16853948896631823,0.0
val,ulsan_014324,DKSR20001032_2,21,2.43,0.17589909816742397,0.18022976680384087,0.0
val,ulsan_000818,DKSR20000959_1,38,5.6,0.11571558510240684,0.2976488095238095,0.0
val,ulsan_018040,DKSR20001336_2,38,5.76,0.05515405407979087,0.2572048611111111,0.0
val,ulsan_011411,DKSR20001610_2,16,2.83,0.14338712605645582,0.37473498233215546,0.0
val,ulsan_003591,DKSR20001147_1,2,2.45,0.07203523788061343,0.8612585034013606,0.0
val,ulsan_018425,DKSR20001380_2,18,3.7,0.07708046936595285,0.26754504504504506,0.0
val,ulsan_002506,DKSR20001144_2,26,4.58,0.1288745940722021,0.23820960698689955,0.0
val,ulsan_025606,DKSR20000974_2,29,4.36,0.15150791444200687,0.3275229357798165,0.0
val,ulsan_013725,DKSR20001715_1,16,2.31,0.16380584324773095,0.27994227994227994,0.0
val,ulsan_016209,DKSR20001206_1,23,3.87,0.13208820945945923,0.2153316106804479,0.0
val,ulsan_013205,DKSR20001677_2,12,1.83,0.11780129849699246,0.36475409836065575,0.0
val,ulsan_000140,DKSR20000953_1,32,3.36,0.14666194035721788,0.1597470238095238,0.0
val,ulsan_012647,DKSR20001649_2,24,3.4,0.09185806069378212,0.3414828431372549,0.0
val,ulsan_009946,DKSR20001592_2,36,4.92,0.11368315485488732,0.43384146341463414,0.0
val,ulsan_012106,DKSR20001617_2,14,2.37,0.18758681045016193,0.13333333333333333,0.0
val,ulsan_020773,DKSR20001512_1,38,4.95,0.08082301837392468,0.3236784511784512,0.0
val,ulsan_015675,DKSR20001202_1,18,2.64,0.16796018488662595,0.17960858585858586,0.0
val,ulsan_018727,DKSR20001388_1,16,4.21,0.1226721765158762,0.6494853523357086,0.0
val,ulsan_012288,DKSR20001618_1,25,3.18,0.17416818082312238,0.17205188679245284,0.0
val,ulsan_023373,DKSR20000955_2,2,1.42,0.16472266084684795,0.5756161971830986,0.0
val,ulsan_017098,DKSR20001241_1,21,3.23,0.1628841452806514,0.28289473684210525,0.0
val,ulsan_000286,DKSR20000953_1,7,1.62,0.20483626309428868,0.2696502057613169,0.0
val,ulsan_014566,DKSR20001032_2,13,1.48,0.13497299979644567,0.3943412162162162,0.0
val,ulsan_003639,DKSR20001149_1,31,4.06,0.1988993252162315,0.2733784893267652,0.0
val,ulsan_010467,DKSR20001594_2,20,3.36,0.08986116349018348,0.5370535714285715,0.0
val,ulsan_001896,DKSR20001132_2,22,2.13,0.15351452921194988,0.17621283255086073,0.0
val,ulsan_018080,DKSR20001336_1,23,4.12,0.13897497137977458,0.37554611650485437,0.0
val,ulsan_019328,DKSR20001507_1,19,3.02,0.15270653229757478,0.11317604856512141,0.0
val,ulsan_027420,DKSR20001204_2,17,2.58,0.13233599414199596,0.3783268733850129,0.0
val,ulsan_017331,DKSR20001287_1,24,2.8,0.12014560511280738,0.29279761904761903,0.0
val,ulsan_003754,DKSR20001149_1,19,2.88,0.17686788714442955,0.34930555555555554,0.0
val,ulsan_020356,DKSR20001511_2,37,6.34,0.11398808120652804,0.38509463722397475,0.0
val,ulsan_003822,DKSR20001165_2,19,4.31,0.14856030740736575,0.3328112915699923,0.0
val,ulsan_008894,DKSR20001476_1,22,1.98,0.2098473952291239,0.2940656565656566,0.0
val,ulsan_015388,DKSR20001160_2,13,2.87,0.12839277150785494,0.3302990708478513,0.0
val,ulsan_002372,DKSR20001144_2,2,1.3,0.11440537510168132,0.6438461538461538,0.0
val,ulsan_011106,DKSR20001609_2,14,2.85,0.09083259508392161,0.4444590643274854,0.0
val,ulsan_000333,DKSR20000953_2,2,1.17,0.10580790912154905,0.2747863247863248,0.0
val,ulsan_006632,DKSR20001286_2,23,2.9,0.12918043323110706,0.3414080459770115,0.0
val,ulsan_008544,DKSR20001475_1,22,3.44,0.1680459681001649,0.21861676356589146,0.0
val,ulsan_024429,DKSR20000963_1,34,5.45,0.12337111520601582,0.23230122324159022,0.0
val,ulsan_010225,DKSR20001593_1,22,2.53,0.12317191869483046,0.36222002635046113,0.0
val,ulsan_004130,DKSR20001166_2,40,4.98,0.14402006687500157,0.21221552878179384,0.0
val,ulsan_015299,DKSR20001159_1,12,1.73,0.15588178509196754,0.309971098265896,0.0
val,ulsan_017345,DKSR20001287_2,33,3.6,0.14162296061976826,0.3148958333333333,0.0
val,ulsan_024156,DKSR20000961_2,17,5.49,0.12049342685824274,0.5878035822707954,0.0
val,ulsan_017019,DKSR20001240_2,38,4.8,0.1273770573947296,0.2790017361111111,0.0
val,ulsan_023635,DKSR20000957_1,21,3.81,0.1529933987693114,0.18066491688538933,0.0
val,ulsan_007974,DKSR20001352_2,25,3.33,0.1572281319355429,0.14952452452452453,0.0
val,ulsan_002904,DKSR20001146_2,8,1.39,0.1489654701062757,0.363189448441247,0.0
val,ulsan_001679,DKSR20001131_2,28,3.61,0.12955811788370422,0.30535549399815326,0.0
val,ulsan_023860,DKSR20000958_1,13,3.21,0.19373206231307394,0.5345794392523364,0.0
val,ulsan_009895,DKSR20001536_1,25,3.06,0.11687951118173572,0.2363289760348584,0.0
val,ulsan_007528,DKSR20001348_1,39,6.6,0.12497947968090607,0.3551893939393939,0.0
val,ulsan_026791,DKSR20000979_2,30,3.41,0.09738179112461287,0.2411412512218964,0.0
val,ulsan_016108,DKSR20001206_1,22,3.38,0.11896359445992048,0.3612302761341223,0.0
val,ulsan_009151,DKSR20001487_1,32,4.1,0.1439035853013726,0.1758028455284553,0.0
val,ulsan_024703,DKSR20000962_2,32,4.89,0.11104832224080884,0.22915814587593727,0.0
val,ulsan_026480,DKSR20001158_1,28,3.2,0.13572978163063998,0.2836197916666667,0.0
val,ulsan_004425,DKSR20001167_1,26,3.22,0.17195668712963508,0.15551242236024845,0.0
val,ulsan_005595,DKSR20001278_2,24,3.25,0.1998308042774835,0.15014102564102563,0.0
val,ulsan_011282,DKSR20001609_2,27,3.52,0.12663196942996635,0.3384469696969697,0.0
val,ulsan_012606,DKSR20001649_1,17,4.55,0.1357812816270092,0.28805860805860806,0.0
val,ulsan_003150,DKSR20001146_1,53,7.81,0.1170364761996707,0.24723111395646608,0.0
val,ulsan_005432,DKSR20001278_2,11,1.65,0.2951425775923168,0.14255050505050504,0.0
val,ulsan_021250,DKSR20001534_1,37,5.84,0.15025480870742094,0.19511272831050228,0.0
val,ulsan_022716,DKSR20001570_2,32,5.44,0.1182696095175155,0.47342984068627453,0.0
val,ulsan_008538,DKSR20001475_1,26,3.96,0.09184153077597138,0.29321338383838386,0.0
val,ulsan_023147,DKSR20000956_2,44,5.75,0.186230789156931,0.12542028985507248,0.0
val,ulsan_001668,DKSR20001131_2,35,3.76,0.17450692255772737,0.27854609929078017,0.0
val,ulsan_014551,DKSR20001032_1,22,3.16,0.12493348233914944,0.22385284810126582,0.0
val,ulsan_012601,DKSR20001649_1,22,5.78,0.09427263868226571,0.42675173010380624,0.0
val,ulsan_027564,DKSR20001204_2,32,2.17,0.21339693300499374,0.1548963133640553,0.0
val,ulsan_017629,DKSR20001288_1,12,1.43,0.11698592272915599,0.3831876456876457,0.0
val,ulsan_023610,DKSR20000957_1,32,7.61,0.10059144268151879,0.3125383267630311,0.0
val,ulsan_003812,DKSR20001149_2,20,2.47,0.139293764877176,0.29719973009446693,0.0
val,ulsan_000092,DKSR20000953_2,36,4.33,0.19954625282326025,0.12310431100846805,0.0
val,ulsan_023779,DKSR20000957_2,43,6.2,0.16278012498608965,0.2039247311827957,0.0
val,ulsan_012622,DKSR20001649_2,27,5.27,0.0867545008034134,0.3905123339658444,0.0
val,ulsan_007749,DKSR20001351_1,22,2.5,0.17501841464433399,0.22405,0.0
val,ulsan_002885,DKSR20001146_1,8,2.06,0.1568584995592891,0.23343446601941747,0.0
val,ulsan_013362,DKSR20001677_1,30,3.54,0.16168163677396197,0.24230225988700566,0.0
val,ulsan_009919,DKSR20001536_1,60,5.0,0.14133395149152916,0.15696666666666667,0.0
val,ulsan_009220,DKSR20001487_1,11,1.88,0.09650637836464437,0.46438386524822695,0.0
val,ulsan_025574,DKSR20000974_2,42,6.13,0.11222095500858663,0.3411025013594345,0.0
val,ulsan_025166,DKSR20001156_1,31,6.74,0.1168278873728638,0.3404240850642928,0.0
val,ulsan_014807,DKSR20001033_1,11,1.03,0.0963629329999631,0.3705501618122977,0.0
val,ulsan_027674,DKSR20001204_2,22,3.28,0.14876950020284654,0.19616361788617886,0.0
val,ulsan_014712,DKSR20001033_1,20,2.46,0.11857525252780557,0.2877710027100271,0.0
val,ulsan_008985,DKSR20001476_2,14,2.24,0.17657517342851745,0.27840401785714286,0.0
val,ulsan_007456,DKSR20001348_2,27,3.6,0.1332191602169994,0.2629513888888889,0.0
val,ulsan_000876,DKSR20000959_2,29,5.48,0.155427683241122,0.2927007299270073,0.0
val,ulsan_026912,DKSR20001203_1,23,5.71,0.08007758258808775,0.47807209573847054,0.0
val,ulsan_007611,DKSR20001351_1,14,1.98,0.21453537982997947,0.1771043771043771,0.0
val,ulsan_006567,DKSR20001286_1,15,1.82,0.1652324788613734,0.30556318681318684,0.0
val,ulsan_018162,DKSR20001336_2,29,4.75,0.10580484954749993,0.43214912280701756,0.0
val,ulsan_024679,DKSR20000962_2,14,2.89,0.12018688449305194,0.3708044982698962,0.0
val,ulsan_020498,DKSR20001511_1,14,3.0,0.15402799383594998,0.5066527777777777,0.0
val,ulsan_009302,DKSR20001487_2,22,3.59,0.09182922439875317,0.6047353760445683,0.0
val,ulsan_022666,DKSR20001570_1,16,2.9,0.06755228868418192,0.422816091954023,0.0
val,ulsan_025985,DKSR20001157_1,34,4.14,0.1370142633454404,0.26581119162640904,0.0
val,ulsan_001146,DKSR20000960_2,44,6.99,0.12287448665662032,0.4887815927515498,0.0
val,ulsan_008063,DKSR20001353_1,42,5.03,0.16374626376016724,0.1912856196156395,0.0
val,ulsan_026501,DKSR20001158_2,20,3.75,0.18317900124430728,0.3734222222222222,0.0
val,ulsan_005741,DKSR20001280_2,36,4.45,0.15010003886103837,0.23004681647940076,0.0
val,ulsan_005192,DKSR20001169_2,20,3.23,0.11387830589961334,0.22703818369453044,0.0
val,ulsan_023534,DKSR20000955_2,25,3.22,0.1375953665264376,0.18325569358178054,0.0
val,ulsan_026751,DKSR20000979_1,26,3.52,0.1398448932353003,0.28991477272727273,0.0
val,ulsan_026406,DKSR20001158_2,19,2.98,0.20163862298138532,0.16079418344519017,0.0
val,ulsan_027343,DKSR20000980_1,64,8.08,0.12903321568745565,0.22228754125412542,0.0
val,ulsan_016079,DKSR20001206_1,30,5.24,0.20157936059574122,0.21291348600508905,0.0
val,ulsan_014643,DKSR20001033_2,32,4.7,0.11954136073262168,0.23428191489361702,0.0
val,ulsan_025876,DKSR20001157_2,29,4.46,0.12001627931352163,0.30194319880418535,0.0
val,ulsan_007773,DKSR20001352_1,23,2.64,0.14102832872061472,0.21153724747474748,0.0
val,ulsan_008038,DKSR20001353_1,38,4.24,0.17619398762632668,0.22193396226415094,0.0
val,ulsan_015854,DKSR20001202_1,21,4.19,0.08210669156384647,0.5659108989657916,0.0
val,ulsan_018170,DKSR20001336_1,14,2.4,0.10543287432942554,0.36736111111111114,0.0
val,ulsan_015000,DKSR20001033_1,20,2.01,0.173902648669276,0.22139303482587064,0.0
val,ulsan_000064,DKSR20000953_2,31,5.36,0.18997905951943328,0.07623600746268656,0.0
val,ulsan_022312,DKSR20001569_2,48,6.47,0.1080782640085934,0.12297140649149922,0.0
val,ulsan_012035,DKSR20001617_2,33,4.17,0.18101306137981577,0.17162270183852918,0.0
val,ulsan_022535,DKSR20001570_2,43,6.52,0.1387384237389184,0.21489647239263804,0.0
val,ulsan_000511,DKSR20000954_2,5,0.98,0.18398714538141472,0.2841836734693878,0.0
val,ulsan_026792,DKSR20000979_2,36,5.43,0.09963610026262336,0.18737722529158993,0.0
val,ulsan_012408,DKSR20001618_1,26,3.75,0.11677478247841401,0.33547777777777776,0.0
val,ulsan_021320,DKSR20001534_2,16,2.92,0.17373940736754237,0.21555365296803652,0.0
val,ulsan_009380,DKSR20001535_1,33,3.16,0.16578378780845357,0.21542721518987343,0.0
val,ulsan_011037,DKSR20001609_2,32,4.93,0.1195602595606786,0.33914807302231237,0.0
val,ulsan_000864,DKSR20000959_1,37,4.9,0.18219502249052952,0.27262755102040814,0.0
val,ulsan_019892,DKSR20001509_2,33,3.96,0.11227351235434123,0.137868265993266,0.0
val,ulsan_019750,DKSR20001509_1,8,2.07,0.13120229027680547,0.27139694041867957,0.0
val,ulsan_006810,DKSR20001286_2,47,5.41,0.13782939212644613,0.23331022797288972,0.0
val,ulsan_026140,DKSR20000975_2,33,4.99,0.11048821915213917,0.206563126252505,0.0
val,ulsan_006192,DKSR20001284_2,47,5.12,0.18116737955994303,0.17401529947916666,0.0
val,ulsan_011101,DKSR20001609_2,22,3.53,0.10251355996629383,0.4943932955618508,0.0
val,ulsan_003622,DKSR20001149_1,43,5.53,0.14451682408532956,0.2560277275467149,0.0
val,ulsan_000950,DKSR20000959_1,19,3.1,0.1425752139697738,0.35358870967741934,0.0
val,ulsan_003300,DKSR20001147_2,41,5.83,0.1250559206391494,0.19202401372212693,0.0
val,ulsan_011458,DKSR20001610_1,27,3.57,0.12191145187801318,0.3627334267040149,0.0
val,ulsan_022229,DKSR20001569_2,30,6.84,0.1185258989620104,0.3204800194931774,0.0
val,ulsan_004366,DKSR20001166_2,45,6.07,0.1663397841195065,0.2879873695771554,0.0
val,ulsan_000976,DKSR20000960_1,22,5.1,0.12630622168262146,0.4131209150326797,0.0
val,ulsan_021013,DKSR20001532_1,10,2.17,0.18061621013248486,0.2518241167434716,0.0
val,ulsan_021647,DKSR20001537_2,61,5.63,0.14159600915846868,0.14155565423327413,0.0
val,ulsan_012565,DKSR20001649_1,35,5.94,0.10410548281213348,0.3989337822671156,0.0
val,ulsan_013454,DKSR20001677_2,13,2.45,0.1479324922893386,0.24641156462585034,0.0
val,ulsan_018894,DKSR20001491_2,19,2.71,0.15006432413388718,0.3625307503075031,0.0
val,ulsan_016692,DKSR20001208_2,24,3.94,0.12391245435500176,0.17292724196277495,0.0
val,ulsan_004911,DKSR20001168_1,21,3.22,0.12320323888248169,0.2864648033126294,0.0
val,ulsan_018548,DKSR20001386_2,76,10.92,0.10466693139039827,0.24297161172161172,0.0
val,ulsan_014750,DKSR20001033_2,11,2.95,0.12083451758372625,0.335183615819209,0.0
val,ulsan_002447,DKSR20001144_1,28,4.18,0.09825554487546757,0.30932017543859647,0.0
val,ulsan_007626,DKSR20001351_1,40,3.86,0.15791884151855,0.20045336787564766,0.0
val,ulsan_010554,DKSR20001594_2,26,5.45,0.13020384769771737,0.3580351681957187,0.0
val,ulsan_004359,DKSR20001166_2,30,3.16,0.14757136413390565,0.3249868143459916,0.0
val,ulsan_024606,DKSR20000962_2,38,6.83,0.10096728305378093,0.3255002440214739,0.0
val,ulsan_015156,DKSR20001159_1,33,7.78,0.12180516652792611,0.47187767780634104,0.0
val,ulsan_014629,DKSR20001032_1,23,2.63,0.13818825316678904,0.2783269961977186,0.0
val,ulsan_019988,DKSR20001510_2,10,2.35,0.13536094372131935,0.33085106382978724,0.0
val,ulsan_013497,DKSR20001677_1,17,2.53,0.15211996793425203,0.229199604743083,0.0
val,ulsan_012379,DKSR20001618_1,8,1.96,0.12721405298246924,0.35212585034013605,0.0
val,ulsan_020937,DKSR20001532_1,26,4.91,0.1561239094072256,0.2909538357094365,0.0
val,ulsan_023005,DKSR20001571_2,30,6.37,0.1241642283227627,0.3685766614338043,0.0
val,ulsan_010520,DKSR20001594_1,44,5.14,0.16807970102858963,0.24212062256809339,0.0
val,ulsan_022321,DKSR20001569_1,5,1.21,0.13272943902087075,0.3213498622589532,0.0
val,ulsan_013453,DKSR20001677_2,6,1.0,0.13706270259164272,0.34079166666666666,0.0
val,ulsan_010873,DKSR20001608_1,13,3.48,0.13794162066397073,0.452610153256705,0.0
val,ulsan_007499,DKSR20001348_1,39,5.48,0.11036075199722825,0.4737910583941606,0.0
val,ulsan_022675,DKSR20001570_1,16,3.43,0.09251999809790584,0.4238216715257532,0.0
val,ulsan_020282,DKSR20001511_2,36,4.7,0.09129702915548744,0.21726950354609928,0.0
val,ulsan_015064,DKSR20001159_1,19,2.5,0.18691058612365655,0.16316666666666665,0.0
val,ulsan_010299,DKSR20001593_1,5,1.48,0.09715658321992043,0.5528716216216216,0.0
val,ulsan_016932,DKSR20001240_1,19,2.53,0.19606140326602423,0.15976613965744402,0.0
val,ulsan_000835,DKSR20000959_2,27,4.03,0.12604951525343477,0.26485732009925556,0.0
val,ulsan_023056,DKSR20000956_2,34,5.16,0.18571009265065583,0.17200419896640826,0.0
val,ulsan_002855,DKSR20001145_1,13,1.68,0.12696632845485378,0.3294890873015873,0.0
val,ulsan_025962,DKSR20001157_1,4,1.42,0.1107977988058533,0.3841549295774648,0.0
val,ulsan_000544,DKSR20000954_2,23,3.41,0.10019029426684244,0.24578445747800587,0.0
val,ulsan_001044,DKSR20000960_2,45,6.94,0.1489974347085021,0.19673390970220941,0.0
val,ulsan_018921,DKSR20001491_1,23,3.84,0.15637321041662103,0.2928602430555556,0.0
val,ulsan_000629,DKSR20000954_1,14,2.73,0.25491280002322403,0.23798840048840048,0.0
val,ulsan_012292,DKSR20001618_1,43,4.8,0.13060872925861766,0.11776041666666667,0.0
val,ulsan_017822,DKSR20001288_1,36,3.64,0.1190535652373093,0.2268543956043956,0.0
val,ulsan_001456,DKSR20001094_1,35,5.5,0.1278290349789019,0.27612878787878786,0.0
val,ulsan_021462,DKSR20001537_1,20,4.39,0.147299324456502,0.21071564160971906,0.0
val,ulsan_008327,DKSR20001413_2,32,3.88,0.15781499085696604,0.2668921821305842,0.0
val,ulsan_027408,DKSR20001204_2,29,4.12,0.13366897255514276,0.28880461165048543,0.0
val,ulsan_005759,DKSR20001280_2,59,5.48,0.12882940279430952,0.21902372262773723,0.0
val,ulsan_008760,DKSR20001476_1,24,3.08,0.1227861373552129,0.29517045454545454,0.0
val,ulsan_016308,DKSR20001207_1,30,4.39,0.12367481924400103,0.19340356871678055,0.0
val,ulsan_013982,DKSR20001031_1,33,4.16,0.15177933914328814,0.20604967948717948,0.0
val,ulsan_004580,DKSR20001167_1,18,2.21,0.11096328122636859,0.32520739064856713,0.0
val,ulsan_026941,DKSR20001203_1,25,5.6,0.059932573264859366,0.38874255952380954,0.0
val,ulsan_000086,DKSR20000953_2,27,4.46,0.18601140072432198,0.12855941704035875,0.0
val,ulsan_018380,DKSR20001380_2,16,3.77,0.10392152119768198,0.10627763041556144,0.0
val,ulsan_013678,DKSR20001715_1,20,3.67,0.18910287217035143,0.3108537693006358,0.0
val,ulsan_019152,DKSR20001507_1,31,4.28,0.09429789817229764,0.346183800623053,0.0
val,ulsan_020584,DKSR20001512_2,24,4.85,0.131179460458841,0.3006958762886598,0.0
val,ulsan_007455,DKSR20001348_2,37,5.77,0.16260985835932842,0.3698151357596765,0.0
val,ulsan_003710,DKSR20001149_1,46,5.23,0.1253254668830986,0.31289037603569153,0.0
val,ulsan_026239,DKSR20000975_1,39,4.470083333333333,0.12586355835339305,0.2475624988348465,0.0
val,ulsan_016280,DKSR20001207_1,40,5.8,0.1411350245552032,0.1717816091954023,0.0
val,ulsan_011258,DKSR20001609_2,48,5.39,0.12003063712471285,0.3333951762523191,0.0
val,ulsan_010665,DKSR20001594_2,33,3.29,0.11406912765110397,0.36365248226950353,0.0
val,ulsan_023837,DKSR20000958_1,25,5.97,0.16446119172936116,0.3759212730318258,0.0
val,ulsan_021124,DKSR20001533_2,18,2.54,0.14503564481370068,0.23494094488188977,0.0
val,ulsan_015458,DKSR20001160_1,2,1.73,0.23358332188985412,0.2781791907514451,0.0
val,ulsan_016721,DKSR20001208_1,20,3.8,0.14201942898337652,0.2675,0.0
val,ulsan_012897,DKSR20001651_1,14,2.58,0.07809675301569738,0.5441214470284238,0.0
val,ulsan_013579,DKSR20001715_1,29,3.68,0.1164256508571444,0.30217391304347824,0.0
val,ulsan_019835,DKSR20001509_1,17,3.29,0.14274736810406877,0.27858409321175276,0.0
val,ulsan_011482,DKSR20001610_2,38,2.66,0.1200523676516427,0.2791196741854637,0.0
val,ulsan_002514,DKSR20001144_2,16,2.49,0.10861443736670753,0.377024765729585,0.0
val,ulsan_004087,DKSR20001165_1,28,4.4,0.14238861286551394,0.2750378787878788,0.0
val,ulsan_009424,DKSR20001535_1,20,3.2,0.11400735653868124,0.33154947916666666,0.0
val,ulsan_023458,DKSR20000955_2,26,2.56,0.19928349817417934,0.16832682291666667,0.0
val,ulsan_021952,DKSR20001568_1,4,1.06,0.13465688877441917,0.38675314465408805,0.0
val,ulsan_011770,DKSR20001611_1,44,6.23,0.07123955839087401,0.3058654360620653,0.0
val,ulsan_019855,DKSR20001509_1,9,2.72,0.1249180675802319,0.22765012254901962,0.0
val,ulsan_019604,DKSR20001508_1,36,5.8,0.15929229409920623,0.09281609195402299,0.0
val,ulsan_019632,DKSR20001508_1,21,3.18,0.11082274556523722,0.17177672955974843,0.0
val,ulsan_008401,DKSR20001475_1,3,0.69,0.15273158694838582,0.3482487922705314,0.0
val,ulsan_013395,DKSR20001677_2,24,3.67,0.10440409302944624,0.34872842870118076,0.0
val,ulsan_024625,DKSR20000962_1,19,3.73,0.16967922423900308,0.20326184092940125,0.0
val,ulsan_020809,DKSR20001532_1,46,5.7,0.1946636294320055,0.21864766081871345,0.0
val,ulsan_026348,DKSR20001158_1,44,6.03,0.18795253982089258,0.14213653952459923,0.0
val,ulsan_025228,DKSR20001156_1,21,4.35,0.16589163737298052,0.19722222222222222,0.0
val,ulsan_013892,DKSR20001031_2,31,5.16,0.14326725993065204,0.2947997416020672,0.0
val,ulsan_010190,DKSR20001593_2,23,3.49,0.18229725222672555,0.25117000955109836,0.0
val,ulsan_005743,DKSR20001280_2,22,2.55,0.18290057649622243,0.12668300653594772,0.0
val,ulsan_011534,DKSR20001610_2,20,4.73,0.1612877566681457,0.274515503875969,0.0
val,ulsan_016466,DKSR20001207_2,23,3.12,0.24246990269067806,0.1703392094017094,0.0
val,ulsan_012690,DKSR20001650_2,29,4.9,0.1277555242858936,0.2475,0.0
val,ulsan_026674,DKSR20000979_1,42,6.19,0.18146274931680295,0.20662358642972536,0.0
val,ulsan_013897,DKSR20001031_2,15,2.06,0.1406592679817586,0.41806229773462783,0.0
val,ulsan_024909,DKSR20000973_2,23,4.88,0.10155702695996918,0.3935877732240437,0.0
val,ulsan_024438,DKSR20000963_2,25,5.62,0.08178429334877292,0.4631153618030842,0.0
val,ulsan_002579,DKSR20001145_2,29,4.74,0.12123164322960564,0.2922204641350211,0.0
val,ulsan_006454,DKSR20001285_1,31,3.74,0.20070970450600364,0.2425356506238859,0.0
val,ulsan_021837,DKSR20001568_1,23,4.23,0.1387842850535986,0.30813632781717887,0.0
val,ulsan_020132,DKSR20001510_2,9,1.93,0.1612061965374051,0.24792746113989636,0.0
val,ulsan_017147,DKSR20001241_1,38,5.47,0.1639248310847767,0.3352300426569165,0.0
val,ulsan_014590,DKSR20001032_1,24,4.0,0.10415996815261863,0.301,0.0
val,ulsan_020514,DKSR20001511_2,10,3.26,0.1479229220102603,0.45475460122699385,0.0
val,ulsan_002776,DKSR20001145_1,26,3.0,0.11631225147995324,0.24293055555555557,0.0
val,ulsan_015731,DKSR20001202_2,18,1.94,0.18577021410668437,0.2911941580756014,0.0
val,ulsan_006387,DKSR20001285_1,27,3.9400833333333334,0.19633379091145234,0.20640426386920752,0.0
val,ulsan_015008,DKSR20001033_1,19,3.129958333333333,0.1284662658795158,0.21828032854537469,0.0
val,ulsan_010942,DKSR20001608_1,17,3.08,0.13192407647253213,0.2539366883116883,0.0
val,ulsan_019935,DKSR20001509_2,25,4.98,0.15571395782139452,0.18092369477911646,0.0
val,ulsan_000348,DKSR20000953_2,57,5.79,0.18447131090787236,0.13914795624640183,0.0
val,ulsan_008735,DKSR20001476_1,44,8.51,0.14849672188773455,0.2516940853897376,0.0
val,ulsan_018446,DKSR20001380_1,21,3.28,0.13196829351813527,0.32978912601626015,0.0
val,ulsan_001071,DKSR20000960_2,57,6.49,0.10740403200271945,0.22973805855161789,0.0
val,ulsan_013800,DKSR20001715_2,50,7.02,0.12674816992953897,0.3700676638176638,0.0
val,ulsan_013001,DKSR20001651_1,27,4.24,0.1040165102099731,0.2805915880503145,0.0
val,ulsan_020968,DKSR20001532_2,15,3.0,0.19058008715521454,0.1831111111111111,0.0
val,ulsan_014016,DKSR20001031_1,42,5.31,0.17658277615906842,0.1297865662272442,0.0
val,ulsan_016428,DKSR20001207_1,37,4.24,0.1683411860269306,0.17352594339622643,0.0
val,ulsan_014134,DKSR20001031_1,25,4.08,0.18030568225255741,0.1223141339869281,0.0
val,ulsan_011196,DKSR20001609_1,2,1.98,0.07221930880673928,0.7921506734006734,0.0
val,ulsan_012122,DKSR20001617_2,24,3.29,0.18451429411153614,0.13866514690982776,0.0
val,ulsan_004487,DKSR20001167_1,39,5.78,0.12931188262124585,0.40471453287197234,0.0
val,ulsan_025583,DKSR20000974_2,10,1.84,0.18936104079216945,0.3644248188405797,0.0
val,ulsan_025435,DKSR20000974_1,33,5.06,0.10033697421680718,0.23805171277997364,0.0
val,ulsan_024516,DKSR20000963_2,11,2.21,0.1458419744830054,0.33133484162895926,0.0
val,ulsan_016438,DKSR20001207_1,30,3.77,0.1798585532795182,0.15879752431476568,0.0
val,ulsan_002937,DKSR20001146_2,24,2.87,0.1045643690647267,0.2620499419279907,0.0
val,ulsan_024213,DKSR20000961_2,34,4.72,0.17361231344878333,0.19977930790960452,0.0
val,ulsan_007000,DKSR20001300_1,15,1.98,0.21474555557265307,0.12815656565656566,0.0
val,ulsan_013988,DKSR20001031_1,26,3.21,0.19093450268716086,0.17397455867082035,0.0
val,ulsan_021747,DKSR20001568_2,23,3.14,0.1180951980406057,0.1506900212314225,0.0
val,ulsan_005803,DKSR20001280_2,33,3.74,0.11632545499279216,0.2188391265597148,0.0
val,ulsan_026825,DKSR20000979_1,45,6.36,0.1651292524622809,0.2154677672955975,0.0
val,ulsan_015761,DKSR20001202_2,47,4.67,0.07935062098935937,0.36061741613133474,0.0
val,ulsan_022137,DKSR20001569_1,16,1.69,0.1435910439420356,0.08954635108481263,0.0
val,ulsan_000336,DKSR20000953_2,19,2.43,0.15300200077155393,0.2246056241426612,0.0
val,ulsan_000372,DKSR20000953_2,30,4.28,0.16626172086166535,0.15143107476635514,0.0
val,ulsan_006533,DKSR20001285_1,45,4.77,0.1579969885910835,0.2071278825995807,0.0
val,ulsan_021616,DKSR20001537_2,19,3.85,0.16441808976401404,0.305952380952381,0.0
val,ulsan_008106,DKSR20001353_2,42,5.11,0.18291028708763593,0.13191454664057403,0.0
val,ulsan_003199,DKSR20001146_1,2,0.95,0.16417485007761234,0.4656140350877193,0.0
val,ulsan_012251,DKSR20001618_2,29,3.72,0.048567499878875764,0.42927867383512547,0.0
val,ulsan_022825,DKSR20001571_2,31,5.17,0.16436173274306548,0.23558188265635074,0.0
val,ulsan_024704,DKSR20000962_2,43,6.55,0.10244809898732554,0.2776972010178117,0.0
val,ulsan_006973,DKSR20001300_2,24,3.68,0.08101935500869138,0.3340013586956522,0.0
val,ulsan_002787,DKSR20001145_1,9,2.25,0.13365210047029216,0.39581481481481484,0.0
val,ulsan_000129,DKSR20000953_2,27,4.55,0.07671987543340293,0.3605860805860806,0.0
val,ulsan_025009,DKSR20000973_2,25,4.44,0.15705260915861904,0.2671358858858859,0.0
val,ulsan_022376,DKSR20001569_1,30,3.5,0.13472540321032242,0.15519047619047618,0.0
val,ulsan_024338,DKSR20000963_1,31,7.45,0.08862424518740881,0.4071308724832215,0.0
val,ulsan_021420,DKSR20001534_2,68,8.97,0.11294170401025302,0.26993218134522484,0.0
val,ulsan_011395,DKSR20001610_1,25,3.87,0.1443674780588121,0.35051679586563306,0.0
val,ulsan_003472,DKSR20001147_1,6,2.64,0.08826638399851039,0.505697601010101,0.0
val,ulsan_022251,DKSR20001569_2,2,1.56,0.1982764773276345,0.21284722222222222,0.0
val,ulsan_004228,DKSR20001166_2,11,4.19,0.12994052673319947,0.630936754176611,0.0
val,ulsan_020441,DKSR20001511_1,30,4.5,0.16687025178776593,0.24481481481481482,0.0
val,ulsan_016884,DKSR20001240_1,18,3.47,0.15957681579773325,0.22439961575408263,0.0
val,ulsan_024028,DKSR20000958_1,3,2.33,0.08665006937310199,0.7791130185979971,0.0
val,ulsan_015049,DKSR20001033_1,8,1.63,0.13493332776544878,0.4651073619631902,0.0
val,ulsan_021206,DKSR20001533_2,60,9.78,0.1309212485931784,0.31619802317655077,0.0
val,ulsan_009605,DKSR20001535_2,12,1.96,0.2170330303690491,0.2769770408163265,0.0
val,ulsan_015953,DKSR20001206_1,16,2.21,0.247190412203554,0.17000377073906486,0.0
val,ulsan_024571,DKSR20000962_1,23,4.2,0.1733177766905278,0.2111309523809524,0.0
val,ulsan_012670,DKSR20001650_2,65,9.37,0.09761706962840509,0.3027970473141231,0.0
val,ulsan_026921,DKSR20001203_1,18,3.13,0.07100727857746729,0.398961661341853,0.0
val,ulsan_021394,DKSR20001534_1,52,7.75,0.11607746616107532,0.24618279569892473,0.0
val,ulsan_024955,DKSR20000973_1,19,2.87,0.12904390737156357,0.2784552845528455,0.0
val,ulsan_026561,DKSR20001158_1,48,6.39,0.12881671524444727,0.27812336984872194,0.0
val,ulsan_014856,DKSR20001033_2,11,2.0,0.10386100885962489,0.32516666666666666,0.0
val,ulsan_003842,DKSR20001165_2,35,7.02,0.13295153285956635,0.36772317188983855,0.0
val,ulsan_021051,DKSR20001533_1,10,3.86,0.22040273974331837,0.44027417962003457,0.0
val,ulsan_013980,DKSR20001031_1,29,3.55,0.16126219235512332,0.1752699530516432,0.0
val,ulsan_021896,DKSR20001568_2,17,3.14,0.1578483113907756,0.09096337579617834,0.0
val,ulsan_002421,DKSR20001144_1,9,1.98,0.1508287674485403,0.22880892255892255,0.0
val,ulsan_005696,DKSR20001280_1,35,3.59,0.1277758886157339,0.2040506035283194,0.0
val,ulsan_000118,DKSR20000953_2,33,4.55,0.1689246623759062,0.13505494505494506,0.0
val,ulsan_006625,DKSR20001286_2,38,5.79,0.06411589600394994,0.4826208981001727,0.0
val,ulsan_006422,DKSR20001285_1,21,2.54,0.14848562509694727,0.3038057742782152,0.0
val,ulsan_013244,DKSR20001677_1,20,2.96,0.1221829980353415,0.33638795045045045,0.0
val,ulsan_027263,DKSR20000980_1,51,5.84,0.13408824911343128,0.21307077625570775,0.0
val,ulsan_000617,DKSR20000954_1,14,2.29,0.18537127001578005,0.23473435225618633,0.0
val,ulsan_012239,DKSR20001618_2,23,3.43,0.09249397060335271,0.31362973760932944,0.0
val,ulsan_020458,DKSR20001511_2,14,3.43,0.1554992951704579,0.5755344995140913,0.0
val,ulsan_024882,DKSR20000973_2,23,3.34,0.10867276587714014,0.16815119760479041,0.0
val,ulsan_023636,DKSR20000957_1,38,7.3,0.12944779453701089,0.321689497716895,0.0
val,ulsan_023929,DKSR20000958_1,16,6.56,0.15600461451403647,0.4362233231707317,0.0
val,ulsan_021451,DKSR20001537_2,14,2.65,0.06271983592206062,0.3525471698113208,0.0
val,ulsan_015667,DKSR20001202_2,39,4.34,0.16150737614177235,0.23791282642089093,0.0
val,ulsan_007249,DKSR20001301_2,27,3.82,0.16257945274242455,0.10555191972076788,0.0
val,ulsan_008963,DKSR20001476_2,21,3.17,0.1815729133987013,0.33024447949526814,0.0
val,ulsan_027242,DKSR20000980_1,35,5.55,0.20860184588753777,0.22116366366366366,0.0
val,ulsan_012131,DKSR20001617_2,29,3.55,0.1941045333861566,0.1367605633802817,0.0
val,ulsan_008355,DKSR20001413_2,12,3.09,0.14960651535624503,0.30887270765911545,0.0
val,ulsan_005273,DKSR20001169_2,18,2.89,0.14944295652201506,0.44426182237600925,0.0
val,ulsan_015337,DKSR20001159_2,21,3.28,0.1377374190542426,0.18471798780487805,0.0
val,ulsan_004796,DKSR20001168_1,21,3.21,0.13791144931187946,0.3223001038421599,0.0
val,ulsan_026400,DKSR20001158_2,28,3.26,0.22145818799610917,0.12295501022494887,0.0
val,ulsan_018120,DKSR20001336_1,38,5.23,0.12678178183760874,0.2576242829827916,0.0
val,ulsan_002740,DKSR20001145_1,19,3.03,0.13043393915663523,0.4000412541254125,0.0
val,ulsan_005750,DKSR20001280_2,43,3.88,0.13010092434046389,0.17164948453608248,0.0
val,ulsan_002596,DKSR20001145_1,35,5.14,0.12627381918522645,0.22351653696498056,0.0
val,ulsan_016925,DKSR20001240_1,32,5.62,0.15187303284806625,0.2069246737841044,0.0
val,ulsan_018277,DKSR20001380_1,40,4.89,0.1335193724870502,0.2599778459441036,0.0
val,ulsan_001131,DKSR20000960_2,45,6.33,0.12507967562129566,0.2890995260663507,0.0
val,ulsan_013287,DKSR20001677_1,48,6.55,0.13041391363529112,0.3106234096692112,0.0
val,ulsan_022187,DKSR20001569_2,11,2.15,0.11144163882410225,0.23819767441860465,0.0
val,ulsan_009594,DKSR20001535_2,25,3.21,0.18940084279715658,0.22897196261682243,0.0
val,ulsan_020741,DKSR20001512_1,22,3.2,0.14646476726001526,0.176484375,0.0
val,ulsan_017421,DKSR20001287_2,28,2.94,0.14199173905183263,0.21115362811791383,0.0
val,ulsan_024949,DKSR20000973_1,22,2.98,0.13597100119427552,0.29890939597315436,0.0
val,ulsan_000171,DKSR20000953_1,9,1.66,0.16845709942297646,0.3535140562248996,0.0
val,ulsan_019014,DKSR20001491_1,44,5.31,0.08515476000045594,0.3699701820464532,0.0
val,ulsan_004927,DKSR20001168_1,17,3.02,0.1471352703377528,0.20983719646799118,0.0
val,ulsan_007329,DKSR20001301_1,19,3.5000833333333334,0.1240770432079458,0.34688459798576227,0.0
val,ulsan_013099,DKSR20001651_2,31,3.57,0.08785478055443006,0.2858426704014939,0.0
val,ulsan_027444,DKSR20001204_2,21,2.19,0.1337352997911045,0.28559741248097414,0.0
val,ulsan_021767,DKSR20001568_1,8,1.54,0.160233707154284,0.4434253246753247,0.0
val,ulsan_015178,DKSR20001159_1,24,4.67,0.12848060596495328,0.4154800142755175,0.0
val,ulsan_007969,DKSR20001352_2,59,7.27,0.15927141635313885,0.18636519944979368,0.0
val,ulsan_016813,DKSR20001240_1,24,4.2,0.11159144676282254,0.5753075396825397,0.0
val,ulsan_024947,DKSR20000973_1,20,3.94,0.11979515462136352,0.41407571912013535,0.0
val,ulsan_020705,DKSR20001512_1,23,3.69,0.20144747661829365,0.38250903342366754,0.0
val,ulsan_024632,DKSR20000962_1,33,5.0,0.20094979783050448,0.15101666666666666,0.0
val,ulsan_006768,DKSR20001286_1,27,1.44,0.16884155328161338,0.21840277777777778,0.0
val,ulsan_016177,DKSR20001206_1,39,4.98,0.16865484218681037,0.21388888888888888,0.0
val,ulsan_005536,DKSR20001278_2,43,5.6,0.1382615743175777,0.21695684523809525,0.0
val,ulsan_020507,DKSR20001511_1,10,4.08,0.15494171001398616,0.5535232843137254,0.0
val,ulsan_026405,DKSR20001158_2,55,7.77,0.19251937131439498,0.17055984555984555,0.0
val,ulsan_020669,DKSR20001512_2,10,1.72,0.1523982382545295,0.2606346899224806,0.0
val,ulsan_009051,DKSR20001487_1,6,2.87,0.13677690656055203,0.5837543554006969,0.0
val,ulsan_014318,DKSR20001032_2,20,2.45,0.19697597178737739,0.09301020408163266,0.0
val,ulsan_007154,DKSR20001301_1,16,3.85,0.10733824879690441,0.4641017316017316,0.0
val,ulsan_016750,DKSR20001208_2,29,6.02,0.15230578400705905,0.2620985603543743,0.0
val,ulsan_009706,DKSR20001536_1,50,4.87,0.1362936686904651,0.1865845311430527,0.0
val,ulsan_010064,DKSR20001592_2,32,4.03,0.1315464569470457,0.24777708850289495,0.0
val,ulsan_011954,DKSR20001617_1,40,5.93,0.11509905242216413,0.3138701517706577,0.0
val,ulsan_022638,DKSR20001570_2,21,3.52,0.08806544902106635,0.2552438446969697,0.0
val,ulsan_014439,DKSR20001032_1,32,4.32,0.18652833162948151,0.15771604938271605,0.0
val,ulsan_025284,DKSR20001156_2,8,1.79,0.1959638630433808,0.25493482309124765,0.0
val,ulsan_014003,DKSR20001031_2,31,3.91,0.12520890928815664,0.15536018755328218,0.0
val,ulsan_022310,DKSR20001569_2,7,2.2,0.13013094773377032,0.2946969696969697,0.0
val,ulsan_027342,DKSR20000980_1,19,2.87,0.228878076248865,0.2105691056910569,0.0
val,ulsan_021229,DKSR20001534_1,23,3.53,0.2003383385333159,0.125590179414542,0.0
val,ulsan_026359,DKSR20001158_2,14,2.32,0.1956596754735693,0.1729705459770115,0.0
val,ulsan_000800,DKSR20000959_1,17,2.93,0.1572578353243207,0.1430887372013652,0.0
val,ulsan_017144,DKSR20001241_1,28,7.94,0.07046482086027701,0.47906171284634763,0.0
val,ulsan_014088,DKSR20001031_1,36,4.59,0.18945429683023418,0.19489832970225127,0.0
val,ulsan_025011,DKSR20000973_2,25,4.25,0.12530783737390216,0.17611764705882352,0.0
val,ulsan_021596,DKSR20001537_1,30,5.35,0.10927861382894057,0.36752336448598133,0.0
val,ulsan_007935,DKSR20001352_2,27,5.81,0.16867656661450592,0.27876506024096387,0.0
val,ulsan_026364,DKSR20001158_2,17,2.17,0.1859218337915546,0.2304147465437788,0.0
val,ulsan_009186,DKSR20001487_1,23,3.4,0.12964964409824528,0.30518382352941176,0.0
val,ulsan_015537,DKSR20001160_2,11,3.79,0.09719946640478339,0.6448438874230431,0.0
val,ulsan_015635,DKSR20001160_2,47,6.45,0.197202372515881,0.1777842377260982,0.0
val,ulsan_022076,DKSR20001569_1,18,2.02,0.14908606746473643,0.1165016501650165,0.0
val,ulsan_004820,DKSR20001168_2,9,2.52,0.0919132476189803,0.5421296296296296,0.0
val,ulsan_001326,DKSR20001094_2,30,3.64,0.10080700235444766,0.327621336996337,0.0
val,ulsan_018634,DKSR20001387_2,103,17.08,0.1274752034771949,0.4031298790007806,0.0
val,ulsan_019219,DKSR20001507_1,34,4.01,0.10631056452788126,0.223784289276808,0.0
val,ulsan_015263,DKSR20001159_2,32,4.49,0.11142782075446872,0.34426503340757236,0.0
val,ulsan_018497,DKSR20001380_1,18,3.19,0.13338086055163317,0.30020898641588295,0.0
val,ulsan_015720,DKSR20001202_2,29,5.39,0.14211325390165064,0.24468150896722327,0.0
val,ulsan_008811,DKSR20001476_2,53,6.68,0.13902437464152978,0.22052769461077845,0.0
val,ulsan_000802,DKSR20000959_1,52,6.16,0.16109228146566562,0.2988704004329004,0.0
val,ulsan_002212,DKSR20001144_1,2,0.49,0.08552989791082645,0.7229591836734693,0.0
val,ulsan_002202,DKSR20001144_1,20,4.0,0.15939354289245056,0.3741145833333333,0.0
val,ulsan_014196,DKSR20001031_1,18,2.09,0.15262601717545204,0.14074960127591707,0.0
val,ulsan_020135,DKSR20001510_1,22,3.89,0.12004780348122054,0.20807626392459297,0.0
val,ulsan_014640,DKSR20001033_1,13,1.24,0.1154961283855327,0.3043682795698925,0.0
val,ulsan_005707,DKSR20001280_1,31,4.18,0.13143023969550174,0.2883771929824561,0.0
val,ulsan_020680,DKSR20001512_1,6,2.51,0.18701500847832137,0.38411354581673307,0.0
val,ulsan_019934,DKSR20001509_2,28,6.31,0.09855143552623918,0.30692683571051244,0.0
val,ulsan_022403,DKSR20001570_2,38,4.05,0.14432712982319343,0.2028292181069959,0.0
val,ulsan_015715,DKSR20001202_1,49,4.87,0.15964847588819633,0.26688056125941134,0.0
val,ulsan_021912,DKSR20001568_1,31,4.49,0.16271472256196837,0.21553452115812918,0.0
val,ulsan_018938,DKSR20001491_2,23,2.59,0.1388047206142637,0.4095720720720721,0.0
val,ulsan_002683,DKSR20001145_1,31,4.7599583333333335,0.17097086374342566,0.297289016885652,0.0
val,ulsan_003555,DKSR20001147_2,40,5.54,0.12648669127199286,0.24679602888086644,0.0
val,ulsan_026731,DKSR20000979_1,45,6.27,0.1438745776139956,0.22196305156831472,0.0
val,ulsan_006356,DKSR20001285_1,21,2.16,0.13306445921802135,0.2519483024691358,0.0
val,ulsan_024447,DKSR20000963_2,34,3.54,0.15327490674543767,0.30144774011299436,0.0
val,ulsan_015909,DKSR20001202_2,28,4.55,0.12461344737941854,0.21454212454212454,0.0
val,ulsan_025980,DKSR20001157_1,33,4.6,0.1836941834317441,0.24331521739130435,0.0
val,ulsan_011670,DKSR20001611_2,40,5.52,0.16246251546289786,0.2833635265700483,0.0
val,ulsan_023303,DKSR20000955_1,21,3.52,0.1406968017937879,0.16583806818181818,0.0
val,ulsan_003971,DKSR20001165_1,26,3.9,0.07845680609744671,0.4810576923076923,0.0
val,ulsan_025221,DKSR20001156_2,21,4.13,0.16649362115515182,0.20071630347054076,0.0
val,ulsan_010939,DKSR20001608_1,6,2.71,0.12427238346027944,0.5061193111931119,0.0
val,ulsan_025560,DKSR20000974_2,32,5.47,0.11020213196288059,0.34403564899451555,0.0
val,ulsan_012971,DKSR20001651_1,37,5.42,0.09654520330217627,0.45548124231242315,0.0
val,ulsan_002618,DKSR20001145_1,35,4.58,0.1076948389086076,0.30264737991266377,0.0
val,ulsan_008326,DKSR20001413_2,19,3.89,0.09177343680257677,0.5494001713796058,0.0
val,ulsan_006424,DKSR20001285_1,15,3.02,0.14864961691317266,0.40634657836644594,0.0
val,ulsan_022897,DKSR20001571_2,48,6.48,0.18775831185960248,0.23085776748971193,0.0
val,ulsan_023617,DKSR20000957_2,37,6.55,0.14665240532693485,0.19129770992366413,0.0
val,ulsan_018839,DKSR20001388_1,72,10.63,0.17578502607099142,0.21862260896832864,0.0
val,ulsan_027649,DKSR20001204_2,32,4.379958333333334,0.15888729352879843,0.2035597751120159,0.0
val,ulsan_018764,DKSR20001388_2,71,9.57,0.12055412313996648,0.19848049460118425,0.0
val,ulsan_026273,DKSR20001158_1,25,3.77,0.21883462948851495,0.1325154730327144,0.0
val,ulsan_026087,DKSR20000975_1,28,4.39,0.14276526419323518,0.27518033409263476,0.0
val,ulsan_012940,DKSR20001651_2,25,3.72,0.1301020114844808,0.3257616487455197,0.0
val,ulsan_026252,DKSR20000975_2,11,4.42,0.13127590957032909,0.38992269984917044,0.0
val,ulsan_010130,DKSR20001592_1,35,5.75,0.14623171759958783,0.385768115942029,0.0
val,ulsan_008254,DKSR20001413_1,36,8.56,0.13712591220350784,0.44155957943925234,0.0
val,ulsan_012588,DKSR20001649_1,21,5.11,0.12419912599867287,0.23357795172863666,0.0
val,ulsan_008742,DKSR20001476_1,33,5.63,0.12037864473850526,0.31119005328596805,0.0
val,ulsan_006649,DKSR20001286_2,24,5.21,0.1508722412158086,0.4827655150351887,0.0
val,ulsan_001321,DKSR20001094_2,26,3.06,0.12579067213207767,0.22735566448801742,0.0
val,ulsan_015518,DKSR20001160_2,23,3.32,0.16405783767199617,0.13529116465863453,0.0
val,ulsan_018584,DKSR20001386_1,90,10.89,0.16922676036285425,0.2052379859198041,0.0
val,ulsan_003160,DKSR20001146_1,23,2.35,0.1050554371456166,0.34445035460992907,0.0
val,ulsan_026586,DKSR20001158_1,48,5.56,0.15762724255059588,0.26176558752997603,0.0
val,ulsan_023316,DKSR20000955_1,18,2.78,0.17459141602974348,0.21007194244604316,0.0
val,ulsan_015619,DKSR20001160_2,10,3.74,0.10372029181612273,0.5410093582887701,0.0
val,ulsan_013132,DKSR20001651_1,47,5.78,0.10132891849765291,0.3315239331026528,0.0
val,ulsan_023578,DKSR20000955_1,28,3.17,0.15347305196812303,0.30644058885383807,0.0
val,ulsan_008940,DKSR20001476_2,48,6.1,0.14342723048677103,0.24686475409836064,0.0
val,ulsan_024578,DKSR20000962_2,12,4.82,0.09780558204985919,0.34149377593360997,0.0
val,ulsan_014723,DKSR20001033_1,22,3.4499583333333335,0.16419930342050174,0.39749272334206937,0.0
val,ulsan_007348,DKSR20001301_1,40,6.3,0.07206947827637175,0.3616732804232804,0.0
val,ulsan_006498,DKSR20001285_2,28,4.34,0.09842812917419641,0.39687980030721964,0.0
val,ulsan_022600,DKSR20001570_1,28,3.26,0.1321196933071455,0.09351993865030675,0.0
val,ulsan_011312,DKSR20001609_1,10,2.43,0.12559750511966578,0.5036008230452675,0.0
val,ulsan_012498,DKSR20001649_1,40,6.22,0.12792473292210102,0.3162915326902465,0.0
val,ulsan_021515,DKSR20001537_2,13,2.64,0.20937596495788868,0.07892992424242425,0.0
val,ulsan_010317,DKSR20001593_1,25,4.05,0.1340756125535974,0.3420061728395062,0.0
val,ulsan_018127,DKSR20001336_1,27,5.15,0.1643321809254599,0.3824514563106796,0.0
val,ulsan_021348,DKSR20001534_1,28,6.14,0.16569998133689276,0.3375542888165038,0.0
val,ulsan_011266,DKSR20001609_2,40,4.98,0.14153709700471315,0.28636211512717535,0.0
val,ulsan_008828,DKSR20001476_2,13,2.45,0.15951187592312926,0.38625850340136053,0.0
val,ulsan_016465,DKSR20001207_2,45,4.96,0.1880084952322274,0.16769153225806452,0.0
val,ulsan_001887,DKSR20001132_1,13,1.64,0.13978876222737358,0.28427337398373986,0.0
val,ulsan_013814,DKSR20001715_1,11,2.51,0.15705940966367624,0.3898406374501992,0.0
val,ulsan_012934,DKSR20001651_1,39,4.21,0.10829943948553995,0.2995843230403801,0.0
val,ulsan_000381,DKSR20000953_2,30,4.2,0.16033941970076324,0.09718253968253968,0.0
val,ulsan_026879,DKSR20001203_1,17,3.12,0.14510467289197587,0.40121527777777777,0.0
val,ulsan_012856,DKSR20001650_1,36,3.88,0.20000880486532044,0.21485180412371135,0.0
val,ulsan_020231,DKSR20001510_1,57,6.48,0.12474476036994347,0.20297067901234567,0.0
val,ulsan_006740,DKSR20001286_1,29,2.75,0.15726706097769985,0.2501515151515151,0.0
val,ulsan_004524,DKSR20001167_2,58,6.8,0.10834840143170343,0.2911642156862745,0.0
val,ulsan_001939,DKSR20001132_1,29,3.51,0.13321075107955063,0.2689577397910731,0.0
val,ulsan_013906,DKSR20001031_1,46,4.08,0.10517306292717961,0.2586601307189543,0.0
val,ulsan_015523,DKSR20001160_1,2,3.04,0.11106925860102215,0.7733689692982456,0.0
val,ulsan_012617,DKSR20001649_1,5,1.87,0.14887695735252793,0.501403743315508,0.0
val,ulsan_014711,DKSR20001033_1,26,2.37,0.13861023048460175,0.29739803094233475,0.0
val,ulsan_008598,DKSR20001475_2,50,6.7,0.13543456285103436,0.1992412935323383,0.0
val,ulsan_001470,DKSR20001094_2,18,2.5,0.1341650443705245,0.26643333333333336,0.0
val,ulsan_020882,DKSR20001532_2,30,5.65,0.13042911611579014,0.24433628318584072,0.0
val,ulsan_010132,DKSR20001592_2,37,4.34,0.12171163410571612,0.3693452380952381,0.0
val,ulsan_018577,DKSR20001386_2,96,11.95,0.11286015507209295,0.2274581589958159,0.0
val,ulsan_020761,DKSR20001512_2,22,4.14,0.16258893958552667,0.26403985507246375,0.0
val,ulsan_013556,DKSR20001677_2,9,2.92,0.07486737008198519,0.7966752283105023,0.0
val,ulsan_010210,DKSR20001593_2,15,2.1,0.13491205099723216,0.3982142857142857,0.0
val,ulsan_005825,DKSR20001280_2,16,2.36,0.10583789955332433,0.31375353107344633,0.0
val,ulsan_016457,DKSR20001207_2,9,2.09,0.21590722268591597,0.22811004784688996,0.0
val,ulsan_012213,DKSR20001618_1,41,6.75,0.1347634399284783,0.3347283950617284,0.0
val,ulsan_014155,DKSR20001031_1,32,3.35,0.12106870075792517,0.1934825870646766,0.0
val,ulsan_013775,DKSR20001715_1,16,2.06,0.15783330276576554,0.307787216828479,0.0
val,ulsan_005654,DKSR20001278_1,33,4.16,0.13107974633495112,0.1965645032051282,0.0
val,ulsan_016624,DKSR20001208_1,18,3.14,0.1262264709704784,0.19960191082802548,0.0
val,ulsan_007558,DKSR20001351_1,43,4.79,0.17529507182094936,0.16641440501043842,0.0
val,ulsan_013938,DKSR20001031_2,20,2.95,0.14700901557943227,0.30348870056497174,0.0
val,ulsan_021693,DKSR20001568_2,6,2.09,0.11289113668732971,0.13734051036682615,0.0
val,ulsan_011620,DKSR20001610_2,24,4.58,0.1577019907610437,0.36293668122270745,0.0
val,ulsan_001789,DKSR20001131_2,27,3.99,0.10378919419349454,0.3397765246449457,0.0
val,ulsan_026718,DKSR20000979_2,44,5.61,0.09262812279814782,0.263562091503268,0.0
val,ulsan_012833,DKSR20001650_2,38,4.41,0.09438119319907362,0.40244708994708994,0.0
val,ulsan_003298,DKSR20001147_2,41,6.49,0.12155315503608927,0.33022598870056497,0.0
val,ulsan_026745,DKSR20000979_1,34,4.89,0.21628466090063,0.19047375596455351,0.0
val,ulsan_004482,DKSR20001167_1,44,4.46,0.13190971132415538,0.20823056801195813,0.0
val,ulsan_014041,DKSR20001031_1,13,1.52,0.18480788329846942,0.09007675438596491,0.0
val,ulsan_009859,DKSR20001536_1,32,3.55,0.18183634137511556,0.13387323943661972,0.0
val,ulsan_024381,DKSR20000963_2,26,2.91,0.1388322927042012,0.18373424971363117,0.0
val,ulsan_019284,DKSR20001507_2,19,3.57,0.09678781315480876,0.17984360410831,0.0
val,ulsan_020085,DKSR20001510_1,41,5.22,0.14706457184689534,0.0891044061302682,0.0
val,ulsan_011319,DKSR20001609_1,15,1.76,0.19163735447734234,0.3644412878787879,0.0
val,ulsan_022380,DKSR20001570_1,24,5.94,0.1252433287695849,0.46195286195286195,0.0
val,ulsan_009903,DKSR20001536_1,26,3.57,0.14722673457430216,0.2229575163398693,0.0
val,ulsan_001449,DKSR20001094_1,43,6.24,0.15003155638917773,0.20040064102564104,0.0
val,ulsan_020171,DKSR20001510_1,25,3.13,0.12483228288622067,0.07305644302449414,0.0
val,ulsan_011141,DKSR20001609_1,30,5.33,0.10431808102875131,0.3627110694183865,0.0
val,ulsan_015755,DKSR20001202_2,19,3.45,0.12695481189442,0.2880193236714976,0.0
val,ulsan_015889,DKSR20001202_2,14,4.12,0.16828283681184014,0.31552386731391585,0.0
val,ulsan_026088,DKSR20000975_1,34,5.8,0.15000586577863997,0.35932471264367816,0.0
val,ulsan_018910,DKSR20001491_1,27,3.89,0.18042717629355742,0.35302056555269923,0.0
val,ulsan_016744,DKSR20001208_1,16,3.92,0.10935314464595845,0.2980548469387755,0.0
val,ulsan_019965,DKSR20001509_2,23,4.1,0.13534462285694154,0.13015243902439025,0.0
val,ulsan_016629,DKSR20001208_1,39,4.78,0.1752651441385275,0.09847454672245468,0.0
val,ulsan_019223,DKSR20001507_2,26,4.25,0.10487817317643405,0.3069705882352941,0.0
val,ulsan_004489,DKSR20001167_1,49,5.42,0.12935208061321216,0.209840098400984,0.0
val,ulsan_020615,DKSR20001512_2,27,3.41,0.1253373025508738,0.32204301075268815,0.0
val,ulsan_018364,DKSR20001380_1,25,3.0,0.14487495194187613,0.24966666666666668,0.0
val,ulsan_007155,DKSR20001301_2,28,4.91,0.1818696351461317,0.20305498981670062,0.0
val,ulsan_009818,DKSR20001536_2,24,4.25,0.15905921442608378,0.16965686274509803,0.0
val,ulsan_025967,DKSR20001157_1,17,2.29,0.18382955613303406,0.24002911208151384,0.0
val,ulsan_026080,DKSR20000975_2,43,5.32,0.08558489783294013,0.29078164160401004,0.0
val,ulsan_006656,DKSR20001286_1,52,5.64,0.21493323291096875,0.20626477541371158,0.0
val,ulsan_002266,DKSR20001144_2,11,1.83,0.17990281860168952,0.3917577413479053,0.0
val,ulsan_004888,DKSR20001168_2,39,3.41,0.11690680477232585,0.22204301075268817,0.0
val,ulsan_027617,DKSR20001204_2,41,4.4,0.16401256917237886,0.10901515151515151,0.0
val,ulsan_001936,DKSR20001132_1,11,1.76,0.1624769133150188,0.3117660984848485,0.0
val,ulsan_018509,DKSR20001386_2,60,8.21,0.1076077515758049,0.25576532683719044,0.0
val,ulsan_025433,DKSR20000974_1,30,6.15,0.0765368741329227,0.35603658536585364,0.0
val,ulsan_013591,DKSR20001715_2,10,2.47,0.09623465577481764,0.525725371120108,0.0
val,ulsan_001108,DKSR20000960_2,25,4.48,0.13451021549024206,0.3851841517857143,0.0
val,ulsan_022378,DKSR20001569_1,20,3.04,0.1515500471913579,0.18877467105263157,0.0
val,ulsan_015182,DKSR20001159_1,14,2.29,0.15835059693513576,0.2745997088791849,0.0
val,ulsan_002524,DKSR20001144_2,48,5.81,0.11290999856981486,0.3980349971313827,0.0
val,ulsan_002827,DKSR20001145_1,28,3.27,0.11096236454789064,0.32798165137614677,0.0
val,ulsan_022096,DKSR20001569_2,25,2.78,0.15767346832701598,0.08773980815347722,0.0
val,ulsan_000022,DKSR20000953_1,19,3.43,0.2168679777424268,0.18782798833819242,0.0
val,ulsan_016635,DKSR20001208_1,25,3.91,0.15601040838632696,0.15361253196930946,0.0
val,ulsan_005667,DKSR20001280_1,42,4.66,0.07601999310526544,0.161024678111588,0.0
val,ulsan_019344,DKSR20001507_2,42,6.94,0.1087690988274161,0.21502161383285304,0.0
val,ulsan_006697,DKSR20001286_1,47,5.69,0.14755159012619454,0.22228324545987113,0.0
val,ulsan_002273,DKSR20001144_2,29,3.7,0.14182282486674502,0.20104729729729728,0.0
val,ulsan_020074,DKSR20001510_1,25,3.17,0.11594638812611804,0.13363564668769717,0.0
val,ulsan_023529,DKSR20000955_2,17,2.7,0.1789928982153073,0.2388888888888889,0.0
val,ulsan_016589,DKSR20001208_1,21,3.09,0.13613498599890467,0.16893203883495145,0.0
val,ulsan_006123,DKSR20001284_2,5,1.18,0.13905160197014768,0.19565677966101694,0.0
val,ulsan_021297,DKSR20001534_1,26,3.91,0.1631021772044942,0.23315217391304346,0.0
val,ulsan_020935,DKSR20001532_1,54,6.12,0.17269057172345786,0.17491149237472767,0.0
val,ulsan_001829,DKSR20001132_2,40,5.06,0.12952597865532753,0.18977272727272726,0.0
val,ulsan_001540,DKSR20001131_1,45,4.66,0.09987811074741779,0.2867489270386266,0.0
val,ulsan_020317,DKSR20001511_2,36,5.8,0.14908115034891073,0.27579022988505747,0.0
val,ulsan_012000,DKSR20001617_2,43,4.81,0.18768486249397967,0.130483367983368,0.0
val,ulsan_003404,DKSR20001147_2,5,1.05,0.11580692481421197,0.4660714285714286,0.0
val,ulsan_017527,DKSR20001287_2,30,4.11,0.15064301542263775,0.15641727493917276,0.0
val,ulsan_005923,DKSR20001280_1,48,6.75,0.06730976509965386,0.24035185185185184,0.0
val,ulsan_008443,DKSR20001475_1,16,2.2,0.21352244000122222,0.21946969696969698,0.0
val,ulsan_004704,DKSR20001168_2,19,2.1,0.15784061755183543,0.26498015873015873,0.0
val,ulsan_014891,DKSR20001033_2,8,1.46,0.174581737838419,0.26238584474885845,0.0
val,ulsan_008509,DKSR20001475_2,25,3.6,0.13732304472219428,0.17929398148148148,0.0
val,ulsan_001244,DKSR20001094_2,29,4.56,0.15658844447131087,0.23640350877192984,0.0
val,ulsan_007981,DKSR20001352_2,50,5.32,0.14576542230604925,0.21950187969924811,0.0
val,ulsan_003794,DKSR20001149_1,54,6.2,0.13342325413868475,0.24634408602150537,0.0
val,ulsan_015015,DKSR20001033_1,20,2.76,0.10408778099355652,0.2799969806763285,0.0
val,ulsan_021433,DKSR20001537_2,22,3.87,0.17063131530155753,0.25003229974160207,0.0
val,ulsan_010289,DKSR20001593_2,37,3.87,0.15951323273577386,0.22459086993970714,0.0
val,ulsan_021178,DKSR20001533_1,33,6.02,0.2089354781132182,0.27744324473975635,0.0
val,ulsan_009989,DKSR20001592_1,20,3.1,0.13085448112174214,0.40618279569892474,0.0
val,ulsan_000486,DKSR20000954_2,21,2.15,0.15250592025173734,0.2537984496124031,0.0
val,ulsan_026114,DKSR20000975_1,30,6.62,0.13244965884084753,0.31469662638469287,0.0
val,ulsan_022619,DKSR20001570_2,13,1.76,0.15799630494469627,0.2062973484848485,0.0
val,ulsan_023798,DKSR20000957_2,30,4.63,0.06769731860421326,0.3780867530597552,0.0
val,ulsan_004046,DKSR20001165_1,22,4.03,0.10172266428621889,0.4196960297766749,0.0
val,ulsan_001034,DKSR20000960_1,19,5.3,0.09731641686759439,0.652374213836478,0.0
val,ulsan_004652,DKSR20001167_2,8,2.1,0.10258971589100851,0.5888492063492063,0.0
val,ulsan_006782,DKSR20001286_1,26,3.42,0.18028401223703103,0.18410087719298246,0.0
val,ulsan_022172,DKSR20001569_2,33,4.3,0.11585866958472837,0.12403100775193798,0.0
val,ulsan_022986,DKSR20001571_1,34,5.69,0.08513117781260827,0.23955038078500293,0.0
val,ulsan_006036,DKSR20001284_1,13,1.85,0.208618536507232,0.25175675675675674,0.0
val,ulsan_025081,DKSR20000973_2,14,3.01,0.1314066519051267,0.32530454042081947,0.0
val,ulsan_017687,DKSR20001288_1,19,2.36,0.10408999804500788,0.27579449152542374,0.0
val,ulsan_015901,DKSR20001202_1,28,4.62,0.1718375152560685,0.16504329004329005,0.0
val,ulsan_006937,DKSR20001300_1,14,1.98,0.22214709216717432,0.1378577441077441,0.0
val,ulsan_010392,DKSR20001593_1,36,3.73,0.11743309313132952,0.33423815907059873,0.0
val,ulsan_002210,DKSR20001144_1,12,2.02,0.12227270466811145,0.309220297029703,0.0
val,ulsan_012607,DKSR20001649_1,33,4.99,0.08226079385751064,0.37331329325317303,0.0
val,ulsan_005115,DKSR20001169_2,16,3.54,0.15787375908579604,0.295409604519774,0.0
val,ulsan_004166,DKSR20001166_1,19,3.93,0.16576553820237255,0.24789016115351994,0.0
val,ulsan_015902,DKSR20001202_1,15,3.09,0.13188172435371573,0.35558252427184467,0.0
val,ulsan_013947,DKSR20001031_1,13,1.52,0.21462508602262717,0.11433662280701755,0.0
val,ulsan_010174,DKSR20001592_2,47,5.38,0.12988609424807038,0.3089529120198265,0.0
val,ulsan_026143,DKSR20000975_2,49,5.78,0.08845084911484918,0.33008217993079586,0.0
val,ulsan_024413,DKSR20000963_1,41,6.8,0.1038247675138501,0.3744178921568627,0.0
val,ulsan_005587,DKSR20001278_2,41,5.77,0.13725976285119085,0.20709849797804736,0.0
val,ulsan_015454,DKSR20001160_2,10,2.21,0.12630586554909615,0.4066742081447964,0.0
val,ulsan_025622,DKSR20000974_1,44,6.25,0.12041017000680924,0.22254666666666667,0.0
val,ulsan_006932,DKSR20001300_2,10,2.11,0.10041318641509459,0.5937796208530806,0.0
val,ulsan_023392,DKSR20000955_2,13,2.3,0.08764774626576174,0.4470108695652174,0.0
val,ulsan_015802,DKSR20001202_1,32,3.99,0.15969099910928466,0.19869465329991645,0.0
val,ulsan_014571,DKSR20001032_2,11,1.09,0.16811495288631145,0.1959480122324159,0.0
val,ulsan_012671,DKSR20001650_2,45,5.27,0.08441402174272757,0.3090370018975332,0.0
val,ulsan_021951,DKSR20001568_1,20,4.01,0.06196289312572857,0.3735453034081463,0.0
val,ulsan_019236,DKSR20001507_2,26,3.73,0.1550413860393327,0.13791331546023236,0.0
val,ulsan_021603,DKSR20001537_1,25,4.57,0.11198871367140582,0.4459518599562363,0.0
val,ulsan_017557,DKSR20001287_1,16,2.09,0.16738236698450698,0.24021132376395535,0.0
val,ulsan_016703,DKSR20001208_2,21,4.3,0.14023458796217853,0.28701550387596897,0.0
val,ulsan_016146,DKSR20001206_2,25,4.53,0.18890622052208442,0.11846946284032377,0.0
val,ulsan_006554,DKSR20001285_1,46,4.33,0.13539746290639976,0.2767994611239415,0.0
val,ulsan_003047,DKSR20001146_1,10,2.61,0.13074085290069196,0.26125478927203066,0.0
val,ulsan_009260,DKSR20001487_2,5,1.12,0.14622273016393203,0.48359375,0.0
val,ulsan_021869,DKSR20001568_2,15,2.75,0.11218556668933084,0.2556969696969697,0.0
val,ulsan_018971,DKSR20001491_1,18,3.319958333333333,0.219307785537304,0.30132155273033046,0.0
val,ulsan_008689,DKSR20001475_1,54,7.07,0.17140886054347612,0.15144389438943895,0.0
val,ulsan_007855,DKSR20001352_1,34,2.91,0.18897867205981067,0.17981099656357388,0.0
val,ulsan_007607,DKSR20001351_2,96,11.39,0.062385938644524845,0.24558823529411763,0.0
val,ulsan_003076,DKSR20001146_1,14,3.28,0.16508888743256783,0.2889354674796748,0.0
val,ulsan_025860,DKSR20001157_2,38,5.27,0.11041949903111489,0.2908048703352309,0.0
val,ulsan_011905,DKSR20001617_2,21,2.86,0.10037880901605815,0.252229020979021,0.0
val,ulsan_000040,DKSR20000953_1,24,4.0,0.14465192017846726,0.2770208333333333,0.0
val,ulsan_025664,DKSR20000974_1,35,4.89,0.14023926045581456,0.23262610770279482,0.0
val,ulsan_006073,DKSR20001284_1,60,7.61,0.16833593871427774,0.2018670608848007,0.0
val,ulsan_004722,DKSR20001168_2,28,3.36,0.1453717518000353,0.19156746031746033,0.0
val,ulsan_016980,DKSR20001240_2,41,8.03,0.14028744108984625,0.286612702366127,0.0
val,ulsan_021141,DKSR20001533_2,57,7.56,0.040494499798325596,0.4281911375661376,0.0
val,ulsan_021434,DKSR20001537_2,13,3.15,0.18927183826628727,0.16296296296296298,0.0
val,ulsan_020875,DKSR20001532_1,36,4.59,0.17759971764164081,0.2534041394335512,0.0
val,ulsan_008877,DKSR20001476_1,28,3.69,0.11997192137910326,0.3046070460704607,0.0
val,ulsan_023625,DKSR20000957_2,25,5.73,0.10840415481421588,0.3529232111692845,0.0
val,ulsan_019761,DKSR20001509_2,34,4.86,0.11220611065309301,0.19603909465020578,0.0
val,ulsan_021032,DKSR20001533_2,20,4.8,0.12447638230426329,0.32763020833333334,0.0
val,ulsan_014695,DKSR20001033_1,21,1.81,0.10806479555405946,0.26804788213627995,0.0
val,ulsan_027036,DKSR20001203_2,17,2.52,0.14003829281677044,0.18133267195767197,0.0
val,ulsan_009350,DKSR20001535_2,16,4.019958333333333,0.224073025202284,0.1262347246551063,0.0
val,ulsan_021306,DKSR20001534_1,59,9.4,0.07921233657540726,0.37412234042553194,0.0
val,ulsan_025125,DKSR20001156_1,15,2.01,0.155226511379636,0.24133499170812603,0.0
val,ulsan_025515,DKSR20000974_1,37,5.63,0.1040243884264964,0.29304322084073414,0.0
val,ulsan_024387,DKSR20000963_2,28,5.46,0.12991837713373636,0.3533577533577534,0.0
val,ulsan_020587,DKSR20001512_2,38,5.06,0.12816126000524686,0.1955451251646904,0.0
val,ulsan_012811,DKSR20001650_2,26,4.73,0.10723223932991131,0.3961768851303735,0.0
val,ulsan_018563,DKSR20001386_1,37,5.84,0.16976535838725998,0.18037956621004567,0.0
val,ulsan_022316,DKSR20001569_2,26,3.48,0.1434622507643643,0.10765086206896551,0.0
val,ulsan_010938,DKSR20001608_2,18,3.28,0.12655934476842215,0.49353404471544715,0.0
val,ulsan_023188,DKSR20000956_1,21,2.9,0.14642942852394697,0.2154022988505747,0.0
val,ulsan_018780,DKSR20001388_1,88,15.22,0.14483406416407227,0.310597349978099,0.0
val,ulsan_005656,DKSR20001278_1,36,3.78,0.1850740283740899,0.13524029982363317,0.0
val,ulsan_021692,DKSR20001568_2,15,3.15,0.12284023478603888,0.1667989417989418,0.0
val,ulsan_007682,DKSR20001351_2,41,6.16,0.19379654692250242,0.11633522727272727,0.0
val,ulsan_018276,DKSR20001380_1,2,1.95,0.24782824934585757,0.15467948717948718,0.0
val,ulsan_017016,DKSR20001240_2,7,2.2799583333333335,0.13939986167046522,0.5829236645406531,0.0
val,ulsan_019022,DKSR20001491_2,36,4.33,0.15409584681596641,0.22797344110854503,0.0
val,ulsan_007045,DKSR20001300_2,10,1.86,0.1567685547940331,0.24258512544802868,0.0
val,ulsan_019542,DKSR20001508_1,36,4.95,0.15572053157132826,0.1282912457912458,0.0
val,ulsan_006683,DKSR20001286_1,19,2.58,0.13815434821395972,0.2217377260981912,0.0
val,ulsan_024099,DKSR20000961_1,37,6.0,0.14637765340047743,0.342375,0.0
val,ulsan_015972,DKSR20001206_2,17,2.7499583333333333,0.16625684483810405,0.1119107865270686,0.0
val,ulsan_013704,DKSR20001715_2,34,4.87,0.10471327760193677,0.3594028062970568,0.0
val,ulsan_022434,DKSR20001570_2,36,4.95,0.13649029019128184,0.1626936026936027,0.0
val,ulsan_014289,DKSR20001032_1,15,2.41,0.14674029531695393,0.3552904564315353,0.0
val,ulsan_009432,DKSR20001535_2,41,5.93,0.17832641802046958,0.15138420460933108,0.0
val,ulsan_025372,DKSR20001156_2,36,5.32,0.16003587934103747,0.3143796992481203,0.0
val,ulsan_003738,DKSR20001149_2,26,1.94,0.10868348135546416,0.32199312714776634,0.0
val,ulsan_003871,DKSR20001165_1,13,4.03,0.13984352522367538,0.4592948717948718,0.0
val,ulsan_020697,DKSR20001512_2,16,2.66,0.14556523230003277,0.28422619047619047,0.0
val,ulsan_014194,DKSR20001031_1,26,3.24,0.11126393110362276,0.2336548353909465,0.0
val,ulsan_010627,DKSR20001594_2,38,4.98,0.10143048653871313,0.4745314591700134,0.0
val,ulsan_009885,DKSR20001536_2,18,4.94,0.1340115333033392,0.2249156545209177,0.0
val,ulsan_017290,DKSR20001241_2,11,1.74,0.22495440028116281,0.19178639846743295,0.0
val,ulsan_024056,DKSR20000961_2,37,5.62,0.13057919360809936,0.19608540925266904,0.0
val,ulsan_022021,DKSR20001568_2,2,1.13,0.19928278883096542,0.20730088495575222,0.0
val,ulsan_015596,DKSR20001160_2,7,2.24,0.09166880363379314,0.626078869047619,0.0
val,ulsan_006045,DKSR20001284_1,30,3.24,0.12286239864940397,0.19515174897119342,0.0
val,ulsan_002675,DKSR20001145_1,40,4.73,0.12844174679434164,0.2587033121916843,0.0
val,ulsan_022396,DKSR20001570_2,11,2.24,0.09079045455966991,0.4663876488095238,0.0
val,ulsan_017514,DKSR20001287_2,16,2.45,0.12871509964019107,0.521156462585034,0.0
val,ulsan_009944,DKSR20001592_2,22,3.08,0.09392589745294701,0.42659632034632033,0.0
val,ulsan_023461,DKSR20000955_2,21,2.53,0.18325379254116111,0.19211133069828723,0.0
val,ulsan_012481,DKSR20001649_2,17,4.16,0.09293344063784052,0.2892027243589744,0.0
val,ulsan_013763,DKSR20001715_1,7,2.28,0.12821403762726755,0.4768092105263158,0.0
val,ulsan_001499,DKSR20001131_1,16,2.81,0.12898922235506788,0.295699881376038,0.0
val,ulsan_008305,DKSR20001413_1,30,4.63,0.11638927478875545,0.3174046076313895,0.0
val,ulsan_019147,DKSR20001507_1,22,3.59,0.16419251349199307,0.15205431754874651,0.0
val,ulsan_002347,DKSR20001144_2,1,2.62,0.11113044067099567,0.7375795165394402,0.0
val,ulsan_008896,DKSR20001476_1,27,2.66,0.11522441145716569,0.3080357142857143,0.0
val,ulsan_026077,DKSR20000975_2,37,6.21,0.09321547405513933,0.2696323134728932,0.0
val,ulsan_027594,DKSR20001204_1,21,5.68,0.13289191767574535,0.2833406690140845,0.0
val,ulsan_016756,DKSR20001208_2,15,3.22,0.21939940243320874,0.1916796066252588,0.0
val,ulsan_015240,DKSR20001159_2,13,2.42,0.1402114953150237,0.3272038567493113,0.0
val,ulsan_016203,DKSR20001206_1,44,3.89,0.2023876359088133,0.1944515852613539,0.0
val,ulsan_004679,DKSR20001168_2,27,2.48,0.15004884415516748,0.314247311827957,0.0
val,ulsan_003750,DKSR20001149_1,24,4.11,0.10607796002312643,0.4003852392538524,0.0
val,ulsan_009279,DKSR20001487_2,10,1.59,0.1364415686052461,0.2338574423480084,0.0
val,ulsan_007201,DKSR20001301_1,62,5.98,0.08617394601738798,0.2855420847268673,0.0
val,ulsan_020683,DKSR20001512_1,39,7.98,0.09637524219319084,0.4982299498746867,0.0
val,ulsan_021774,DKSR20001568_2,16,3.09,0.18607844895093392,0.12539104638619203,0.0
val,ulsan_010339,DKSR20001593_1,33,4.67,0.10413636451946637,0.3649982155603141,0.0
val,ulsan_015600,DKSR20001160_1,20,2.91,0.15302072157584998,0.20488258877434135,0.0
val,ulsan_004401,DKSR20001167_2,48,5.87,0.08568366360772031,0.3265403180011357,0.0
val,ulsan_011581,DKSR20001610_2,40,4.28,0.17191333399877598,0.24406152647975077,0.0
val,ulsan_001628,DKSR20001131_1,58,6.02,0.09595118967332156,0.2222452934662237,0.0
val,ulsan_013513,DKSR20001677_2,24,2.879958333333333,0.11447739532800873,0.3029413041276639,0.0
val,ulsan_007039,DKSR20001300_2,11,3.27,0.14626278886102703,0.41379969418960244,0.0
val,ulsan_002378,DKSR20001144_2,63,6.44,0.12751698534984515,0.2569228778467909,0.0
val,ulsan_021784,DKSR20001568_1,25,3.2,0.16487885438336597,0.17897135416666668,0.0
val,ulsan_019698,DKSR20001508_1,42,4.76,0.10886567175080819,0.18096988795518207,0.0
val,ulsan_010505,DKSR20001594_2,33,4.61,0.15883389985546015,0.2478127259580622,0.0
val,ulsan_004051,DKSR20001165_1,50,5.96,0.13416038998372296,0.2518106823266219,0.0
val,ulsan_014104,DKSR20001031_2,29,3.18,0.1133721962650861,0.19578092243186582,0.0
val,ulsan_019409,DKSR20001507_2,26,3.6,0.14281473172625456,0.10811342592592593,0.0
val,ulsan_021082,DKSR20001533_1,51,7.75,0.12110324689383929,0.25929032258064516,0.0
val,ulsan_011381,DKSR20001610_1,14,3.16,0.16957993296276316,0.34442246835443036,0.0
val,ulsan_005184,DKSR20001169_2,9,1.8,0.160863973283972,0.4013657407407407,0.0
val,ulsan_006265,DKSR20001285_1,62,6.26,0.07066944457699928,0.3853966986155485,0.0
val,ulsan_004994,DKSR20001168_2,44,5.75,0.17630926301270503,0.22159420289855072,0.0
val,ulsan_016345,DKSR20001207_1,13,3.06,0.2039569164764899,0.22772331154684095,0.0
val,ulsan_020004,DKSR20001510_1,5,2.0,0.18612371327055047,0.12527083333333333,0.0
val,ulsan_004741,DKSR20001168_2,41,4.95,0.1266305826440692,0.2942929292929293,0.0
val,ulsan_016593,DKSR20001208_1,12,3.07,0.1365191188043334,0.33291259500542886,0.0
val,ulsan_000298,DKSR20000953_1,14,2.66,0.18083551593479624,0.2044799498746867,0.0
val,ulsan_004203,DKSR20001166_2,68,6.84,0.14014115079820322,0.17196028265107213,0.0
val,ulsan_014085,DKSR20001031_1,31,4.5,0.12340567159309147,0.2636574074074074,0.0
val,ulsan_025695,DKSR20000974_2,15,3.93,0.12034150866875958,0.3438189143341815,0.0
val,ulsan_017403,DKSR20001287_1,15,3.5,0.15717276018378415,0.36579761904761904,0.0
val,ulsan_001899,DKSR20001132_2,33,3.58,0.17302548710870275,0.2134776536312849,0.0
val,ulsan_020151,DKSR20001510_2,16,2.47,0.13291401770413486,0.2348009446693657,0.0
val,ulsan_019391,DKSR20001507_2,39,4.67,0.12749188098062014,0.12532119914346895,0.0
val,ulsan_018152,DKSR20001336_2,43,6.38,0.09960525950747744,0.22528735632183908,0.0
val,ulsan_012797,DKSR20001650_2,20,3.86,0.08620992822984534,0.448089378238342,0.0
val,ulsan_022953,DKSR20001571_2,26,2.95,0.17489582672927975,0.2150141242937853,0.0
val,ulsan_003682,DKSR20001149_1,54,6.98,0.14354311352646715,0.24782712511938873,0.0
val,ulsan_025343,DKSR20001156_1,32,3.52,0.12818536434476147,0.2755681818181818,0.0
val,ulsan_026942,DKSR20001203_1,21,3.39,0.16958081255540589,0.19539085545722715,0.0
val,ulsan_024674,DKSR20000962_2,36,5.06,0.1233861786761689,0.17761857707509882,0.0
val,ulsan_011311,DKSR20001609_1,21,4.6,0.17145368075122305,0.31074275362318843,0.0
val,ulsan_004031,DKSR20001165_1,11,2.24,0.1336793589133101,0.4732700892857143,0.0
val,ulsan_005767,DKSR20001280_2,19,2.35,0.12368304139406003,0.2201063829787234,0.0
val,ulsan_026318,DKSR20001158_1,27,3.81,0.14104227536018327,0.1995297462817148,0.0
val,ulsan_006197,DKSR20001284_2,21,3.01,0.1262983374570551,0.18452380952380953,0.0
val,ulsan_014722,DKSR20001033_1,15,1.66,0.15553460911938174,0.11942771084337349,0.0
val,ulsan_001129,DKSR20000960_2,22,3.69,0.111837310355301,0.44194896115627824,0.0
val,ulsan_010641,DKSR20001594_2,31,3.17,0.10959468174404981,0.4258806519453207,0.0
val,ulsan_017938,DKSR20001336_1,14,1.84,0.14050937558560161,0.3469655797101449,0.0
val,ulsan_026396,DKSR20001158_2,21,2.17,0.20894891932419496,0.1442204301075269,0.0
val,ulsan_004072,DKSR20001165_1,36,3.92,0.17189789395342553,0.2762542517006803,0.0
val,ulsan_026276,DKSR20001158_2,32,4.59,0.11025434527136356,0.24173021060275962,0.0
val,ulsan_014184,DKSR20001031_1,2,1.11,0.17000049185358065,0.31133633633633634,0.0
val,ulsan_001360,DKSR20001094_2,23,3.07,0.14050212806021342,0.24888707926167208,0.0
val,ulsan_016369,DKSR20001207_1,25,3.44,0.19719289085004882,0.17142684108527131,0.0
val,ulsan_021799,DKSR20001568_2,18,2.88,0.1462196628637476,0.10490451388888888,0.0
val,ulsan_001362,DKSR20001094_2,36,4.7,0.13199347654874174,0.24000886524822695,0.0
val,ulsan_008155,DKSR20001353_2,76,9.83,0.1088557757236334,0.18855968124788064,0.0
val,ulsan_009163,DKSR20001487_1,29,3.05,0.11227590979018671,0.3025409836065574,0.0
val,ulsan_003760,DKSR20001149_2,74,7.58,0.11090794009270241,0.3300571679859279,0.0
val,ulsan_008433,DKSR20001475_1,3,1.15,0.2017935758720596,0.19782608695652174,0.0
val,ulsan_022740,DKSR20001571_2,27,3.93,0.0850335918576414,0.2734520780322307,0.0
val,ulsan_024379,DKSR20000963_2,23,4.05,0.1577511263185216,0.2823971193415638,0.0
val,ulsan_016604,DKSR20001208_2,25,3.51,0.19320717029868603,0.15976970560303894,0.0
val,ulsan_011925,DKSR20001617_2,37,5.47,0.10359808808032024,0.29419561243144426,0.0
val,ulsan_013036,DKSR20001651_1,39,6.14,0.11405583268682289,0.32444353963083605,0.0
val,ulsan_000094,DKSR20000953_2,16,2.31,0.20413231263166665,0.12844516594516595,0.0
val,ulsan_016261,DKSR20001207_2,16,3.66,0.15617447444968327,0.24196265938069217,0.0
val,ulsan_004843,DKSR20001168_2,37,4.28,0.14549232885739,0.2500778816199377,0.0
val,ulsan_012765,DKSR20001650_1,26,3.25,0.20008233176834808,0.14285897435897435,0.0
val,ulsan_019222,DKSR20001507_2,24,3.63,0.17687842326197403,0.11915748393021121,0.0
val,ulsan_012728,DKSR20001650_1,46,4.8,0.20188715854175399,0.191953125,0.0
val,ulsan_012291,DKSR20001618_1,34,4.26,0.13372604664236115,0.20924295774647889,0.0
val,ulsan_027004,DKSR20001203_1,33,3.33,0.049474574274005145,0.4045545545545546,0.0
val,ulsan_024524,DKSR20000963_1,21,4.85,0.08957523373488048,0.6193213058419244,0.0
val,ulsan_012109,DKSR20001617_2,17,2.8600833333333333,0.1270046547701827,0.2612103376941231,0.0
val,ulsan_025586,DKSR20000974_2,25,3.36,0.1585206556228548,0.29921875,0.0
val,ulsan_017061,DKSR20001241_1,26,3.91,0.08151558847637559,0.3732949701619778,0.0
val,ulsan_007876,DKSR20001352_1,29,3.48,0.18427688612069562,0.24438457854406131,0.0
val,ulsan_008593,DKSR20001475_2,23,3.64,0.05460563451211085,0.45643315018315017,0.0
val,ulsan_008660,DKSR20001475_1,44,5.27,0.16254200453196205,0.16949715370018975,0.0
val,ulsan_006675,DKSR20001286_1,17,2.34,0.19373633662004822,0.2603276353276353,0.0
val,ulsan_006088,DKSR20001284_2,22,2.98,0.16947187188600715,0.21940715883668904,0.0
val,ulsan_001832,DKSR20001132_2,39,4.28,0.08918508175509032,0.25817757009345793,0.0
val,ulsan_024456,DKSR20000963_1,16,3.48,0.11169492751515883,0.3292025862068966,0.0
val,ulsan_013997,DKSR20001031_1,30,3.92,0.14275080758353487,0.20768494897959183,0.0
val,ulsan_013611,DKSR20001715_1,51,7.7,0.12965950404112603,0.34142316017316016,0.0
val,ulsan_026436,DKSR20001158_1,3,1.05,0.14078502815655078,0.29988095238095236,0.0
val,ulsan_026906,DKSR20001203_2,12,2.8,0.1272086360874482,0.228125,0.0
val,ulsan_006524,DKSR20001285_2,14,2.43,0.08142869803465823,0.5665637860082304,0.0
val,ulsan_013425,DKSR20001677_2,13,2.28,0.13545964518821027,0.360562865497076,0.0
val,ulsan_000251,DKSR20000953_1,41,4.81,0.15026100199772105,0.17248787248787248,0.0
val,ulsan_024347,DKSR20000963_1,22,5.84,0.08764512060566729,0.5188213470319635,0.0
val,ulsan_025682,DKSR20000974_2,19,3.86,0.17857173886687575,0.2284002590673575,0.0
val,ulsan_026929,DKSR20001203_2,18,3.18,0.13833648642285823,0.175,0.0
val,ulsan_012434,DKSR20001649_2,28,6.39,0.08998031143152589,0.3990414710485133,0.0
val,ulsan_016659,DKSR20001208_1,36,4.74,0.17026849153261744,0.10514240506329114,0.0
val,ulsan_014293,DKSR20001032_1,18,2.1,0.16597167422505305,0.19194444444444445,0.0
val,ulsan_020713,DKSR20001512_1,26,4.86,0.1548275076551648,0.46492626886145405,0.0
val,ulsan_022647,DKSR20001570_1,18,3.91,0.08771024384296082,0.390537084398977,0.0
val,ulsan_016347,DKSR20001207_1,16,2.4599583333333332,0.12554765643869728,0.34260404139636513,0.0
val,ulsan_014291,DKSR20001032_1,20,2.81,0.1563403530999114,0.1839561091340451,0.0
val,ulsan_026382,DKSR20001158_2,4,1.1,0.1956718311284121,0.3496212121212121,0.0
val,ulsan_024826,DKSR20000962_2,20,3.53,0.1429558573080097,0.374704910292729,0.0
val,ulsan_011884,DKSR20001617_1,28,4.33,0.25729312230633394,0.1604214780600462,0.0
val,ulsan_022410,DKSR20001570_2,21,4.34,0.09505837643448294,0.545199692780338,0.0
val,ulsan_003678,DKSR20001149_1,42,4.97,0.1522863956215049,0.2090459423205902,0.0
val,ulsan_015453,DKSR20001160_2,20,2.58,0.12529904366713082,0.19620478036175712,0.0
val,ulsan_020207,DKSR20001510_2,32,4.65,0.14263013650616269,0.20133512544802867,0.0
val,ulsan_024409,DKSR20000963_1,21,3.69,0.14291600842541552,0.3670844625112918,0.0
val,ulsan_016350,DKSR20001207_1,47,5.51,0.1320936481704559,0.1921884452510587,0.0
val,ulsan_009491,DKSR20001535_2,29,3.51,0.16430311944176712,0.3035018993352327,0.0
val,ulsan_018876,DKSR20001491_1,18,3.5,0.23931661823728959,0.31160714285714286,0.0
val,ulsan_021608,DKSR20001537_2,20,3.21,0.18749770132728424,0.17477933541017654,0.0
val,ulsan_001578,DKSR20001131_2,23,2.94,0.15619107101128163,0.3304563492063492,0.0
val,ulsan_006114,DKSR20001284_2,17,2.99,0.1914625982944154,0.17919453734671126,0.0
val,ulsan_016184,DKSR20001206_1,27,2.92,0.14081627444585262,0.24980022831050228,0.0
val,ulsan_008543,DKSR20001475_1,23,2.4,0.22225197003825278,0.25699652777777776,0.0
val,ulsan_027059,DKSR20001203_1,11,3.4,0.1646550748173132,0.4585294117647059,0.0
val,ulsan_003257,DKSR20001146_2,25,2.74,0.11917800721009914,0.2088199513381995,0.0
val,ulsan_007189,DKSR20001301_2,37,5.32,0.11962073489919225,0.3101973684210526,0.0
val,ulsan_006726,DKSR20001286_2,36,2.97,0.1553620119510255,0.2492283950617284,0.0
val,ulsan_026541,DKSR20001158_1,21,3.42,0.16182267450192206,0.15862573099415206,0.0
val,ulsan_020720,DKSR20001512_2,26,4.21,0.09314496524235642,0.3288301662707839,0.0
val,ulsan_023542,DKSR20000955_2,19,3.51,0.14977166830598485,0.18529202279202278,0.0
val,ulsan_004900,DKSR20001168_1,19,3.25,0.1332425482113514,0.28946153846153844,0.0
val,ulsan_016895,DKSR20001240_2,17,4.19,0.14008572924383736,0.45913882259347655,0.0
val,ulsan_019182,DKSR20001507_1,40,5.14,0.13898582182484162,0.10945201037613489,0.0
val,ulsan_019797,DKSR20001509_2,24,4.18,0.12972255446127848,0.25009968102073366,0.0
val,ulsan_019499,DKSR20001508_2,36,5.19,0.11764083801169606,0.2387845215157354,0.0
val,ulsan_005356,DKSR20001169_1,10,2.11,0.13929760291909057,0.3667654028436019,0.0
val,ulsan_013046,DKSR20001651_2,43,5.74,0.0824076342638669,0.41426393728223,0.0
val,ulsan_003278,DKSR20001147_2,13,2.73,0.13470115260403642,0.25695970695970693,0.0
val,ulsan_006004,DKSR20001284_2,26,3.73,0.15964063139642826,0.18389186773905272,0.0
val,ulsan_025083,DKSR20000973_2,6,1.23,0.14619257604670202,0.3907181571815718,0.0
val,ulsan_023891,DKSR20000958_2,20,4.15,0.2013276246859184,0.28468875502008034,0.0
val,ulsan_015829,DKSR20001202_2,33,3.59,0.11982078267959358,0.31732822655524606,0.0
val,ulsan_007491,DKSR20001348_1,14,4.18,0.0995295149295817,0.5293361244019139,0.0
val,ulsan_024719,DKSR20000962_2,17,3.81,0.16960275708100253,0.21447944006999126,0.0
val,ulsan_013120,DKSR20001651_2,22,3.21,0.10462119107731122,0.3964434060228453,0.0
val,ulsan_021918,DKSR20001568_2,6,1.65,0.11427738800206255,0.31921717171717173,0.0
val,ulsan_013895,DKSR20001031_2,14,1.51,0.06704696216590614,0.29837196467991167,0.0
val,ulsan_016461,DKSR20001207_2,15,2.38,0.18827709296354694,0.25493697478991595,0.0
val,ulsan_004726,DKSR20001168_2,58,6.25,0.11227370465102639,0.2175,0.0
val,ulsan_013226,DKSR20001677_2,11,1.54,0.0816064503061903,0.5268668831168831,0.0
val,ulsan_021529,DKSR20001537_2,26,4.51,0.07004836444734269,0.25333518107908354,0.0
val,ulsan_016644,DKSR20001208_1,21,2.84,0.16331013420114715,0.18455105633802818,0.0
val,ulsan_008979,DKSR20001476_2,35,3.68,0.13196660623551232,0.2007019927536232,0.0
val,ulsan_003354,DKSR20001147_1,29,5.26,0.12070212171522617,0.34192015209125476,0.0
val,ulsan_008737,DKSR20001476_1,11,1.58,0.14026339325276135,0.24583333333333332,0.0
val,ulsan_014959,DKSR20001033_2,26,2.22,0.11162387929088811,0.2551614114114114,0.0
val,ulsan_004016,DKSR20001165_1,22,2.87,0.15232642486059694,0.3236498257839721,0.0
val,ulsan_024675,DKSR20000962_2,18,2.64,0.12345705377432468,0.2910195707070707,0.0
val,ulsan_016942,DKSR20001240_1,15,2.29,0.1572927300895714,0.24641557496360988,0.0
val,ulsan_022678,DKSR20001570_1,16,3.43,0.1026930423395275,0.3276846452866861,0.0
val,ulsan_014378,DKSR20001032_2,14,1.78,0.10865924139307966,0.2776451310861423,0.0
val,ulsan_018911,DKSR20001491_1,47,5.92,0.17323341331367986,0.2825309684684685,0.0
val,ulsan_012165,DKSR20001618_1,16,2.86,0.1523257413587349,0.2996212121212121,0.0
val,ulsan_000600,DKSR20000954_1,23,3.29,0.22371767083196986,0.1590552178318136,0.0
val,ulsan_004521,DKSR20001167_2,59,7.42,0.11630146748578792,0.2298292902066487,0.0
val,ulsan_013403,DKSR20001677_1,23,3.15,0.15547535207580057,0.2248941798941799,0.0
val,ulsan_023323,DKSR20000955_1,16,2.53,0.21472280798381171,0.17177206851119894,0.0
val,ulsan_021321,DKSR20001534_2,26,4.36,0.12846318296847925,0.245565749235474,0.0
val,ulsan_008886,DKSR20001476_1,50,5.12,0.18260402528715536,0.21647135416666666,0.0
val,ulsan_011580,DKSR20001610_2,13,3.11,0.2073585778928258,0.3040862808145766,0.0
val,ulsan_015243,DKSR20001159_1,24,2.65,0.08093735556378157,0.3064622641509434,0.0
val,ulsan_021507,DKSR20001537_2,29,5.85,0.1679979836133668,0.23946581196581196,0.0
val,ulsan_024111,DKSR20000961_2,36,5.14,0.07057907314481485,0.2834387159533074,0.0
val,ulsan_023654,DKSR20000957_1,37,5.43,0.13764003962333576,0.22022713321055862,0.0
val,ulsan_026475,DKSR20001158_1,11,2.65,0.1261439125224822,0.2960534591194969,0.0
val,ulsan_017668,DKSR20001288_2,14,2.36,0.18834385031583034,0.5508121468926553,0.0
val,ulsan_008982,DKSR20001476_2,75,7.82,0.1283275040608786,0.17863917306052857,0.0
val,ulsan_022005,DKSR20001568_1,19,2.63,0.16135272760475364,0.13967046894803548,0.0
val,ulsan_002727,DKSR20001145_2,23,3.85,0.09880682879956795,0.24593073593073594,0.0
val,ulsan_002889,DKSR20001146_1,25,3.14,0.13110124601586612,0.20924893842887474,0.0
val,ulsan_023735,DKSR20000957_2,33,5.5,0.15727207193532242,0.2760530303030303,0.0
val,ulsan_018206,DKSR20001380_2,33,4.8,0.0789406889981006,0.3816145833333333,0.0
val,ulsan_025015,DKSR20000973_1,36,5.06,0.10459718998191449,0.22873847167325428,0.0
val,ulsan_008954,DKSR20001476_2,16,2.38,0.17417067528876692,0.15845588235294117,0.0
val,ulsan_004713,DKSR20001168_2,54,6.38,0.12778000948296114,0.2544474921630094,0.0
val,ulsan_020872,DKSR20001532_1,47,8.57,0.20764565807764485,0.22913749513807857,0.0
val,ulsan_006175,DKSR20001284_1,42,4.33,0.14940416918715674,0.2857678983833718,0.0
val,ulsan_007463,DKSR20001348_1,31,4.88,0.12189913278647783,0.48101092896174863,0.0
val,ulsan_024579,DKSR20000962_2,31,4.58,0.14778423722363995,0.16797671033478895,0.0
val,ulsan_001415,DKSR20001094_2,30,4.59,0.11826428059195525,0.3108569353667393,0.0
val,ulsan_011820,DKSR20001611_1,18,2.42,0.05966922637784744,0.4653064738292011,0.0
val,ulsan_000377,DKSR20000953_2,14,3.11,0.11683465976881993,0.127505359056806,0.0
val,ulsan_020797,DKSR20001512_2,18,3.38,0.16513232900219096,0.26715976331360947,0.0
val,ulsan_012532,DKSR20001649_1,2,1.51,0.08945139009000524,0.5527317880794702,0.0
val,ulsan_017683,DKSR20001288_1,38,3.48,0.15440223902202962,0.32312021072796937,0.0
val,ulsan_008533,DKSR20001475_1,36,4.169958333333334,0.1403400539480132,0.14666413533308686,0.0
val,ulsan_010475,DKSR20001594_1,37,4.86,0.13844936236450175,0.3694358710562414,0.0
val,ulsan_016236,DKSR20001207_1,11,3.18,0.19259401318753014,0.34246593291404615,0.0
val,ulsan_017177,DKSR20001241_1,28,5.71,0.13062649027121903,0.4609530064214828,0.0
val,ulsan_024959,DKSR20000973_1,18,3.94,0.09611992538410767,0.5467005076142132,0.0
val,ulsan_023603,DKSR20000955_2,2,0.94,0.18822125052454325,0.4213652482269504,0.0
val,ulsan_013694,DKSR20001715_2,11,3.0599583333333333,0.08540193723223906,0.6521875297866256,0.0
val,ulsan_021368,DKSR20001534_1,10,1.53,0.2020292739361393,0.2795751633986928,0.0
val,ulsan_024783,DKSR20000962_2,19,3.04,0.14505323697757871,0.14546326754385966,0.0
val,ulsan_021495,DKSR20001537_1,12,1.9,0.19356302499123354,0.3257675438596491,0.0
val,ulsan_004037,DKSR20001165_1,26,2.87,0.13052780686441454,0.3635452961672474,0.0
val,ulsan_003189,DKSR20001146_1,47,5.62,0.14076701599504113,0.245714709371293,0.0
val,ulsan_022186,DKSR20001569_2,17,3.24,0.16263890052352137,0.0932227366255144,0.0
val,ulsan_003773,DKSR20001149_1,46,5.93,0.14678349873632074,0.28689572793704327,0.0
val,ulsan_008740,DKSR20001476_1,12,2.21,0.12642997397078035,0.35637254901960785,0.0
val,ulsan_017437,DKSR20001287_1,39,4.52,0.07911968355485051,0.3258665191740413,0.0
val,ulsan_017073,DKSR20001241_2,17,3.23,0.1810276154044935,0.220265737874097,0.0
val,ulsan_016115,DKSR20001206_1,33,5.78,0.18233241461483207,0.21238465974625145,0.0
val,ulsan_010779,DKSR20001608_1,10,2.8,0.0975569151523883,0.6332738095238095,0.0
val,ulsan_016900,DKSR20001240_2,29,3.54,0.1489581667909885,0.1275776836158192,0.0
val,ulsan_026363,DKSR20001158_2,34,4.85,0.1565512284781233,0.3131786941580756,0.0
val,ulsan_027019,DKSR20001203_2,19,3.5,0.16649019112238797,0.16665476190476192,0.0
val,ulsan_025365,DKSR20001156_2,31,2.92,0.2482950247961114,0.18959760273972603,0.0
val,ulsan_018326,DKSR20001380_2,22,3.44,0.09626150728300442,0.2161579457364341,0.0
val,ulsan_019999,DKSR20001510_2,28,4.84,0.14900867648106594,0.2259814049586777,0.0
val,ulsan_002083,DKSR20001132_2,35,3.49,0.1324325676670477,0.2518505253104107,0.0
val,ulsan_010716,DKSR20001594_2,34,4.53,0.1651733301539452,0.17950699043414275,0.0
val,ulsan_014517,DKSR20001032_1,12,2.61,0.14703497306994792,0.31811941251596426,0.0
val,ulsan_008080,DKSR20001353_2,54,5.89,0.15897361661298162,0.09842246745897,0.0
val,ulsan_025043,DKSR20000973_1,20,2.16,0.15246623659625236,0.28989197530864197,0.0
val,ulsan_025696,DKSR20000974_2,25,4.07,0.13753323530102887,0.35886568386568385,0.0
val,ulsan_001677,DKSR20001131_2,31,4.03,0.12372706980603031,0.4035566583953681,0.0
val,ulsan_005969,DKSR20001284_2,10,2.78,0.08002357629382226,0.5203087529976019,0.0
val,ulsan_009916,DKSR20001536_1,45,4.8,0.1844719783779192,0.16614583333333333,0.0
val,ulsan_022204,DKSR20001569_2,22,2.56,0.12139478615042275,0.13463541666666667,0.0
val,ulsan_007533,DKSR20001348_1,31,4.03,0.15075932381340365,0.3447787427626137,0.0
val,ulsan_000643,DKSR20000954_1,42,6.25,0.1503867615942112,0.21740666666666666,0.0
val,ulsan_015151,DKSR20001159_2,19,3.62,0.15014724066960541,0.26963627992633515,0.0
val,ulsan_018529,DKSR20001386_2,52,7.54,0.13191188476631868,0.22313218390804598,0.0
val,ulsan_026582,DKSR20001158_1,25,3.96,0.19763448811932371,0.09049873737373737,0.0
val,ulsan_022991,DKSR20001571_2,31,5.19,0.1979879996273558,0.1679752729608221,0.0
val,ulsan_018413,DKSR20001380_1,47,4.58,0.10392818048583606,0.24788027656477438,0.0
val,ulsan_000631,DKSR20000954_1,21,2.12,0.19549080131966254,0.13223270440251572,0.0
val,ulsan_000079,DKSR20000953_2,12,1.58,0.18261142598425925,0.1298523206751055,0.0
val,ulsan_017136,DKSR20001241_2,31,5.06,0.16513976966088303,0.25471837944664033,0.0
val,ulsan_011104,DKSR20001609_2,3,1.67,0.0970828325742685,0.6965818363273453,0.0
val,ulsan_018496,DKSR20001380_1,20,3.56,0.1417345957189374,0.26446629213483147,0.0
val,ulsan_000293,DKSR20000953_1,21,4.16,0.1628238765559072,0.18790064102564102,0.0
val,ulsan_000602,DKSR20000954_1,17,3.18,0.17441457068773533,0.1403170859538784,0.0
val,ulsan_007323,DKSR20001301_1,67,8.77,0.1197284298294575,0.2135879893576587,0.0
val,ulsan_009334,DKSR20001535_2,53,6.72,0.1889034500765077,0.14779265873015873,0.0
val,ulsan_012219,DKSR20001618_2,23,3.97,0.10055254604548057,0.2702350965575147,0.0
val,ulsan_020146,DKSR20001510_2,50,6.29,0.1371787466856876,0.22631160572337042,0.0
val,ulsan_009400,DKSR20001535_1,75,8.33,0.16259663315730297,0.20165066026410564,0.0
val,ulsan_020574,DKSR20001512_1,19,2.56,0.19188413446851368,0.24951171875,0.0
val,ulsan_012069,DKSR20001617_2,32,4.39,0.18365307765968922,0.14558656036446468,0.0
val,ulsan_000834,DKSR20000959_2,19,3.9,0.13849120069827012,0.3655876068376068,0.0
val,ulsan_016119,DKSR20001206_2,31,5.07,0.18083035818695467,0.2011998685075608,0.0
val,ulsan_006610,DKSR20001286_2,35,4.54,0.13135114277724189,0.39044603524229077,0.0
val,ulsan_007656,DKSR20001351_1,45,5.36,0.15981586089358474,0.238681592039801,0.0
val,ulsan_002624,DKSR20001145_1,8,1.64,0.1289664188804559,0.285619918699187,0.0
val,ulsan_000368,DKSR20000953_2,6,1.55,0.22467625237050454,0.10637096774193548,0.0
val,ulsan_014247,DKSR20001032_2,19,2.41,0.2084926660155735,0.15535961272475796,0.0
val,ulsan_022513,DKSR20001570_1,31,4.42,0.08794655351572299,0.21468702865761688,0.0
val,ulsan_001058,DKSR20000960_2,20,3.37,0.18199865864557158,0.23748763600395648,0.0
val,ulsan_003392,DKSR20001147_1,33,3.13,0.10182147384295717,0.25227635782747604,0.0
val,ulsan_020345,DKSR20001511_1,30,5.14,0.15932207728137995,0.2023913748378729,0.0
val,ulsan_014145,DKSR20001031_1,11,2.62,0.20528847168406622,0.3228053435114504,0.0
val,ulsan_005482,DKSR20001278_1,14,2.71,0.08511451155896238,0.3289052890528905,0.0
val,ulsan_000287,DKSR20000953_1,5,1.5,0.19084048735710224,0.30227777777777776,0.0
val,ulsan_023932,DKSR20000958_1,36,6.929958333333333,0.20088062166116363,0.22875317913166865,0.0
val,ulsan_011634,DKSR20001610_2,9,1.33,0.10815157404247094,0.31390977443609025,0.0
val,ulsan_024110,DKSR20000961_2,29,6.26,0.13112961303799248,0.21686634717784878,0.0
val,ulsan_023350,DKSR20000955_2,33,4.68,0.17839710212654356,0.20798611111111112,0.0
val,ulsan_008066,DKSR20001353_1,39,4.36,0.20158621678068045,0.2900802752293578,0.0
val,ulsan_000973,DKSR20000959_2,22,4.81,0.10872786155262329,0.5267238392238393,0.0
val,ulsan_020974,DKSR20001532_2,46,6.78,0.13566773527854448,0.21170108161258605,0.0
val,ulsan_018842,DKSR20001388_1,17,2.16,0.10107098931896745,0.2527006172839506,0.0
val,ulsan_001817,DKSR20001131_2,1,0.86,0.09861020377197038,0.6975290697674419,0.0
val,ulsan_007337,DKSR20001301_1,46,4.72,0.16679036922915752,0.25642655367231637,0.0
val,ulsan_008207,DKSR20001413_1,30,4.78,0.15784728412598256,0.3497995118549512,0.0
val,ulsan_022936,DKSR20001571_1,33,4.35,0.12053002379832312,0.204683908045977,0.0
val,ulsan_013896,DKSR20001031_2,33,4.2,0.11765331814717922,0.28807539682539685,0.0
val,ulsan_001353,DKSR20001094_2,19,3.27,0.14072597599003828,0.25783639143730885,0.0
val,ulsan_026952,DKSR20001203_1,39,5.02,0.17474229088462934,0.14095285524568393,0.0
val,ulsan_010021,DKSR20001592_2,16,2.22,0.14518894270778726,0.3191253753753754,0.0
val,ulsan_001322,DKSR20001094_2,12,1.77,0.1122972519009612,0.3093220338983051,0.0
val,ulsan_017492,DKSR20001287_1,35,4.1,0.09420084394067114,0.29291666666666666,0.0
val,ulsan_007188,DKSR20001301_2,40,3.8,0.2256925981622946,0.06301535087719298,0.0
val,ulsan_010238,DKSR20001593_1,16,2.45,0.13838199597728537,0.33598639455782314,0.0
val,ulsan_012304,DKSR20001618_1,65,6.56,0.12864782282694742,0.22218622967479676,0.0
val,ulsan_022782,DKSR20001571_2,38,5.21,0.11351702580689224,0.27039347408829173,0.0
val,ulsan_007346,DKSR20001301_1,23,3.42,0.1705319592355073,0.2550682261208577,0.0
val,ulsan_025711,DKSR20001157_1,16,2.79,0.11022934645091598,0.30219534050179214,0.0
val,ulsan_005267,DKSR20001169_2,16,2.89,0.17506672450561336,0.4008362168396771,0.0
val,ulsan_021520,DKSR20001537_2,15,1.76,0.1533119758997586,0.20137310606060607,0.0
val,ulsan_021395,DKSR20001534_1,64,8.65,0.14868668479454392,0.25026493256262045,0.0
val,ulsan_008282,DKSR20001413_1,23,5.75,0.08956127410392158,0.45318115942028986,0.0
val,ulsan_018018,DKSR20001336_1,18,2.76,0.09036851007239675,0.2667421497584541,0.0
val,ulsan_003657,DKSR20001149_1,28,3.57,0.13255000167479122,0.2561974789915966,0.0
val,ulsan_008802,DKSR20001476_2,29,4.46,0.1260979837550712,0.21121076233183855,0.0
val,ulsan_016343,DKSR20001207_1,10,2.15,0.19170493055889998,0.41680232558139535,0.0
val,ulsan_002969,DKSR20001146_2,25,3.89,0.11249680507348521,0.44928234790059984,0.0
val,ulsan_005004,DKSR20001168_2,16,1.97,0.16264599637331456,0.27233502538071064,0.0
val,ulsan_002142,DKSR20001144_1,19,5.01,0.09217608174447411,0.4700349301397206,0.0
val,ulsan_014620,DKSR20001032_1,8,1.44,0.1444649889128164,0.2584201388888889,0.0
val,ulsan_015447,DKSR20001160_2,43,5.22,0.11644078811201697,0.1769795657726692,0.0
val,ulsan_005635,DKSR20001278_2,44,6.1200833333333335,0.171832646572769,0.14452417586906496,0.0
val,ulsan_022928,DKSR20001571_2,22,3.54,0.15321090151831215,0.27213983050847457,0.0
val,ulsan_009102,DKSR20001487_2,29,3.48,0.15716623562744483,0.21708572796934866,0.0
val,ulsan_018868,DKSR20001491_1,33,4.6,0.1860622125931027,0.2591938405797101,0.0
val,ulsan_008551,DKSR20001475_1,21,2.51,0.08440928102663878,0.3408366533864542,0.0
val,ulsan_010950,DKSR20001608_1,28,4.69,0.13638023196285837,0.33855721393034827,0.0
val,ulsan_000616,DKSR20000954_1,31,4.49,0.14699759497207962,0.18610801781737193,0.0
val,ulsan_014429,DKSR20001032_1,6,1.52,0.1689720239029885,0.24163925438596492,0.0
val,ulsan_010553,DKSR20001594_2,55,5.94,0.1283310043816293,0.254320987654321,0.0
val,ulsan_003054,DKSR20001146_1,29,3.05,0.14412821742662107,0.13515027322404372,0.0
val,ulsan_008856,DKSR20001476_2,33,4.76,0.1186479003637637,0.23567927170868347,0.0
val,ulsan_023828,DKSR20000957_1,23,6.19,0.09671957490366626,0.49607565966612815,0.0
val,ulsan_005527,DKSR20001278_2,47,6.28,0.13520987066794102,0.1977839702760085,0.0
val,ulsan_004474,DKSR20001167_1,48,6.0,0.1446352717692659,0.2579513888888889,0.0
val,ulsan_016045,DKSR20001206_2,19,3.46,0.12456992278150367,0.17698699421965317,0.0
val,ulsan_002445,DKSR20001144_1,24,4.16,0.15093290246042315,0.25228365384615387,0.0
val,ulsan_004434,DKSR20001167_1,49,6.4,0.13961587263477584,0.21951171875,0.0
val,ulsan_012571,DKSR20001649_1,27,5.12,0.12056220954542074,0.33544921875,0.0
val,ulsan_022999,DKSR20001571_2,24,3.83,0.1915691497867373,0.2031331592689295,0.0
val,ulsan_025111,DKSR20000973_1,42,6.44,0.1227026753479018,0.32065864389233956,0.0
val,ulsan_017310,DKSR20001287_2,23,3.34,0.19052207543757563,0.15737275449101795,0.0
val,ulsan_017957,DKSR20001336_2,26,3.17,0.08514680773982057,0.19006309148264985,0.0
val,ulsan_007887,DKSR20001352_2,31,6.01,0.14772710548480147,0.26261785912368274,0.0
val,ulsan_026853,DKSR20001203_2,15,2.95,0.13056587956138224,0.18992937853107345,0.0
val,ulsan_010940,DKSR20001608_1,18,3.49,0.09556485556028145,0.4602554918815664,0.0
val,ulsan_012296,DKSR20001618_1,27,2.79,0.1507515831657189,0.15032855436081244,0.0
val,ulsan_026887,DKSR20001203_2,13,2.74,0.1492301380708459,0.10229622871046229,0.0
val,ulsan_021200,DKSR20001533_2,55,7.81,0.1224114511243481,0.28918587281263336,0.0
val,ulsan_018254,DKSR20001380_1,37,5.39,0.14136101440717697,0.251530612244898,0.0
val,ulsan_017380,DKSR20001287_2,16,3.2,0.10444032261213572,0.35977864583333335,0.0
val,ulsan_016367,DKSR20001207_1,22,3.54,0.16209532617044925,0.22657721280602636,0.0
val,ulsan_015322,DKSR20001159_1,24,2.7,0.1376830416824051,0.18589506172839507,0.0
val,ulsan_004759,DKSR20001168_2,32,3.76,0.144993979186771,0.24690824468085107,0.0
val,ulsan_008514,DKSR20001475_2,37,5.65,0.12829673124639382,0.22432153392330384,0.0
val,ulsan_003321,DKSR20001147_2,22,4.72,0.11409207368313644,0.37907838983050846,0.0
val,ulsan_016892,DKSR20001240_1,38,5.53,0.10581985653720424,0.3269364074743822,0.0
val,ulsan_002486,DKSR20001144_2,16,2.68,0.10119172569963306,0.4183146766169154,0.0
val,ulsan_010900,DKSR20001608_2,25,4.72,0.11959646388570223,0.41605755649717513,0.0
val,ulsan_019476,DKSR20001508_1,16,2.93,0.15420527380866,0.21197383390216154,0.0
val,ulsan_022138,DKSR20001569_1,13,1.74,0.1340544986965823,0.21424808429118775,0.0
val,ulsan_003755,DKSR20001149_1,39,5.23,0.17058836359449234,0.31889738687061825,0.0
val,ulsan_007036,DKSR20001300_2,13,3.01,0.1434932913033605,0.3023255813953488,0.0
val,ulsan_026729,DKSR20000979_1,34,5.66,0.18958535183146213,0.22178297997644286,0.0
val,ulsan_010560,DKSR20001594_1,41,5.72,0.15076430098493543,0.31676136363636365,0.0
val,ulsan_002026,DKSR20001132_1,31,3.61,0.1254803022656594,0.21230378578024006,0.0
val,ulsan_013703,DKSR20001715_2,20,3.11,0.08189883189199897,0.46046355841371917,0.0
val,ulsan_012578,DKSR20001649_2,15,2.52,0.10083441373543796,0.37666997354497356,0.0
val,ulsan_003881,DKSR20001165_1,23,2.58,0.16180604474688007,0.2900516795865633,0.0
val,ulsan_005131,DKSR20001169_2,32,4.74,0.15966438577153383,0.2789732770745429,0.0
val,ulsan_002653,DKSR20001145_2,31,2.94,0.13725366446994428,0.2697845804988662,0.0
val,ulsan_007050,DKSR20001300_2,20,4.09,0.11185363455943766,0.29263447432762835,0.0
val,ulsan_002573,DKSR20001145_2,8,1.63,0.19489027375627518,0.470398773006135,0.0
val,ulsan_008714,DKSR20001475_1,8,1.22,0.1805713215422679,0.1812841530054645,0.0
val,ulsan_009840,DKSR20001536_1,45,5.43,0.18365382663448226,0.15155770411295272,0.0
val,ulsan_022805,DKSR20001571_2,22,2.98,0.11776661762147864,0.23819910514541387,0.0
val,ulsan_012228,DKSR20001618_2,43,5.74,0.13133097427921073,0.30573461091753773,0.0
val,ulsan_001971,DKSR20001132_2,27,2.71,0.1161942621268537,0.3410209102091021,0.0
val,ulsan_024270,DKSR20000961_1,32,5.39,0.12828364474836076,0.30329313543599257,0.0
val,ulsan_023047,DKSR20000956_2,9,1.25,0.14674801157004913,0.15756666666666666,0.0
val,ulsan_019689,DKSR20001508_1,20,2.18,0.23614263765977295,0.0837920489296636,0.0
val,ulsan_019493,DKSR20001508_2,19,3.03,0.13670554362862808,0.31084983498349833,0.0
val,ulsan_009905,DKSR20001536_1,19,2.71,0.17270774749572798,0.17884378843788437,0.0
val,ulsan_015978,DKSR20001206_1,30,4.3,0.1345026943192082,0.27443798449612405,0.0
val,ulsan_026397,DKSR20001158_2,22,3.51,0.19508068045786328,0.18338081671415005,0.0
val,ulsan_024022,DKSR20000958_1,36,5.94,0.16533325395154128,0.37516133557800224,0.0
val,ulsan_002039,DKSR20001132_1,16,2.36,0.16502724429713508,0.22980225988700564,0.0
val,ulsan_012691,DKSR20001650_2,39,4.44,0.10292201970466698,0.27801238738738737,0.0
val,ulsan_018525,DKSR20001386_2,94,12.05,0.10997736239166506,0.25100622406639006,0.0
val,ulsan_024928,DKSR20000973_1,13,2.27,0.15854887946583984,0.2439610866372981,0.0
val,ulsan_016056,DKSR20001206_2,50,6.37,0.18077039373943618,0.14431580324437468,0.0
val,ulsan_006578,DKSR20001286_1,34,4.28,0.14960104782376962,0.22813473520249222,0.0
val,ulsan_024737,DKSR20000962_1,24,4.19,0.1380926416020257,0.30940731901352425,0.0
val,ulsan_021140,DKSR20001533_2,11,2.62,0.15274451445226214,0.33737277353689565,0.0
val,ulsan_004692,DKSR20001168_2,9,1.53,0.15520706898768094,0.25035403050108934,0.0
val,ulsan_002172,DKSR20001144_1,6,1.78,0.1376383444174085,0.3199672284644195,0.0
val,ulsan_025162,DKSR20001156_1,34,4.49,0.15181039300266866,0.22612286562731998,0.0
val,ulsan_013042,DKSR20001651_1,19,3.31,0.07688044412301227,0.5266742195367573,0.0
val,ulsan_016623,DKSR20001208_1,30,4.32,0.1446883023435721,0.18334297839506172,0.0
val,ulsan_014044,DKSR20001031_1,28,5.42,0.11184337838792457,0.44155135301353016,0.0
val,ulsan_018430,DKSR20001380_2,25,3.0,0.17632271685095552,0.05520833333333333,0.0
val,ulsan_008669,DKSR20001475_1,20,2.76,0.17037463874213957,0.24960748792270532,0.0
val,ulsan_005397,DKSR20001278_1,22,3.86,0.1308998235562475,0.18246977547495682,0.0
val,ulsan_005490,DKSR20001278_1,24,3.22,0.17694953070217218,0.21513975155279502,0.0
val,ulsan_008852,DKSR20001476_2,31,4.21,0.15989332800880374,0.31695368171021376,0.0
val,ulsan_000780,DKSR20000959_2,26,6.08,0.1421977533043229,0.4881578947368421,0.0
val,ulsan_017556,DKSR20001287_1,20,1.77,0.078318809272786,0.42521186440677966,0.0
val,ulsan_014383,DKSR20001032_2,17,3.08,0.20004008871815035,0.18882575757575756,0.0
val,ulsan_022525,DKSR20001570_2,22,3.24,0.13429426861888577,0.21707818930041153,0.0
val,ulsan_004060,DKSR20001165_1,34,4.739958333333333,0.11192248390211955,0.31089408310551253,0.0
val,ulsan_003175,DKSR20001146_2,16,2.28,0.14003915258919253,0.3208150584795322,0.0
val,ulsan_003707,DKSR20001149_1,37,5.22,0.130161877828483,0.26480683269476374,0.0
val,ulsan_017896,DKSR20001288_1,26,4.21,0.12974152183808405,0.3879453681710214,0.0
val,ulsan_018593,DKSR20001386_1,64,11.57,0.15042359606181877,0.26270167098818786,0.0
val,ulsan_001813,DKSR20001131_2,12,3.3,0.12138083870205979,0.4122979797979798,0.0
val,ulsan_016215,DKSR20001206_1,20,2.33,0.1423721905320096,0.25218168812589414,0.0
val,ulsan_004034,DKSR20001165_1,74,7.39,0.11519598477933846,0.25978236355435275,0.0
val,ulsan_014526,DKSR20001032_1,10,1.71,0.10830944416200088,0.3419590643274854,0.0
val,ulsan_017264,DKSR20001241_1,16,3.01,0.06969691110907793,0.47732558139534886,0.0
val,ulsan_005598,DKSR20001278_2,33,4.76,0.1034416474830211,0.20955882352941177,0.0
val,ulsan_022158,DKSR20001569_2,2,1.29,0.19536057990664651,0.13397932816537467,0.0
val,ulsan_004647,DKSR20001167_2,38,4.28,0.11473417435180207,0.24080996884735204,0.0
val,ulsan_008081,DKSR20001353_2,45,5.23,0.15284859254383704,0.2202676864244742,0.0
val,ulsan_016382,DKSR20001207_2,30,3.92,0.20301807118565876,0.13234481292517006,0.0
val,ulsan_009836,DKSR20001536_1,18,2.22,0.17476439715403738,0.2479542042042042,0.0
val,ulsan_011885,DKSR20001617_1,26,4.46,0.1778227656795772,0.3030829596412556,0.0
val,ulsan_015669,DKSR20001202_1,29,4.83,0.12189459650552878,0.3588681849551415,0.0
val,ulsan_023664,DKSR20000957_1,26,2.96,0.13726157608691655,0.2555884009009009,0.0
val,ulsan_018146,DKSR20001336_2,37,6.88,0.13508452359536874,0.20938711240310076,0.0
val,ulsan_008626,DKSR20001475_2,42,6.58,0.1461359039726988,0.1898239614994934,0.0
val,ulsan_005687,DKSR20001280_1,22,2.55,0.17273119950475438,0.25429738562091503,0.0
val,ulsan_021580,DKSR20001537_1,23,4.34,0.19183964795611916,0.21853878648233488,0.0
val,ulsan_020452,DKSR20001511_2,48,6.08,0.16718142739962288,0.18016036184210527,0.0
val,ulsan_001264,DKSR20001094_2,34,3.81,0.11080349617779948,0.26959755030621174,0.0
val,ulsan_010349,DKSR20001593_2,18,1.99,0.15925967583672815,0.25998743718592965,0.0
val,ulsan_019327,DKSR20001507_1,43,5.91,0.12080405249020246,0.13864213197969544,0.0
val,ulsan_008652,DKSR20001475_1,15,2.75,0.13938028034925232,0.22622727272727272,0.0
val,ulsan_013548,DKSR20001677_2,3,1.02,0.1343001365002308,0.3819444444444444,0.0
val,ulsan_026595,DKSR20001158_1,28,6.86,0.0995635788597166,0.544290573372206,0.0
val,ulsan_003837,DKSR20001165_1,8,3.67,0.08955449786803417,0.6190849227974569,0.0
val,ulsan_005516,DKSR20001278_2,28,3.47,0.22451207083647476,0.19747838616714697,0.0
val,ulsan_003048,DKSR20001146_1,8,2.45,0.10558946862817564,0.5228231292517007,0.0
val,ulsan_008160,DKSR20001353_2,38,4.35,0.18261721673679218,0.1352969348659004,0.0
val,ulsan_010536,DKSR20001594_2,47,5.56,0.11972351646206689,0.319851618705036,0.0
val,ulsan_011898,DKSR20001617_2,43,5.37,0.12968875555909687,0.1694832402234637,0.0
val,ulsan_004091,DKSR20001165_1,18,2.48,0.15698954677394528,0.3323084677419355,0.0
val,ulsan_003553,DKSR20001147_2,8,2.21,0.1149840933526719,0.40727752639517345,0.0
val,ulsan_004447,DKSR20001167_1,40,6.16,0.1394699168611589,0.2771103896103896,0.0
val,ulsan_011497,DKSR20001610_2,15,2.58,0.1446966928328308,0.319234496124031,0.0
val,ulsan_019541,DKSR20001508_1,29,3.58,0.11711933989022305,0.17999301675977653,0.0
val,ulsan_009052,DKSR20001487_1,33,4.76,0.10957019809705403,0.3524072128851541,0.0
val,ulsan_004651,DKSR20001167_2,46,5.53,0.12350902444152903,0.27140596745027123,0.0
val,ulsan_009044,DKSR20001487_2,33,4.24,0.13688146826095768,0.48937696540880504,0.0
val,ulsan_009984,DKSR20001592_1,17,2.67,0.16964691792207823,0.37294007490636705,0.0
val,ulsan_003284,DKSR20001147_2,29,3.5499583333333335,0.14323243231658503,0.1764692073850632,0.0
val,ulsan_015535,DKSR20001160_2,41,6.23,0.13379327591668036,0.2688135366506153,0.0
val,ulsan_007403,DKSR20001348_1,23,4.88,0.12434728388351506,0.44189719945355194,0.0
val,ulsan_013901,DKSR20001031_2,44,5.05,0.09818806379718505,0.30094059405940593,0.0
val,ulsan_000906,DKSR20000959_1,14,2.63,0.14343495957729885,0.4781210392902408,0.0
val,ulsan_012322,DKSR20001618_1,40,5.87,0.1186288962430159,0.2422984099943214,0.0
val,ulsan_018663,DKSR20001387_2,65,9.59,0.16280775446014842,0.29795794230100797,0.0
val,ulsan_003477,DKSR20001147_1,10,2.31,0.09405988676534745,0.3898809523809524,0.0
val,ulsan_006352,DKSR20001285_1,70,5.96,0.16952033425109997,0.15527824384787473,0.0
val,ulsan_017059,DKSR20001240_1,23,4.81,0.11665563220887314,0.5853950103950104,0.0
val,ulsan_023785,DKSR20000957_2,16,2.57,0.16481988236301323,0.23416018158236057,0.0
val,ulsan_010266,DKSR20001593_2,21,3.09,0.1469038756901253,0.4048004314994606,0.0
val,ulsan_003627,DKSR20001149_2,48,6.97,0.09812702266477952,0.4452474892395983,0.0
val,ulsan_023839,DKSR20000958_1,30,5.58,0.18123442083532992,0.21896654719235364,0.0
val,ulsan_022364,DKSR20001569_2,9,2.55,0.10060815592158552,0.337140522875817,0.0
val,ulsan_009856,DKSR20001536_1,22,2.31,0.1901859173732078,0.19085497835497836,0.0
val,ulsan_019537,DKSR20001508_1,36,5.91,0.1040407445322721,0.2612098138747885,0.0
val,ulsan_006291,DKSR20001285_2,20,2.55,0.06329058586720979,0.48215686274509806,0.0
val,ulsan_023343,DKSR20000955_2,10,1.75,0.16803640876064468,0.2644761904761905,0.0
val,ulsan_019395,DKSR20001507_2,37,4.71,0.13183891073094747,0.1762650389242746,0.0
val,ulsan_024922,DKSR20000973_1,33,5.49,0.13373861980007348,0.2421448087431694,0.0
val,ulsan_001037,DKSR20000960_2,36,4.31,0.11893809541948615,0.2768658159319412,0.0
val,ulsan_002186,DKSR20001144_1,24,3.04,0.1808326565168533,0.15995065789473684,0.0
val,ulsan_003361,DKSR20001147_1,19,3.04,0.07166829086594385,0.5822094298245614,0.0
val,ulsan_000599,DKSR20000954_1,18,2.36,0.17250208585605079,0.136670197740113,0.0
val,ulsan_020098,DKSR20001510_2,34,5.52,0.08777064224642453,0.30120018115942027,0.0
val,ulsan_013522,DKSR20001677_2,21,2.5300833333333332,0.0954475010969653,0.4551562860248345,0.0
val,ulsan_009478,DKSR20001535_1,17,2.34,0.18117088653072125,0.2377136752136752,0.0
val,ulsan_023302,DKSR20000955_1,24,4.38,0.13309113872973516,0.25092275494672756,0.0
val,ulsan_026242,DKSR20000975_1,64,6.69,0.14407517047352683,0.24818759342301944,0.0
val,ulsan_022826,DKSR20001571_2,36,5.18,0.10506985594060506,0.28372747747747745,0.0
val,ulsan_001981,DKSR20001132_2,28,3.5,0.13557502175775576,0.21897619047619046,0.0
val,ulsan_026309,DKSR20001158_1,23,3.01,0.18215695154832795,0.2241002214839424,0.0
val,ulsan_014743,DKSR20001033_2,41,3.39,0.15563828953324366,0.14526794493608652,0.0
val,ulsan_015837,DKSR20001202_2,34,3.74,0.14984460328879315,0.17173573975044562,0.0
val,ulsan_017485,DKSR20001287_2,11,1.69,0.20385873074202554,0.3202169625246548,0.0
val,ulsan_025220,DKSR20001156_2,21,3.6,0.13805615456487888,0.2732175925925926,0.0
val,ulsan_002958,DKSR20001146_2,16,1.97,0.09065343637152799,0.30380710659898474,0.0
val,ulsan_016326,DKSR20001207_2,15,3.3,0.16598855398598147,0.21791666666666668,0.0
val,ulsan_018487,DKSR20001380_2,27,3.34,0.06284853914022145,0.30251996007984033,0.0
val,ulsan_005857,DKSR20001280_2,20,2.67,0.15717306006441434,0.2392478152309613,0.0
val,ulsan_018804,DKSR20001388_1,68,8.73,0.1761373389700486,0.23902730049637266,0.0
val,ulsan_022748,DKSR20001571_2,20,3.34,0.12833127960783408,0.27606037924151694,0.0
val,ulsan_009901,DKSR20001536_1,49,3.82,0.1455229108131213,0.16205279232111694,0.0
val,ulsan_017555,DKSR20001287_1,15,2.06,0.13725267397127056,0.2569174757281553,0.0
val,ulsan_003990,DKSR20001165_2,23,3.58,0.1412436581778758,0.24755586592178772,0.0
val,ulsan_000489,DKSR20000954_2,12,2.34,0.15958204028137968,0.2492165242165242,0.0
val,ulsan_000199,DKSR20000953_1,42,5.21,0.1807442114329382,0.19168266154830454,0.0
val,ulsan_003096,DKSR20001146_2,7,1.32,0.14910733455295236,0.30997474747474746,0.0
val,ulsan_010107,DKSR20001592_2,21,2.53,0.11146561768705089,0.26623847167325426,0.0
val,ulsan_027354,DKSR20000980_1,45,5.82,0.1831095157346112,0.281278636884307,0.0
val,ulsan_018208,DKSR20001380_1,42,5.55,0.06765977762444511,0.4508033033033033,0.0
val,ulsan_016760,DKSR20001208_2,37,6.97,0.13109489359248724,0.2513271162123386,0.0
val,ulsan_018573,DKSR20001386_2,95,10.76,0.11255527483347426,0.21610517348203223,0.0
val,ulsan_001654,DKSR20001131_1,9,1.46,0.14390896307812406,0.35114155251141554,0.0
val,ulsan_026768,DKSR20000979_1,43,4.74,0.15397965941275507,0.27637130801687765,0.0
val,ulsan_015885,DKSR20001202_2,66,6.54,0.12091240564986228,0.2337092252803262,0.0
val,ulsan_021363,DKSR20001534_1,34,5.09,0.13057154425968356,0.4059020956123117,0.0
val,ulsan_014012,DKSR20001031_2,19,2.1,0.14165783631838755,0.2846825396825397,0.0
val,ulsan_013702,DKSR20001715_2,32,4.66,0.09806435619890161,0.32246959942775394,0.0
val,ulsan_009524,DKSR20001535_2,46,2.97,0.15792613547025874,0.23632154882154882,0.0
val,ulsan_021456,DKSR20001537_2,28,4.49,0.10661871301558179,0.22343170007423904,0.0
val,ulsan_024772,DKSR20000962_2,47,7.96,0.12668006592171424,0.2872644472361809,0.0
val,ulsan_016191,DKSR20001206_1,37,4.73,0.22227674464688524,0.18800211416490487,0.0
val,ulsan_015987,DKSR20001206_1,13,2.26,0.1433444789376462,0.3747787610619469,0.0
val,ulsan_006666,DKSR20001286_1,26,2.96,0.20385745442838749,0.18068693693693694,0.0
val,ulsan_016422,DKSR20001207_1,5,1.17,0.3014647173575216,0.2514957264957265,0.0
val,ulsan_016156,DKSR20001206_2,35,3.46,0.13923209218312418,0.1570688824662813,0.0
val,ulsan_005462,DKSR20001278_2,36,4.63,0.10991748202105067,0.2279607631389489,0.0
val,ulsan_011017,DKSR20001608_1,24,4.54,0.17812394913491156,0.26879588839941265,0.0
val,ulsan_010148,DKSR20001592_2,36,5.58,0.14089617680419486,0.2767174432497013,0.0
val,ulsan_020966,DKSR20001532_2,30,5.28,0.1762528457639351,0.19835858585858585,0.0
val,ulsan_014083,DKSR20001031_1,43,4.89,0.1587250084328534,0.1510480572597137,0.0
val,ulsan_001697,DKSR20001131_2,44,4.66,0.1257330651275883,0.2801055078683834,0.0
val,ulsan_017282,DKSR20001241_2,29,6.53,0.14116543327194975,0.23557299642674834,0.0
val,ulsan_015471,DKSR20001160_2,2,3.01,0.1506552867872444,0.43618493909191586,0.0
val,ulsan_023604,DKSR20000955_2,11,1.81,0.15272636069565454,0.2130524861878453,0.0
val,ulsan_017853,DKSR20001288_2,30,4.28,0.11948327217454,0.41895443925233644,0.0
val,ulsan_024159,DKSR20000961_2,17,6.37,0.10230256746681683,0.5313971742543171,0.0
val,ulsan_000829,DKSR20000959_2,21,5.43,0.1214057994631637,0.4660220994475138,0.0
val,ulsan_018705,DKSR20001387_2,51,9.42,0.1360357631704041,0.3154502830856334,0.0
val,ulsan_001143,DKSR20000960_2,45,7.0,0.049601626737462476,0.44763690476190476,0.0
val,ulsan_022279,DKSR20001569_2,12,1.73,0.17125193328669042,0.08754816955684008,0.0
val,ulsan_011083,DKSR20001609_1,15,3.57,0.1689239464759753,0.31554621848739495,0.0
val,ulsan_005844,DKSR20001280_2,46,4.81,0.1554045331448527,0.2266025641025641,0.0
val,ulsan_011213,DKSR20001609_1,8,4.32,0.1540949198452114,0.5335841049382716,0.0
val,ulsan_024072,DKSR20000961_2,26,6.0,0.12578332731344172,0.34225,0.0
val,ulsan_009077,DKSR20001487_1,30,4.26,0.14144766290208338,0.25,0.0
val,ulsan_002599,DKSR20001145_1,10,2.39,0.12585323763077083,0.3723326359832636,0.0
val,ulsan_011983,DKSR20001617_2,52,6.15,0.05388251038579904,0.3555352303523035,0.0
val,ulsan_000187,DKSR20000953_1,22,4.07,0.13257209549780397,0.3211916461916462,0.0
val,ulsan_025147,DKSR20001156_1,26,4.56,0.13191556061092932,0.25358187134502924,0.0
val,ulsan_016872,DKSR20001240_1,32,4.98,0.15842496424857883,0.24619310575635878,0.0
val,ulsan_000461,DKSR20000954_2,11,1.38,0.2177203016963981,0.1492753623188406,0.0
val,ulsan_022774,DKSR20001571_1,13,1.83,0.1766529977637731,0.18604280510018215,0.0
val,ulsan_004307,DKSR20001166_1,55,6.59,0.11731345614770547,0.2704539706626201,0.0
val,ulsan_009879,DKSR20001536_2,31,5.07,0.13802528638249195,0.1808267587113741,0.0
val,ulsan_017537,DKSR20001287_2,8,2.15,0.15978390201656348,0.5212984496124031,0.0
val,ulsan_008713,DKSR20001475_1,16,1.88,0.18968229953891536,0.07227393617021277,0.0
val,ulsan_000944,DKSR20000959_1,37,6.57,0.07745960952774744,0.4541222729578894,0.0
val,ulsan_008898,DKSR20001476_1,62,6.17,0.11754937779267254,0.1424500270124257,0.0
val,ulsan_006571,DKSR20001286_1,23,4.5,0.14748524886021197,0.26525925925925925,0.0
val,ulsan_005572,DKSR20001278_1,9,1.4,0.07189606732273275,0.36461309523809526,0.0
val,ulsan_007900,DKSR20001352_1,55,5.82,0.17930426282742337,0.19286941580756015,0.0
val,ulsan_013981,DKSR20001031_1,8,2.29,0.15680191348816158,0.33877365356622996,0.0
val,ulsan_006812,DKSR20001286_2,55,6.55,0.1382408847949896,0.26717557251908397,0.0
val,ulsan_000882,DKSR20000959_2,27,7.19,0.1037628206854885,0.5032510431154381,0.0
val,ulsan_006546,DKSR20001285_1,20,3.3,0.22749322556235663,0.1966919191919192,0.0
val,ulsan_007598,DKSR20001351_2,13,2.26,0.19149570854898956,0.12310103244837758,0.0
val,ulsan_024330,DKSR20000963_1,25,2.75,0.15437715659664153,0.23933333333333334,0.0
val,ulsan_007352,DKSR20001301_1,48,8.6,0.11534977428397701,0.40166182170542636,0.0
val,ulsan_012244,DKSR20001618_2,26,5.09,0.2175392280715479,0.2218074656188605,0.0
val,ulsan_022835,DKSR20001571_2,17,3.92,0.11037494085366593,0.2602997448979592,0.0
val,ulsan_002512,DKSR20001144_2,8,1.4,0.12246828871081647,0.3338690476190476,0.0
val,ulsan_013577,DKSR20001715_1,29,4.03,0.12266432659300065,0.36506410256410254,0.0
val,ulsan_026696,DKSR20000979_2,63,7.96,0.11312176728982329,0.20041352596314907,0.0
val,ulsan_013442,DKSR20001677_1,30,4.12,0.14903556678060945,0.21850728155339805,0.0
val,ulsan_008132,DKSR20001353_1,79,9.32,0.14481025473066084,0.20305346924177398,0.0
val,ulsan_012405,DKSR20001618_1,64,6.85,0.11160405900549568,0.2296167883211679,0.0
val,ulsan_012400,DKSR20001618_1,21,3.41,0.12566130015439847,0.38285679374389053,0.0
val,ulsan_014545,DKSR20001032_1,51,6.18,0.1101718244567543,0.2715210355987055,0.0
val,ulsan_018556,DKSR20001386_2,83,10.71,0.12303638922824199,0.20462962962962963,0.0
val,ulsan_009034,DKSR20001487_2,58,5.91,0.13839913828025566,0.20022560631697686,0.0
val,ulsan_002417,DKSR20001144_1,28,3.3,0.11025963809914435,0.27102272727272725,0.0
val,ulsan_007451,DKSR20001348_1,18,3.25,0.1269618134454227,0.5111923076923077,0.0
val,ulsan_008365,DKSR20001413_1,28,5.26,0.1264519243544548,0.32038973384030417,0.0
val,ulsan_001083,DKSR20000960_1,20,2.9,0.14492898773494478,0.18170977011494252,0.0
val,ulsan_026223,DKSR20000975_1,38,7.2,0.13974488059386805,0.3872974537037037,0.0
val,ulsan_008905,DKSR20001476_1,33,4.36,0.08181958240033271,0.32458906727828746,0.0
val,ulsan_024710,DKSR20000962_2,55,9.24,0.12760587898590028,0.4074404761904762,0.0
val,ulsan_012464,DKSR20001649_1,30,5.09,0.08889276045683314,0.4201784544859201,0.0
val,ulsan_022379,DKSR20001569_1,32,6.44,0.14613300423518144,0.1609666149068323,0.0
val,ulsan_018377,DKSR20001380_2,27,2.88,0.14148170318497905,0.09444444444444444,0.0
val,ulsan_006301,DKSR20001285_2,36,5.93,0.10416751274367701,0.44142074198988196,0.0
val,ulsan_018297,DKSR20001380_1,12,1.61,0.09532359016475851,0.37800207039337475,0.0
val,ulsan_024821,DKSR20000962_2,12,3.05,0.08869193216297393,0.4965710382513661,0.0
val,ulsan_019188,DKSR20001507_1,11,2.6,0.14024717692215155,0.25275641025641027,0.0
val,ulsan_021626,DKSR20001537_2,16,3.14,0.1480303620647775,0.23938428874734607,0.0
val,ulsan_025218,DKSR20001156_2,22,3.15,0.13817656869960301,0.3016137566137566,0.0
val,ulsan_002614,DKSR20001145_1,31,4.14,0.10765725218699514,0.2751509661835749,0.0
val,ulsan_009593,DKSR20001535_2,26,3.06,0.20063491446745108,0.14565631808278867,0.0
val,ulsan_018582,DKSR20001386_1,47,9.28,0.15908203531088258,0.318036099137931,0.0
val,ulsan_017816,DKSR20001288_2,18,1.92,0.065926716304205,0.4826605902777778,0.0
val,ulsan_008240,DKSR20001413_2,17,5.0,0.11126755789949366,0.6186,0.0
val,ulsan_022325,DKSR20001569_1,17,3.41,0.14822026994495197,0.10151515151515152,0.0
val,ulsan_005395,DKSR20001278_1,33,4.53,0.17195151520450686,0.1824503311258278,0.0
val,ulsan_016131,DKSR20001206_2,17,2.63,0.2091489852253931,0.1664765525982256,0.0
val,ulsan_019702,DKSR20001509_1,28,11.88,0.04755848524004602,0.38263888888888886,0.0
val,ulsan_010501,DKSR20001594_1,39,4.51,0.1541341983127338,0.251820029563932,0.0
val,ulsan_006857,DKSR20001286_2,58,6.55,0.13914236947770406,0.1991857506361323,0.0
val,ulsan_014260,DKSR20001032_2,24,2.98,0.15488601006880612,0.14607102908277406,0.0
val,ulsan_007014,DKSR20001300_1,24,2.81,0.12775932698596243,0.15301008303677344,0.0
val,ulsan_014029,DKSR20001031_1,19,2.46,0.1207751343174358,0.2334349593495935,0.0
val,ulsan_002892,DKSR20001146_1,12,2.58,0.12209272400653058,0.264405684754522,0.0
val,ulsan_003041,DKSR20001146_2,3,2.57,0.09489059454211285,0.7281452658884565,0.0
val,ulsan_020090,DKSR20001510_1,25,3.74,0.12685893309470408,0.1723150623885918,0.0
val,ulsan_027669,DKSR20001204_2,41,5.17,0.1311521837410592,0.2922711154094133,0.0
val,ulsan_010969,DKSR20001608_2,25,4.59,0.1295764743600369,0.42479121278140886,0.0
val,ulsan_013080,DKSR20001651_1,2,1.88,0.07441463601064524,0.692154255319149,0.0
val,ulsan_026732,DKSR20000979_1,36,5.69,0.16136585309337806,0.24584797891036908,0.0
val,ulsan_012324,DKSR20001618_1,50,7.14,0.11429379074853842,0.20907446311858077,0.0
val,ulsan_004139,DKSR20001166_2,35,4.41,0.12366010881766626,0.2796674225245654,0.0
val,ulsan_022373,DKSR20001569_1,25,3.77,0.1169795611932764,0.16918656056587092,0.0
val,ulsan_007372,DKSR20001348_1,26,4.78,0.11740516706973989,0.5072611576011158,0.0
val,ulsan_021822,DKSR20001568_1,4,1.41,0.16079769939319527,0.2963356973995272,0.0
val,ulsan_017180,DKSR20001241_1,17,2.25,0.16104639524055828,0.22740740740740742,0.0
val,ulsan_011281,DKSR20001609_2,10,1.78,0.13511171059312727,0.44307116104868915,0.0
val,ulsan_004267,DKSR20001166_1,17,4.12,0.0860446134540144,0.43119943365695795,0.0
val,ulsan_017354,DKSR20001287_1,20,2.49,0.17671830989475906,0.348995983935743,0.0
val,ulsan_026755,DKSR20000979_1,6,2.33,0.14033746219144763,0.6795422031473534,0.0
val,ulsan_009732,DKSR20001536_1,24,2.54,0.16023211612639932,0.2692093175853018,0.0
val,ulsan_001094,DKSR20000960_1,34,4.48,0.15358617365865143,0.19170386904761905,0.0
val,ulsan_003536,DKSR20001147_1,1,1.48,0.09404463130201991,0.7801801801801802,0.0
val,ulsan_022019,DKSR20001568_2,9,1.85,0.156851556651679,0.19583333333333333,0.0
val,ulsan_026895,DKSR20001203_1,43,6.1,0.13383459216058768,0.29473360655737707,0.0
val,ulsan_021366,DKSR20001534_1,15,2.85,0.09156227551184434,0.4302485380116959,0.0
val,ulsan_025943,DKSR20001157_1,19,2.56,0.14104150153629794,0.1943359375,0.0
val,ulsan_000067,DKSR20000953_2,37,5.81,0.18418744713661248,0.08989529546758462,0.0
val,ulsan_009191,DKSR20001487_1,20,3.04,0.10432430327156207,0.40161732456140353,0.0
val,ulsan_022762,DKSR20001571_1,44,6.27,0.12612427862411,0.3234582668793195,0.0
val,ulsan_019029,DKSR20001491_2,18,3.99,0.1470501990436198,0.33619465329991643,0.0
val,ulsan_003844,DKSR20001165_2,8,2.49,0.13772560664527284,0.41974564926372154,0.0
val,ulsan_012145,DKSR20001617_2,28,4.0,0.12354715002921961,0.22171875,0.0
val,ulsan_013838,DKSR20001715_2,38,4.88,0.12155358527828604,0.3495816256830601,0.0
val,ulsan_006256,DKSR20001285_1,51,5.36,0.1931970378568029,0.15784359452736318,0.0
val,ulsan_003288,DKSR20001147_1,26,5.57,0.0999758949461236,0.39358168761220824,0.0
val,ulsan_016453,DKSR20001207_2,16,3.71,0.1401214396940345,0.28574797843665767,0.0
val,ulsan_025920,DKSR20001157_2,2,1.36,0.2638209667330411,0.23121936274509805,0.0
val,ulsan_000029,DKSR20000953_1,15,2.7,0.1863464653370114,0.22212962962962962,0.0
val,ulsan_025236,DKSR20001156_1,20,4.41,0.11148684594086561,0.4962396069538927,0.0
val,ulsan_004818,DKSR20001168_2,11,2.16,0.13168860362643026,0.41724537037037035,0.0
val,ulsan_011020,DKSR20001608_1,13,2.79,0.16486379898079462,0.4793010752688172,0.0
val,ulsan_013915,DKSR20001031_1,27,4.28,0.14064220393689875,0.2879283489096573,0.0
val,ulsan_001549,DKSR20001131_1,36,3.44,0.15692928624089156,0.18576792635658915,0.0
val,ulsan_025016,DKSR20000973_1,47,7.15,0.12834972112193732,0.256451048951049,0.0
val,ulsan_009775,DKSR20001536_1,32,3.54,0.1818006887976302,0.17084510357815444,0.0
val,ulsan_016792,DKSR20001240_2,20,3.28,0.09635886172309308,0.5254065040650406,0.0
val,ulsan_024440,DKSR20000963_2,16,2.44,0.14094144110689058,0.22950819672131148,0.0
val,ulsan_011544,DKSR20001610_1,15,2.23,0.13559242722656378,0.3039050822122571,0.0
val,ulsan_007960,DKSR20001352_2,23,2.46,0.12321371451022908,0.24192073170731707,0.0
val,ulsan_013440,DKSR20001677_1,29,4.19,0.16519786377413603,0.2940433571996818,0.0
val,ulsan_017183,DKSR20001241_2,26,4.67,0.18656323769862604,0.22453604568165597,0.0
val,ulsan_020603,DKSR20001512_1,24,3.13,0.12001492266586608,0.22137912673056442,0.0
val,ulsan_019954,DKSR20001509_1,35,5.65,0.10503427720201955,0.1988716814159292,0.0
val,ulsan_001275,DKSR20001094_2,27,4.520083333333333,0.14848187773695115,0.34462860198005196,0.0
val,ulsan_001849,DKSR20001132_2,25,2.75,0.10323252017335534,0.2141818181818182,0.0
val,ulsan_012387,DKSR20001618_1,36,4.36,0.13946417336469577,0.15196865443425076,0.0
val,ulsan_009012,DKSR20001476_2,44,5.98,0.12635375072278424,0.24710841694537347,0.0
val,ulsan_015443,DKSR20001160_2,18,2.69,0.17269699830249396,0.2265179677819083,0.0
val,ulsan_005254,DKSR20001169_1,24,3.59,0.14634883483864194,0.26746750232126276,0.0
val,ulsan_010390,DKSR20001593_1,17,4.1,0.10461691303356596,0.5361382113821138,0.0
val,ulsan_000553,DKSR20000954_2,3,0.98,0.22478436842722607,0.3176445578231292,0.0
val,ulsan_001592,DKSR20001131_1,11,2.69,0.1641605150364078,0.4340923172242875,0.0
val,ulsan_022886,DKSR20001571_1,32,5.21,0.12665571246082757,0.30495841330774154,0.0
val,ulsan_025817,DKSR20001157_1,30,3.22,0.10445754569535964,0.20442546583850932,0.0
val,ulsan_021188,DKSR20001533_2,48,9.03,0.11559753967946623,0.3252768549280177,0.0
val,ulsan_017434,DKSR20001287_1,39,6.06,0.13351871892873202,0.24033278327832783,0.0
val,ulsan_009972,DKSR20001592_1,39,5.86,0.16828896900538445,0.3535196245733788,0.0
val,ulsan_011047,DKSR20001609_2,16,2.46,0.14475854517388687,0.3162262872628726,0.0
val,ulsan_004695,DKSR20001168_2,55,4.55,0.10349271903781582,0.2239010989010989,0.0
val,ulsan_026236,DKSR20000975_1,44,4.41,0.16393580653203452,0.28199168556311416,0.0
val,ulsan_002109,DKSR20001132_1,21,3.83,0.14593564349275384,0.27157310704960835,0.0
val,ulsan_026527,DKSR20001158_2,4,2.39,0.10523496071976932,0.679550209205021,0.0
val,ulsan_017618,DKSR20001288_2,17,2.26,0.1939695201626228,0.37476032448377583,0.0
val,ulsan_007413,DKSR20001348_2,13,1.54,0.16057110942356562,0.4336038961038961,0.0
val,ulsan_014048,DKSR20001031_2,5,1.19,0.18478626626864303,0.375875350140056,0.0
val,ulsan_018096,DKSR20001336_2,27,3.55,0.1826180552249639,0.17409624413145539,0.0
val,ulsan_008077,DKSR20001353_2,59,6.37,0.1420937021244383,0.10697933019361591,0.0
val,ulsan_018769,DKSR20001388_1,64,10.31,0.1193100306698437,0.28506708697057875,0.0
val,ulsan_020960,DKSR20001532_2,32,5.55,0.06206091396646705,0.3434234234234234,0.0
val,ulsan_006839,DKSR20001286_2,32,2.83,0.17461561841004564,0.15198763250883393,0.0
val,ulsan_015087,DKSR20001159_1,42,5.49,0.16327339684961967,0.14064207650273225,0.0
val,ulsan_005193,DKSR20001169_2,3,1.11,0.1037529238044042,0.5928678678678678,0.0
val,ulsan_025454,DKSR20000974_2,25,4.07,0.1725186436671529,0.23216625716625716,0.0
val,ulsan_019685,DKSR20001508_1,27,3.3,0.15763017664233225,0.08953282828282828,0.0
val,ulsan_009017,DKSR20001476_2,46,7.07,0.11015332396270175,0.39143682225365395,0.0
val,ulsan_003991,DKSR20001165_2,11,2.78,0.11443146224613408,0.4425509592326139,0.0
val,ulsan_000371,DKSR20000953_2,28,4.73,0.15931754521363717,0.08090204369274137,0.0
val,ulsan_023208,DKSR20000956_1,26,4.2,0.22154525236510988,0.14557539682539683,0.0
val,ulsan_015542,DKSR20001160_1,17,2.65,0.10725772583839692,0.42518867924528303,0.0
val,ulsan_012374,DKSR20001618_1,24,2.94,0.1321043477283831,0.24726473922902495,0.0
val,ulsan_001596,DKSR20001131_1,26,4.47,0.14271976959117416,0.2897837434750186,0.0
val,ulsan_018139,DKSR20001336_1,25,3.73,0.15550419548465158,0.2940907059874888,0.0
val,ulsan_016903,DKSR20001240_2,29,3.31,0.08276589983885946,0.24322759315206446,0.0
val,ulsan_023176,DKSR20000956_1,22,5.43,0.13777815153981124,0.42992633517495393,0.0
val,ulsan_001284,DKSR20001094_1,7,1.93,0.17954590689003913,0.19851036269430053,0.0
val,ulsan_005644,DKSR20001278_2,31,3.8,0.1750764978908211,0.15950657894736842,0.0
val,ulsan_012430,DKSR20001649_1,22,4.92,0.10536507001423447,0.4523119918699187,0.0
val,ulsan_023205,DKSR20000956_1,13,1.53,0.2033318338665002,0.20068082788671024,0.0
val,ulsan_022770,DKSR20001571_1,16,3.1,0.16833704503857716,0.1384005376344086,0.0
val,ulsan_010211,DKSR20001593_2,55,7.29,0.1505024081597763,0.3273891175125743,0.0
val,ulsan_018613,DKSR20001386_1,72,9.790083333333333,0.13348990035289468,0.27458057047522577,0.0
val,ulsan_003415,DKSR20001147_2,15,3.25,0.15803659932776765,0.3482692307692308,0.0
val,ulsan_009227,DKSR20001487_1,15,3.91,0.12817068243725332,0.4666986359761296,0.0
val,ulsan_021236,DKSR20001534_1,48,8.55,0.13277870470202618,0.2650925925925926,0.0
val,ulsan_024520,DKSR20000963_1,23,3.95,0.13283136740111104,0.29796413502109703,0.0
val,ulsan_000796,DKSR20000959_1,48,6.44,0.1173753270005023,0.330175983436853,0.0
val,ulsan_012733,DKSR20001650_2,31,5.93,0.07781121398389161,0.5128091624508151,0.0
val,ulsan_015113,DKSR20001159_1,20,3.55,0.1287822571528983,0.3386619718309859,0.0
val,ulsan_004462,DKSR20001167_1,11,1.73,0.1833476665280282,0.28171965317919073,0.0
val,ulsan_015475,DKSR20001160_1,6,2.44,0.1389681451456441,0.6228142076502732,0.0
val,ulsan_011013,DKSR20001608_1,13,2.8,0.16063763095543454,0.31888392857142855,0.0
val,ulsan_002337,DKSR20001144_2,26,4.36,0.1604444667192249,0.2807052752293578,0.0
val,ulsan_021067,DKSR20001533_1,9,2.21,0.19129925161239603,0.26038838612368026,0.0
val,ulsan_006992,DKSR20001300_2,41,8.42,0.06051739533442609,0.3765785827395091,0.0
val,ulsan_017674,DKSR20001288_1,20,2.11,0.198993758456123,0.2810624012638231,0.0
val,ulsan_021343,DKSR20001534_2,48,8.22,0.09330623093925652,0.35417173560421733,0.0
val,ulsan_017225,DKSR20001241_1,17,2.47,0.06967049799126444,0.2850539811066127,0.0
val,ulsan_014826,DKSR20001033_1,45,4.73,0.12414622600019322,0.23208245243128964,0.0
val,ulsan_013230,DKSR20001677_1,13,2.07,0.15195026750846458,0.34863123993558776,0.0
val,ulsan_000250,DKSR20000953_1,16,1.9,0.21397052934208563,0.13278508771929826,0.0
val,ulsan_014144,DKSR20001031_1,17,3.09,0.11104352101000373,0.3586165048543689,0.0
val,ulsan_021445,DKSR20001537_2,46,5.66,0.0889951888909715,0.21856595995288575,0.0
val,ulsan_012686,DKSR20001650_1,48,4.53,0.18846630889229934,0.1215691685062546,0.0
val,ulsan_017863,DKSR20001288_1,33,4.5,0.06875561974401304,0.3284259259259259,0.0
val,ulsan_022849,DKSR20001571_2,43,6.690083333333333,0.12905957723490427,0.2346570172269902,0.0
val,ulsan_005016,DKSR20001168_1,40,6.56,0.13104887031277476,0.26787982723577236,0.0
val,ulsan_005509,DKSR20001278_2,43,5.45,0.16955956163686492,0.17330275229357797,0.0
val,ulsan_024901,DKSR20000973_2,38,4.05,0.11126634206497948,0.2249485596707819,0.0
val,ulsan_023856,DKSR20000958_2,26,4.18,0.13225633283644916,0.5066387559808613,0.0
val,ulsan_003433,DKSR20001147_1,9,1.58,0.15834160027352986,0.29377637130801687,0.0
val,ulsan_020581,DKSR20001512_1,24,4.62,0.11778136641810849,0.403968253968254,0.0
val,ulsan_003183,DKSR20001146_1,32,3.68,0.1347312320380765,0.14762228260869564,0.0
val,ulsan_018462,DKSR20001380_1,18,2.55,0.17101032923312057,0.3902124183006536,0.0
val,ulsan_009640,DKSR20001536_1,44,5.34,0.17418000697008826,0.1624063670411985,0.0
val,ulsan_023999,DKSR20000958_2,38,5.76,0.12886267477693453,0.3447410300925926,0.0
val,ulsan_003616,DKSR20001149_2,65,7.43,0.11713410422636557,0.32081090174966354,0.0
val,ulsan_003319,DKSR20001147_2,16,4.95,0.14567603243834554,0.4442087542087542,0.0
val,ulsan_018905,DKSR20001491_1,45,5.16,0.16397751726917129,0.21352551679586562,0.0
val,ulsan_010276,DKSR20001593_1,58,6.37,0.12944096028331842,0.33823260073260075,0.0
val,ulsan_020121,DKSR20001510_1,38,4.64,0.1614153568598914,0.05794719827586207,0.0
val,ulsan_025511,DKSR20000974_1,31,3.84,0.13015229468856268,0.32388237847222223,0.0
val,ulsan_014139,DKSR20001031_1,20,3.06,0.1575579587138505,0.21868191721132899,0.0
val,ulsan_026284,DKSR20001158_2,13,2.72,0.17445817341364067,0.1217984068627451,0.0
val,ulsan_022154,DKSR20001569_2,48,6.81,0.0840897124593059,0.15613069016152717,0.0
val,ulsan_008841,DKSR20001476_2,42,6.76,0.11514603404611604,0.19771326429980277,0.0
val,ulsan_026476,DKSR20001158_1,32,4.05,0.09646291543298291,0.30112139917695474,0.0
val,ulsan_012614,DKSR20001649_1,26,3.38,0.16165285283929462,0.2662475345167653,0.0
val,ulsan_002414,DKSR20001144_1,3,1.49,0.2026588237172247,0.3959731543624161,0.0
val,ulsan_002804,DKSR20001145_2,22,2.92,0.12771554111058347,0.18785673515981735,0.0
val,ulsan_007041,DKSR20001300_2,10,3.26,0.11141364208298228,0.23679703476482616,0.0
val,ulsan_011618,DKSR20001610_2,37,5.22,0.1248283045473639,0.3997605363984674,0.0
val,ulsan_025206,DKSR20001156_1,51,6.06,0.13989161828266994,0.2095159515951595,0.0
val,ulsan_021257,DKSR20001534_2,42,6.2,0.1211237174373192,0.29868279569892475,0.0
val,ulsan_006453,DKSR20001285_1,49,4.82,0.16273598785330257,0.1660442600276625,0.0
val,ulsan_015844,DKSR20001202_1,43,4.03,0.1815876767380597,0.12021298593879239,0.0
val,ulsan_024736,DKSR20000962_1,24,4.02,0.16658431590686057,0.16066542288557215,0.0
val,ulsan_022413,DKSR20001570_1,16,2.23,0.13015818852457753,0.1851270553064275,0.0
val,ulsan_011902,DKSR20001617_2,54,5.88,0.1464937464018047,0.1480017006802721,0.0
val,ulsan_023720,DKSR20000957_2,42,6.24,0.09786821806435056,0.2358573717948718,0.0
val,ulsan_015570,DKSR20001160_1,33,7.55,0.15294055876178195,0.4019701986754967,0.0
val,ulsan_014445,DKSR20001032_1,15,2.1,0.11479288214619875,0.23107142857142857,0.0
val,ulsan_012612,DKSR20001649_1,19,3.97,0.09012977622755625,0.42985936188077245,0.0
val,ulsan_016558,DKSR20001208_1,39,5.01,0.12538221418557607,0.24152528276779775,0.0
val,ulsan_016338,DKSR20001207_1,7,2.36,0.24781256619664435,0.29198446327683614,0.0
val,ulsan_018766,DKSR20001388_1,50,8.86,0.16944119845349598,0.3244168547780286,0.0
val,ulsan_009718,DKSR20001536_1,23,2.79,0.16763769968696346,0.2419653524492234,0.0
val,ulsan_009208,DKSR20001487_1,21,2.44,0.1033569155530783,0.32226775956284154,0.0
val,ulsan_026635,DKSR20000979_1,39,5.34,0.16238203453713665,0.2479712858926342,0.0
val,ulsan_015492,DKSR20001160_1,38,4.72,0.1669802487283989,0.15908368644067797,0.0
val,ulsan_026545,DKSR20001158_1,21,2.64,0.2145427903381842,0.14019886363636364,0.0
val,ulsan_022976,DKSR20001571_1,39,4.86,0.09360125485992513,0.23098422496570645,0.0
val,ulsan_008462,DKSR20001475_2,7,1.69,0.15318875596170742,0.26094674556213016,0.0
val,ulsan_015682,DKSR20001202_2,18,2.67,0.16399603065406834,0.17044319600499375,0.0
val,ulsan_007062,DKSR20001300_1,11,3.09,0.1427210817569912,0.3157092772384035,0.0
val,ulsan_011036,DKSR20001609_2,15,5.02,0.06781777686689867,0.6343376494023905,0.0
val,ulsan_007141,DKSR20001301_2,47,6.21,0.1554566769627534,0.19013016639828234,0.0
val,ulsan_022104,DKSR20001569_2,17,3.5299583333333335,0.12432914270627131,0.24541130088882068,0.0
val,ulsan_021945,DKSR20001568_1,26,5.11,0.15391134706648102,0.2320450097847358,0.0
val,ulsan_002222,DKSR20001144_2,24,3.17,0.13679324228897471,0.2708070452155626,0.0
val,ulsan_022102,DKSR20001569_2,20,2.84,0.11469477140815935,0.19228286384976526,0.0
val,ulsan_015528,DKSR20001160_1,6,1.59,0.1676705469013962,0.28314989517819705,0.0
val,ulsan_003968,DKSR20001165_1,35,4.29,0.12764164583168394,0.2897824397824398,0.0
val,ulsan_002909,DKSR20001146_2,43,5.1,0.11124276976463024,0.25055555555555553,0.0
val,ulsan_003994,DKSR20001165_2,23,3.68,0.13264051731707774,0.3453011775362319,0.0
val,ulsan_008692,DKSR20001475_1,21,2.91,0.18319981745224492,0.16111111111111112,0.0
val,ulsan_015202,DKSR20001159_1,31,5.21,0.13510437180322066,0.18059820857325656,0.0
val,ulsan_003680,DKSR20001149_1,35,4.65,0.12516112538206448,0.3128763440860215,0.0
val,ulsan_013590,DKSR20001715_2,17,2.86,0.11351837947745329,0.3627039627039627,0.0
val,ulsan_007214,DKSR20001301_1,18,2.72,0.16590675960097337,0.33753063725490196,0.0
val,ulsan_019928,DKSR20001509_2,24,4.1,0.14731948195733735,0.40022357723577234,0.0
val,ulsan_026026,DKSR20001157_1,5,1.03,0.16556277638083122,0.36460355987055015,0.0
val,ulsan_021725,DKSR20001568_1,32,4.48,0.13443642134730258,0.20167410714285713,0.0
val,ulsan_021018,DKSR20001532_1,35,5.89,0.1059600990932261,0.3530772495755518,0.0
val,ulsan_011159,DKSR20001609_1,27,4.66,0.15436918286163243,0.27258583690987126,0.0
val,ulsan_012186,DKSR20001618_1,15,2.17,0.19144791883763707,0.18026113671274963,0.0
val,ulsan_009695,DKSR20001536_2,26,4.46,0.15738695901356486,0.19375,0.0
val,ulsan_013257,DKSR20001677_2,6,1.66,0.12486793334809099,0.33918172690763054,0.0
val,ulsan_008324,DKSR20001413_2,32,5.1,0.13653557138535408,0.4425571895424837,0.0
val,ulsan_005094,DKSR20001169_1,22,2.71,0.1147909191576263,0.35021525215252153,0.0
val,ulsan_018238,DKSR20001380_1,30,3.45,0.1546643705683661,0.2316062801932367,0.0
val,ulsan_017457,DKSR20001287_2,22,3.32,0.09805837710758913,0.3992218875502008,0.0
val,ulsan_001468,DKSR20001094_2,21,3.67,0.17310565524736019,0.19624205267938238,0.0
val,ulsan_004500,DKSR20001167_2,40,5.65,0.08678145329637392,0.2548008849557522,0.0
val,ulsan_016226,DKSR20001206_1,20,6.44,0.0965029525503082,0.6424301242236025,0.0
val,ulsan_018198,DKSR20001380_1,12,4.02,0.11552452180235302,0.6196932006633499,0.0
val,ulsan_007020,DKSR20001300_1,18,2.03,0.2027122644183482,0.19503284072249588,0.0
val,ulsan_009537,DKSR20001535_2,32,3.78,0.19795561439211995,0.13482142857142856,0.0
val,ulsan_004861,DKSR20001168_2,45,5.4,0.13751761514206784,0.18698302469135802,0.0
val,ulsan_013439,DKSR20001677_1,12,3.48,0.15331957045543243,0.48490181992337167,0.0
val,ulsan_002224,DKSR20001144_2,6,1.56,0.11100910987588487,0.45691773504273503,0.0
val,ulsan_007852,DKSR20001352_1,58,6.87,0.1262136697113586,0.17078481319747696,0.0
val,ulsan_014162,DKSR20001031_2,39,5.49,0.15015875214608038,0.19161353976927747,0.0
val,ulsan_022127,DKSR20001569_1,6,2.16,0.13260967491895045,0.16712962962962963,0.0
val,ulsan_013154,DKSR20001651_1,28,3.94,0.09240185805514395,0.2807846869712352,0.0
val,ulsan_010093,DKSR20001592_1,30,4.93,0.13703222160003126,0.29639114266396216,0.0
val,ulsan_010367,DKSR20001593_1,27,3.45,0.1386711747153581,0.2683816425120773,0.0
val,ulsan_017839,DKSR20001288_2,33,4.38,0.1712909519074749,0.27680745814307456,0.0
val,ulsan_019970,DKSR20001509_2,26,4.25,0.18511349301936406,0.08637254901960785,0.0
val,ulsan_007522,DKSR20001348_2,26,5.79,0.1213824066866046,0.40728986758779506,0.0
val,ulsan_017108,DKSR20001241_1,23,3.63,0.15727218144876218,0.2551423324150597,0.0
val,ulsan_002468,DKSR20001144_2,16,3.18,0.11603776094376377,0.17840670859538785,0.0
val,ulsan_021953,DKSR20001568_1,33,4.43,0.16746565725006637,0.13336155003762226,0.0
val,ulsan_005498,DKSR20001278_1,36,4.36,0.08882270093338154,0.2793960244648318,0.0
val,ulsan_014592,DKSR20001032_1,15,3.45,0.14553005195573704,0.2644565217391304,0.0
val,ulsan_005414,DKSR20001278_2,37,5.11,0.07344627895320234,0.28305609915198954,0.0
val,ulsan_004498,DKSR20001167_2,42,5.24,0.1224873952038893,0.1677719465648855,0.0
val,ulsan_006414,DKSR20001285_1,16,2.93,0.16600725273384817,0.3832906712172924,0.0
val,ulsan_000437,DKSR20000954_1,52,7.29,0.16637525605089593,0.11550068587105625,0.0
val,ulsan_001842,DKSR20001132_2,29,2.71,0.1444982384357179,0.24034440344403443,0.0
val,ulsan_026056,DKSR20000975_2,10,3.45,0.08676889452372885,0.461243961352657,0.0
val,ulsan_022283,DKSR20001569_2,8,1.75,0.151512335393551,0.189,0.0
val,ulsan_009181,DKSR20001487_1,21,2.22,0.10564932324566768,0.3209834834834835,0.0
val,ulsan_023599,DKSR20000955_2,15,3.14,0.16912368354840734,0.3137075371549894,0.0
val,ulsan_003743,DKSR20001149_2,51,6.85,0.11215104188981445,0.461514598540146,0.0
val,ulsan_021638,DKSR20001537_2,33,4.68,0.11056401042555279,0.24488960113960115,0.0
val,ulsan_014484,DKSR20001032_2,27,3.44,0.12348943120140661,0.28322432170542633,0.0
val,ulsan_012024,DKSR20001617_1,28,5.01,0.2289681323983648,0.2354956753160346,0.0
val,ulsan_020241,DKSR20001510_1,38,6.45,0.10844182109021719,0.17146640826873386,0.0
val,ulsan_011779,DKSR20001611_2,53,5.240083333333334,0.1700612058199316,0.16438987929581272,0.0
val,ulsan_020295,DKSR20001511_1,46,6.86,0.1681839086401352,0.1526603498542274,0.0
val,ulsan_008075,DKSR20001353_2,25,3.91,0.12582550377075047,0.17991261722080137,0.0
val,ulsan_001390,DKSR20001094_1,8,1.7,0.1582426392367093,0.4367156862745098,0.0
val,ulsan_007081,DKSR20001300_1,37,5.72,0.1005086716537832,0.32855477855477855,0.0
val,ulsan_019059,DKSR20001491_2,24,3.44,0.15077021175807706,0.24098837209302326,0.0
val,ulsan_024017,DKSR20000958_2,40,8.57,0.12485458695641785,0.4355017502917153,0.0
val,ulsan_022968,DKSR20001571_1,16,2.01,0.13908404185795836,0.2054933665008292,0.0
val,ulsan_003240,DKSR20001146_2,48,6.04,0.14086599871719446,0.21843956953642385,0.0
val,ulsan_009021,DKSR20001487_2,8,1.75,0.1783967767316078,0.2287142857142857,0.0
val,ulsan_009082,DKSR20001487_1,34,4.93,0.1242248594003949,0.34631507775524,0.0
val,ulsan_021246,DKSR20001534_1,37,5.55,0.11482634250008944,0.2836786786786787,0.0
val,ulsan_025704,DKSR20001157_1,3,1.05,0.18715151272678018,0.18214285714285713,0.0
val,ulsan_017641,DKSR20001288_2,21,2.68,0.1436678335618485,0.3462842039800995,0.0
val,ulsan_019221,DKSR20001507_1,37,5.13,0.1115548756001316,0.13089668615984407,0.0
val,ulsan_011453,DKSR20001610_1,16,2.23,0.10808458828040024,0.37133781763826607,0.0
val,ulsan_020302,DKSR20001511_1,30,5.76,0.14505492317592839,0.48430989583333334,0.0
val,ulsan_021880,DKSR20001568_1,5,1.69,0.13241268781866838,0.4976331360946746,0.0
test,ulsan_010031,DKSR20001592_1,22,3.49,0.12125325133253453,0.41226122254059216,0.0
test,ulsan_004112,DKSR20001166_2,24,3.77,0.1525021252419066,0.2745579133510168,0.0
test,ulsan_018867,DKSR20001491_1,39,6.56,0.13658959980233584,0.3501969004065041,0.0
test,ulsan_005604,DKSR20001278_2,27,3.1,0.23462455201958818,0.14303763440860215,0.0
test,ulsan_026145,DKSR20000975_2,34,5.01,0.11465644913202241,0.2328675981370592,0.0
test,ulsan_009910,DKSR20001536_1,19,2.6,0.17235449081074714,0.3869871794871795,0.0
test,ulsan_004712,DKSR20001168_2,48,5.39,0.1462924362716878,0.17565708101422386,0.0
test,ulsan_027423,DKSR20001204_1,26,4.61,0.09490672312174836,0.22520788141720896,0.0
test,ulsan_000628,DKSR20000954_1,25,3.07,0.14175890202875494,0.17096905537459284,0.0
test,ulsan_017650,DKSR20001288_1,4,1.08,0.10284850441064401,0.5187885802469135,0.0
test,ulsan_004032,DKSR20001165_1,54,6.41,0.13211138078193188,0.3313052522100884,0.0
test,ulsan_008868,DKSR20001476_1,9,2.45,0.0786433465061744,0.44574829931972787,0.0
test,ulsan_022559,DKSR20001570_1,15,2.56,0.17374494017796824,0.11839192708333333,0.0
test,ulsan_007166,DKSR20001301_1,47,7.26,0.09743654680669793,0.21658631772268136,0.0
test,ulsan_018499,DKSR20001380_1,16,3.69,0.08229489603016506,0.5823509485094851,0.0
test,ulsan_007579,DKSR20001351_2,19,3.37,0.2067952002232196,0.15527942631058358,0.0
test,ulsan_007703,DKSR20001351_1,55,7.43,0.12918205099761768,0.264014131897712,0.0
test,ulsan_005232,DKSR20001169_1,25,2.93,0.1397875286164977,0.18983219567690557,0.0
test,ulsan_019389,DKSR20001507_2,34,5.43,0.11877873094661899,0.28908072437077964,0.0
test,ulsan_004015,DKSR20001165_2,27,4.62,0.10369049987000166,0.4243416305916306,0.0
test,ulsan_010230,DKSR20001593_2,34,3.4,0.1567454642341902,0.26941176470588235,0.0
test,ulsan_020145,DKSR20001510_2,47,5.76,0.06891080878438764,0.2827690972222222,0.0
test,ulsan_016757,DKSR20001208_2,34,4.32,0.15352819159575773,0.24898726851851852,0.0
test,ulsan_013409,DKSR20001677_1,23,2.97,0.17578082424835303,0.1973625140291807,0.0
test,ulsan_004398,DKSR20001167_2,38,5.16,0.0703801857410018,0.40939114987080105,0.0
test,ulsan_019773,DKSR20001509_1,17,5.92,0.08794662221330639,0.4307643581081081,0.0
test,ulsan_004947,DKSR20001168_2,6,1.67,0.1460580385077642,0.4153942115768463,0.0
test,ulsan_012171,DKSR20001618_1,20,3.04,0.13022176924246937,0.1524122807017544,0.0
test,ulsan_007968,DKSR20001352_2,84,8.45,0.10801302287841147,0.2175197238658777,0.0
test,ulsan_019815,DKSR20001509_2,32,6.14,0.12288096714837748,0.26463762214983716,0.0
test,ulsan_014518,DKSR20001032_1,30,3.82,0.15091339563810266,0.1631435427574171,0.0
test,ulsan_006639,DKSR20001286_2,32,4.46,0.13187486330542475,0.2526065022421525,0.0
test,ulsan_008102,DKSR20001353_2,61,6.84,0.14637695962388222,0.15256457115009747,0.0
test,ulsan_017903,DKSR20001288_1,30,4.41,0.12109064385640221,0.33189720332577477,0.0
test,ulsan_011980,DKSR20001617_2,26,3.57,0.16688338520980647,0.1779295051353875,0.0
test,ulsan_022702,DKSR20001570_1,15,3.46,0.1256794932121726,0.19944605009633912,0.0
test,ulsan_014132,DKSR20001031_1,23,2.55,0.11613020160402537,0.3145424836601307,0.0
test,ulsan_023252,DKSR20000956_2,18,1.72,0.15774621906023095,0.2552083333333333,0.0
test,ulsan_023816,DKSR20000957_1,39,6.71,0.14533451406417142,0.2874192747143567,0.0
test,ulsan_013081,DKSR20001651_1,60,6.43,0.10910380558054661,0.2630443234836703,0.0
test,ulsan_007470,DKSR20001348_1,29,6.27,0.16751295182209205,0.45065124933545986,0.0
test,ulsan_017033,DKSR20001240_2,39,3.92,0.19060673531209554,0.1288265306122449,0.0
test,ulsan_007756,DKSR20001351_2,47,5.52,0.18686949084919804,0.1179423309178744,0.0
test,ulsan_011551,DKSR20001610_1,13,1.52,0.13203096061487468,0.3494791666666667,0.0
test,ulsan_002325,DKSR20001144_2,4,2.93,0.09022696073053454,0.6515500568828214,0.0
test,ulsan_014380,DKSR20001032_2,16,1.97,0.11569517940328948,0.30700084602368866,0.0
test,ulsan_010985,DKSR20001608_2,32,4.55,0.11663829758602048,0.37032967032967035,0.0
test,ulsan_027612,DKSR20001204_2,42,5.76,0.15856996888080707,0.2033347800925926,0.0
test,ulsan_008684,DKSR20001475_1,48,7.23,0.1654690562327288,0.11717957584140157,0.0
test,ulsan_005313,DKSR20001169_1,9,2.39,0.11825550915680756,0.4046896792189679,0.0
test,ulsan_015957,DKSR20001206_1,29,4.200083333333334,0.19893160013623923,0.224122537251245,0.0
test,ulsan_016539,DKSR20001208_2,34,6.34,0.1582387869038951,0.24320452155625658,0.0
test,ulsan_025054,DKSR20000973_1,14,2.58,0.14128282787889526,0.2831072351421189,0.0
test,ulsan_027184,DKSR20000980_2,36,3.84,0.10957833379219571,0.23811848958333334,0.0
test,ulsan_026774,DKSR20000979_1,34,4.45,0.1928501483044462,0.1079307116104869,0.0
test,ulsan_019957,DKSR20001509_1,18,3.15,0.1707092446451716,0.1378174603174603,0.0
test,ulsan_021628,DKSR20001537_2,13,2.14,0.20465134161005968,0.19834501557632397,0.0
test,ulsan_012568,DKSR20001649_1,20,3.4,0.11229595986611032,0.3028921568627451,0.0
test,ulsan_015223,DKSR20001159_1,26,2.62,0.1716367625868032,0.13085241730279898,0.0
test,ulsan_008258,DKSR20001413_2,12,2.88,0.10315029268138237,0.6467592592592593,0.0
test,ulsan_006721,DKSR20001286_2,17,2.42,0.12364088456284637,0.2753615702479339,0.0
test,ulsan_007414,DKSR20001348_1,28,5.75,0.09026912530732972,0.6027028985507247,0.0
test,ulsan_016294,DKSR20001207_1,45,4.71,0.1462303875722315,0.2296797593772116,0.0
test,ulsan_024086,DKSR20000961_2,25,2.78,0.14001309860258188,0.18304856115107915,0.0
test,ulsan_015515,DKSR20001160_2,33,3.94,0.16625749587424235,0.14388747884940778,0.0
test,ulsan_013469,DKSR20001677_2,23,3.06,0.13849835352303005,0.21089324618736383,0.0
test,ulsan_027521,DKSR20001204_2,78,9.0,0.06940588205583934,0.26875925925925925,0.0
test,ulsan_001873,DKSR20001132_1,18,3.0,0.1663042174899632,0.25995833333333335,0.0
test,ulsan_008835,DKSR20001476_2,51,4.65,0.08053275889132028,0.23405017921146953,0.0
test,ulsan_008817,DKSR20001476_2,53,6.17,0.1312219177077656,0.20228254997298759,0.0
test,ulsan_024011,DKSR20000958_1,40,6.36,0.15602636527825633,0.2677148846960168,0.0
test,ulsan_017009,DKSR20001240_1,23,4.21,0.16322743032746512,0.24581353919239904,0.0
test,ulsan_023814,DKSR20000957_1,34,4.81,0.15512814994165638,0.1838011088011088,0.0
test,ulsan_027622,DKSR20001204_2,32,3.61,0.1569795684126095,0.18979686057248385,0.0
test,ulsan_016825,DKSR20001240_1,28,3.78,0.10633679487513446,0.28606701940035273,0.0
test,ulsan_012384,DKSR20001618_1,31,3.8499583333333334,0.14145838257074753,0.22802194828948366,0.0
test,ulsan_010096,DKSR20001592_1,43,6.21,0.11516322102068345,0.4466921631776704,0.0
test,ulsan_013472,DKSR20001677_2,22,3.11,0.11970491724219665,0.2702438370846731,0.0
test,ulsan_014040,DKSR20001031_1,23,3.4,0.13587408853553717,0.23731617647058822,0.0
test,ulsan_005970,DKSR20001284_2,16,4.23,0.09409702421926468,0.5012115839243498,0.0
test,ulsan_025460,DKSR20000974_2,39,5.8,0.15851091789745783,0.26251436781609194,0.0
test,ulsan_000033,DKSR20000953_1,18,2.73,0.23160323816673214,0.12858669108669107,0.0
test,ulsan_018557,DKSR20001386_2,32,5.26,0.15744181606758478,0.26962135614702154,0.0
test,ulsan_015123,DKSR20001159_2,29,4.979958333333333,0.1806985620689715,0.19407792903220408,0.0
test,ulsan_017809,DKSR20001288_1,45,5.16,0.13799550363825613,0.2834867571059432,0.0
test,ulsan_009872,DKSR20001536_1,37,4.79,0.19904559992701715,0.1707811412665275,0.0
test,ulsan_021384,DKSR20001534_1,52,8.53,0.132352545796033,0.2862495115279406,0.0
test,ulsan_019529,DKSR20001508_1,22,3.12,0.12883002496981266,0.2143028846153846,0.0
test,ulsan_018124,DKSR20001336_1,7,1.66,0.16252541382344338,0.3636546184738956,0.0
test,ulsan_015271,DKSR20001159_1,63,6.98,0.13589487677276718,0.16014804202483285,0.0
test,ulsan_023993,DKSR20000958_1,17,4.93,0.1929392734393987,0.4664638269100744,0.0
test,ulsan_023937,DKSR20000958_2,26,5.6,0.15286167256628955,0.46673363095238096,0.0
test,ulsan_026973,DKSR20001203_1,19,2.62,0.1946812125756179,0.14375,0.0
test,ulsan_018866,DKSR20001491_1,13,1.73,0.21798481659934077,0.3201348747591522,0.0
test,ulsan_012085,DKSR20001617_1,20,3.21,0.13776624185777292,0.4143951194184839,0.0
test,ulsan_003602,DKSR20001149_1,60,9.56,0.12367497986654662,0.4268261854951185,0.0
test,ulsan_013506,DKSR20001677_2,31,4.18,0.11869107195601944,0.3033393141945773,0.0
test,ulsan_007450,DKSR20001348_1,21,2.88,0.14298056795300587,0.404296875,0.0
test,ulsan_016765,DKSR20001208_2,26,4.76,0.1965859632836508,0.19900210084033612,0.0
test,ulsan_024303,DKSR20000963_2,29,4.29,0.1445480419198322,0.28626651126651126,0.0
test,ulsan_000503,DKSR20000954_2,13,2.15,0.11472041024737571,0.2411046511627907,0.0
test,ulsan_017960,DKSR20001336_2,36,4.41,0.1934917139636467,0.059278155706727134,0.0
test,ulsan_004318,DKSR20001166_1,37,5.78,0.11959971645409892,0.3677191464821223,0.0
test,ulsan_018002,DKSR20001336_1,28,5.0,0.14468612589035143,0.3322,0.0
test,ulsan_017396,DKSR20001287_1,26,2.21,0.18322096149576442,0.24294871794871795,0.0
test,ulsan_007944,DKSR20001352_2,26,4.51,0.1718549032769127,0.1813470066518847,0.0
test,ulsan_017987,DKSR20001336_2,31,5.58,0.17488105842835017,0.1638515531660693,0.0
test,ulsan_014867,DKSR20001033_2,13,1.5,0.16235298564484985,0.14983333333333335,0.0
test,ulsan_011736,DKSR20001611_2,14,2.24,0.21384448866500902,0.181640625,0.0
test,ulsan_002020,DKSR20001132_1,14,3.04,0.1521026376389291,0.2694764254385965,0.0
test,ulsan_004191,DKSR20001166_2,19,4.22,0.13809604492266814,0.2397413112164297,0.0
test,ulsan_022960,DKSR20001571_1,19,3.23,0.09244380251686564,0.27280701754385966,0.0
test,ulsan_009058,DKSR20001487_1,23,5.75,0.1279909596208814,0.46555072463768116,0.0
test,ulsan_004932,DKSR20001168_1,40,6.12,0.11533148296895383,0.33139297385620914,0.0
test,ulsan_014878,DKSR20001033_2,6,1.43,0.15391097684401192,0.3421911421911422,0.0
test,ulsan_025242,DKSR20001156_1,20,3.36,0.16684740547516605,0.28423859126984125,0.0
test,ulsan_005652,DKSR20001278_1,16,3.36,0.15966172581518598,0.2635416666666667,0.0
test,ulsan_019986,DKSR20001510_2,14,2.8,0.13319370615958234,0.2851190476190476,0.0
test,ulsan_016470,DKSR20001207_2,30,3.35,0.21512569419941255,0.2512437810945274,0.0
test,ulsan_015366,DKSR20001160_1,22,3.52,0.21708166948160554,0.09096827651515152,0.0
test,ulsan_023995,DKSR20000958_2,23,6.74,0.10727512166175406,0.562370178041543,0.0
test,ulsan_025057,DKSR20000973_1,20,2.55,0.13101754052162504,0.34844771241830064,0.0
test,ulsan_013923,DKSR20001031_2,16,1.95,0.1624422159217096,0.17982905982905983,0.0
test,ulsan_013688,DKSR20001715_1,42,6.83,0.17507702391042718,0.3024219131283553,0.0
test,ulsan_006698,DKSR20001286_1,15,1.76,0.1694207928490491,0.3026278409090909,0.0
test,ulsan_026368,DKSR20001158_2,15,1.94,0.22332888910327897,0.09937714776632302,0.0
test,ulsan_026601,DKSR20000979_2,52,7.65,0.07959582322102673,0.2898910675381264,0.0
test,ulsan_017386,DKSR20001287_2,41,4.66,0.13075407120535615,0.18670422031473533,0.0
test,ulsan_003730,DKSR20001149_1,63,8.01,0.1433159883688942,0.3465823970037453,0.0
test,ulsan_004374,DKSR20001167_1,22,3.84,0.1440135622373722,0.4270073784722222,0.0
test,ulsan_025671,DKSR20000974_2,34,5.930083333333333,0.16171953944240716,0.25575104340860866,0.0
test,ulsan_011481,DKSR20001610_2,29,4.08,0.10817542552792551,0.2926266339869281,0.0
test,ulsan_007951,DKSR20001352_2,17,2.02,0.1546795242168333,0.18935643564356436,0.0
test,ulsan_012323,DKSR20001618_1,6,1.37,0.1932489146199079,0.2155109489051095,0.0
test,ulsan_011184,DKSR20001609_1,13,3.22,0.2034388587194984,0.4476966873706004,0.0
test,ulsan_027246,DKSR20000980_1,20,4.06,0.18406879061187334,0.2448173234811166,0.0
test,ulsan_011922,DKSR20001617_2,22,3.45,0.15678533665404257,0.1686473429951691,0.0
test,ulsan_015815,DKSR20001202_2,62,7.06,0.13430497019496263,0.14286473087818696,0.0
test,ulsan_010319,DKSR20001593_1,24,3.1,0.1616685885250787,0.21125,0.0
test,ulsan_004407,DKSR20001167_2,25,5.69,0.07977822192521407,0.43387521968365556,0.0
test,ulsan_013059,DKSR20001651_1,23,3.98,0.07203788964116895,0.4383375209380235,0.0
test,ulsan_004186,DKSR20001166_1,28,6.31,0.1051931071898681,0.4500198098256735,0.0
test,ulsan_014362,DKSR20001032_1,10,2.43,0.16253188381922512,0.33724279835390947,0.0
test,ulsan_013296,DKSR20001677_1,3,0.96,0.1427704958511186,0.5416666666666666,0.0
test,ulsan_005057,DKSR20001169_1,11,1.82,0.13038680342930697,0.3385989010989011,0.0
test,ulsan_002471,DKSR20001144_2,18,3.0700833333333333,0.14794410397972432,0.19527157243288729,0.0
test,ulsan_017598,DKSR20001287_2,14,3.47,0.11768758415352676,0.38940922190201727,0.0
test,ulsan_007216,DKSR20001301_1,72,7.31,0.18020496127212918,0.17812357501139992,0.0
test,ulsan_005577,DKSR20001278_1,9,2.36,0.17275388307879344,0.3434322033898305,0.0
test,ulsan_006371,DKSR20001285_1,34,3.64,0.16154552080394063,0.22860576923076922,0.0
test,ulsan_014830,DKSR20001033_1,16,1.75,0.06624495645565759,0.3303809523809524,0.0
test,ulsan_000819,DKSR20000959_1,34,3.36,0.1801793760627091,0.1644965277777778,0.0
test,ulsan_021897,DKSR20001568_2,33,4.65,0.1302844050774309,0.11483870967741935,0.0
test,ulsan_024070,DKSR20000961_2,44,5.44,0.12484207367785763,0.19667585784313726,0.0
test,ulsan_006814,DKSR20001286_2,44,5.33,0.10221487411064754,0.28588961851156974,0.0
test,ulsan_003828,DKSR20001165_1,13,2.88,0.14275178829050253,0.4278501157407407,0.0
test,ulsan_013304,DKSR20001677_1,11,1.87,0.14614681524488926,0.325958110516934,0.0
test,ulsan_021789,DKSR20001568_1,20,2.52,0.12094320885963149,0.3158068783068783,0.0
test,ulsan_013650,DKSR20001715_2,17,2.34,0.12378262556227165,0.32530270655270654,0.0
test,ulsan_006938,DKSR20001300_1,47,7.04,0.10161548646596995,0.24086174242424244,0.0
test,ulsan_012221,DKSR20001618_2,24,4.28,0.2482484657825654,0.2530957943925234,0.0
test,ulsan_020978,DKSR20001532_2,35,6.34,0.16686488821616993,0.1706230283911672,0.0
test,ulsan_015547,DKSR20001160_2,17,2.21,0.12435425807239925,0.17598039215686276,0.0
test,ulsan_013433,DKSR20001677_2,24,3.44,0.11555924509279705,0.31752664728682173,0.0
test,ulsan_020487,DKSR20001511_1,38,5.85,0.1612119857519206,0.24638888888888888,0.0
test,ulsan_017980,DKSR20001336_1,14,2.57,0.17745783841687665,0.33649481193255515,0.0
test,ulsan_023561,DKSR20000955_1,22,2.69,0.14104268813028956,0.2448110285006196,0.0
test,ulsan_020612,DKSR20001512_2,42,5.67,0.13530274700421066,0.2499265138154027,0.0
test,ulsan_011996,DKSR20001617_2,51,6.81,0.13759823539534122,0.17695178658835045,0.0
test,ulsan_011390,DKSR20001610_1,13,3.3,0.176621812774644,0.33194444444444443,0.0
test,ulsan_009168,DKSR20001487_1,21,2.98,0.17161221824997844,0.19605704697986578,0.0
test,ulsan_002710,DKSR20001145_2,20,2.59,0.14103872601712653,0.28183719433719434,0.0
test,ulsan_021085,DKSR20001533_1,40,6.55,0.1610383029297145,0.25699745547073793,0.0
test,ulsan_026035,DKSR20001157_1,26,5.58,0.16216096591456067,0.39156959378733575,0.0
test,ulsan_009046,DKSR20001487_1,25,3.85,0.1234765032849408,0.2579437229437229,0.0
test,ulsan_020964,DKSR20001532_2,37,5.24,0.153226938907625,0.1823870865139949,0.0
test,ulsan_023820,DKSR20000957_1,19,6.08,0.11634508194425419,0.4915296052631579,0.0
test,ulsan_024559,DKSR20000962_2,33,5.39,0.10146970157719924,0.29345238095238096,0.0
test,ulsan_023505,DKSR20000955_2,48,4.94,0.14117433849933353,0.23014507422402158,0.0
test,ulsan_023096,DKSR20000956_1,55,7.38,0.13205197926273202,0.1387872628726287,0.0
test,ulsan_008736,DKSR20001476_1,37,5.93,0.11289317662498635,0.29598791455874085,0.0
test,ulsan_005269,DKSR20001169_2,24,3.7,0.12942125662321532,0.2929617117117117,0.0
test,ulsan_019498,DKSR20001508_2,14,1.92,0.17930836522345792,0.25950520833333335,0.0
test,ulsan_022945,DKSR20001571_1,28,3.25,0.15418754688517292,0.2377820512820513,0.0
test,ulsan_020408,DKSR20001511_1,43,6.96,0.16013805972891443,0.1958512931034483,0.0
test,ulsan_009434,DKSR20001535_2,24,3.26,0.16254875588259365,0.15545756646216768,0.0
test,ulsan_001409,DKSR20001094_2,16,2.33,0.1740749259740652,0.3265557939914163,0.0
test,ulsan_014290,DKSR20001032_1,45,4.46,0.13538653687753485,0.10256913303437967,0.0
test,ulsan_018858,DKSR20001491_2,27,3.05,0.1492645557801212,0.16480874316939892,0.0
test,ulsan_019332,DKSR20001507_1,29,5.32,0.07580946358031017,0.3274749373433584,0.0
test,ulsan_001334,DKSR20001094_2,29,3.33,0.13869712437464551,0.22716466466466467,0.0
test,ulsan_013758,DKSR20001715_2,44,4.91,0.12914659231505998,0.19379667345553292,0.0
test,ulsan_007544,DKSR20001348_2,30,3.91,0.12327741250202236,0.25985720375106564,0.0
test,ulsan_024957,DKSR20000973_1,16,2.32,0.13588168913530965,0.2750718390804598,0.0
test,ulsan_018249,DKSR20001380_2,16,3.38,0.09994185271634713,0.19493343195266272,0.0
test,ulsan_020083,DKSR20001510_1,31,4.97,0.10755146497699167,0.12411971830985916,0.0
test,ulsan_011970,DKSR20001617_2,50,6.95,0.13999937012750763,0.293878896882494,0.0
test,ulsan_020424,DKSR20001511_1,40,5.72,0.13044858005047502,0.25608974358974357,0.0
test,ulsan_027291,DKSR20000980_2,19,2.05,0.12940703649316676,0.20682926829268292,0.0
test,ulsan_026574,DKSR20001158_1,58,6.7,0.1617568749560256,0.23044776119402985,0.0
test,ulsan_012658,DKSR20001649_1,33,6.47,0.09239954441180166,0.45553194229778465,0.0
test,ulsan_020747,DKSR20001512_2,35,4.57,0.12523882506041545,0.22180889861415026,0.0
test,ulsan_002243,DKSR20001144_2,34,4.84,0.10653068769175443,0.34636707988980714,0.0
test,ulsan_025114,DKSR20001156_2,2,1.0,0.24586033657413936,0.097875,0.0
test,ulsan_024552,DKSR20000962_2,23,3.47,0.13447116372479953,0.3904178674351585,0.0
test,ulsan_015351,DKSR20001159_1,23,3.6,0.16853637635224256,0.1778587962962963,0.0
test,ulsan_007778,DKSR20001352_1,10,2.29,0.24541152494772228,0.21914119359534207,0.0
test,ulsan_015834,DKSR20001202_2,53,5.92,0.1363345754555277,0.16311936936936938,0.0
test,ulsan_003179,DKSR20001146_2,12,2.73,0.12420516470712316,0.6251221001221001,0.0
test,ulsan_022578,DKSR20001570_2,34,4.76,0.1231110742231852,0.2609243697478992,0.0
test,ulsan_004790,DKSR20001168_1,24,3.63,0.1734597838154853,0.2882231404958678,0.0
test,ulsan_014666,DKSR20001033_2,38,5.19,0.13665267626803074,0.24103243416827233,0.0
test,ulsan_014674,DKSR20001033_2,33,3.9,0.10445256482345815,0.4325854700854701,0.0
test,ulsan_003909,DKSR20001165_2,7,2.45,0.132304313576365,0.4114115646258503,0.0
test,ulsan_014256,DKSR20001032_2,6,1.14,0.18600584609863427,0.3904970760233918,0.0
test,ulsan_007835,DKSR20001352_1,35,4.44,0.13952246617780287,0.26168355855855857,0.0
test,ulsan_027261,DKSR20000980_1,27,3.59,0.08825346826075019,0.3245589600742804,0.0
test,ulsan_000875,DKSR20000959_2,21,5.21,0.11570943690608865,0.4081573896353167,0.0
test,ulsan_013200,DKSR20001677_1,13,1.62,0.20646347033395884,0.3650977366255144,0.0
test,ulsan_006137,DKSR20001284_1,25,2.94,0.16566812722015406,0.19155328798185942,0.0
test,ulsan_027195,DKSR20000980_2,53,6.23,0.16156244135084427,0.18651016586409844,0.0
test,ulsan_001523,DKSR20001131_1,20,2.86,0.15131191333467953,0.27017773892773894,0.0
test,ulsan_018934,DKSR20001491_2,36,3.41,0.13347345716492823,0.40597507331378296,0.0
test,ulsan_020914,DKSR20001532_2,11,2.25,0.16809901468349042,0.23437037037037037,0.0
test,ulsan_008492,DKSR20001475_2,41,5.86,0.11768885190451964,0.3112343572241183,0.0
test,ulsan_027384,DKSR20000980_2,36,4.7,0.14441718516310395,0.32728723404255317,0.0
test,ulsan_015789,DKSR20001202_2,40,5.66,0.07108605134135515,0.37146643109540634,0.0
test,ulsan_007812,DKSR20001352_1,64,8.09,0.1454697895177382,0.23550679851668727,0.0
test,ulsan_021620,DKSR20001537_2,49,5.23,0.12571418196402762,0.18513384321223708,0.0
test,ulsan_017367,DKSR20001287_1,49,5.97,0.12322577996596377,0.20384561697375767,0.0
test,ulsan_006709,DKSR20001286_2,33,5.38,0.0799177119776614,0.3498683395291202,0.0
test,ulsan_024105,DKSR20000961_2,23,5.17,0.10478077924640304,0.22533043197936814,0.0
test,ulsan_020991,DKSR20001532_1,38,5.07,0.16319905086786213,0.24697567389875083,0.0
test,ulsan_004596,DKSR20001167_1,54,5.19,0.11942346186853132,0.2970456005138086,0.0
test,ulsan_027295,DKSR20000980_2,47,5.56,0.14152894623994985,0.3253297362110312,0.0
test,ulsan_024093,DKSR20000961_1,24,4.03,0.1842354060821305,0.24986559139784947,0.0
test,ulsan_009250,DKSR20001487_2,19,4.38,0.13612556110261134,0.4095319634703196,0.0
test,ulsan_017299,DKSR20001241_2,41,7.43,0.2036989323213183,0.22419246298788695,0.0
test,ulsan_012794,DKSR20001650_2,33,5.68,0.10893530945790147,0.3407790492957746,0.0
test,ulsan_018303,DKSR20001380_2,21,3.21,0.10765501272732053,0.2773753894080997,0.0
test,ulsan_007028,DKSR20001300_1,30,3.7,0.07988667190887505,0.2674324324324324,0.0
test,ulsan_022893,DKSR20001571_1,29,5.18,0.11127752294062662,0.4834459459459459,0.0
test,ulsan_022836,DKSR20001571_2,26,3.47,0.17201528085210402,0.1895653218059558,0.0
test,ulsan_012311,DKSR20001618_1,52,6.04,0.11183194256458913,0.3373068432671082,0.0
test,ulsan_013178,DKSR20001677_2,15,2.2,0.13624770476344106,0.29363636363636364,0.0
test,ulsan_001202,DKSR20000960_2,37,6.76,0.11210935629808824,0.316056459566075,0.0
test,ulsan_024424,DKSR20000963_2,10,2.01,0.13554999437459092,0.43760364842454397,0.0
test,ulsan_019740,DKSR20001509_2,11,2.85,0.14662457167709048,0.2795175438596491,0.0
test,ulsan_027217,DKSR20000980_1,23,3.13,0.18497011213337536,0.21846379126730564,0.0
test,ulsan_008502,DKSR20001475_2,8,2.01,0.18527479866536467,0.18667081260364843,0.0
test,ulsan_012912,DKSR20001651_2,53,6.95,0.09024316103054582,0.3345863309352518,0.0
test,ulsan_027439,DKSR20001204_2,24,3.38,0.15647873919041333,0.17710798816568046,0.0
test,ulsan_009173,DKSR20001487_1,26,2.88,0.10888187944377513,0.34052372685185184,0.0
test,ulsan_008573,DKSR20001475_1,33,4.09,0.17372511708697355,0.11698247758761206,0.0
test,ulsan_012889,DKSR20001650_1,24,7.84,0.1587517499163173,0.6238892431972789,0.0
test,ulsan_023444,DKSR20000955_1,19,3.53,0.15092954319805263,0.19072237960339944,0.0
test,ulsan_018100,DKSR20001336_2,19,2.46,0.15274797533453788,0.22859078590785908,0.0
test,ulsan_013410,DKSR20001677_1,13,1.44,0.20557896442525195,0.36137152777777776,0.0
test,ulsan_014185,DKSR20001031_1,25,3.14,0.12566003265149478,0.3038880042462845,0.0
test,ulsan_002381,DKSR20001144_2,34,5.29,0.10278903931060678,0.2858538122243226,0.0
test,ulsan_012962,DKSR20001651_1,37,6.05,0.1133838172070547,0.2984986225895317,0.0
test,ulsan_013086,DKSR20001651_1,10,2.44,0.06909404916567904,0.6004952185792349,0.0
test,ulsan_007746,DKSR20001351_1,21,3.47,0.13671755864204366,0.2995196926032661,0.0
test,ulsan_027490,DKSR20001204_1,21,4.83,0.13202307235344626,0.39772256728778466,0.0
test,ulsan_001235,DKSR20001094_2,15,1.53,0.12866634670710955,0.3043300653594771,0.0
test,ulsan_020573,DKSR20001512_1,26,3.07,0.18841399601285713,0.19344462540716612,0.0
test,ulsan_022058,DKSR20001569_2,25,3.88,0.16528760216574506,0.15623926116838488,0.0
test,ulsan_011128,DKSR20001609_2,22,3.08,0.1397392305752489,0.31473214285714285,0.0
test,ulsan_022650,DKSR20001570_1,23,3.22,0.135042227748179,0.13115942028985508,0.0
test,ulsan_014814,DKSR20001033_1,49,3.71,0.1294637596124847,0.09801212938005391,0.0
test,ulsan_004036,DKSR20001165_1,25,4.0,0.1164816690079512,0.35782291666666666,0.0
test,ulsan_015567,DKSR20001160_1,17,4.38,0.10858625800209136,0.5996194824961948,0.0
test,ulsan_018843,DKSR20001388_1,76,10.21,0.1399679656450186,0.2274404178909566,0.0
test,ulsan_008200,DKSR20001413_2,23,4.07,0.1065427208940605,0.5336404586404586,0.0
test,ulsan_001177,DKSR20000960_2,18,6.1,0.1378648578453172,0.5084631147540983,0.0
test,ulsan_022583,DKSR20001570_1,29,4.35,0.10787267556721154,0.17986590038314176,0.0
test,ulsan_015875,DKSR20001202_1,22,3.26,0.19968699840780127,0.18716768916155418,0.0
test,ulsan_009634,DKSR20001536_1,29,3.13,0.1831363967411028,0.27160543130990417,0.0
test,ulsan_004415,DKSR20001167_1,18,2.89,0.13175373582205654,0.4979094579008074,0.0
test,ulsan_021673,DKSR20001537_1,26,3.19,0.18909158383229865,0.21114158829676072,0.0
test,ulsan_024471,DKSR20000963_1,26,3.55,0.14225964446524744,0.2927347417840376,0.0
test,ulsan_006535,DKSR20001285_1,21,3.22,0.19875568873419544,0.21275879917184265,0.0
test,ulsan_022696,DKSR20001570_1,16,3.149958333333333,0.13230896749757212,0.2687337134089075,0.0
test,ulsan_001453,DKSR20001094_1,5,1.4,0.18421707853742647,0.3380952380952381,0.0
test,ulsan_006770,DKSR20001286_1,61,5.47,0.18659217145595497,0.20764777574649604,0.0
test,ulsan_024102,DKSR20000961_1,11,4.49,0.08787038888734962,0.3982368225686711,0.0
test,ulsan_013877,DKSR20001031_1,40,5.18,0.1565248525576218,0.19272039897039897,0.0
test,ulsan_026658,DKSR20000979_2,40,5.7,0.06799882077298308,0.3184283625730994,0.0
test,ulsan_002358,DKSR20001144_2,33,3.68,0.14699685459821568,0.27211277173913045,0.0
test,ulsan_007206,DKSR20001301_1,14,1.69,0.1788074074463033,0.23584812623274162,0.0
test,ulsan_021745,DKSR20001568_2,19,2.93,0.08994842657826412,0.25659840728100114,0.0
test,ulsan_015117,DKSR20001159_1,25,3.75,0.10944480992829385,0.16166666666666665,0.0
test,ulsan_019737,DKSR20001509_2,12,2.75,0.10594467837337795,0.34075757575757576,0.0
test,ulsan_002822,DKSR20001145_2,26,2.96,0.10828635157167098,0.30862894144144143,0.0
test,ulsan_006287,DKSR20001285_2,8,1.99,0.15285944653649955,0.43513400335008373,0.0
test,ulsan_022075,DKSR20001569_1,35,3.61,0.10922924279547166,0.1810364727608495,0.0
test,ulsan_025906,DKSR20001157_2,19,3.11,0.1497005052029925,0.26659967845659166,0.0
test,ulsan_025949,DKSR20001157_1,38,5.76,0.1468917212074498,0.23390480324074073,0.0
test,ulsan_026742,DKSR20000979_1,32,4.65,0.1317544453575585,0.28303763440860213,0.0
test,ulsan_008830,DKSR20001476_2,24,3.67,0.10669642246062724,0.37341053587647594,0.0
test,ulsan_016313,DKSR20001207_1,31,5.96,0.15938396344646338,0.2665687919463087,0.0
test,ulsan_007824,DKSR20001352_1,44,5.03,0.09080178158160007,0.2816931742876077,0.0
test,ulsan_018010,DKSR20001336_1,34,5.22,0.1665661653668057,0.22856002554278415,0.0
test,ulsan_001587,DKSR20001131_2,49,5.16,0.14049122094483463,0.25116279069767444,0.0
test,ulsan_010363,DKSR20001593_1,38,4.63,0.1533739252800293,0.2576223902087833,0.0
test,ulsan_023433,DKSR20000955_1,11,1.74,0.15678599542583344,0.26784003831417624,0.0
test,ulsan_012652,DKSR20001649_2,36,5.670083333333333,0.08019633507576127,0.3758175217883335,0.0
test,ulsan_025282,DKSR20001156_2,21,3.8,0.15108057757706794,0.38466008771929827,0.0
test,ulsan_015193,DKSR20001159_2,6,1.68,0.17752880600114748,0.2941468253968254,0.0
test,ulsan_021224,DKSR20001533_1,66,8.06,0.14228767900456535,0.2092586848635236,0.0
test,ulsan_004518,DKSR20001167_2,9,2.99,0.12382634215746507,0.4390886287625418,0.0
test,ulsan_016934,DKSR20001240_1,36,5.13,0.20286443583316466,0.2381172839506173,0.0
test,ulsan_027652,DKSR20001204_2,10,2.3,0.12541039083136712,0.5323188405797101,0.0
test,ulsan_018415,DKSR20001380_1,14,2.73,0.08498800182862135,0.39990842490842493,0.0
test,ulsan_014151,DKSR20001031_1,32,4.04,0.16340565863472098,0.07982673267326733,0.0
test,ulsan_009221,DKSR20001487_1,35,2.95,0.10996190678343357,0.2902542372881356,0.0
test,ulsan_024673,DKSR20000962_2,5,3.23,0.08529563299178877,0.5921955624355005,0.0
test,ulsan_011255,DKSR20001609_2,43,4.61,0.10863799271757697,0.3576012292118583,0.0
test,ulsan_006276,DKSR20001285_1,16,1.82,0.18030434039908264,0.34304029304029304,0.0
test,ulsan_016084,DKSR20001206_1,32,4.7,0.20790345376381664,0.14750886524822696,0.0
test,ulsan_016052,DKSR20001206_2,36,5.39,0.1727828411900935,0.09021335807050093,0.0
test,ulsan_006708,DKSR20001286_2,22,3.89,0.10842854649640639,0.47510711225364183,0.0
test,ulsan_021589,DKSR20001537_1,29,4.2,0.1387140249267275,0.25952380952380955,0.0
test,ulsan_014268,DKSR20001032_2,14,2.46,0.15355080704845314,0.30745257452574526,0.0
test,ulsan_019496,DKSR20001508_2,21,2.67,0.13012054999427441,0.22688826466916354,0.0
test,ulsan_023307,DKSR20000955_1,21,3.52,0.12516410803805827,0.34221117424242425,0.0
test,ulsan_008996,DKSR20001476_2,43,4.85,0.1451010875143284,0.15967353951890034,0.0
test,ulsan_016432,DKSR20001207_1,47,6.06,0.09543935322411448,0.2517189218921892,0.0
test,ulsan_027509,DKSR20001204_1,22,3.7,0.18075918226610568,0.2652702702702703,0.0
test,ulsan_027633,DKSR20001204_1,17,4.52,0.1444318489918043,0.28110250737463127,0.0
test,ulsan_020879,DKSR20001532_1,23,5.1,0.06480770634405587,0.563390522875817,0.0
test,ulsan_003527,DKSR20001147_2,1,0.87,0.08179962618965372,0.7984674329501916,0.0
test,ulsan_001036,DKSR20000960_2,39,5.28,0.16666250769162436,0.15528724747474748,0.0
test,ulsan_012586,DKSR20001649_2,43,7.31,0.08149312002453866,0.4694938440492476,0.0
test,ulsan_023130,DKSR20000956_2,36,6.03,0.22282382139096804,0.21832504145936982,0.0
test,ulsan_013487,DKSR20001677_1,9,1.6,0.13703731490725393,0.3984375,0.0
test,ulsan_021560,DKSR20001537_1,31,3.9,0.18459152056544928,0.1709508547008547,0.0
test,ulsan_019854,DKSR20001509_1,27,5.4,0.09781136885334563,0.24417438271604938,0.0
test,ulsan_014336,DKSR20001032_2,17,2.12,0.1426522450494663,0.20226022012578615,0.0
test,ulsan_011965,DKSR20001617_1,21,2.35,0.17451083396305586,0.24462765957446808,0.0
test,ulsan_013778,DKSR20001715_1,66,6.54,0.18486680562893645,0.1595565749235474,0.0
test,ulsan_021599,DKSR20001537_1,29,5.15,0.17922197534412956,0.2986407766990291,0.0
test,ulsan_010835,DKSR20001608_2,3,1.75,0.14430261560898275,0.5963809523809523,0.0
test,ulsan_007895,DKSR20001352_1,45,5.64,0.18883489051642152,0.19462174940898344,0.0
test,ulsan_027544,DKSR20001204_2,15,2.39,0.1630225026738594,0.2097629009762901,0.0
test,ulsan_017204,DKSR20001241_2,42,6.26,0.17581288987417437,0.19972044728434504,0.0
test,ulsan_020568,DKSR20001512_2,44,4.75,0.11059196285010443,0.2500263157894737,0.0
test,ulsan_009832,DKSR20001536_1,38,3.62,0.13025979177068878,0.18026012891344384,0.0
test,ulsan_024131,DKSR20000961_2,23,2.63,0.167199760771312,0.193393536121673,0.0
test,ulsan_000933,DKSR20000959_2,46,7.82,0.13408252361020334,0.3647378516624041,0.0
test,ulsan_012303,DKSR20001618_1,47,6.01,0.14248141944128065,0.19541042706600112,0.0
test,ulsan_026577,DKSR20001158_1,39,5.41,0.1278994496309728,0.20641558841651264,0.0
test,ulsan_006206,DKSR20001284_2,45,5.41,0.12562021896125927,0.23848582871226123,0.0
test,ulsan_020096,DKSR20001510_2,26,4.6,0.16703744323850153,0.2888858695652174,0.0
test,ulsan_026963,DKSR20001203_2,17,3.55,0.12231586745373528,0.3235093896713615,0.0
test,ulsan_010076,DKSR20001592_1,18,3.23,0.1253328339319892,0.44821981424148605,0.0
test,ulsan_023728,DKSR20000957_2,34,7.0,0.13439265052377578,0.2946547619047619,0.0
test,ulsan_006312,DKSR20001285_2,22,2.68,0.12656950876734702,0.20593905472636817,0.0
test,ulsan_015742,DKSR20001202_1,14,1.99,0.23819450019968305,0.16666666666666666,0.0
test,ulsan_006499,DKSR20001285_2,29,4.61,0.0899341067485519,0.37753976861894434,0.0
test,ulsan_021931,DKSR20001568_1,27,4.96,0.11046036182884328,0.3248823924731183,0.0
test,ulsan_014642,DKSR20001033_1,19,4.58,0.15834947964527127,0.4906750363901019,0.0
test,ulsan_005915,DKSR20001280_1,15,2.17,0.17089962656847632,0.21814516129032258,0.0
test,ulsan_022858,DKSR20001571_1,32,3.96,0.08396306028619004,0.35345117845117846,0.0
test,ulsan_019680,DKSR20001508_1,25,3.09,0.19289536184540867,0.0741504854368932,0.0
test,ulsan_012946,DKSR20001651_2,26,4.539958333333334,0.1176564195915791,0.36038326342936333,0.0
test,ulsan_004258,DKSR20001166_1,38,4.68,0.14444116625763917,0.19253027065527065,0.0
test,ulsan_015461,DKSR20001160_2,10,2.93,0.17560076399202285,0.24640216154721273,0.0
test,ulsan_009500,DKSR20001535_2,31,4.49,0.27284032674450964,0.1136878247958426,0.0
test,ulsan_004946,DKSR20001168_2,5,3.29,0.1508368140274077,0.45083586626139815,0.0
test,ulsan_024767,DKSR20000962_2,20,3.63,0.12003527051886062,0.2740128558310376,0.0
test,ulsan_011742,DKSR20001611_1,33,4.28,0.07975696234828927,0.2365264797507788,0.0
test,ulsan_004463,DKSR20001167_1,62,6.23,0.1471442267348905,0.18206260032102728,0.0
test,ulsan_015405,DKSR20001160_2,17,3.42,0.1536508413989538,0.2659722222222222,0.0
test,ulsan_008301,DKSR20001413_2,37,5.29,0.12716387298483317,0.3891855702583491,0.0
test,ulsan_001712,DKSR20001131_1,16,2.96,0.08370142291390059,0.4674690315315315,0.0
test,ulsan_019442,DKSR20001508_1,21,3.01,0.0831765162060389,0.1492109634551495,0.0
test,ulsan_006077,DKSR20001284_1,37,6.51,0.15410464324166956,0.25880696364567335,0.0
test,ulsan_024733,DKSR20000962_1,21,3.45,0.11921029685512863,0.22318840579710145,0.0
test,ulsan_005679,DKSR20001280_1,11,1.44,0.131313368804388,0.3420138888888889,0.0
test,ulsan_010084,DKSR20001592_2,21,2.82,0.11062800282160605,0.49868498817966905,0.0
test,ulsan_024577,DKSR20000962_2,17,5.46,0.03812411037652331,0.5179716117216118,0.0
test,ulsan_025784,DKSR20001157_1,24,4.11,0.1060468506020597,0.3499493106244931,0.0
test,ulsan_008011,DKSR20001353_2,75,10.15,0.11276753968618254,0.20573481116584566,0.0
test,ulsan_027664,DKSR20001204_2,22,2.43,0.160700436591862,0.18251028806584363,0.0
test,ulsan_017964,DKSR20001336_2,23,2.95,0.0726027968868194,0.20748587570621468,0.0
test,ulsan_021720,DKSR20001568_1,50,5.83,0.12624527864287421,0.1905017152658662,0.0
test,ulsan_018163,DKSR20001336_1,11,2.9,0.1753507257081385,0.4803448275862069,0.0
test,ulsan_001931,DKSR20001132_1,26,3.61,0.12865387775686263,0.27285318559556787,0.0
test,ulsan_005311,DKSR20001169_1,37,3.73,0.13441819478529432,0.4187444146559428,0.0
test,ulsan_016303,DKSR20001207_1,47,5.72,0.17076082330098002,0.20073572261072262,0.0
test,ulsan_006376,DKSR20001285_1,36,4.3,0.1695039260369336,0.32603682170542636,0.0
test,ulsan_010614,DKSR20001594_1,30,4.44,0.0993608271470501,0.3889545795795796,0.0
test,ulsan_016992,DKSR20001240_2,21,4.31,0.11025519274604201,0.48471577726218096,0.0
test,ulsan_006000,DKSR20001284_2,29,4.38,0.147270180688073,0.23940258751902588,0.0
test,ulsan_027684,DKSR20001204_1,16,2.76,0.14744231364385418,0.23167270531400966,0.0
test,ulsan_027270,DKSR20000980_2,35,5.05,0.12322530660498981,0.3280775577557756,0.0
test,ulsan_026538,DKSR20001158_1,47,6.98,0.17153876862064743,0.17332258834765998,0.0
test,ulsan_004732,DKSR20001168_2,10,1.5,0.1573343306645865,0.3045,0.0
test,ulsan_021251,DKSR20001534_1,7,3.09,0.17024009206656676,0.3428667745415318,0.0
test,ulsan_023691,DKSR20000957_2,23,3.77,0.17945306389701465,0.21420203359858533,0.0
test,ulsan_027094,DKSR20001203_1,48,5.05,0.1504244958218055,0.2023927392739274,0.0
test,ulsan_015134,DKSR20001159_2,15,2.52,0.15295992516035514,0.3795469576719577,0.0
test,ulsan_001843,DKSR20001132_2,14,1.6,0.15943400821244827,0.17096354166666666,0.0
test,ulsan_021146,DKSR20001533_1,18,4.6,0.2259325113330721,0.2306159420289855,0.0
test,ulsan_010935,DKSR20001608_2,37,6.14,0.14963368188980236,0.3401397937024973,0.0
test,ulsan_023184,DKSR20000956_1,45,6.73,0.15960027250969433,0.2055844477464091,0.0
test,ulsan_025140,DKSR20001156_2,14,2.59,0.13598596765357196,0.4027992277992278,0.0
test,ulsan_017893,DKSR20001288_1,14,1.29,0.214862701267875,0.18375322997416021,0.0
test,ulsan_018762,DKSR20001388_2,93,13.76,0.09284850297683475,0.23150738856589148,0.0
test,ulsan_016940,DKSR20001240_1,52,6.87,0.11402131305344242,0.2734352256186317,0.0
test,ulsan_007964,DKSR20001352_2,29,5.1,0.2385296088355866,0.14552287581699347,0.0
test,ulsan_004363,DKSR20001166_2,50,5.9,0.15132759756894407,0.282930790960452,0.0
test,ulsan_004554,DKSR20001167_2,24,3.79,0.1413807382927827,0.2941622691292876,0.0
test,ulsan_023716,DKSR20000957_2,23,3.03,0.12552480198676608,0.27213971397139713,0.0
test,ulsan_002338,DKSR20001144_2,30,3.87,0.12602499337342313,0.30386520241171405,0.0
test,ulsan_023772,DKSR20000957_2,23,4.44,0.1363605174687134,0.2740146396396396,0.0
test,ulsan_002400,DKSR20001144_2,8,1.98,0.12976018417508867,0.4049242424242424,0.0
test,ulsan_015395,DKSR20001160_2,23,3.27,0.1406166137983616,0.21746941896024466,0.0
test,ulsan_023195,DKSR20000956_1,45,5.87,0.12960621356161992,0.33754968767745597,0.0
test,ulsan_006660,DKSR20001286_1,23,3.24,0.19015311278814603,0.3267489711934156,0.0
test,ulsan_022387,DKSR20001570_2,22,3.13,0.15195355355716855,0.25328807241746537,0.0
test,ulsan_001123,DKSR20000960_2,26,4.3,0.12655348389113724,0.3728391472868217,0.0
test,ulsan_014066,DKSR20001031_2,15,2.13,0.18517939016150745,0.33544600938967134,0.0
test,ulsan_001766,DKSR20001131_1,27,3.81,0.10308827431021196,0.3468503937007874,0.0
test,ulsan_020649,DKSR20001512_1,52,6.38,0.11336923239665862,0.17893808777429468,0.0
test,ulsan_007024,DKSR20001300_1,44,5.59,0.07341735561260232,0.34339594514013116,0.0
test,ulsan_021787,DKSR20001568_1,21,2.96,0.12229965253262187,0.24491835585585586,0.0
test,ulsan_017602,DKSR20001287_2,37,5.36,0.09990472564524563,0.3099735696517413,0.0
test,ulsan_021514,DKSR20001537_2,27,4.76,0.12110390305900831,0.14497549019607844,0.0
test,ulsan_001263,DKSR20001094_2,30,4.22,0.11643987351279449,0.37634281200631914,0.0
test,ulsan_021003,DKSR20001532_1,51,6.56,0.1252492736332063,0.24181275406504066,0.0
test,ulsan_012569,DKSR20001649_1,39,5.4,0.1138806311104392,0.28458333333333335,0.0
test,ulsan_008316,DKSR20001413_1,26,4.82,0.15987549608952775,0.4434906639004149,0.0
test,ulsan_012446,DKSR20001649_1,14,5.11,0.09192668634778829,0.43402641878669274,0.0
test,ulsan_023787,DKSR20000957_2,28,6.27,0.13604450124057363,0.4864500265816055,0.0
test,ulsan_014024,DKSR20001031_1,30,3.61,0.21247619945216278,0.0876500461680517,0.0
test,ulsan_004749,DKSR20001168_2,15,1.81,0.09135158189513018,0.39841160220994476,0.0
test,ulsan_010757,DKSR20001608_1,9,1.85,0.1839544529437105,0.3848648648648649,0.0
test,ulsan_010348,DKSR20001593_2,28,4.08,0.13600687946975018,0.2814950980392157,0.0
test,ulsan_019012,DKSR20001491_1,27,4.1,0.09378570747003347,0.38967479674796746,0.0
test,ulsan_011537,DKSR20001610_2,37,5.21,0.1257219209334518,0.21888195777351246,0.0
test,ulsan_025597,DKSR20000974_2,26,3.08,0.14905053010528943,0.28024891774891775,0.0
test,ulsan_012181,DKSR20001618_1,16,2.89,0.15356400893983752,0.29538638985005766,0.0
test,ulsan_021291,DKSR20001534_1,33,4.61,0.1430290287626447,0.29657447577729573,0.0
test,ulsan_010027,DKSR20001592_2,27,4.56,0.1093961083393965,0.42834429824561404,0.0
test,ulsan_003711,DKSR20001149_1,18,3.09,0.12273603912673725,0.5476537216828479,0.0
test,ulsan_015797,DKSR20001202_2,25,3.56,0.1456729631618652,0.21214887640449437,0.0
test,ulsan_001045,DKSR20000960_2,15,1.93,0.15890030456013923,0.273272884283247,0.0
test,ulsan_026873,DKSR20001203_2,17,4.02,0.15997054946066475,0.3907545605306799,0.0
test,ulsan_000429,DKSR20000954_1,6,1.1,0.17271687086961127,0.2803030303030303,0.0
test,ulsan_010490,DKSR20001594_1,29,3.78,0.17177575787885158,0.2501873897707231,0.0
test,ulsan_025141,DKSR20001156_2,5,1.34,0.16035853616560694,0.3115360696517413,0.0
test,ulsan_016122,DKSR20001206_2,43,6.52,0.16675988113516002,0.13199130879345602,0.0
test,ulsan_016310,DKSR20001207_1,26,4.29,0.19939957531961797,0.26335470085470086,0.0
test,ulsan_020765,DKSR20001512_1,33,5.050083333333333,0.1471207719508656,0.18583026682728007,0.0
test,ulsan_023764,DKSR20000957_2,36,4.43,0.15190313984106446,0.19839164785553048,0.0
test,ulsan_017796,DKSR20001288_1,49,5.41,0.11661230280161576,0.31403265557609367,0.0
test,ulsan_016513,DKSR20001208_1,28,5.0,0.13451756326331363,0.28435,0.0
test,ulsan_000737,DKSR20000954_2,28,4.01,0.14133820502846964,0.3055070656691604,0.0
test,ulsan_008576,DKSR20001475_1,27,5.08,0.15389004449840984,0.46438648293963253,0.0
test,ulsan_007712,DKSR20001351_1,25,5.7,0.18097611752291065,0.31010233918128655,0.0
test,ulsan_011689,DKSR20001611_1,23,4.07,0.09288657215634132,0.37066953316953316,0.0
test,ulsan_018793,DKSR20001388_1,66,10.65,0.13644070261016025,0.30789514866979656,0.0
test,ulsan_018314,DKSR20001380_1,21,3.15,0.14025635465216849,0.18335978835978836,0.0
test,ulsan_001049,DKSR20000960_2,59,6.27,0.13007332747658198,0.14120148856990963,0.0
test,ulsan_026927,DKSR20001203_2,11,5.11,0.09712730154366911,0.3975782778864971,0.0
test,ulsan_008052,DKSR20001353_1,23,2.79,0.2705826094675934,0.08842592592592592,0.0
test,ulsan_012742,DKSR20001650_1,47,5.9,0.2103545683052188,0.21677966101694915,0.0
test,ulsan_009744,DKSR20001536_1,80,8.21,0.17160798686895304,0.21847340641494112,0.0
test,ulsan_009601,DKSR20001535_2,16,2.43,0.1793287321304414,0.2323045267489712,0.0
test,ulsan_001946,DKSR20001132_2,11,1.64,0.13230499388257075,0.3985518292682927,0.0
test,ulsan_005605,DKSR20001278_2,26,3.15,0.17701342394028036,0.23263227513227513,0.0
test,ulsan_009125,DKSR20001487_2,28,3.41,0.1475817177212459,0.23404203323558162,0.0
test,ulsan_003357,DKSR20001147_1,34,3.69,0.0975884097009092,0.3364159891598916,0.0
test,ulsan_026971,DKSR20001203_1,14,2.37,0.07009069193798914,0.5292721518987342,0.0
test,ulsan_020095,DKSR20001510_2,28,4.640083333333333,0.13193852098800526,0.22723191034643775,0.0
test,ulsan_000144,DKSR20000953_1,21,3.82,0.17491771461499572,0.22736692844677137,0.0
test,ulsan_005738,DKSR20001280_2,43,5.06,0.164918821653869,0.1687005928853755,0.0
test,ulsan_015594,DKSR20001160_2,7,1.37,0.13802087325623572,0.2604014598540146,0.0
test,ulsan_014225,DKSR20001032_1,34,3.94,0.15750663856482297,0.21361040609137055,0.0
test,ulsan_022884,DKSR20001571_1,25,3.67,0.14775698729468337,0.170697093551317,0.0
test,ulsan_003735,DKSR20001149_2,59,7.04,0.10259597875041132,0.36367779356060603,0.0
test,ulsan_009255,DKSR20001487_2,8,1.12,0.17968605332454432,0.29594494047619047,0.0
test,ulsan_007963,DKSR20001352_2,46,5.63,0.17150611611224278,0.13624185908821787,0.0
test,ulsan_020655,DKSR20001512_1,39,5.92,0.1349666913232441,0.16483671171171171,0.0
test,ulsan_000622,DKSR20000954_1,58,7.54,0.16589328337976358,0.12996242263483643,0.0
test,ulsan_018538,DKSR20001386_1,67,11.01,0.14132830292896423,0.26335528307599154,0.0
test,ulsan_019215,DKSR20001507_1,14,2.29,0.09335941024270569,0.22860262008733626,0.0
test,ulsan_007364,DKSR20001348_1,7,1.55,0.10028328909004741,0.5663440860215053,0.0
test,ulsan_026183,DKSR20000975_1,43,5.72,0.16543616044269455,0.306745337995338,0.0
test,ulsan_001115,DKSR20000960_2,36,5.01,0.1341012682892019,0.33701763140385893,0.0
test,ulsan_006643,DKSR20001286_2,27,3.4,0.06808436083162693,0.3265563725490196,0.0
test,ulsan_020260,DKSR20001511_1,43,6.24,0.17730139275385776,0.15508146367521367,0.0
test,ulsan_013743,DKSR20001715_2,21,5.01,0.1572615396800068,0.4312292082501663,0.0
test,ulsan_005445,DKSR20001278_2,47,5.54,0.08353573664743119,0.3151925391095066,0.0
test,ulsan_003599,DKSR20001147_2,29,4.55,0.13997287891570112,0.29284798534798534,0.0
test,ulsan_023689,DKSR20000957_2,27,5.13,0.12224780856223334,0.37244964262508123,0.0
test,ulsan_026599,DKSR20000979_2,38,6.02,0.09166380626009527,0.21905454042081948,0.0
test,ulsan_003839,DKSR20001165_1,50,6.68,0.10044551674043951,0.33680763473053893,0.0
test,ulsan_003574,DKSR20001147_2,8,1.55,0.15465242266623563,0.35185483870967743,0.0
test,ulsan_012807,DKSR20001650_1,31,4.67,0.21134499943867768,0.21965560314061386,0.0
test,ulsan_026193,DKSR20000975_2,23,5.56,0.08519118542747356,0.35230065947242206,0.0
test,ulsan_005831,DKSR20001280_2,41,4.55,0.11464650266187855,0.22355311355311355,0.0
test,ulsan_018366,DKSR20001380_1,19,2.6,0.17010518518725642,0.19291666666666665,0.0
test,ulsan_012447,DKSR20001649_1,26,4.6,0.07109106376439801,0.4412047101449275,0.0
test,ulsan_011971,DKSR20001617_2,36,5.53,0.12929420111767365,0.1670961422543701,0.0
test,ulsan_008227,DKSR20001413_2,28,4.76,0.12959088327190874,0.45672268907563024,0.0
test,ulsan_014535,DKSR20001032_1,19,3.02,0.20469144424729363,0.21037527593818983,0.0
test,ulsan_002853,DKSR20001145_1,55,6.53,0.10394275149468798,0.2585821847881572,0.0
test,ulsan_025191,DKSR20001156_1,42,6.5,0.1266823745687364,0.22618589743589743,0.0
test,ulsan_000698,DKSR20000954_2,42,5.46,0.14821941872752842,0.21913919413919414,0.0
test,ulsan_024742,DKSR20000962_1,44,7.48,0.1577792132976104,0.1477551247771836,0.0
test,ulsan_000253,DKSR20000953_1,3,1.5,0.20456228548197425,0.1705,0.0
test,ulsan_020111,DKSR20001510_2,38,4.75,0.11076454595673783,0.1839824561403509,0.0
test,ulsan_006668,DKSR20001286_1,42,6.1,0.16890656901317525,0.28619535519125683,0.0
test,ulsan_017765,DKSR20001288_1,28,4.52,0.10538103863732552,0.3243086283185841,0.0
test,ulsan_022121,DKSR20001569_2,18,3.41,0.14559573322017613,0.20889540566959922,0.0
test,ulsan_011040,DKSR20001609_2,26,5.38,0.10642549123301237,0.43981567534076826,0.0
test,ulsan_013886,DKSR20001031_2,37,4.29,0.13309803213592267,0.2162975912975913,0.0
test,ulsan_022151,DKSR20001569_1,11,2.33,0.10085787907424948,0.2251788268955651,0.0
test,ulsan_017864,DKSR20001288_1,24,3.03,0.12844080568886077,0.35305280528052807,0.0
test,ulsan_015464,DKSR20001160_2,30,6.42,0.17021614498395582,0.2597352024922118,0.0
test,ulsan_023234,DKSR20000956_2,44,7.46,0.15011154506844424,0.31135500446827524,0.0
test,ulsan_014148,DKSR20001031_1,24,3.12,0.13832632860743765,0.1408119658119658,0.0
test,ulsan_014432,DKSR20001032_1,7,1.34,0.20344265097252523,0.14891169154228856,0.0
test,ulsan_005200,DKSR20001169_2,10,2.69,0.14087301047298184,0.5153655514250309,0.0
test,ulsan_021049,DKSR20001533_2,50,7.2,0.08778923391977453,0.32344328703703706,0.0
test,ulsan_022383,DKSR20001570_2,12,1.57,0.1331240920453366,0.2946390658174098,0.0
test,ulsan_024867,DKSR20000973_1,22,3.63,0.10290786803403058,0.2980371900826446,0.0
test,ulsan_004645,DKSR20001167_2,2,0.83,0.13187103901723257,0.6166164658634539,0.0
test,ulsan_023499,DKSR20000955_2,32,4.4,0.1535403387498708,0.2506723484848485,0.0
test,ulsan_002908,DKSR20001146_2,4,2.49,0.0852952186857161,0.5466532797858099,0.0
test,ulsan_016169,DKSR20001206_2,38,5.45,0.10630175793524368,0.20444189602446483,0.0
test,ulsan_024813,DKSR20000962_2,23,3.48,0.12761990168220072,0.1829022988505747,0.0
test,ulsan_016288,DKSR20001207_1,27,3.9,0.1742473153686117,0.24370726495726497,0.0
test,ulsan_003520,DKSR20001147_2,10,2.84,0.12087937212812642,0.41204518779342725,0.0
test,ulsan_016140,DKSR20001206_2,27,3.9,0.1802081033678196,0.13900641025641025,0.0
test,ulsan_007527,DKSR20001348_1,26,6.1,0.11306196515453408,0.462827868852459,0.0
test,ulsan_016887,DKSR20001240_1,19,3.32,0.12704698790429436,0.18870481927710844,0.0
test,ulsan_023878,DKSR20000958_1,37,7.35,0.20216821867830895,0.2878004535147392,0.0
test,ulsan_005556,DKSR20001278_1,15,3.05,0.11199091331074519,0.36743169398907105,0.0
test,ulsan_023455,DKSR20000955_2,9,2.02,0.15392620089326092,0.26782178217821784,0.0
test,ulsan_015939,DKSR20001202_2,24,4.86,0.07492216935338442,0.5727109053497942,0.0
test,ulsan_006582,DKSR20001286_1,13,1.56,0.11724423566391762,0.20098824786324787,0.0
test,ulsan_003077,DKSR20001146_1,36,4.74,0.1373298926899831,0.23367616033755273,0.0
test,ulsan_024353,DKSR20000963_1,30,4.26,0.13123717309463231,0.23801838810641626,0.0
test,ulsan_006016,DKSR20001284_2,14,2.01,0.16481847711399344,0.2294568822553897,0.0
test,ulsan_013268,DKSR20001677_2,43,5.2,0.12932974316665105,0.22502403846153846,0.0
test,ulsan_007903,DKSR20001352_1,23,3.16,0.20208295317539962,0.1734440928270042,0.0
test,ulsan_006690,DKSR20001286_1,44,5.97,0.11664493744798325,0.3365996649916248,0.0
test,ulsan_026525,DKSR20001158_2,29,4.96,0.174774756285041,0.2839717741935484,0.0
test,ulsan_014896,DKSR20001033_2,29,4.44,0.13128017126777475,0.2751595345345345,0.0
test,ulsan_012509,DKSR20001649_1,16,2.74,0.12706683768177823,0.44493613138686133,0.0
test,ulsan_024614,DKSR20000962_1,24,3.19,0.17281341751953122,0.09149686520376175,0.0
test,ulsan_015102,DKSR20001159_2,37,4.52,0.15364899979194538,0.16397492625368731,0.0
test,ulsan_027276,DKSR20000980_2,32,4.52,0.1376899272480895,0.2687315634218289,0.0
test,ulsan_007790,DKSR20001352_1,52,7.77,0.15771117817842534,0.3203775203775204,0.0
test,ulsan_022405,DKSR20001570_2,12,2.11,0.1875905698802851,0.21386255924170616,0.0
test,ulsan_012873,DKSR20001650_1,24,3.25,0.18470981724261268,0.41283333333333333,0.0
test,ulsan_008587,DKSR20001475_2,17,2.31,0.058829513996584565,0.3257395382395382,0.0
test,ulsan_016059,DKSR20001206_2,40,5.1,0.11113702745139048,0.1995343137254902,0.0
test,ulsan_007084,DKSR20001300_1,39,5.1,0.1384474503241161,0.33979575163398695,0.0
test,ulsan_020956,DKSR20001532_2,44,6.95,0.06964504514402467,0.3589748201438849,0.0
test,ulsan_024040,DKSR20000958_2,22,6.3,0.10376321725227389,0.6146031746031746,0.0
test,ulsan_025294,DKSR20001156_1,26,5.26,0.11715364686146658,0.39706115335868186,0.0
test,ulsan_014172,DKSR20001031_2,24,2.93,0.15129576266409175,0.32869738339021615,0.0
test,ulsan_019484,DKSR20001508_1,46,5.86,0.10389921459808918,0.1770264505119454,0.0
test,ulsan_002343,DKSR20001144_2,27,4.66,0.06726607581951084,0.48813483547925607,0.0
test,ulsan_014947,DKSR20001033_1,36,4.53,0.10539510961057073,0.3211000735835173,0.0
test,ulsan_005411,DKSR20001278_2,21,3.25,0.23449647064867052,0.11644871794871794,0.0
test,ulsan_018356,DKSR20001380_1,22,4.89,0.09878765645148578,0.4334867075664622,0.0
test,ulsan_007374,DKSR20001348_1,13,1.67,0.12915258719017547,0.6227295409181637,0.0
test,ulsan_016404,DKSR20001207_1,15,5.11,0.13538557491832207,0.3507420091324201,0.0
test,ulsan_015284,DKSR20001159_1,47,6.06,0.10530378260432295,0.2111592409240924,0.0
test,ulsan_011475,DKSR20001610_2,24,3.96,0.1279793961975669,0.2814604377104377,0.0
test,ulsan_013106,DKSR20001651_1,33,5.11,0.10585160520793475,0.30121493803000654,0.0
test,ulsan_006401,DKSR20001285_1,34,4.93,0.1847198549151297,0.30518086544962814,0.0
test,ulsan_009117,DKSR20001487_2,46,4.42,0.11886724560599302,0.252658371040724,0.0
test,ulsan_021566,DKSR20001537_1,16,2.39,0.11359611955700902,0.30116806136680613,0.0
test,ulsan_027678,DKSR20001204_2,29,3.18,0.13294617155236219,0.23250786163522014,0.0
test,ulsan_001854,DKSR20001132_1,28,3.08,0.12718362451660797,0.2734848484848485,0.0
test,ulsan_017763,DKSR20001288_1,42,5.49,0.12596539590152503,0.2409608378870674,0.0
test,ulsan_004345,DKSR20001166_1,18,3.87,0.09432400892998966,0.5093238587424634,0.0
test,ulsan_003316,DKSR20001147_2,12,2.31,0.11460910085092647,0.2814213564213564,0.0
test,ulsan_018265,DKSR20001380_2,9,2.13,0.11340770958038475,0.28161189358372457,0.0
test,ulsan_003467,DKSR20001147_2,8,1.53,0.16106424618449855,0.303322440087146,0.0
test,ulsan_006678,DKSR20001286_1,55,6.13,0.11549316240236077,0.3244358346927678,0.0
test,ulsan_010526,DKSR20001594_1,45,5.5,0.1467237043866913,0.25112121212121213,0.0
test,ulsan_010910,DKSR20001608_2,16,2.23,0.14081368150337903,0.4748878923766816,0.0
test,ulsan_015098,DKSR20001159_1,19,3.25,0.1253872329981917,0.4613589743589744,0.0
test,ulsan_019943,DKSR20001509_1,27,3.22,0.15836012436014354,0.13233695652173913,0.0
test,ulsan_006508,DKSR20001285_2,34,4.31,0.1303655335455745,0.36858081979891727,0.0
test,ulsan_003572,DKSR20001147_2,13,2.51,0.1511314691360156,0.37986387782204517,0.0
test,ulsan_022915,DKSR20001571_1,28,6.38,0.11573010986994235,0.5515412748171369,0.0
test,ulsan_009711,DKSR20001536_1,30,3.62,0.1950587028348798,0.21997007366482504,0.0
test,ulsan_027574,DKSR20001204_1,9,2.99,0.12400779845700137,0.4053372352285396,0.0
test,ulsan_017122,DKSR20001241_2,30,4.32,0.16655656502783076,0.23191550925925927,0.0
test,ulsan_023768,DKSR20000957_2,41,5.85,0.16338757339611767,0.21518518518518517,0.0
test,ulsan_006021,DKSR20001284_2,26,4.15,0.11731544146888702,0.35059236947791167,0.0
test,ulsan_022961,DKSR20001571_1,19,4.23,0.11736843066255828,0.25752561071710006,0.0
test,ulsan_015050,DKSR20001033_1,37,4.21,0.15898630691502597,0.19739707046714172,0.0
test,ulsan_020416,DKSR20001511_2,20,3.56,0.130616156789558,0.27698970037453186,0.0
test,ulsan_011525,DKSR20001610_1,9,1.47,0.1503140772139125,0.40841836734693876,0.0
test,ulsan_022022,DKSR20001568_2,38,4.46,0.15814575081731175,0.0960855754857997,0.0
test,ulsan_001723,DKSR20001131_1,17,2.56,0.1612368484455531,0.304052734375,0.0
test,ulsan_014953,DKSR20001033_2,20,2.23,0.12851877809215834,0.31821748878923767,0.0
test,ulsan_014292,DKSR20001032_1,32,3.87,0.18733324529484546,0.1513027562446167,0.0
test,ulsan_016223,DKSR20001206_1,36,4.4,0.14013880234577075,0.19333333333333333,0.0
test,ulsan_019521,DKSR20001508_2,28,4.16,0.13270278543176262,0.2620392628205128,0.0
test,ulsan_013954,DKSR20001031_1,28,4.08,0.18038240452179627,0.16993464052287582,0.0
test,ulsan_020190,DKSR20001510_2,9,1.82,0.16246705602103637,0.27591575091575093,0.0
test,ulsan_011350,DKSR20001609_2,14,3.46,0.13730725583092848,0.6081526974951831,0.0
test,ulsan_005244,DKSR20001169_1,26,3.18,0.12360295744152236,0.36795073375262055,0.0
test,ulsan_012064,DKSR20001617_2,44,5.84,0.17875233145952726,0.15043521689497716,0.0
test,ulsan_023217,DKSR20000956_1,30,4.86,0.15913980609223477,0.19296124828532235,0.0
test,ulsan_018328,DKSR20001380_2,19,2.67,0.11066268168022053,0.21827403245942573,0.0
test,ulsan_010450,DKSR20001593_1,25,3.76,0.11114648547632566,0.40968528368794327,0.0
test,ulsan_018664,DKSR20001387_2,34,5.33,0.16712054256974593,0.3334271419637273,0.0
test,ulsan_011519,DKSR20001610_1,23,3.83,0.1359016297003231,0.37431462140992167,0.0
test,ulsan_013742,DKSR20001715_2,19,2.98,0.14967763593359593,0.18840883668903805,0.0
test,ulsan_025522,DKSR20000974_1,30,5.18,0.0948293302735582,0.3296653796653797,0.0
test,ulsan_003913,DKSR20001165_2,28,3.84,0.12796430866050873,0.28932291666666665,0.0
test,ulsan_024547,DKSR20000962_2,23,3.62,0.1914719166530357,0.08001841620626152,0.0
test,ulsan_014737,DKSR20001033_2,21,2.91,0.10685330028651568,0.2950458190148912,0.0
test,ulsan_014147,DKSR20001031_1,28,3.34,0.14216111279594712,0.23011477045908182,0.0
test,ulsan_003210,DKSR20001146_2,34,4.36,0.11148990538181068,0.3419533639143731,0.0
test,ulsan_002085,DKSR20001132_2,27,3.3,0.11334124793473033,0.2963257575757576,0.0
test,ulsan_007277,DKSR20001301_1,21,4.62,0.12079128781399155,0.534767316017316,0.0
test,ulsan_011346,DKSR20001609_2,13,2.75,0.12446703381342065,0.29963636363636365,0.0
test,ulsan_005075,DKSR20001169_1,29,3.76,0.12822710701983037,0.264239804964539,0.0
test,ulsan_002810,DKSR20001145_2,41,5.88,0.10841074324573192,0.24158871882086166,0.0
test,ulsan_001706,DKSR20001131_2,20,2.96,0.18674508344371135,0.3149211711711712,0.0
test,ulsan_004327,DKSR20001166_1,45,6.03,0.10933493162687463,0.24127280265339968,0.0
test,ulsan_027523,DKSR20001204_2,52,5.61,0.1615200636337775,0.22450237670825907,0.0
test,ulsan_000676,DKSR20000954_2,9,2.22,0.14591888968568537,0.3528153153153153,0.0
test,ulsan_027500,DKSR20001204_1,11,3.5,0.11007028101636478,0.2991190476190476,0.0
test,ulsan_007739,DKSR20001351_1,54,5.63,0.1404507870913337,0.1531675547661338,0.0
test,ulsan_005836,DKSR20001280_2,55,5.44,0.1235794264440957,0.16137408088235294,0.0
test,ulsan_009811,DKSR20001536_2,17,3.18,0.1305599962079251,0.26201519916142557,0.0
test,ulsan_021119,DKSR20001533_2,16,3.2,0.19043086022325145,0.17686197916666666,0.0
test,ulsan_024958,DKSR20000973_1,16,2.21,0.13881816669074531,0.397341628959276,0.0
test,ulsan_018324,DKSR20001380_2,18,3.96,0.09681356461460362,0.17577861952861953,0.0
test,ulsan_021802,DKSR20001568_2,23,3.23,0.09547285226851751,0.22390350877192983,0.0
test,ulsan_011904,DKSR20001617_2,28,5.14,0.12564811904034215,0.2450551232166018,0.0
test,ulsan_022351,DKSR20001569_2,19,3.09,0.13330790626934827,0.17119741100323624,0.0
test,ulsan_012491,DKSR20001649_1,30,5.21,0.10227509308976244,0.40905310300703773,0.0
test,ulsan_027368,DKSR20000980_1,63,7.420083333333333,0.17820215935226028,0.2804269943059939,0.0
test,ulsan_004962,DKSR20001168_2,14,3.26,0.11778693207343224,0.409560327198364,0.0
test,ulsan_020829,DKSR20001532_2,33,6.72,0.12672482555700104,0.32708333333333334,0.0
test,ulsan_016222,DKSR20001206_1,19,2.74,0.20251777666130102,0.21303223844282237,0.0
test,ulsan_012956,DKSR20001651_2,40,5.74,0.0757707028382145,0.32817218350754934,0.0
test,ulsan_004349,DKSR20001166_1,13,2.9,0.14624488154377155,0.5240373563218391,0.0
test,ulsan_024380,DKSR20000963_2,6,1.53,0.15542668360432452,0.44185729847494554,0.0
test,ulsan_022563,DKSR20001570_2,25,2.96,0.12378446259163262,0.29995777027027026,0.0
test,ulsan_012780,DKSR20001650_2,29,3.76,0.126687372992483,0.2934840425531915,0.0
test,ulsan_027157,DKSR20000980_2,24,4.44,0.12589394827019618,0.4233952702702703,0.0
test,ulsan_016727,DKSR20001208_1,26,3.55,0.13558062709607274,0.1837206572769953,0.0
test,ulsan_009534,DKSR20001535_2,27,4.26,0.21019811442474132,0.2502445226917058,0.0
test,ulsan_022223,DKSR20001569_2,7,1.38,0.15200190965685778,0.1406400966183575,0.0
test,ulsan_012978,DKSR20001651_2,34,5.05,0.08015610665420213,0.37968646864686467,0.0
test,ulsan_004368,DKSR20001166_2,30,4.38,0.12585621113448142,0.3001712328767123,0.0
test,ulsan_015690,DKSR20001202_1,6,1.8299583333333334,0.14569993419424485,0.3797217605136729,0.0
test,ulsan_013940,DKSR20001031_2,18,2.18,0.12845009049917697,0.28535932721712537,0.0
test,ulsan_009579,DKSR20001535_1,32,3.38,0.1471501546967135,0.1692800788954635,0.0
test,ulsan_019037,DKSR20001491_2,6,2.14,0.13149609449295527,0.3990070093457944,0.0
test,ulsan_024810,DKSR20000962_2,16,3.29,0.13794113898627808,0.2725430597771023,0.0
test,ulsan_005143,DKSR20001169_1,35,4.73,0.15781488529958265,0.3229739252995067,0.0
test,ulsan_014560,DKSR20001032_1,37,4.41,0.1062263714805881,0.21092214663643236,0.0
test,ulsan_019683,DKSR20001508_1,46,5.28,0.17782213405636588,0.08310448232323232,0.0
test,ulsan_021231,DKSR20001534_1,26,4.73,0.16322224003016975,0.17019027484143764,0.0
test,ulsan_022788,DKSR20001571_1,21,2.58,0.13352003259933362,0.21438953488372092,0.0
test,ulsan_025352,DKSR20001156_1,34,4.42,0.13368078733478403,0.22431184012066366,0.0
test,ulsan_015354,DKSR20001159_1,35,5.14,0.16402374846024165,0.12114137483787289,0.0
test,ulsan_016300,DKSR20001207_1,15,3.19,0.16330084877944193,0.1535919540229885,0.0
test,ulsan_021569,DKSR20001537_1,16,4.2,0.16171187457602082,0.27126984126984127,0.0
test,ulsan_008688,DKSR20001475_1,9,1.96,0.18855281394312476,0.2652423469387755,0.0
test,ulsan_024989,DKSR20000973_2,52,8.35,0.10709483785037917,0.16763473053892217,0.0
test,ulsan_004998,DKSR20001168_2,22,4.16,0.10913866989527826,0.31251001602564105,0.0
test,ulsan_001206,DKSR20000960_2,36,5.47,0.10056170888817424,0.43685252894576476,0.0
test,ulsan_005181,DKSR20001169_2,32,4.660083333333334,0.12155209065781701,0.25469859265749895,0.0
test,ulsan_021158,DKSR20001533_1,15,2.19,0.23002442200371434,0.2761605783866058,0.0
test,ulsan_020623,DKSR20001512_2,33,4.48,0.15428384496611777,0.1816127232142857,0.0
test,ulsan_023851,DKSR20000958_1,40,5.83,0.15381228343094835,0.24038021726700973,0.0
test,ulsan_019540,DKSR20001508_1,17,3.65,0.12155012847178558,0.30203196347031963,0.0
test,ulsan_021584,DKSR20001537_1,27,4.67,0.13579625884554503,0.37213597430406853,0.0
test,ulsan_005291,DKSR20001169_1,2,1.04,0.12369219375051323,0.6276442307692308,0.0
test,ulsan_011624,DKSR20001610_2,30,4.42,0.1398341227060793,0.21315987933634992,0.0
test,ulsan_017279,DKSR20001241_1,11,3.43,0.15451798989481144,0.597874149659864,0.0
test,ulsan_016495,DKSR20001208_1,17,7.06,0.14752991010614327,0.5490852219074599,0.0
test,ulsan_015316,DKSR20001159_2,2,1.34,0.20512539010156203,0.2786380597014925,0.0
test,ulsan_015956,DKSR20001206_1,21,4.659958333333333,0.20746909740788044,0.2406137393932349,0.0
test,ulsan_027562,DKSR20001204_2,30,4.67,0.05208607238778839,0.4469039971448965,0.0
test,ulsan_014849,DKSR20001033_1,25,3.25,0.13657389814361878,0.3261025641025641,0.0
test,ulsan_019723,DKSR20001509_1,40,4.43,0.1509385411094087,0.09171369450714824,0.0
test,ulsan_008004,DKSR20001353_1,45,5.6,0.1651577797765783,0.25891369047619045,0.0
test,ulsan_008070,DKSR20001353_2,23,3.18,0.13719286560292157,0.16341719077568134,0.0
test,ulsan_006366,DKSR20001285_1,59,6.4,0.15248710850805583,0.20343098958333333,0.0
test,ulsan_012767,DKSR20001650_2,37,5.95,0.10661774206612483,0.4155812324929972,0.0
test,ulsan_022527,DKSR20001570_2,5,1.07,0.22645558351449185,0.15253115264797507,0.0
test,ulsan_025227,DKSR20001156_1,20,4.69,0.15880405797198116,0.2581734186211798,0.0
test,ulsan_023035,DKSR20000956_1,24,2.76,0.10896686862309728,0.49193840579710146,0.0
test,ulsan_001450,DKSR20001094_1,17,3.18,0.14762031521617908,0.22745020964360588,0.0
test,ulsan_021123,DKSR20001533_2,54,8.23,0.1208068030292097,0.19528149048197652,0.0
test,ulsan_007423,DKSR20001348_2,17,1.8,0.18161985111273785,0.35717592592592595,0.0
test,ulsan_024628,DKSR20000962_1,24,3.94,0.19807829160918017,0.09064086294416243,0.0
test,ulsan_022724,DKSR20001570_2,11,3.61,0.08823112638652054,0.42075253924284395,0.0
test,ulsan_015756,DKSR20001202_2,16,2.22,0.14071119203298396,0.18481606606606607,0.0
test,ulsan_025592,DKSR20000974_2,50,6.63,0.11980112260284252,0.2733471593765711,0.0
test,ulsan_012813,DKSR20001650_2,51,6.38,0.11810108512019156,0.3097048066875653,0.0
test,ulsan_001087,DKSR20000960_1,27,5.61,0.1504307508044551,0.3234105763517528,0.0
test,ulsan_014575,DKSR20001032_2,19,2.91,0.19522099708721943,0.21129725085910653,0.0
test,ulsan_007508,DKSR20001348_1,38,5.42,0.15830749660569907,0.27122539975399756,0.0
test,ulsan_017672,DKSR20001288_1,34,3.69,0.12167663410460698,0.2447606142728094,0.0
test,ulsan_019494,DKSR20001508_2,62,6.49,0.08757217545254156,0.19347072419106318,0.0
test,ulsan_004756,DKSR20001168_2,6,1.62,0.1259476091505403,0.5390174897119342,0.0
test,ulsan_001974,DKSR20001132_2,22,2.67,0.12841075522471246,0.319834581772784,0.0
test,ulsan_021106,DKSR20001533_1,15,2.21,0.12888260934945134,0.30005656108597284,0.0
test,ulsan_009155,DKSR20001487_1,15,2.43,0.14041983454433923,0.37560013717421126,0.0
test,ulsan_006702,DKSR20001286_1,24,2.49,0.15114024525916517,0.2848895582329317,0.0
test,ulsan_023091,DKSR20000956_1,42,6.42,0.16537834948127372,0.2129932502596054,0.0
test,ulsan_010217,DKSR20001593_1,14,1.81,0.10946967180863384,0.40683701657458565,0.0
test,ulsan_008581,DKSR20001475_2,31,3.66,0.15313711026385163,0.12131147540983607,0.0
test,ulsan_018965,DKSR20001491_1,14,1.76,0.15793969765864674,0.34483901515151516,0.0
test,ulsan_017547,DKSR20001287_1,13,1.94,0.13131089368246618,0.34351374570446735,0.0
test,ulsan_016480,DKSR20001207_2,29,3.38,0.1757960398029017,0.17021696252465482,0.0
test,ulsan_007696,DKSR20001351_1,72,8.92,0.12421005993410034,0.23328195067264573,0.0
test,ulsan_019399,DKSR20001507_2,36,4.96,0.16181077556967827,0.1895413306451613,0.0
test,ulsan_020101,DKSR20001510_2,41,4.86,0.13732253403918876,0.16520919067215364,0.0
test,ulsan_024311,DKSR20000963_2,31,5.27,0.13125744714899953,0.32098355471220746,0.0
test,ulsan_020864,DKSR20001532_1,39,4.52,0.1767348479048402,0.18008849557522125,0.0
test,ulsan_024669,DKSR20000962_2,22,4.21,0.17039611407850036,0.13628266033254158,0.0
test,ulsan_015470,DKSR20001160_2,2,1.54,0.14378396949783587,0.50879329004329,0.0
test,ulsan_027434,DKSR20001204_2,6,2.9,0.14123019305671725,0.622183908045977,0.0
test,ulsan_000920,DKSR20000959_1,41,5.37,0.13234807138411706,0.20991620111731843,0.0
test,ulsan_023213,DKSR20000956_1,11,2.65,0.18453044183680375,0.26254716981132076,0.0
test,ulsan_006766,DKSR20001286_1,56,3.67,0.18674621155496934,0.24339237057220708,0.0
test,ulsan_017518,DKSR20001287_1,52,5.92,0.20537251923092442,0.14244087837837838,0.0
test,ulsan_013173,DKSR20001677_2,11,1.72,0.1510329888681638,0.2709302325581395,0.0
test,ulsan_024106,DKSR20000961_2,38,5.79,0.16397298548751807,0.2770005757052389,0.0
test,ulsan_007704,DKSR20001351_1,36,5.73,0.14173144037803265,0.3323152995927865,0.0
test,ulsan_015754,DKSR20001202_2,21,3.15,0.17182974545642496,0.1985978835978836,0.0
test,ulsan_000898,DKSR20000959_1,53,6.4,0.14749627085346867,0.24286458333333333,0.0
test,ulsan_019321,DKSR20001507_2,16,4.2,0.11014530866261636,0.26694444444444443,0.0
test,ulsan_026293,DKSR20001158_2,17,3.19,0.1860518111407861,0.16208202716823406,0.0
test,ulsan_003870,DKSR20001165_1,28,3.48,0.14958025323307136,0.2870090996168582,0.0
test,ulsan_020639,DKSR20001512_2,15,2.58,0.12003314977283301,0.37906976744186044,0.0
test,ulsan_012503,DKSR20001649_1,29,5.05,0.0766539869172891,0.42042904290429045,0.0
test,ulsan_017760,DKSR20001288_2,8,1.8,0.1473886772263742,0.6489814814814815,0.0
test,ulsan_001067,DKSR20000960_2,28,4.11,0.1512946006288276,0.23371857258718573,0.0
test,ulsan_006377,DKSR20001285_1,19,2.61,0.10899052931953612,0.44924968071519794,0.0
test,ulsan_014578,DKSR20001032_2,22,2.99,0.139353784571295,0.19739409141583056,0.0
test,ulsan_004373,DKSR20001167_1,18,3.18,0.11696793241436765,0.3967505241090147,0.0
test,ulsan_020273,DKSR20001511_1,38,6.45,0.14334508984913572,0.2996963824289406,0.0
test,ulsan_004806,DKSR20001168_1,31,5.87,0.09941195227100713,0.3677810902896082,0.0
test,ulsan_020409,DKSR20001511_1,19,3.37,0.14586177582264817,0.22882047477744807,0.0
test,ulsan_020754,DKSR20001512_2,27,4.61,0.11933723335512454,0.3649403470715835,0.0
test,ulsan_021009,DKSR20001532_1,22,2.84,0.18596924870152085,0.19112382629107982,0.0
test,ulsan_008915,DKSR20001476_1,55,7.48,0.16474003131817452,0.22087232620320857,0.0
test,ulsan_021650,DKSR20001537_2,15,3.48,0.17354093857551298,0.3147629310344828,0.0
test,ulsan_006677,DKSR20001286_1,46,4.5,0.11990281021530948,0.23846296296296296,0.0
test,ulsan_009112,DKSR20001487_2,25,2.79,0.16004782596160105,0.2899044205495818,0.0
test,ulsan_011160,DKSR20001609_1,12,2.19,0.12939675332165654,0.29172374429223746,0.0
test,ulsan_008892,DKSR20001476_1,2,0.99,0.14408666162897715,0.591456228956229,0.0
test,ulsan_012799,DKSR20001650_2,31,6.21,0.08334204399699482,0.4309447128287708,0.0
test,ulsan_017583,DKSR20001287_1,32,3.950083333333333,0.07340741143853839,0.3353621231619586,0.0
test,ulsan_017941,DKSR20001336_1,30,4.09,0.12563567014301072,0.2832823960880196,0.0
test,ulsan_020510,DKSR20001511_1,28,3.39,0.15399343677392854,0.287905604719764,0.0
test,ulsan_011576,DKSR20001610_2,12,2.08,0.12105475529653426,0.24783653846153847,0.0
test,ulsan_001614,DKSR20001131_1,43,4.86,0.12160587957313239,0.27355109739369,0.0
test,ulsan_024141,DKSR20000961_1,40,6.96,0.17523064058603952,0.26375119731800767,0.0
test,ulsan_021421,DKSR20001534_2,40,7.11,0.15011657331582948,0.3192158931082982,0.0
test,ulsan_011139,DKSR20001609_1,13,3.23,0.09330582789018302,0.6079076367389061,0.0
test,ulsan_012663,DKSR20001650_2,33,5.0,0.08802614370820705,0.3140833333333333,0.0
test,ulsan_014634,DKSR20001032_1,22,3.29,0.12959818471826748,0.19851823708206687,0.0
test,ulsan_019674,DKSR20001508_2,23,6.91,0.06608492324611911,0.7035455861070912,0.0
test,ulsan_001478,DKSR20001094_2,32,3.15,0.12368394957829836,0.25157407407407406,0.0
test,ulsan_002272,DKSR20001144_2,9,1.82,0.16823466415828153,0.4012820512820513,0.0
test,ulsan_025120,DKSR20001156_1,4,1.71,0.18787460147139814,0.38182261208577,0.0
test,ulsan_014444,DKSR20001032_1,11,1.56,0.1618097928670543,0.21028311965811966,0.0
test,ulsan_013417,DKSR20001677_2,13,2.23,0.14922700422544008,0.2877615844544096,0.0
test,ulsan_003535,DKSR20001147_1,17,2.5,0.07828035301356388,0.4770333333333333,0.0
test,ulsan_014481,DKSR20001032_2,54,6.28,0.12910827708543215,0.2209527600849257,0.0
test,ulsan_020887,DKSR20001532_2,31,5.67,0.1447909938140392,0.23805114638447972,0.0
test,ulsan_010092,DKSR20001592_1,10,3.01,0.1642648523295366,0.5608111849390919,0.0
test,ulsan_015728,DKSR20001202_2,18,3.21,0.13318335671039347,0.38129543094496365,0.0
test,ulsan_015933,DKSR20001202_2,46,6.2,0.1180983671568266,0.17714381720430109,0.0
test,ulsan_011430,DKSR20001610_1,28,4.15,0.1374284420711495,0.3023995983935743,0.0
test,ulsan_002140,DKSR20001132_2,24,2.79,0.1572829042567035,0.24655017921146954,0.0
test,ulsan_007586,DKSR20001351_1,69,9.37,0.13191653031290154,0.2724208466737816,0.0
test,ulsan_018448,DKSR20001380_1,18,2.19,0.08747734730370224,0.2998477929984779,0.0
test,ulsan_026082,DKSR20000975_2,40,5.63,0.08077299992976911,0.3392687981053878,0.0
test,ulsan_020693,DKSR20001512_2,51,6.71,0.1434974037033471,0.1869287133631396,0.0
test,ulsan_007557,DKSR20001351_1,25,3.31,0.12520070111378068,0.29463746223564957,0.0
test,ulsan_024658,DKSR20000962_2,15,3.09,0.13789618506484383,0.4221952535059331,0.0
test,ulsan_001319,DKSR20001094_2,15,2.51,0.11001988755545031,0.34681274900398407,0.0
test,ulsan_011789,DKSR20001611_1,12,2.07,0.09646318048826416,0.31785426731078903,0.0
test,ulsan_005134,DKSR20001169_1,60,6.76,0.1407984815755121,0.23661242603550295,0.0
test,ulsan_003063,DKSR20001146_1,33,3.99,0.13802471687753814,0.2011173767752715,0.0
test,ulsan_005055,DKSR20001169_1,18,2.74,0.10589250663777869,0.3254714111922141,0.0
test,ulsan_010688,DKSR20001594_2,22,3.1,0.15180947865473807,0.25623655913978494,0.0
test,ulsan_004370,DKSR20001166_2,15,1.86,0.1256561595051025,0.2830421146953405,0.0
test,ulsan_016777,DKSR20001240_2,24,4.09,0.12838149233754445,0.46829665851670743,0.0
test,ulsan_024726,DKSR20000962_1,24,2.93,0.162173871499745,0.10693970420932879,0.0
test,ulsan_008067,DKSR20001353_2,53,7.91,0.1268585321068452,0.2569742941424357,0.0
test,ulsan_017005,DKSR20001240_1,11,2.48,0.2174471917005316,0.15574596774193547,0.0
test,ulsan_019245,DKSR20001507_2,25,4.54,0.07139818338704684,0.3277624816446402,0.0
test,ulsan_006227,DKSR20001284_2,32,3.98,0.13973401399058583,0.26374581239530986,0.0
test,ulsan_012723,DKSR20001650_1,36,4.07,0.20922940334436288,0.22979115479115478,0.0
test,ulsan_025661,DKSR20000974_1,12,2.01,0.12480999961358423,0.34560530679933665,0.0
test,ulsan_005993,DKSR20001284_2,21,4.43,0.13574168010755577,0.3454288939051919,0.0
test,ulsan_024480,DKSR20000963_1,17,2.73,0.14363379719984606,0.18603479853479854,0.0
test,ulsan_027501,DKSR20001204_1,17,3.98,0.12685340422449026,0.20850083752093804,0.0
test,ulsan_021927,DKSR20001568_1,9,1.89,0.10975425819814791,0.3775573192239859,0.0
test,ulsan_017470,DKSR20001287_1,29,2.98,0.13763241351932387,0.2609619686800895,0.0
test,ulsan_020192,DKSR20001510_2,18,2.63,0.0953978662848605,0.2988117870722434,0.0
test,ulsan_001429,DKSR20001094_2,18,2.67,0.19269263737977263,0.16072097378277153,0.0
test,ulsan_004854,DKSR20001168_2,39,4.14,0.15634741553131948,0.21700885668276973,0.0
test,ulsan_000753,DKSR20000954_2,41,4.99,0.1621669344032388,0.3016449565798263,0.0
test,ulsan_017169,DKSR20001241_1,21,4.4,0.16509969079685394,0.3171306818181818,0.0
test,ulsan_026116,DKSR20000975_1,20,3.14,0.12731030640555044,0.3328556263269639,0.0
test,ulsan_015543,DKSR20001160_1,27,5.52,0.1104696444151802,0.31475694444444446,0.0
test,ulsan_005638,DKSR20001278_2,42,5.18,0.1462966060045744,0.20674066924066925,0.0
test,ulsan_020925,DKSR20001532_1,29,5.06,0.20823362258553324,0.1865530303030303,0.0
test,ulsan_022581,DKSR20001570_2,18,6.85,0.1519870924067739,0.4060036496350365,0.0
test,ulsan_016860,DKSR20001240_2,15,1.86,0.16930915500575372,0.13225806451612904,0.0
test,ulsan_009206,DKSR20001487_1,45,5.09,0.1135207602303258,0.3102161100196464,0.0
test,ulsan_005739,DKSR20001280_2,53,5.9,0.087410652888699,0.28372881355932206,0.0
test,ulsan_009043,DKSR20001487_2,4,1.51,0.14354810494843243,0.5679635761589404,0.0
test,ulsan_004479,DKSR20001167_1,54,5.86,0.12802705611191073,0.33810437997724685,0.0
test,ulsan_024702,DKSR20000962_2,5,3.78,0.0826281084122134,0.754673721340388,0.0
test,ulsan_017460,DKSR20001287_1,11,1.44,0.15780714824675895,0.22005208333333334,0.0
test,ulsan_000691,DKSR20000954_2,6,1.25,0.16809386664764925,0.2609,0.0
test,ulsan_006244,DKSR20001284_2,33,3.52,0.13867447222943158,0.22735558712121212,0.0
test,ulsan_023727,DKSR20000957_2,46,6.65,0.15827886951709969,0.17293859649122806,0.0
test,ulsan_010577,DKSR20001594_2,37,4.62,0.10507249121900399,0.4595508658008658,0.0
test,ulsan_016906,DKSR20001240_2,29,3.62,0.09309529839294726,0.29361187845303865,0.0
test,ulsan_024249,DKSR20000961_1,22,3.01,0.13916128896927543,0.22763012181616832,0.0
test,ulsan_027011,DKSR20001203_1,54,4.93,0.13114863366974364,0.1593475321162948,0.0
test,ulsan_009739,DKSR20001536_1,25,2.82,0.19936980599402435,0.15784574468085105,0.0
test,ulsan_008711,DKSR20001475_1,34,4.69,0.11541955287117554,0.24154228855721394,0.0
test,ulsan_007475,DKSR20001348_2,29,4.93,0.11465253430540674,0.40525693035835025,0.0
test,ulsan_012195,DKSR20001618_1,31,3.45,0.11995150836005065,0.22352657004830917,0.0
test,ulsan_022375,DKSR20001569_1,17,2.78,0.12396299941472372,0.20004496402877697,0.0
test,ulsan_018222,DKSR20001380_1,28,3.63,0.16402122014557727,0.21053719008264463,0.0
test,ulsan_016354,DKSR20001207_1,39,5.91,0.16172485608246243,0.18463056965595037,0.0
test,ulsan_027200,DKSR20000980_2,45,5.53,0.1368200025586186,0.24174201326100062,0.0
test,ulsan_001281,DKSR20001094_1,12,2.89,0.14526792409700914,0.3310553633217993,0.0
test,ulsan_006078,DKSR20001284_1,38,5.63,0.18738849898334514,0.3297439313203079,0.0
test,ulsan_013793,DKSR20001715_2,20,2.52,0.14301984038253032,0.3766203703703704,0.0
test,ulsan_017961,DKSR20001336_2,58,4.17,0.11857356848845875,0.28690047961630694,0.0
test,ulsan_000326,DKSR20000953_2,22,3.32,0.17084063995764162,0.1292168674698795,0.0
test,ulsan_026807,DKSR20000979_2,33,5.07,0.10005394009261512,0.2876397107166338,0.0
test,ulsan_004952,DKSR20001168_2,24,3.63,0.19864186262698882,0.25676078971533517,0.0
test,ulsan_015541,DKSR20001160_1,15,2.82,0.1764891098282049,0.17303486997635933,0.0
test,ulsan_025178,DKSR20001156_2,14,2.26,0.17477602490481312,0.2968104719764012,0.0
test,ulsan_011288,DKSR20001609_2,38,5.58,0.1030161285051199,0.451381421744325,0.0
test,ulsan_014137,DKSR20001031_1,11,1.7,0.20839412438919372,0.10681372549019608,0.0
test,ulsan_011082,DKSR20001609_1,8,2.56,0.09990925432563538,0.6658365885416667,0.0
test,ulsan_002723,DKSR20001145_2,5,1.2,0.10878695782691178,0.5008680555555556,0.0
test,ulsan_004080,DKSR20001165_1,23,3.87,0.14069672346158163,0.48953488372093024,0.0
test,ulsan_002483,DKSR20001144_2,41,4.41,0.10406874312685323,0.24483182161753592,0.0
test,ulsan_000324,DKSR20000953_2,13,2.43,0.1438482977068321,0.2235082304526749,0.0
test,ulsan_023924,DKSR20000958_2,14,4.29,0.14354951771944155,0.45628399378399376,0.0
test,ulsan_019583,DKSR20001508_1,29,4.36,0.15396174635347865,0.16212729357798164,0.0
test,ulsan_016579,DKSR20001208_1,32,4.88,0.12532115519099316,0.2021174863387978,0.0
test,ulsan_003031,DKSR20001146_2,19,2.86,0.12885549461165585,0.3564539627039627,0.0
test,ulsan_023819,DKSR20000957_1,33,6.13,0.12592034394318757,0.24295133224578574,0.0
test,ulsan_004314,DKSR20001166_1,42,6.35,0.1259751747306876,0.1987729658792651,0.0
test,ulsan_009330,DKSR20001535_2,20,3.41,0.22562493862866637,0.21296432062561094,0.0
test,ulsan_018340,DKSR20001380_2,5,1.75,0.12456612184731843,0.2705714285714286,0.0
test,ulsan_007287,DKSR20001301_2,19,2.78,0.12858509337062127,0.16080635491606715,0.0
test,ulsan_019371,DKSR20001507_1,23,4.36,0.11707196542287683,0.20644113149847096,0.0
test,ulsan_021437,DKSR20001537_2,47,4.66,0.1582720600801345,0.16417203147353363,0.0
test,ulsan_021563,DKSR20001537_1,28,4.46,0.1820895406989959,0.2563153961136024,0.0
test,ulsan_015327,DKSR20001159_2,30,3.54,0.19242660908898163,0.23894774011299436,0.0
test,ulsan_026184,DKSR20000975_1,14,1.98,0.16134600584761788,0.3790193602693603,0.0
test,ulsan_005967,DKSR20001284_2,18,2.89,0.11130049837074864,0.39473760092272203,0.0
test,ulsan_015808,DKSR20001202_1,19,3.6,0.15626613651459387,0.31483796296296296,0.0
test,ulsan_026075,DKSR20000975_2,42,5.73,0.11699886588745162,0.2825116346713205,0.0
test,ulsan_007873,DKSR20001352_1,35,4.3,0.16017366837869207,0.1414825581395349,0.0
test,ulsan_010984,DKSR20001608_2,22,3.52,0.12299263329596351,0.39032907196969696,0.0
test,ulsan_002850,DKSR20001145_1,33,4.05,0.13328214488976065,0.19462962962962962,0.0
test,ulsan_026537,DKSR20001158_1,57,6.38,0.12625376848209258,0.25390543364681295,0.0
test,ulsan_005534,DKSR20001278_2,30,3.81,0.14357171698067517,0.2047244094488189,0.0
test,ulsan_012424,DKSR20001649_2,27,5.35,0.08201605681766837,0.33644080996884734,0.0
test,ulsan_012194,DKSR20001618_1,38,5.05,0.13511024018559423,0.2362046204620462,0.0
test,ulsan_007259,DKSR20001301_2,30,3.83,0.15787786719588948,0.09423411662315057,0.0
test,ulsan_005854,DKSR20001280_2,18,2.19,0.17677097788940638,0.15367199391171993,0.0
test,ulsan_009529,DKSR20001535_2,27,4.64,0.18271760787805227,0.2323455459770115,0.0
test,ulsan_006475,DKSR20001285_1,30,4.39,0.15475611331308453,0.27319665907365226,0.0
test,ulsan_026505,DKSR20001158_2,50,6.18,0.15996676480148314,0.2206108414239482,0.0
test,ulsan_024812,DKSR20000962_2,45,5.7,0.1546731770604022,0.21089912280701753,0.0
test,ulsan_009914,DKSR20001536_1,57,4.17,0.0861520078669169,0.19457434052757794,0.0
test,ulsan_023969,DKSR20000958_1,22,6.08,0.1302650217708611,0.5088952850877193,0.0
test,ulsan_020184,DKSR20001510_1,16,3.37,0.10448750635014971,0.3140825914935707,0.0
test,ulsan_010970,DKSR20001608_2,28,5.11,0.12070927863495227,0.4336839530332681,0.0
test,ulsan_013540,DKSR20001677_1,3,1.29,0.1162487835834341,0.6587209302325582,0.0
test,ulsan_014756,DKSR20001033_2,10,2.29,0.14433905063719446,0.42294395924308587,0.0
test,ulsan_023858,DKSR20000958_2,15,3.45,0.14495761193307213,0.519963768115942,0.0
test,ulsan_024386,DKSR20000963_2,24,3.81,0.1805530719249379,0.2975721784776903,0.0
test,ulsan_019201,DKSR20001507_1,23,4.88,0.11187519578012897,0.2585980191256831,0.0
test,ulsan_009006,DKSR20001476_2,7,1.36,0.16477759551654075,0.45934436274509804,0.0
test,ulsan_011448,DKSR20001610_2,47,6.36,0.10807205616106853,0.33599318658280924,0.0
test,ulsan_012534,DKSR20001649_1,29,5.26,0.0974746354360015,0.5182905576679341,0.0
test,ulsan_022974,DKSR20001571_1,35,4.96,0.14925081480511396,0.23286290322580644,0.0
test,ulsan_004158,DKSR20001166_1,23,4.02,0.1465992335577412,0.3447968490878939,0.0
test,ulsan_027473,DKSR20001204_2,64,6.77,0.15886468191064262,0.14535942885278189,0.0
test,ulsan_014810,DKSR20001033_1,32,3.42,0.1692608807994486,0.15601851851851853,0.0
test,ulsan_005365,DKSR20001169_1,26,4.88,0.13816683547473096,0.3499914617486339,0.0
test,ulsan_006818,DKSR20001286_2,42,5.09,0.0646897141298452,0.3774312377210216,0.0
test,ulsan_005446,DKSR20001278_2,40,4.35,0.11396784771863701,0.19127394636015327,0.0
test,ulsan_016208,DKSR20001206_1,27,3.6,0.23126640577051202,0.22453703703703703,0.0
test,ulsan_002837,DKSR20001145_1,29,4.28,0.10901824692029916,0.2792445482866044,0.0
test,ulsan_018445,DKSR20001380_1,8,3.2,0.09271276621467753,0.6416536458333333,0.0
test,ulsan_010697,DKSR20001594_1,21,4.23,0.1621769631580525,0.3124507486209614,0.0
test,ulsan_024354,DKSR20000963_1,27,3.69,0.0837517860545136,0.2656278229448961,0.0
test,ulsan_023572,DKSR20000955_1,13,2.16,0.08599516348567865,0.35223765432098764,0.0
test,ulsan_020692,DKSR20001512_2,26,5.5,0.13002473135152887,0.24937121212121213,0.0
test,ulsan_010279,DKSR20001593_1,25,3.83,0.15395953656656217,0.26628590078328984,0.0
test,ulsan_014211,DKSR20001032_1,5,4.55,0.10879542293318056,0.7393864468864468,0.0
test,ulsan_024176,DKSR20000961_2,39,4.78,0.14683848478262923,0.2026673640167364,0.0
test,ulsan_017015,DKSR20001240_1,20,3.0,0.18858019650594512,0.4048333333333333,0.0
test,ulsan_021298,DKSR20001534_1,20,3.29,0.15225829527838722,0.32444275582573456,0.0
test,ulsan_008744,DKSR20001476_1,14,2.81,0.14961171407272425,0.3615065243179122,0.0
test,ulsan_014350,DKSR20001032_1,14,1.59,0.20295380542351515,0.1325733752620545,0.0
test,ulsan_001740,DKSR20001131_1,32,6.38,0.17008792993388083,0.3381530825496343,0.0
test,ulsan_000027,DKSR20000953_1,16,2.72,0.1939607508829653,0.2467984068627451,0.0
test,ulsan_015726,DKSR20001202_2,33,4.88,0.10864930622338968,0.2519808743169399,0.0
test,ulsan_005334,DKSR20001169_2,21,3.8,0.1483293252001626,0.3823464912280702,0.0
test,ulsan_004331,DKSR20001166_1,26,4.44,0.10481444326329407,0.4390671921921922,0.0
test,ulsan_011235,DKSR20001609_2,29,4.31,0.1419544573607411,0.3262567672080433,0.0
test,ulsan_022347,DKSR20001569_2,19,3.49,0.09206335014955347,0.24121298949379177,0.0
test,ulsan_026540,DKSR20001158_1,34,3.63,0.17908109195503455,0.19375573921028466,0.0
test,ulsan_001710,DKSR20001131_1,10,1.91,0.1401897610347946,0.3145506108202443,0.0
test,ulsan_012536,DKSR20001649_1,25,4.48,0.07611694088294331,0.5176153273809524,0.0
test,ulsan_026367,DKSR20001158_2,45,5.2,0.11801878947084041,0.16474358974358974,0.0
test,ulsan_021729,DKSR20001568_1,8,3.26,0.10516139403049524,0.6924335378323109,0.0
test,ulsan_021313,DKSR20001534_1,37,6.33,0.08414518410468451,0.350434439178515,0.0
test,ulsan_019897,DKSR20001509_2,27,4.46,0.1645040521930646,0.10295216741405082,0.0
test,ulsan_023443,DKSR20000955_1,11,2.05,0.14559966348794268,0.395609756097561,0.0
test,ulsan_008653,DKSR20001475_1,34,5.26,0.15620113830494245,0.3148368187579214,0.0
test,ulsan_021001,DKSR20001532_1,48,7.58,0.11210320613325685,0.2766600703605981,0.0
test,ulsan_009669,DKSR20001536_1,46,6.72,0.18286283716544963,0.29737103174603174,0.0
test,ulsan_019788,DKSR20001509_1,31,5.53,0.1372745593858372,0.19168927064496685,0.0
test,ulsan_020050,DKSR20001510_2,20,3.43,0.10710260635866993,0.3113581146744412,0.0
test,ulsan_011085,DKSR20001609_1,36,6.27,0.10584219705439524,0.4559077618288145,0.0
test,ulsan_008475,DKSR20001475_2,11,1.68,0.1481560385832069,0.38752480158730157,0.0
test,ulsan_005735,DKSR20001280_2,52,5.17,0.11955210294082907,0.1949468085106383,0.0
test,ulsan_003198,DKSR20001146_1,27,4.29,0.10410727122863869,0.2808954933954934,0.0
test,ulsan_009226,DKSR20001487_1,41,4.08,0.12412220113828346,0.32775735294117647,0.0
test,ulsan_015189,DKSR20001159_2,4,2.29,0.14739879313047813,0.5809133915574963,0.0
test,ulsan_011241,DKSR20001609_2,13,2.49,0.14117811726423246,0.38356760374832666,0.0
test,ulsan_026107,DKSR20000975_1,11,1.98,0.15858783402845666,0.32037037037037036,0.0
test,ulsan_027670,DKSR20001204_2,27,2.31,0.11673571798664703,0.21704545454545454,0.0
test,ulsan_008638,DKSR20001475_2,21,3.95,0.14851346335498086,0.2409071729957806,0.0
test,ulsan_015699,DKSR20001202_2,37,5.79,0.11222150501556061,0.31001727115716754,0.0
test,ulsan_025481,DKSR20000974_2,20,3.6,0.11466261477838151,0.27371527777777777,0.0
test,ulsan_003142,DKSR20001146_1,23,3.74,0.11036521413918587,0.3435940285204991,0.0
test,ulsan_006915,DKSR20001300_2,40,8.76,0.09391164824397988,0.32650304414003045,0.0
test,ulsan_021280,DKSR20001534_2,48,8.6,0.10819727025185043,0.27223837209302326,0.0
test,ulsan_014307,DKSR20001032_1,15,2.44,0.16286779664016066,0.14846311475409837,0.0
test,ulsan_002767,DKSR20001145_1,31,3.55,0.11287266581822368,0.3315727699530516,0.0
test,ulsan_007706,DKSR20001351_1,69,9.03,0.11188577417752492,0.33398394241417495,0.0
test,ulsan_009066,DKSR20001487_1,36,5.03,0.11033444821212124,0.3241136514247846,0.0
test,ulsan_013474,DKSR20001677_2,2,1.06,0.12963277752932,0.619064465408805,0.0
test,ulsan_015745,DKSR20001202_1,33,5.17,0.14284656226836503,0.4241215344938749,0.0
test,ulsan_004182,DKSR20001166_1,31,5.0,0.12405593765617091,0.30605,0.0
test,ulsan_013037,DKSR20001651_1,30,5.66,0.11042433275446928,0.44137220259128385,0.0
test,ulsan_012234,DKSR20001618_2,25,3.78,0.12578712904733533,0.3467041446208113,0.0
test,ulsan_024019,DKSR20000958_2,26,4.41,0.1196492173596007,0.336734693877551,0.0
test,ulsan_022958,DKSR20001571_2,30,6.53,0.12041153475771839,0.359673302705462,0.0
test,ulsan_005821,DKSR20001280_2,25,3.63,0.13916612592083705,0.27448347107438015,0.0
test,ulsan_010847,DKSR20001608_1,16,3.19,0.10618774965680028,0.37262277951933126,0.0
test,ulsan_009357,DKSR20001535_2,40,6.66,0.19963313341811045,0.2335397897897898,0.0
test,ulsan_026994,DKSR20001203_1,26,3.19,0.08961666832629564,0.3028996865203762,0.0
test,ulsan_017120,DKSR20001241_2,19,2.86,0.19988366447870684,0.22144522144522144,0.0
test,ulsan_026646,DKSR20000979_2,41,6.16,0.10161602328418118,0.1853422619047619,0.0
test,ulsan_009797,DKSR20001536_2,22,3.54,0.18045396210763737,0.11791431261770245,0.0
test,ulsan_004996,DKSR20001168_2,18,2.67,0.13172812839642248,0.31137640449438203,0.0
test,ulsan_008831,DKSR20001476_2,14,1.76,0.15840583542698497,0.3013257575757576,0.0
test,ulsan_008730,DKSR20001476_1,34,4.21,0.13509169301662405,0.2259501187648456,0.0
test,ulsan_018850,DKSR20001491_1,54,5.18,0.12195171308638832,0.3405646718146718,0.0
test,ulsan_000821,DKSR20000959_1,36,3.14,0.17346742910962296,0.11027070063694268,0.0
test,ulsan_008642,DKSR20001475_2,35,4.54,0.15427318115991118,0.16770374449339207,0.0
test,ulsan_027227,DKSR20000980_1,54,6.37,0.17383703547358378,0.1475340136054422,0.0
test,ulsan_016102,DKSR20001206_1,31,3.36,0.17220028592077324,0.20360863095238096,0.0
test,ulsan_010187,DKSR20001593_2,10,2.85,0.16396283941857576,0.4753216374269006,0.0
test,ulsan_010651,DKSR20001594_2,29,2.97,0.14588230493685125,0.21094276094276093,0.0
test,ulsan_025050,DKSR20000973_1,10,1.46,0.17768212851237108,0.4151826484018265,0.0
test,ulsan_006115,DKSR20001284_2,26,4.12,0.14348742659328528,0.2774474110032362,0.0
test,ulsan_012654,DKSR20001649_2,34,5.56,0.07606607287912992,0.4736435851318945,0.0
test,ulsan_024399,DKSR20000963_1,12,3.32,0.10298557235775121,0.5279116465863454,0.0
test,ulsan_012497,DKSR20001649_1,39,5.94,0.10147067688073423,0.40824915824915825,0.0
test,ulsan_000979,DKSR20000960_1,42,6.18,0.08495308150402335,0.4193702804746494,0.0
test,ulsan_017917,DKSR20001288_1,29,3.5,0.08849957931223607,0.5010714285714286,0.0
test,ulsan_021844,DKSR20001568_2,29,3.89,0.16377720258285763,0.13660025706940873,0.0
test,ulsan_014627,DKSR20001032_1,10,2.6,0.13084425745338538,0.32264423076923077,0.0
test,ulsan_016151,DKSR20001206_2,50,6.26,0.16827939286922544,0.16244009584664537,0.0
test,ulsan_025160,DKSR20001156_1,25,3.24,0.17739196480975394,0.2525591563786008,0.0
test,ulsan_009622,DKSR20001535_2,23,4.03,0.2339046919737624,0.19765301902398677,0.0
test,ulsan_004184,DKSR20001166_1,16,2.53,0.14297025932404928,0.27918313570487485,0.0
test,ulsan_005935,DKSR20001280_1,21,2.72,0.08869329284023775,0.3037683823529412,0.0
test,ulsan_004185,DKSR20001166_1,24,4.28,0.11901388474672663,0.5395541277258566,0.0
test,ulsan_024845,DKSR20000973_2,33,4.43,0.11936004562811411,0.1763638073739654,0.0
test,ulsan_009951,DKSR20001592_1,48,5.94,0.16588746513523775,0.24039001122334455,0.0
test,ulsan_005588,DKSR20001278_2,29,3.98,0.19403563252233977,0.1978433835845896,0.0
test,ulsan_016955,DKSR20001240_2,37,4.41,0.13728477937481587,0.24019274376417232,0.0
test,ulsan_006589,DKSR20001286_1,27,3.06,0.16814227470932325,0.167020697167756,0.0
test,ulsan_005308,DKSR20001169_1,24,4.19,0.1927936624070552,0.18656523468575975,0.0
test,ulsan_005389,DKSR20001278_1,36,4.98,0.1022099963572589,0.3214106425702811,0.0
test,ulsan_002923,DKSR20001146_2,28,3.77,0.1378402649802911,0.24935897435897436,0.0
test,ulsan_006756,DKSR20001286_1,54,4.09,0.16029258906117758,0.20488997555012226,0.0
test,ulsan_006061,DKSR20001284_1,25,2.95,0.19159606242740868,0.19531073446327685,0.0
test,ulsan_002834,DKSR20001145_1,13,1.8,0.10606528220714243,0.40849537037037037,0.0
test,ulsan_022951,DKSR20001571_2,20,3.63,0.19119143218434756,0.1544077134986226,0.0
test,ulsan_008493,DKSR20001475_2,13,2.68,0.14103245164515643,0.3415889303482587,0.0
test,ulsan_011372,DKSR20001610_2,23,3.37,0.10558713003860899,0.2920994065281899,0.0
test,ulsan_021025,DKSR20001533_1,53,7.79,0.19405703825439202,0.19973256311510484,0.0
test,ulsan_013295,DKSR20001677_1,31,3.28,0.14877973666180486,0.20994664634146343,0.0
test,ulsan_026094,DKSR20000975_1,42,6.529958333333333,0.14784760971526184,0.18281127368091935,0.0
test,ulsan_022320,DKSR20001569_2,22,4.84,0.07720162045317246,0.39553202479338845,0.0
test,ulsan_024870,DKSR20000973_1,30,5.65,0.12569153798547192,0.4376622418879056,0.0
test,ulsan_006065,DKSR20001284_1,73,7.59,0.16161325373753432,0.16772068511198945,0.0
test,ulsan_019506,DKSR20001508_1,23,3.45,0.16613102008395325,0.14599033816425122,0.0
test,ulsan_007553,DKSR20001351_1,42,7.71,0.122793736004548,0.4140077821011673,0.0
test,ulsan_013754,DKSR20001715_2,27,4.41,0.10863454069837365,0.31967120181405895,0.0
test,ulsan_015439,DKSR20001160_1,4,1.05,0.08249349411194311,0.5048412698412699,0.0
test,ulsan_018447,DKSR20001380_1,29,4.04,0.12370591623008857,0.3061056105610561,0.0
test,ulsan_019427,DKSR20001508_1,36,3.92,0.11477591008732621,0.13300382653061224,0.0
test,ulsan_016375,DKSR20001207_1,28,4.55,0.21245261441913388,0.22578754578754578,0.0
test,ulsan_004865,DKSR20001168_2,16,2.97,0.08418568982504153,0.48724747474747476,0.0
test,ulsan_022660,DKSR20001570_1,33,3.98,0.13612173714524933,0.21062604690117254,0.0
test,ulsan_008213,DKSR20001413_2,27,4.71,0.11978797511763392,0.46928520877565466,0.0
test,ulsan_018872,DKSR20001491_1,33,4.88,0.13010970075820297,0.3476861338797814,0.0
test,ulsan_020689,DKSR20001512_2,48,6.3,0.1389230115513169,0.17037037037037037,0.0
test,ulsan_020403,DKSR20001511_2,8,1.83,0.09572581425899816,0.20705828779599272,0.0
test,ulsan_026294,DKSR20001158_2,30,4.33,0.16665422303940552,0.1684083910700539,0.0
test,ulsan_027322,DKSR20000980_1,36,6.62,0.135179494607577,0.2964186807653575,0.0
test,ulsan_001200,DKSR20000960_2,51,5.86,0.14664970785874112,0.1934655858930603,0.0
test,ulsan_014500,DKSR20001032_2,23,2.16,0.16165053527661538,0.2035493827160494,0.0
test,ulsan_019876,DKSR20001509_2,18,3.8,0.0642536409362457,0.44911184210526317,0.0
test,ulsan_004774,DKSR20001168_2,28,4.03,0.1371805495600779,0.35414598842018197,0.0
test,ulsan_024789,DKSR20000962_2,13,5.46,0.11274663498646012,0.5784111721611722,0.0
test,ulsan_024085,DKSR20000961_2,33,4.99,0.13064391591881896,0.24949899799599198,0.0
test,ulsan_006489,DKSR20001285_2,36,4.35,0.1432546926913402,0.16625478927203066,0.0
test,ulsan_022668,DKSR20001570_1,32,4.39,0.10435923905421532,0.2004271070615034,0.0
test,ulsan_007179,DKSR20001301_2,34,5.34,0.17898454118709203,0.19342228464419475,0.0
test,ulsan_025473,DKSR20000974_2,36,4.58,0.11826359981261379,0.30016375545851526,0.0
test,ulsan_021823,DKSR20001568_1,24,4.6,0.12701096895631414,0.2503532608695652,0.0
test,ulsan_005920,DKSR20001280_1,7,2.49,0.24545029114297617,0.2980923694779116,0.0
test,ulsan_017040,DKSR20001240_1,30,3.26,0.20640284665251415,0.07211145194274028,0.0
test,ulsan_007038,DKSR20001300_2,28,4.02,0.04899720626645251,0.3674543946932007,0.0
test,ulsan_000846,DKSR20000959_1,40,6.07,0.16139176605436398,0.1518053267435475,0.0
test,ulsan_023586,DKSR20000955_1,31,3.38,0.1764750625587512,0.1634492110453649,0.0
test,ulsan_021019,DKSR20001532_1,38,8.42,0.08489253045143445,0.4802800870942201,0.0
test,ulsan_017409,DKSR20001287_1,4,1.07,0.11973082366204331,0.6430295950155763,0.0
test,ulsan_004086,DKSR20001165_1,26,3.98,0.13695836810232898,0.31938860971524285,0.0
test,ulsan_008165,DKSR20001353_2,23,3.95,0.17076983272473278,0.2065717299578059,0.0
test,ulsan_009439,DKSR20001535_2,13,1.56,0.24832492334397765,0.16896367521367522,0.0
test,ulsan_011694,DKSR20001611_2,41,4.21,0.21790580185628122,0.18407561361836897,0.0
test,ulsan_010088,DKSR20001592_2,15,1.88,0.15515442084816958,0.5284574468085106,0.0
test,ulsan_023758,DKSR20000957_2,45,6.94,0.17690310389385402,0.2544848703170029,0.0
test,ulsan_020103,DKSR20001510_2,26,3.53,0.07836703715546879,0.4023489140698772,0.0
test,ulsan_003062,DKSR20001146_1,23,3.11,0.11396123934816808,0.29419882100750266,0.0
test,ulsan_007402,DKSR20001348_1,31,4.17,0.11342986646652226,0.345343725019984,0.0
test,ulsan_006769,DKSR20001286_1,54,5.33,0.22147977745381447,0.19345684803001875,0.0
test,ulsan_025506,DKSR20000974_1,32,3.94,0.13009178923182102,0.1856175972927242,0.0
test,ulsan_019387,DKSR20001507_2,32,5.43,0.18487515197780263,0.10767341927562922,0.0
test,ulsan_007899,DKSR20001352_1,46,5.4,0.19206335242051234,0.1937962962962963,0.0
test,ulsan_027506,DKSR20001204_1,13,2.35,0.1717646689857543,0.19187943262411347,0.0
test,ulsan_011756,DKSR20001611_1,23,4.11,0.11621137724622932,0.31541970802919705,0.0
test,ulsan_006347,DKSR20001285_1,35,4.4,0.17580676406738943,0.291467803030303,0.0
test,ulsan_017690,DKSR20001288_1,15,2.23,0.13095799401865957,0.3315022421524664,0.0
test,ulsan_001137,DKSR20000960_2,38,6.44,0.13579790018104676,0.36405926501035196,0.0
test,ulsan_010683,DKSR20001594_1,40,4.67,0.16472241448756708,0.25001784439685937,0.0
test,ulsan_026071,DKSR20000975_2,38,5.11,0.10080200014556256,0.21468525766470972,0.0
test,ulsan_018315,DKSR20001380_1,40,5.1,0.1223295661036203,0.2385375816993464,0.0
test,ulsan_005763,DKSR20001280_2,58,5.92,0.14571393895655185,0.1518018018018018,0.0
test,ulsan_010567,DKSR20001594_1,25,3.39,0.1252300176575225,0.27547935103244836,0.0
test,ulsan_027338,DKSR20000980_1,43,6.2,0.11115973399078125,0.2925537634408602,0.0
test,ulsan_023853,DKSR20000958_2,19,4.94,0.13366719564826784,0.3950067476383266,0.0
test,ulsan_025744,DKSR20001157_2,36,4.31,0.16770525316251778,0.20276488785769528,0.0
test,ulsan_001237,DKSR20001094_2,19,2.61,0.13133010041118567,0.31612388250319284,0.0
test,ulsan_000604,DKSR20000954_1,12,2.5,0.22325834409663228,0.21003333333333332,0.0
test,ulsan_004824,DKSR20001168_2,12,2.73,0.1338997345578201,0.2891941391941392,0.0
test,ulsan_019137,DKSR20001507_2,14,2.67,0.16193431341995482,0.20939450686641697,0.0
test,ulsan_003583,DKSR20001147_1,12,2.39,0.08042682803013385,0.5137203626220362,0.0
test,ulsan_012087,DKSR20001617_1,29,3.62,0.15742700605871082,0.17070672191528546,0.0
test,ulsan_012628,DKSR20001649_2,54,6.48,0.0761126724269878,0.24777520576131687,0.0
test,ulsan_027131,DKSR20001203_1,40,5.4,0.12371087162063528,0.30031635802469137,0.0
test,ulsan_000576,DKSR20000954_1,25,4.38,0.1893177812429094,0.24161910197869102,0.0
test,ulsan_013976,DKSR20001031_2,18,3.59,0.11818825727989975,0.4273560817084494,0.0
test,ulsan_023428,DKSR20000955_1,10,1.58,0.1524895132072875,0.22658227848101264,0.0
test,ulsan_009503,DKSR20001535_2,18,3.4,0.2452027221487487,0.35089460784313725,0.0
test,ulsan_026155,DKSR20000975_1,49,7.88,0.1349536451475068,0.2670368020304569,0.0
test,ulsan_001245,DKSR20001094_2,7,1.8,0.13563013985020442,0.4049074074074074,0.0
test,ulsan_025312,DKSR20001156_1,11,1.92,0.14300816155582716,0.2558810763888889,0.0
test,ulsan_012337,DKSR20001618_2,30,4.85,0.08164589709399771,0.31990549828178694,0.0
test,ulsan_027223,DKSR20000980_1,48,6.94,0.15906943335273646,0.22074927953890489,0.0
test,ulsan_014393,DKSR20001032_2,24,3.04,0.1077595571033455,0.2660224780701754,0.0
test,ulsan_026357,DKSR20001158_2,17,2.4,0.16273633916722638,0.21588541666666666,0.0
test,ulsan_000181,DKSR20000953_1,21,2.71,0.16856582431675338,0.22901291512915128,0.0
test,ulsan_019194,DKSR20001507_1,28,4.349958333333333,0.1428258840707288,0.11481910746271516,0.0
test,ulsan_012094,DKSR20001617_1,36,6.4,0.09850251096940439,0.3208463541666667,0.0
test,ulsan_012898,DKSR20001651_2,23,2.97,0.10354949208295695,0.26237373737373737,0.0
test,ulsan_011388,DKSR20001610_1,18,2.39,0.11247382210219606,0.34633891213389123,0.0
test,ulsan_012563,DKSR20001649_1,22,5.5,0.14874159754152183,0.2767651515151515,0.0
test,ulsan_003438,DKSR20001147_1,27,3.03,0.10926282577682854,0.2884075907590759,0.0
test,ulsan_002862,DKSR20001145_1,28,3.35,0.155339568376291,0.17827114427860696,0.0
test,ulsan_018892,DKSR20001491_2,36,4.24,0.13196604103226775,0.3334119496855346,0.0
test,ulsan_002219,DKSR20001144_2,26,4.54,0.10406045510759158,0.2762665198237885,0.0
test,ulsan_008578,DKSR20001475_2,37,4.38,0.12133501013084148,0.16605783866057838,0.0
test,ulsan_011317,DKSR20001609_1,30,4.23,0.16458722437063483,0.3318360914105595,0.0
test,ulsan_013084,DKSR20001651_1,49,4.8,0.08689382971800495,0.33914930555555556,0.0
test,ulsan_002507,DKSR20001144_2,25,2.47,0.1165516623270235,0.15895748987854252,0.0
test,ulsan_008918,DKSR20001476_1,53,6.17,0.07738494622221599,0.3059967585089141,0.0
test,ulsan_012045,DKSR20001617_2,26,3.29,0.10516961195176476,0.23354863221884498,0.0
test,ulsan_027313,DKSR20000980_2,25,3.58,0.14565850829566748,0.38348463687150836,0.0
test,ulsan_003784,DKSR20001149_2,21,3.4,0.10082712385559149,0.4738970588235294,0.0
test,ulsan_005147,DKSR20001169_1,8,1.43,0.1459799079052768,0.4111013986013986,0.0
test,ulsan_012039,DKSR20001617_2,23,3.8,0.07630612026687,0.3645723684210526,0.0
test,ulsan_013228,DKSR20001677_1,8,3.24,0.14551970290618346,0.6018518518518519,0.0
test,ulsan_000448,DKSR20000954_2,15,2.68,0.14738262391686083,0.177705223880597,0.0
test,ulsan_019518,DKSR20001508_2,36,4.62,0.16532465476168554,0.16625180375180376,0.0
test,ulsan_020905,DKSR20001532_2,28,6.48,0.19986674685239064,0.19324845679012345,0.0
test,ulsan_020972,DKSR20001532_2,18,2.65,0.14883672899598138,0.22595911949685535,0.0
test,ulsan_012754,DKSR20001650_2,7,2.59,0.07657338377110771,0.6383687258687258,0.0
test,ulsan_009553,DKSR20001535_1,51,5.46,0.130577130814635,0.2817689255189255,0.0
test,ulsan_024352,DKSR20000963_1,21,3.33,0.1335257760299764,0.18961461461461462,0.0
test,ulsan_006850,DKSR20001286_2,24,3.31,0.10015604772127165,0.3224572004028197,0.0
test,ulsan_026644,DKSR20000979_2,43,5.53,0.11904533610155277,0.2095614828209765,0.0
test,ulsan_002019,DKSR20001132_1,29,2.71,0.10448429589537776,0.2874846248462485,0.0
test,ulsan_026316,DKSR20001158_1,17,3.33,0.1466754524219022,0.35412912912912914,0.0
test,ulsan_016937,DKSR20001240_1,49,7.11,0.1491307570152185,0.2854313173933427,0.0
test,ulsan_000838,DKSR20000959_2,28,7.03,0.11589143018289563,0.43079658605974397,0.0
test,ulsan_027145,DKSR20001203_1,30,4.23,0.09569780495042526,0.3304866036249015,0.0
test,ulsan_020869,DKSR20001532_1,35,5.31,0.22953405464700705,0.16424199623352165,0.0
test,ulsan_018805,DKSR20001388_1,62,9.72,0.16592595455485484,0.26058813443072704,0.0
test,ulsan_027663,DKSR20001204_2,62,6.87,0.06725514563757333,0.21981441048034933,0.0
test,ulsan_021810,DKSR20001568_2,6,1.24,0.11989102486312626,0.1427755376344086,0.0
test,ulsan_024876,DKSR20000973_1,32,4.09,0.13028355668862845,0.3356764466177669,0.0
test,ulsan_027400,DKSR20001204_2,12,1.42,0.1575962929939154,0.1567781690140845,0.0
test,ulsan_003530,DKSR20001147_2,18,3.09,0.08612542463750798,0.40900755124056093,0.0
test,ulsan_006522,DKSR20001285_2,25,3.26,0.14718317062658218,0.28958333333333336,0.0
test,ulsan_006483,DKSR20001285_2,25,3.56,0.14112870867716065,0.28834269662921347,0.0
test,ulsan_002580,DKSR20001145_2,21,2.81,0.1603704624713356,0.30226868327402134,0.0
test,ulsan_016039,DKSR20001206_1,11,2.18,0.22436039045516531,0.21624617737003057,0.0
test,ulsan_021947,DKSR20001568_1,7,2.26,0.1533204950672955,0.4589233038348083,0.0
test,ulsan_023317,DKSR20000955_1,24,3.07,0.08103647716490016,0.29101520086862104,0.0
test,ulsan_015224,DKSR20001159_1,32,3.9,0.12735206772046145,0.18745726495726495,0.0
test,ulsan_017260,DKSR20001241_1,16,1.61,0.1577177895079059,0.3010869565217391,0.0
test,ulsan_020120,DKSR20001510_1,31,4.34,0.1153406564917058,0.07968509984639018,0.0
test,ulsan_007151,DKSR20001301_1,48,7.64,0.12539935305583014,0.22879581151832462,0.0
test,ulsan_024866,DKSR20000973_1,23,3.67,0.14181708482929897,0.340224795640327,0.0
test,ulsan_021404,DKSR20001534_2,17,4.36,0.14639386047463993,0.2729931192660551,0.0
test,ulsan_013159,DKSR20001651_1,32,3.85,0.09729283100453182,0.3808874458874459,0.0
test,ulsan_014300,DKSR20001032_1,13,1.95,0.18638538502427288,0.11722222222222223,0.0
test,ulsan_010069,DKSR20001592_2,36,4.6,0.12543006107710947,0.3272735507246377,0.0
test,ulsan_010583,DKSR20001594_1,31,3.78,0.12198307211983035,0.4074294532627866,0.0
test,ulsan_018920,DKSR20001491_1,19,3.38,0.19762513799663736,0.22094428007889547,0.0
test,ulsan_005424,DKSR20001278_2,13,1.95,0.2352452593879566,0.14386752136752137,0.0
test,ulsan_018623,DKSR20001387_2,41,6.28,0.16091378333075212,0.27288349256900213,0.0
test,ulsan_022047,DKSR20001569_2,45,6.17,0.15834465713239437,0.13004457050243112,0.0
test,ulsan_010610,DKSR20001594_2,17,2.99,0.11511578164370093,0.5571070234113712,0.0
test,ulsan_009812,DKSR20001536_2,12,3.39,0.1477037140756306,0.22479105211406097,0.0
test,ulsan_016054,DKSR20001206_2,29,4.71,0.1279684550608933,0.24525831564048126,0.0
test,ulsan_006817,DKSR20001286_2,30,4.57,0.1573186102747278,0.26698577680525165,0.0
test,ulsan_016630,DKSR20001208_1,16,3.48,0.15404551204424916,0.24561781609195402,0.0
test,ulsan_014091,DKSR20001031_1,37,4.5,0.1624222573362532,0.15864814814814815,0.0
test,ulsan_018511,DKSR20001386_2,55,7.84,0.1368545424102075,0.17168367346938776,0.0
test,ulsan_003491,DKSR20001147_1,31,4.06,0.1072643367238334,0.3471264367816092,0.0
test,ulsan_025068,DKSR20000973_2,11,2.14,0.1073257601243144,0.19375,0.0
test,ulsan_026596,DKSR20000979_1,29,7.05,0.16492664649506997,0.5248817966903073,0.0
test,ulsan_018058,DKSR20001336_2,21,3.23,0.1291129715198309,0.252218782249742,0.0
test,ulsan_004194,DKSR20001166_2,36,4.02,0.13379997902606405,0.20561774461028193,0.0
test,ulsan_023202,DKSR20000956_1,14,2.17,0.23980086965789263,0.17094854070660523,0.0
test,ulsan_023628,DKSR20000957_2,51,7.51,0.18464279298017022,0.22881158455392808,0.0
test,ulsan_013891,DKSR20001031_2,32,3.41,0.1933245105353302,0.21086265884652983,0.0
test,ulsan_026710,DKSR20000979_2,48,6.26,0.1168787375861459,0.2295926517571885,0.0
test,ulsan_017266,DKSR20001241_1,20,4.23,0.1315199907233947,0.4469858156028369,0.0
test,ulsan_021216,DKSR20001533_1,15,2.66,0.20405804754031248,0.31912593984962406,0.0
test,ulsan_003852,DKSR20001165_2,8,1.99,0.18351751499199595,0.38634840871021775,0.0
test,ulsan_022299,DKSR20001569_2,30,4.2,0.10466272096168157,0.17083333333333334,0.0
test,ulsan_017593,DKSR20001287_2,48,4.93,0.11493923200869931,0.22617478025693036,0.0
test,ulsan_020757,DKSR20001512_2,25,2.89,0.1118527304746764,0.24790945790080737,0.0
test,ulsan_001127,DKSR20000960_2,33,4.66,0.11663827862976729,0.4322424892703863,0.0
test,ulsan_021034,DKSR20001533_2,25,4.77,0.16871038238664282,0.19964185883997204,0.0
test,ulsan_003057,DKSR20001146_1,24,4.43,0.13051496230090445,0.22106847253574116,0.0
test,ulsan_019929,DKSR20001509_2,32,3.71,0.1763213273394446,0.11346585804132973,0.0
test,ulsan_004949,DKSR20001168_2,11,2.57,0.12840010940481805,0.46600194552529184,0.0
test,ulsan_008823,DKSR20001476_2,19,2.32,0.1563862053319139,0.3317169540229885,0.0
test,ulsan_020235,DKSR20001510_1,17,3.44,0.1304134295980964,0.2357437015503876,0.0
test,ulsan_023406,DKSR20000955_1,31,4.27,0.17551644446902026,0.11777907884465262,0.0
test,ulsan_017835,DKSR20001288_2,26,3.84,0.14087034265627205,0.26922743055555554,0.0
test,ulsan_003265,DKSR20001147_1,10,3.91,0.08761268515551936,0.6446184995737425,0.0
test,ulsan_009665,DKSR20001536_1,26,3.08,0.13313322888581236,0.19107142857142856,0.0
test,ulsan_025485,DKSR20000974_2,42,6.29,0.1225109179914403,0.25561075781664017,0.0
test,ulsan_016068,DKSR20001206_1,35,4.59,0.18037782308634154,0.17553558460421206,0.0
test,ulsan_020598,DKSR20001512_1,22,4.6,0.13475860093644107,0.31030797101449276,0.0
test,ulsan_016378,DKSR20001207_1,46,6.98,0.09374402970070013,0.2591511461318052,0.0
test,ulsan_019090,DKSR20001491_1,5,1.67,0.17410567754238776,0.5625249500998004,0.0
test,ulsan_025961,DKSR20001157_1,44,5.19,0.19784667419484964,0.15843770070648683,0.0
test,ulsan_009866,DKSR20001536_1,60,5.96,0.17371796527922723,0.18593400447427294,0.0
test,ulsan_010540,DKSR20001594_1,14,3.13,0.16132539690643838,0.40724174653887113,0.0
test,ulsan_009881,DKSR20001536_2,22,4.06,0.15355996848014644,0.2053776683087028,0.0
test,ulsan_027429,DKSR20001204_1,24,4.49,0.12359737696607807,0.11225872308834448,0.0
test,ulsan_006852,DKSR20001286_2,11,3.12,0.11786687493359817,0.4673611111111111,0.0
test,ulsan_026686,DKSR20000979_1,3,1.47,0.1596004816563631,0.6552721088435374,0.0
test,ulsan_018553,DKSR20001386_2,89,12.63,0.1273352572862977,0.23775402480865665,0.0
test,ulsan_025732,DKSR20001157_2,29,4.78,0.059185468745466076,0.32777196652719665,0.0
test,ulsan_000548,DKSR20000954_2,19,2.52,0.19452277657856218,0.2025462962962963,0.0
test,ulsan_016559,DKSR20001208_1,17,3.63,0.1787240927206908,0.2337465564738292,0.0
test,ulsan_011906,DKSR20001617_2,35,5.21,0.1420505430189604,0.25559021113243763,0.0
test,ulsan_024312,DKSR20000963_2,31,3.51,0.18704095299142126,0.14920465337132005,0.0
test,ulsan_027616,DKSR20001204_2,32,4.07,0.132038368533687,0.1655200655200655,0.0
test,ulsan_008670,DKSR20001475_1,18,2.84,0.1920158042339363,0.3109301643192488,0.0
test,ulsan_016916,DKSR20001240_1,5,1.94,0.1635901735009546,0.372766323024055,0.0
test,ulsan_009926,DKSR20001536_1,29,2.86,0.09054751958437456,0.31815268065268065,0.0
test,ulsan_022802,DKSR20001571_2,29,5.83,0.10451919140834041,0.3126500857632933,0.0
test,ulsan_009709,DKSR20001536_1,16,1.74,0.2457473025972882,0.16034482758620688,0.0
test,ulsan_003181,DKSR20001146_1,9,2.11,0.08904882043579371,0.35604265402843605,0.0
test,ulsan_010961,DKSR20001608_2,12,2.56,0.1037392054311758,0.36183268229166665,0.0
test,ulsan_013920,DKSR20001031_2,22,2.51,0.12846462733848243,0.2725929614873838,0.0
test,ulsan_024139,DKSR20000961_1,44,5.89,0.15790710043947,0.19977362761743067,0.0
test,ulsan_017743,DKSR20001288_2,28,3.14,0.1212258164675029,0.40829352441613587,0.0
test,ulsan_026115,DKSR20000975_1,53,5.88,0.10034155519017506,0.20785147392290249,0.0
test,ulsan_005302,DKSR20001169_1,34,3.93,0.163067311540647,0.18947201017811705,0.0
test,ulsan_010477,DKSR20001594_2,36,4.9,0.11503962370204283,0.28311224489795916,0.0
test,ulsan_015446,DKSR20001160_2,24,3.5,0.08763418205793289,0.3159642857142857,0.0
test,ulsan_006905,DKSR20001300_2,29,5.58,0.12518840392999986,0.24672939068100358,0.0
test,ulsan_025808,DKSR20001157_1,15,1.93,0.1401537160421919,0.3933721934369603,0.0
test,ulsan_015021,DKSR20001033_1,39,4.27,0.18314925472076152,0.06888173302107728,0.0
test,ulsan_026518,DKSR20001158_2,2,1.3,0.24626928052572455,0.2673397435897436,0.0
test,ulsan_007521,DKSR20001348_1,41,7.22,0.08974163562168232,0.48996999076638964,0.0
test,ulsan_018456,DKSR20001380_1,11,3.21,0.17813969107208333,0.28598130841121494,0.0
test,ulsan_027619,DKSR20001204_2,7,1.02,0.1677686709258266,0.2934640522875817,0.0
test,ulsan_012891,DKSR20001651_2,26,4.54,0.09039031350268871,0.385178046989721,0.0
test,ulsan_012031,DKSR20001617_2,34,3.66,0.15005266071457235,0.1658811475409836,0.0
test,ulsan_013987,DKSR20001031_1,35,4.51,0.18805192764134257,0.10370473022912047,0.0
test,ulsan_002376,DKSR20001144_2,3,1.38,0.11628249596662785,0.5557669082125604,0.0
test,ulsan_001279,DKSR20001094_2,33,4.41,0.09928489866489346,0.410818216175359,0.0
test,ulsan_005394,DKSR20001278_1,22,3.81,0.1901383599487051,0.2226268591426072,0.0
test,ulsan_010494,DKSR20001594_1,6,1.33,0.15968219250998864,0.437312030075188,0.0
test,ulsan_004910,DKSR20001168_1,18,2.44,0.14350052914516023,0.2701502732240437,0.0
test,ulsan_015445,DKSR20001160_2,35,4.47,0.16181513368752415,0.21819537658463833,0.0
test,ulsan_024306,DKSR20000963_2,36,3.42,0.15780645735030932,0.31017300194931774,0.0
test,ulsan_013965,DKSR20001031_2,12,1.95,0.15918323114230573,0.1831837606837607,0.0
test,ulsan_010008,DKSR20001592_1,34,4.44,0.15970678045771391,0.2787819069069069,0.0
test,ulsan_027589,DKSR20001204_1,17,4.36,0.1022650430732612,0.3502198012232416,0.0
test,ulsan_009115,DKSR20001487_2,31,3.38,0.13654585040445177,0.2134861932938856,0.0
test,ulsan_023336,DKSR20000955_2,19,3.67,0.12248644470140133,0.42268392370572205,0.0
test,ulsan_006408,DKSR20001285_1,15,1.48,0.22029745750467955,0.1964527027027027,0.0
test,ulsan_012093,DKSR20001617_1,34,4.5,0.17138735935305904,0.22858333333333333,0.0
test,ulsan_004330,DKSR20001166_1,40,5.95,0.1234145320844787,0.26897759103641455,0.0
test,ulsan_023043,DKSR20000956_2,20,5.84,0.14732936394746882,0.2019263698630137,0.0
test,ulsan_021129,DKSR20001533_2,33,5.79,0.17693951958550355,0.20415227403569372,0.0
test,ulsan_013779,DKSR20001715_1,35,5.36,0.09648661617153903,0.3421641791044776,0.0
test,ulsan_025067,DKSR20000973_2,36,6.88,0.1257073158509767,0.29832243217054266,0.0
test,ulsan_020519,DKSR20001511_1,38,7.11,0.14407558032901058,0.306797937177684,0.0
test,ulsan_014123,DKSR20001031_2,24,3.18,0.13183937307672536,0.1803197064989518,0.0
test,ulsan_021444,DKSR20001537_2,8,2.25,0.19685334001822474,0.1988148148148148,0.0
test,ulsan_009448,DKSR20001535_2,20,4.14,0.1531356278405552,0.35170088566827695,0.0
test,ulsan_011086,DKSR20001609_2,5,2.43,0.0993898819510528,0.6792524005486968,0.0
test,ulsan_022954,DKSR20001571_2,22,3.77,0.1447026183548081,0.1945733863837312,0.0
test,ulsan_011003,DKSR20001608_2,30,4.3,0.11457680658428748,0.45479651162790696,0.0
test,ulsan_021550,DKSR20001537_2,27,4.06,0.12816256337515203,0.28920361247947457,0.0
test,ulsan_025132,DKSR20001156_2,6,2.53,0.20288257005466914,0.29048089591567855,0.0
test,ulsan_020025,DKSR20001510_1,24,2.78,0.1247998570622636,0.15845323741007195,0.0
test,ulsan_002029,DKSR20001132_1,36,4.55,0.11436699750125273,0.2484798534798535,0.0
test,ulsan_020793,DKSR20001512_1,31,5.61,0.11061311566912908,0.29157754010695186,0.0
test,ulsan_002987,DKSR20001146_1,21,2.52,0.16267717205561305,0.2907903439153439,0.0
test,ulsan_026956,DKSR20001203_2,15,4.03,0.16079481702648912,0.16293424317617866,0.0
test,ulsan_019840,DKSR20001509_1,40,5.21,0.16527525017965217,0.1488243761996161,0.0
test,ulsan_013682,DKSR20001715_1,28,4.34,0.15943890277491476,0.1856662826420891,0.0
test,ulsan_012154,DKSR20001618_1,12,2.03,0.1543986577453482,0.20942118226600986,0.0
test,ulsan_011415,DKSR20001610_2,12,2.1,0.12292410727534413,0.28827380952380954,0.0
test,ulsan_015136,DKSR20001159_2,2,2.56,0.14016335485237963,0.6887369791666667,0.0
test,ulsan_018179,DKSR20001336_1,16,2.6,0.12315030413001642,0.25219551282051283,0.0
test,ulsan_010669,DKSR20001594_1,28,4.41,0.1379992848215202,0.3941609977324263,0.0
test,ulsan_019820,DKSR20001509_2,16,3.1,0.18799121092499263,0.09243279569892474,0.0
test,ulsan_023948,DKSR20000958_1,21,4.54,0.1358888261648334,0.4933461820851689,0.0
test,ulsan_010654,DKSR20001594_2,44,4.86,0.09372674313370395,0.3896262002743484,0.0
test,ulsan_011765,DKSR20001611_2,22,2.66,0.19075380147864207,0.15286654135338346,0.0
test,ulsan_021814,DKSR20001568_1,31,4.68,0.12164620526321565,0.2439903846153846,0.0
test,ulsan_012959,DKSR20001651_2,51,5.8,0.08973013851707747,0.29341954022988503,0.0
test,ulsan_000337,DKSR20000953_2,37,4.9,0.13047805404741702,0.18542517006802722,0.0
test,ulsan_026575,DKSR20001158_1,22,2.73,0.1541434143090544,0.24610805860805862,0.0
test,ulsan_013511,DKSR20001677_2,35,3.7,0.14374332577102045,0.20904279279279278,0.0
test,ulsan_021325,DKSR20001534_2,28,4.34,0.12990317289450945,0.23356374807987712,0.0
test,ulsan_000466,DKSR20000954_2,8,1.57,0.20376801803070946,0.20636942675159237,0.0
test,ulsan_015449,DKSR20001160_2,13,2.47,0.108687325783706,0.3678643724696356,0.0
test,ulsan_022245,DKSR20001569_1,20,2.22,0.1476016199742775,0.0919481981981982,0.0
test,ulsan_003916,DKSR20001165_2,35,6.96,0.11942893376105027,0.44578544061302683,0.0
test,ulsan_009247,DKSR20001487_1,27,4.92,0.0766605178878003,0.5971375338753387,0.0
test,ulsan_027152,DKSR20001203_1,27,3.14,0.08657080263517831,0.24222399150743099,0.0
test,ulsan_009162,DKSR20001487_1,33,3.32,0.09982616319105046,0.332429718875502,0.0
test,ulsan_016388,DKSR20001207_2,10,2.21,0.22323209673291053,0.24967948717948718,0.0
test,ulsan_003266,DKSR20001147_2,18,3.94,0.16172316930236622,0.12303299492385787,0.0
test,ulsan_025685,DKSR20000974_2,52,5.75,0.12900886645431603,0.2536014492753623,0.0
test,ulsan_006945,DKSR20001300_1,17,2.04,0.17324030309064822,0.12992238562091504,0.0
test,ulsan_016486,DKSR20001207_1,16,3.2,0.1539174319210317,0.27325520833333333,0.0
test,ulsan_002330,DKSR20001144_2,28,4.16,0.14242006542847643,0.2261318108974359,0.0
test,ulsan_003849,DKSR20001165_2,26,4.1,0.18220250945505442,0.2784146341463415,0.0
test,ulsan_006634,DKSR20001286_2,45,6.42,0.056661125084633404,0.4236889927310488,0.0
test,ulsan_025297,DKSR20001156_1,14,3.81,0.1639177295371193,0.47259405074365707,0.0
test,ulsan_021948,DKSR20001568_1,49,7.62,0.1362380065847245,0.16982720909886265,0.0
test,ulsan_005861,DKSR20001280_2,33,3.34,0.15648934940751064,0.21591816367265468,0.0
test,ulsan_020610,DKSR20001512_2,24,3.3,0.17297385106532148,0.19981060606060605,0.0
test,ulsan_003833,DKSR20001165_1,15,2.58,0.13541389357965705,0.3052002583979328,0.0
test,ulsan_018927,DKSR20001491_2,17,2.52,0.17460430136898358,0.2863260582010582,0.0
test,ulsan_015820,DKSR20001202_1,11,3.59,0.15421773938773717,0.40875116063138345,0.0
test,ulsan_006435,DKSR20001285_1,49,6.2,0.08946703760678619,0.2795564516129032,0.0
test,ulsan_024096,DKSR20000961_1,35,5.28,0.16050689071417118,0.20830176767676767,0.0
test,ulsan_014827,DKSR20001033_1,27,3.09,0.08933455655131367,0.3015507011866235,0.0
test,ulsan_008333,DKSR20001413_1,19,2.92,0.17683645157473885,0.3406392694063927,0.0
test,ulsan_021545,DKSR20001537_2,24,3.75,0.1741268035058052,0.16017777777777778,0.0
test,ulsan_015487,DKSR20001160_1,5,2.98,0.12355398518216253,0.6029921700223714,0.0
test,ulsan_017350,DKSR20001287_1,35,4.86,0.07611963988229498,0.3406893004115226,0.0
test,ulsan_000375,DKSR20000953_2,8,1.85,0.19318716838226538,0.12184684684684685,0.0
test,ulsan_009402,DKSR20001535_1,42,4.19,0.11152339750884185,0.3967183770883055,0.0
test,ulsan_025172,DKSR20001156_1,16,2.39,0.13308941107242658,0.32235006973500696,0.0
test,ulsan_017454,DKSR20001287_2,40,5.07,0.16787954219489856,0.2432199211045365,0.0
test,ulsan_025115,DKSR20001156_1,24,5.13,0.12688231832751073,0.39211338531513973,0.0
test,ulsan_020579,DKSR20001512_1,26,3.96,0.14359280011508094,0.31216329966329964,0.0
test,ulsan_017501,DKSR20001287_1,54,6.01,0.13387790028967442,0.17441070438158623,0.0
test,ulsan_003414,DKSR20001147_2,8,2.58,0.09951098526615912,0.5472868217054263,0.0
test,ulsan_014346,DKSR20001032_1,38,4.12,0.1499062920353564,0.18077467637540454,0.0
test,ulsan_019048,DKSR20001491_1,59,6.15,0.15839646641472127,0.25460027100271004,0.0
test,ulsan_017969,DKSR20001336_1,23,6.37,0.09176012477843362,0.4868001046572475,0.0
test,ulsan_003702,DKSR20001149_1,48,6.400083333333333,0.14175457449835616,0.2921706748610044,0.0
test,ulsan_021468,DKSR20001537_1,12,2.21,0.1746441240664459,0.28606711915535443,0.0
test,ulsan_020240,DKSR20001510_1,37,4.43,0.09523620056904783,0.2929176072234763,0.0
test,ulsan_013390,DKSR20001677_2,38,3.94,0.12296060612849313,0.24178299492385788,0.0
test,ulsan_019722,DKSR20001509_1,11,2.13,0.13978776948653912,0.2573356807511737,0.0
test,ulsan_024734,DKSR20000962_1,16,3.81,0.12739010488187508,0.13776246719160104,0.0
test,ulsan_001262,DKSR20001094_2,17,3.23,0.13041819389221293,0.3717879256965944,0.0
test,ulsan_001375,DKSR20001094_2,18,2.41,0.07942945504171962,0.41798063623789766,0.0
test,ulsan_001700,DKSR20001131_2,30,5.17,0.14693460140391118,0.39825918762088974,0.0
test,ulsan_011961,DKSR20001617_1,11,1.85,0.1243039105200597,0.32995495495495497,0.0
test,ulsan_021670,DKSR20001537_1,29,5.8,0.12207377085322263,0.43398706896551725,0.0
test,ulsan_013033,DKSR20001651_2,22,3.24,0.10109792577892021,0.4229423868312757,0.0
test,ulsan_017158,DKSR20001241_1,24,4.56,0.12745862207922448,0.45313413742690056,0.0
test,ulsan_018466,DKSR20001380_2,32,4.94,0.10848829040633379,0.15831646423751686,0.0
test,ulsan_003801,DKSR20001149_1,34,4.57,0.15397159280971695,0.3384755652808169,0.0
test,ulsan_014419,DKSR20001032_1,24,4.33,0.15058414882562324,0.1677155504234026,0.0
test,ulsan_006079,DKSR20001284_2,29,4.34,0.17690065054589185,0.1670410906298003,0.0
test,ulsan_016167,DKSR20001206_2,25,4.03,0.15273855146774643,0.1504032258064516,0.0
test,ulsan_027138,DKSR20001203_1,17,3.45,0.13153938806483834,0.28305555555555556,0.0
test,ulsan_015367,DKSR20001160_1,32,5.14,0.10399974758269732,0.2548070687418936,0.0
test,ulsan_000896,DKSR20000959_1,30,3.83,0.11691757853933561,0.2901544821583986,0.0
test,ulsan_012343,DKSR20001618_2,60,7.67,0.1445508605846009,0.2513852672750978,0.0
test,ulsan_004842,DKSR20001168_2,35,4.51,0.09482413127944488,0.34587028824833704,0.0
test,ulsan_023637,DKSR20000957_1,27,4.28,0.13696003234904972,0.24560942367601246,0.0
test,ulsan_023522,DKSR20000955_2,4,0.95,0.22618570464681018,0.2623245614035088,0.0
test,ulsan_004022,DKSR20001165_1,38,5.1,0.13576821948394038,0.2013562091503268,0.0
test,ulsan_021746,DKSR20001568_2,26,3.07,0.10317965483088247,0.16093919652551575,0.0
test,ulsan_014696,DKSR20001033_1,39,4.7,0.1297012756161455,0.28154255319148935,0.0
test,ulsan_006492,DKSR20001285_2,25,2.45,0.16378091848833895,0.22100340136054422,0.0
test,ulsan_024910,DKSR20000973_2,22,3.34,0.12393678908329722,0.22987774451097803,0.0
test,ulsan_022072,DKSR20001569_1,15,2.98,0.12417058456669755,0.27379753914988814,0.0
test,ulsan_020709,DKSR20001512_1,21,3.43,0.14531067151431426,0.2682580174927114,0.0
test,ulsan_011175,DKSR20001609_1,3,2.14,0.15044865749554073,0.7106892523364486,0.0
test,ulsan_025106,DKSR20000973_2,14,4.05,0.14561974922280624,0.19469135802469137,0.0
test,ulsan_005979,DKSR20001284_1,15,2.05,0.11665260934757675,0.427479674796748,0.0
test,ulsan_024313,DKSR20000963_2,35,3.79,0.15822145520436523,0.2190963060686016,0.0
test,ulsan_010717,DKSR20001594_2,4,2.45,0.17143134480807842,0.3075,0.0
test,ulsan_012683,DKSR20001650_2,14,3.43,0.11057562454293854,0.39231049562682213,0.0
test,ulsan_015479,DKSR20001160_1,20,3.95,0.145459212191954,0.20449367088607595,0.0
test,ulsan_021506,DKSR20001537_1,20,4.53,0.12216536549802005,0.5361387049300956,0.0
test,ulsan_020632,DKSR20001512_1,28,5.45,0.15716653419104845,0.48926605504587156,0.0
test,ulsan_003490,DKSR20001147_1,27,3.85,0.11403608976933012,0.4332034632034632,0.0
test,ulsan_001072,DKSR20000960_2,35,5.36,0.13586800472736443,0.46457555970149256,0.0
test,ulsan_020172,DKSR20001510_1,49,5.32,0.08449344490804522,0.23283208020050125,0.0
test,ulsan_023163,DKSR20000956_2,53,6.77,0.16248141027435145,0.26865460364352534,0.0
test,ulsan_018701,DKSR20001387_2,75,10.51,0.14346614332029003,0.20876546146527117,0.0
test,ulsan_007326,DKSR20001301_1,12,1.75,0.24773164606312928,0.21428571428571427,0.0
test,ulsan_011147,DKSR20001609_1,7,1.46,0.09523696064153518,0.5290239726027397,0.0
test,ulsan_022889,DKSR20001571_1,18,3.24,0.16388712869422556,0.20443672839506172,0.0
test,ulsan_020476,DKSR20001511_2,12,2.51,0.1940926099227291,0.34405710491367864,0.0
test,ulsan_004585,DKSR20001167_1,41,5.44,0.15273763836452176,0.2169500612745098,0.0
test,ulsan_016348,DKSR20001207_1,8,2.7100833333333334,0.17403989425081465,0.3797546200916331,0.0
test,ulsan_018253,DKSR20001380_1,37,4.27,0.1382054715905093,0.2051912568306011,0.0
test,ulsan_009925,DKSR20001536_1,21,2.23,0.21498827569715828,0.16050074738415546,0.0
test,ulsan_004965,DKSR20001168_2,2,1.96,0.10219481795096587,0.6286989795918367,0.0
test,ulsan_024774,DKSR20000962_2,6,3.3,0.11395748948856399,0.5356439393939394,0.0
test,ulsan_021046,DKSR20001533_2,27,4.140083333333333,0.16499318105937133,0.21253597954952597,0.0
test,ulsan_016917,DKSR20001240_1,41,3.86,0.12060797722473021,0.18358160621761657,0.0
test,ulsan_022018,DKSR20001568_2,44,5.16,0.15848207517999624,0.09915213178294574,0.0
test,ulsan_020371,DKSR20001511_2,30,5.33,0.14892703437369867,0.26386022514071295,0.0
test,ulsan_005296,DKSR20001169_1,7,1.48,0.14805461480490284,0.3550675675675676,0.0
test,ulsan_025734,DKSR20001157_2,6,1.84,0.13946687099869567,0.5060009057971014,0.0
test,ulsan_011860,DKSR20001611_1,36,5.12,0.06765967846378784,0.3810953776041667,0.0
test,ulsan_017777,DKSR20001288_1,26,3.14,0.08731064601313837,0.3375663481953291,0.0
test,ulsan_024124,DKSR20000961_2,31,4.73,0.13039006584628832,0.21456131078224103,0.0
test,ulsan_014296,DKSR20001032_1,11,1.69,0.18321230437504757,0.16863905325443787,0.0
test,ulsan_021399,DKSR20001534_2,26,5.02,0.08016312949036987,0.3285690571049137,0.0
test,ulsan_017096,DKSR20001241_1,17,3.51,0.12428718121714094,0.42530864197530865,0.0
test,ulsan_014377,DKSR20001032_2,33,3.73,0.1617659818760715,0.22861930294906166,0.0
test,ulsan_023000,DKSR20001571_2,33,4.86,0.1286763170806468,0.19764231824417008,0.0
test,ulsan_000590,DKSR20000954_1,34,3.8,0.2103090896862113,0.16731359649122807,0.0
test,ulsan_006637,DKSR20001286_2,29,4.37,0.14049280356452962,0.2999332570556827,0.0
test,ulsan_018311,DKSR20001380_2,39,6.59,0.13124347070099704,0.11492792109256449,0.0
test,ulsan_024833,DKSR20000973_2,11,2.21,0.12587913565286826,0.22564102564102564,0.0
test,ulsan_006392,DKSR20001285_1,54,6.06,0.16798512173927246,0.17591446644664466,0.0
test,ulsan_024906,DKSR20000973_2,35,5.36,0.07339980485704993,0.3559312810945274,0.0
test,ulsan_004734,DKSR20001168_2,22,2.720083333333333,0.1189813784244539,0.28765969179865813,0.0
test,ulsan_019141,DKSR20001507_1,25,5.0,0.1555660857409897,0.14161666666666667,0.0
test,ulsan_007536,DKSR20001348_1,47,5.97,0.12808462994247324,0.43197236180904525,0.0
test,ulsan_013073,DKSR20001651_2,44,5.29,0.12127845938798842,0.2857908002520479,0.0
test,ulsan_023197,DKSR20000956_1,30,3.3,0.1600677685359804,0.14768939393939393,0.0
test,ulsan_018137,DKSR20001336_1,27,4.3,0.14778024823500127,0.3500387596899225,0.0
test,ulsan_014611,DKSR20001032_1,14,1.65,0.17444854322490888,0.1383080808080808,0.0
test,ulsan_021111,DKSR20001533_1,47,8.87,0.1077189820195617,0.35552893649004136,0.0
test,ulsan_011957,DKSR20001617_1,50,6.83,0.17013153859892122,0.1875854075158614,0.0
test,ulsan_009347,DKSR20001535_2,19,4.72,0.13978338553641848,0.22195444915254237,0.0
test,ulsan_016286,DKSR20001207_1,46,7.749958333333334,0.19951795860607172,0.19180210646293797,0.0
test,ulsan_016385,DKSR20001207_2,14,3.63,0.19599860635125702,0.21236225895316804,0.0
test,ulsan_022111,DKSR20001569_2,11,2.27,0.19194671988315787,0.09285976505139501,0.0
test,ulsan_013657,DKSR20001715_2,29,4.12,0.11462768144517402,0.3409789644012945,0.0
test,ulsan_010655,DKSR20001594_1,18,3.19,0.11563619304735262,0.44663009404388715,0.0
test,ulsan_004397,DKSR20001167_2,62,7.93,0.1149461867709392,0.27317675493905,0.0
test,ulsan_023767,DKSR20000957_2,37,5.42,0.15957295611204755,0.2442420049200492,0.0
test,ulsan_017119,DKSR20001241_2,29,4.95,0.15206872445977548,0.2157070707070707,0.0
test,ulsan_011410,DKSR20001610_2,15,2.31,0.1448661796002757,0.2920995670995671,0.0
test,ulsan_003455,DKSR20001147_2,28,3.85,0.13368568855962357,0.2803030303030303,0.0
test,ulsan_016247,DKSR20001207_1,34,4.87,0.17236483618190315,0.22769507186858315,0.0
test,ulsan_009158,DKSR20001487_1,42,4.85,0.12564435377792912,0.2950515463917526,0.0
test,ulsan_003305,DKSR20001147_1,14,2.53,0.16818991857987758,0.40111989459815545,0.0
test,ulsan_022050,DKSR20001569_2,21,4.11,0.1427059709663797,0.13281630170316303,0.0
test,ulsan_001986,DKSR20001132_2,25,3.04,0.13595118218821114,0.1941611842105263,0.0
test,ulsan_004765,DKSR20001168_2,13,2.18,0.14517098332953568,0.20279051987767585,0.0
test,ulsan_006867,DKSR20001286_1,57,6.66,0.1742782369392841,0.17568818818818818,0.0
test,ulsan_015943,DKSR20001206_1,32,4.77,0.13994965538975274,0.1961390635918938,0.0
test,ulsan_018774,DKSR20001388_1,82,15.25,0.13328513270965486,0.3352377049180328,0.0
test,ulsan_011249,DKSR20001609_2,49,4.81,0.08990308615658238,0.3997401247401247,0.0
test,ulsan_008510,DKSR20001475_2,21,3.8,0.14103881978410648,0.30042763157894736,0.0
test,ulsan_004747,DKSR20001168_2,35,3.8,0.11283373001823085,0.20967105263157895,0.0
test,ulsan_015807,DKSR20001202_1,30,3.95,0.1548736081411037,0.2415717299578059,0.0
test,ulsan_007219,DKSR20001301_1,16,2.27,0.08151029808781468,0.4293869309838473,0.0
test,ulsan_018628,DKSR20001387_2,80,15.09,0.1639412437119168,0.3129528385244091,0.0
test,ulsan_006295,DKSR20001285_2,39,4.9,0.1414859127848072,0.28045068027210884,0.0
test,ulsan_014509,DKSR20001032_2,9,1.78,0.225330304822219,0.16055711610486892,0.0
test,ulsan_007160,DKSR20001301_2,61,7.04,0.14020214010844254,0.18622750946969696,0.0
test,ulsan_009470,DKSR20001535_1,14,2.5,0.21255863789934876,0.18353333333333333,0.0
test,ulsan_018953,DKSR20001491_2,15,3.12,0.15310191177726568,0.2513621794871795,0.0
test,ulsan_018908,DKSR20001491_1,41,4.76,0.14184611489095114,0.26790091036414565,0.0
test,ulsan_003996,DKSR20001165_2,35,5.53,0.09291285815657602,0.29983423749246535,0.0
test,ulsan_010053,DKSR20001592_2,31,4.02,0.11953247361133697,0.3625207296849088,0.0
test,ulsan_015315,DKSR20001159_2,32,4.45,0.15912779359475357,0.19369850187265916,0.0
test,ulsan_000174,DKSR20000953_1,28,4.38,0.1879539625152856,0.19490106544901065,0.0
test,ulsan_025798,DKSR20001157_1,16,3.17,0.15400317965460358,0.3499211356466877,0.0
test,ulsan_007716,DKSR20001351_1,42,4.12,0.14244314060510443,0.25651294498381877,0.0
test,ulsan_012066,DKSR20001617_2,13,2.15,0.20029908937231794,0.1358720930232558,0.0
test,ulsan_005335,DKSR20001169_2,38,5.099958333333333,0.16016599190694342,0.34170213808936345,0.0
test,ulsan_005557,DKSR20001278_1,15,2.86,0.14244796320756709,0.3148164335664336,0.0
test,ulsan_012134,DKSR20001617_2,18,2.49,0.13002882193050544,0.235140562248996,0.0
test,ulsan_011383,DKSR20001610_1,24,4.28,0.12945965477196766,0.2925817757009346,0.0
test,ulsan_012747,DKSR20001650_2,8,1.54,0.1431972539458404,0.3003246753246753,0.0
test,ulsan_024183,DKSR20000961_2,38,6.53,0.1194300768731879,0.2800599795814191,0.0
test,ulsan_014116,DKSR20001031_2,13,1.29,0.20358319439612776,0.25684754521963826,0.0
test,ulsan_010702,DKSR20001594_2,39,4.59,0.15912495469713617,0.27844045025417574,0.0
test,ulsan_007570,DKSR20001351_1,24,2.54,0.16189710781894542,0.21415682414698162,0.0
test,ulsan_019585,DKSR20001508_1,26,3.19,0.1349894383062223,0.1838166144200627,0.0
test,ulsan_002043,DKSR20001132_1,48,4.78,0.17086902951599453,0.16222977684797768,0.0
test,ulsan_016454,DKSR20001207_2,24,4.06,0.1601166615964883,0.1804700328407225,0.0
test,ulsan_014391,DKSR20001032_2,26,2.77,0.08993944964249942,0.32518050541516247,0.0
test,ulsan_008490,DKSR20001475_2,33,4.18,0.16676069394691548,0.1424342105263158,0.0
test,ulsan_006633,DKSR20001286_2,38,5.47,0.06931130208098535,0.29664838513101766,0.0
test,ulsan_003789,DKSR20001149_2,46,5.8,0.12837074480833444,0.28294540229885057,0.0
test,ulsan_017857,DKSR20001288_1,19,4.18,0.13946656778754807,0.3215311004784689,0.0
test,ulsan_006924,DKSR20001300_2,19,4.05,0.08721943360510566,0.4123971193415638,0.0
test,ulsan_005376,DKSR20001278_1,27,3.99,0.09372022536181696,0.20034461152882205,0.0
test,ulsan_026544,DKSR20001158_1,29,3.29,0.12682922785203654,0.2681357649442756,0.0
test,ulsan_022116,DKSR20001569_2,14,2.66,0.11800339006997383,0.3218828320802005,0.0
test,ulsan_007750,DKSR20001351_1,31,4.49,0.19275521273059462,0.20546585003711954,0.0
test,ulsan_015612,DKSR20001160_1,16,2.81,0.19360521125878766,0.14243772241992883,0.0
test,ulsan_022475,DKSR20001570_2,20,2.22,0.18961387772381835,0.1124436936936937,0.0
test,ulsan_017990,DKSR20001336_2,30,4.05,0.11192136052308489,0.27183127572016463,0.0
test,ulsan_014284,DKSR20001032_1,20,3.72,0.16427579126051498,0.25729166666666664,0.0
test,ulsan_021170,DKSR20001533_1,29,3.46,0.16857076779906985,0.20764691714836223,0.0
test,ulsan_026734,DKSR20000979_1,22,3.87,0.16956945848587734,0.23498062015503876,0.0
test,ulsan_017509,DKSR20001287_2,32,4.75,0.19329655684950312,0.1832456140350877,0.0
test,ulsan_026259,DKSR20000975_2,50,6.46,0.11711500930787448,0.21569917440660474,0.0
test,ulsan_013687,DKSR20001715_1,37,6.24,0.1327468252954399,0.3008613782051282,0.0
test,ulsan_024951,DKSR20000973_1,28,4.41,0.12379555405445458,0.20758692365835224,0.0
test,ulsan_017258,DKSR20001241_1,30,5.14,0.09810535671512781,0.3118839169909209,0.0
test,ulsan_008520,DKSR20001475_1,24,4.67,0.17712688581257965,0.15224839400428267,0.0
test,ulsan_000541,DKSR20000954_2,11,1.79,0.14660730570124866,0.2951582867783985,0.0
test,ulsan_008287,DKSR20001413_2,56,5.64,0.12867587061516048,0.38883717494089837,0.0
test,ulsan_004096,DKSR20001166_2,34,6.02,0.09941195425734498,0.3613095238095238,0.0
test,ulsan_014838,DKSR20001033_1,21,2.38,0.1855710353678032,0.17741596638655463,0.0
test,ulsan_022590,DKSR20001570_2,41,5.35,0.11994517248218117,0.19158878504672897,0.0
test,ulsan_003320,DKSR20001147_2,18,3.86,0.11029505433111782,0.2828367875647668,0.0
test,ulsan_012193,DKSR20001618_1,36,5.02,0.14653539087893738,0.18916002656042497,0.0
test,ulsan_019893,DKSR20001509_2,14,1.75,0.13388221999506625,0.08535714285714285,0.0
test,ulsan_020325,DKSR20001511_1,39,5.96,0.14567052988829424,0.28577321029082775,0.0
test,ulsan_023519,DKSR20000955_2,6,1.2,0.15021923790081182,0.29486111111111113,0.0
test,ulsan_026622,DKSR20000979_1,39,5.21,0.1746061429359825,0.2665147152911068,0.0
test,ulsan_007231,DKSR20001301_2,52,7.58,0.13557484436448017,0.16203825857519788,0.0
test,ulsan_022216,DKSR20001569_2,11,2.93,0.13759169087614945,0.2612627986348123,0.0
test,ulsan_006035,DKSR20001284_1,49,6.1,0.1102847311872722,0.24778688524590164,0.0
test,ulsan_015499,DKSR20001160_2,36,5.66,0.12653112833277005,0.2007140753828033,0.0
test,ulsan_013953,DKSR20001031_1,42,4.0,0.17189593640503142,0.19089583333333332,0.0
test,ulsan_008239,DKSR20001413_1,17,4.53,0.11787825949643907,0.5645787343635026,0.0
test,ulsan_025794,DKSR20001157_1,23,3.51,0.10107099042741391,0.34483618233618235,0.0
test,ulsan_002458,DKSR20001144_2,44,5.88,0.12186645948790487,0.19722930839002267,0.0
test,ulsan_024025,DKSR20000958_2,30,5.22,0.11828134385434422,0.4355683269476373,0.0
test,ulsan_011164,DKSR20001609_1,18,3.17,0.12231302779172086,0.43308359621451104,0.0
test,ulsan_006444,DKSR20001285_1,40,4.41,0.15282215166862875,0.20939153439153438,0.0
test,ulsan_020436,DKSR20001511_2,28,3.88,0.10573073829091968,0.23824097938144329,0.0
test,ulsan_017993,DKSR20001336_2,53,7.6,0.07435714188147202,0.2519627192982456,0.0
test,ulsan_011029,DKSR20001608_1,14,2.87,0.10459088727914442,0.47668408826945413,0.0
test,ulsan_020353,DKSR20001511_2,39,6.36,0.15847048017306298,0.27288390985324945,0.0
test,ulsan_027498,DKSR20001204_1,15,2.16,0.13810870676642456,0.21064814814814814,0.0
test,ulsan_007845,DKSR20001352_1,30,3.65,0.1477593845732791,0.21342465753424658,0.0
test,ulsan_001954,DKSR20001132_2,19,2.67,0.14989260090671502,0.3046504369538077,0.0
test,ulsan_023907,DKSR20000958_2,24,4.44,0.10268259838842504,0.39217342342342343,0.0
test,ulsan_005507,DKSR20001278_2,36,4.26,0.1904543560141892,0.22387519561815336,0.0
test,ulsan_017525,DKSR20001287_1,18,3.5,0.14063841261203047,0.43592857142857144,0.0
test,ulsan_018748,DKSR20001388_1,86,11.74,0.15010121463390227,0.2578648495173197,0.0
test,ulsan_021308,DKSR20001534_1,10,1.94,0.205249216112133,0.22654639175257732,0.0
test,ulsan_000131,DKSR20000953_2,65,8.14,0.11033138858951183,0.19966728091728092,0.0
test,ulsan_007940,DKSR20001352_2,35,4.34,0.1298236896739967,0.2782930107526882,0.0
test,ulsan_016853,DKSR20001240_1,30,4.18,0.12530087595684808,0.3304824561403509,0.0
test,ulsan_011567,DKSR20001610_1,45,5.88,0.12023973150806659,0.3624362244897959,0.0
test,ulsan_026138,DKSR20000975_2,26,5.65,0.14953968435314668,0.1841297935103245,0.0
test,ulsan_004809,DKSR20001168_1,20,3.75,0.15799541984221097,0.4533,0.0
test,ulsan_025364,DKSR20001156_2,24,2.84,0.15175770093075924,0.29348591549295777,0.0
test,ulsan_004522,DKSR20001167_2,45,6.59,0.10785150942813865,0.38708902377339405,0.0
test,ulsan_024478,DKSR20000963_1,38,3.88,0.10722810591359642,0.28941151202749144,0.0
test,ulsan_006853,DKSR20001286_2,14,3.2,0.1635553920289116,0.4148307291666667,0.0
test,ulsan_023187,DKSR20000956_1,23,3.29,0.1912450612353456,0.24316109422492402,0.0
test,ulsan_008265,DKSR20001413_1,27,4.91,0.13277280289552976,0.46610658520027154,0.0
test,ulsan_011045,DKSR20001609_2,22,3.65,0.13753079910144947,0.39315068493150684,0.0
test,ulsan_017006,DKSR20001240_1,15,2.34,0.13920366408738688,0.3538283475783476,0.0
test,ulsan_009548,DKSR20001535_1,51,5.59,0.09864328104119455,0.17034138342277877,0.0
test,ulsan_015504,DKSR20001160_1,13,1.86,0.09436765795027709,0.17542562724014338,0.0
test,ulsan_018142,DKSR20001336_1,13,2.63,0.2056105093295918,0.25782636248415713,0.0
test,ulsan_021736,DKSR20001568_2,36,5.13,0.11276342562983561,0.16480669265756986,0.0
test,ulsan_017145,DKSR20001241_1,10,2.52,0.17497202406646334,0.33837632275132273,0.0
test,ulsan_005002,DKSR20001168_2,16,4.07,0.13630485946835041,0.5068898443898444,0.0
test,ulsan_014911,DKSR20001033_1,30,3.21,0.1349159320608149,0.22906282450674975,0.0
test,ulsan_025624,DKSR20000974_1,28,3.64,0.09632625601256391,0.24658882783882785,0.0
test,ulsan_009801,DKSR20001536_2,22,2.42,0.14892599759664138,0.12212465564738292,0.0
test,ulsan_004459,DKSR20001167_1,37,5.12,0.1444618192988625,0.30784505208333335,0.0
test,ulsan_005141,DKSR20001169_1,2,1.57,0.13751918713981542,0.5567409766454352,0.0
test,ulsan_017267,DKSR20001241_1,37,5.21,0.11690302542735462,0.3471129238643634,0.0
test,ulsan_015890,DKSR20001202_2,22,2.37,0.16802595890082564,0.20625879043600562,0.0
test,ulsan_017793,DKSR20001288_1,37,3.48,0.15970922316776107,0.2162595785440613,0.0
test,ulsan_024339,DKSR20000963_1,42,5.77,0.13906403075184742,0.23537694974003467,0.0
test,ulsan_018031,DKSR20001336_2,33,5.05,0.09140222706254172,0.2727145214521452,0.0
test,ulsan_020739,DKSR20001512_1,44,5.81,0.128423770939181,0.18977337923121054,0.0
test,ulsan_006234,DKSR20001284_2,24,3.0,0.20122461189976032,0.15738888888888888,0.0
test,ulsan_019114,DKSR20001491_1,38,5.14,0.19968748607432812,0.1551475356679637,0.0
test,ulsan_001743,DKSR20001131_1,10,2.06,0.12561381989821258,0.39455906148867315,0.0
test,ulsan_015176,DKSR20001159_2,5,1.17,0.1823029746398699,0.33579059829059826,0.0
test,ulsan_006450,DKSR20001285_1,15,1.8,0.19591905208619204,0.2588888888888889,0.0
test,ulsan_021096,DKSR20001533_1,41,6.06,0.14921991110180913,0.2900852585258526,0.0
test,ulsan_007860,DKSR20001352_1,42,5.38,0.17795946634762796,0.13088599752168525,0.0
test,ulsan_017806,DKSR20001288_1,48,5.69,0.13751648981779832,0.22984036321031048,0.0
test,ulsan_001212,DKSR20001094_2,16,2.62,0.12724536577420878,0.4178594147582697,0.0
test,ulsan_011023,DKSR20001608_1,25,4.74,0.10997033393314543,0.35101090014064695,0.0
test,ulsan_011256,DKSR20001609_2,13,2.25,0.12590351420825197,0.3536666666666667,0.0
test,ulsan_023014,DKSR20000956_2,18,4.25,0.14222675229524231,0.33447058823529413,0.0
test,ulsan_009290,DKSR20001487_2,16,2.74,0.13599574342747292,0.32220194647201944,0.0
test,ulsan_026429,DKSR20001158_1,49,6.42,0.13099679003468617,0.15758696780893042,0.0
test,ulsan_009864,DKSR20001536_1,51,5.29,0.14303199945456715,0.25562381852551985,0.0
test,ulsan_011305,DKSR20001609_1,23,4.86,0.15935232730344812,0.37040466392318244,0.0
test,ulsan_000749,DKSR20000954_2,29,2.8699583333333334,0.16145283513790934,0.2233481903047373,0.0
test,ulsan_018914,DKSR20001491_1,9,1.67,0.10095734418836605,0.6563373253493014,0.0
test,ulsan_009259,DKSR20001487_2,16,2.34,0.13944695687031733,0.19127492877492877,0.0
test,ulsan_009923,DKSR20001536_1,34,2.91,0.10570921737509312,0.13426403207331042,0.0
test,ulsan_013675,DKSR20001715_1,21,5.58,0.14968291204572715,0.5012544802867384,0.0
test,ulsan_024342,DKSR20000963_1,26,4.28,0.11911581687027001,0.2906931464174455,0.0
test,ulsan_023431,DKSR20000955_1,30,3.9299583333333334,0.1238357519851629,0.29948366712963453,0.0
test,ulsan_025305,DKSR20001156_1,35,6.77,0.14865318146766066,0.3825086164451009,0.0
test,ulsan_013561,DKSR20001715_2,6,1.17,0.15864697194201663,0.27126068376068374,0.0
test,ulsan_012900,DKSR20001651_2,48,7.13,0.0805442758162891,0.42605189340813465,0.0
test,ulsan_010329,DKSR20001593_2,12,2.22,0.15871723856956577,0.47280405405405407,0.0
test,ulsan_006119,DKSR20001284_2,6,1.61,0.1529203692882808,0.2254399585921325,0.0
test,ulsan_023057,DKSR20000956_2,33,2.99,0.1172023364397296,0.16666666666666666,0.0
test,ulsan_019545,DKSR20001508_1,21,5.58,0.07208701773801542,0.3123431899641577,0.0
test,ulsan_024778,DKSR20000962_2,12,2.36,0.14205676273061277,0.1944738700564972,0.0
test,ulsan_006024,DKSR20001284_2,48,5.6,0.13161346311405347,0.24386904761904762,0.0
test,ulsan_017940,DKSR20001336_1,25,4.42,0.11374218498433002,0.3087575414781297,0.0
test,ulsan_018670,DKSR20001387_1,93,14.71,0.11838866546975,0.31449977339678226,0.0
test,ulsan_007482,DKSR20001348_1,44,5.26,0.13506425915439427,0.36717363751584287,0.0
test,ulsan_026509,DKSR20001158_2,22,3.82,0.06744173616929788,0.3231675392670157,0.0
test,ulsan_016803,DKSR20001240_2,41,6.37,0.14034161939574222,0.1559196755625327,0.0
test,ulsan_022259,DKSR20001569_2,20,3.14,0.13924349000514707,0.2049363057324841,0.0
test,ulsan_003908,DKSR20001165_2,51,6.59,0.111398868917266,0.3132207890743551,0.0
test,ulsan_021710,DKSR20001568_1,5,1.12,0.19153645081171025,0.27686011904761904,0.0
test,ulsan_017620,DKSR20001288_2,34,3.1,0.15357729128831055,0.25248655913978496,0.0
test,ulsan_027266,DKSR20000980_1,30,3.8,0.15498106583743496,0.2193201754385965,0.0
test,ulsan_006359,DKSR20001285_1,40,3.62,0.22433656583272377,0.08621086556169429,0.0
test,ulsan_015516,DKSR20001160_2,22,3.61,0.1410141160616121,0.2693790397045245,0.0
test,ulsan_008785,DKSR20001476_2,8,1.62,0.19113124100056844,0.3969650205761317,0.0
test,ulsan_010538,DKSR20001594_2,21,2.62,0.10972091327783849,0.38249045801526715,0.0
test,ulsan_013534,DKSR20001677_1,18,3.37,0.15677855768627771,0.2899727992087043,0.0
test,ulsan_004291,DKSR20001166_2,45,5.48,0.12881716690295847,0.2502433090024331,0.0
test,ulsan_011964,DKSR20001617_1,38,5.12,0.06972869410695062,0.26266276041666664,0.0
test,ulsan_014683,DKSR20001033_1,23,2.42,0.12871706331325392,0.2247589531680441,0.0
test,ulsan_000811,DKSR20000959_1,42,5.11,0.1453716962100587,0.2130300065231572,0.0
test,ulsan_013835,DKSR20001715_2,18,2.23,0.13307825216070224,0.29914050822122573,0.0
test,ulsan_014221,DKSR20001032_1,22,2.71,0.17220691592240542,0.06391451414514145,0.0
test,ulsan_025752,DKSR20001157_2,38,4.02,0.11117091614510032,0.3859038142620232,0.0
test,ulsan_014241,DKSR20001032_2,17,1.77,0.20923486586834295,0.14317325800376648,0.0
test,ulsan_021168,DKSR20001533_1,45,4.65,0.14982287957086424,0.14864695340501793,0.0
test,ulsan_003159,DKSR20001146_1,38,4.08,0.10816369803047926,0.220046977124183,0.0
test,ulsan_018807,DKSR20001388_1,25,3.45,0.17976867887776854,0.29590579710144926,0.0
test,ulsan_026104,DKSR20000975_1,38,5.54,0.1370708599361038,0.24338898916967508,0.0
test,ulsan_005886,DKSR20001280_2,25,2.8,0.13299215491937336,0.20436011904761905,0.0
test,ulsan_002289,DKSR20001144_1,26,3.84,0.17828625172268148,0.22134331597222223,0.0
test,ulsan_012599,DKSR20001649_1,24,4.63,0.14505653547168515,0.383630309575234,0.0
test,ulsan_009507,DKSR20001535_2,28,4.38,0.17166062490942693,0.2609398782343988,0.0
test,ulsan_019273,DKSR20001507_2,22,3.58,0.1535881555830432,0.09359869646182495,0.0
test,ulsan_020425,DKSR20001511_1,47,6.58,0.09904966452588368,0.2917806484295846,0.0
test,ulsan_011923,DKSR20001617_2,27,3.11,0.08705747721554778,0.23585209003215435,0.0
test,ulsan_012070,DKSR20001617_2,30,4.33,0.17176424483604813,0.1719303310238645,0.0
test,ulsan_026031,DKSR20001157_1,12,2.42,0.19517481171455417,0.36520316804407715,0.0
test,ulsan_003451,DKSR20001147_2,23,4.38,0.15182481345967444,0.30701103500761034,0.0
test,ulsan_021861,DKSR20001568_1,20,3.67,0.10650628715194879,0.24747956403269755,0.0
test,ulsan_024062,DKSR20000961_2,46,6.7,0.1344998148695646,0.17169776119402985,0.0
test,ulsan_006829,DKSR20001286_2,25,3.160083333333333,0.15844057228196598,0.3100788481316421,0.0
test,ulsan_022355,DKSR20001569_2,19,3.32,0.12601086576766407,0.14249497991967872,0.0
test,ulsan_015312,DKSR20001159_2,37,4.53,0.17022411382835967,0.22967255334805003,0.0
test,ulsan_022507,DKSR20001570_1,31,3.64,0.13212055403447057,0.1774610805860806,0.0
test,ulsan_015501,DKSR20001160_2,34,5.380083333333333,0.15321642294567206,0.16742305726367313,0.0
test,ulsan_003393,DKSR20001147_1,8,1.68,0.09832603962453758,0.4200644841269841,0.0
test,ulsan_023315,DKSR20000955_1,24,4.5,0.12340647700163038,0.14387037037037037,0.0
test,ulsan_015387,DKSR20001160_2,26,4.85,0.14899858247726383,0.1572594501718213,0.0
test,ulsan_017790,DKSR20001288_2,17,3.75,0.12720534258882024,0.5511222222222222,0.0
test,ulsan_019392,DKSR20001507_2,29,4.48,0.1302254392981247,0.1371279761904762,0.0
test,ulsan_021919,DKSR20001568_2,8,1.04,0.14595487194291212,0.26782852564102566,0.0
test,ulsan_012838,DKSR20001650_1,40,5.05,0.23367294229740043,0.18563531353135312,0.0
test,ulsan_017272,DKSR20001241_1,26,4.43,0.10533174303592813,0.3432750188111362,0.0
test,ulsan_000177,DKSR20000953_1,20,3.35,0.15795989648290354,0.2855597014925373,0.0
test,ulsan_014650,DKSR20001033_2,26,2.87,0.1392853682511074,0.11204994192799071,0.0
test,ulsan_024132,DKSR20000961_2,45,6.39,0.14147369426361225,0.19100808555033907,0.0
test,ulsan_008512,DKSR20001475_2,39,5.15,0.1745136913469078,0.14097087378640777,0.0
test,ulsan_001487,DKSR20001094_2,24,3.95,0.11110002933426152,0.26343881856540086,0.0
test,ulsan_003336,DKSR20001147_2,27,5.06,0.12366643563658396,0.32517292490118577,0.0
test,ulsan_014800,DKSR20001033_1,21,1.78,0.11941748224930247,0.2762172284644195,0.0
test,ulsan_024801,DKSR20000962_2,17,5.36,0.12715471454059454,0.48226057213930346,0.0
test,ulsan_009484,DKSR20001535_1,39,5.31,0.14907840380913198,0.27546296296296297,0.0
test,ulsan_026034,DKSR20001157_1,18,2.57,0.0921946434211018,0.5236381322957199,0.0
test,ulsan_002716,DKSR20001145_2,32,4.9,0.13135628472515667,0.2273044217687075,0.0
test,ulsan_020268,DKSR20001511_2,10,5.58,0.09896748013440576,0.7509333930704899,0.0
test,ulsan_002237,DKSR20001144_2,23,3.54,0.10489055555765656,0.4066031073446328,0.0
test,ulsan_011245,DKSR20001609_2,30,3.73,0.10396164651880793,0.3316018766756032,0.0
test,ulsan_024872,DKSR20000973_1,16,3.21,0.17167822006913308,0.3743380062305296,0.0
test,ulsan_010253,DKSR20001593_2,36,6.26,0.12391636015230502,0.3939696485623003,0.0
test,ulsan_019915,DKSR20001509_2,30,4.72,0.11101796194885881,0.10384887005649718,0.0
test,ulsan_000828,DKSR20000959_2,37,6.58,0.13973175280444605,0.4301165146909828,0.0
test,ulsan_020029,DKSR20001510_1,16,2.97,0.10500830636125863,0.10869809203142536,0.0
test,ulsan_008768,DKSR20001476_2,27,4.15,0.1277133668892308,0.30141566265060243,0.0
test,ulsan_004224,DKSR20001166_2,32,5.52,0.12703609653126194,0.4541213768115942,0.0
test,ulsan_005726,DKSR20001280_2,22,4.43,0.15659445816950393,0.16889578630549285,0.0
test,ulsan_019136,DKSR20001507_2,27,4.32,0.14337986479604045,0.12356288580246913,0.0
test,ulsan_003960,DKSR20001165_1,22,2.64,0.1241781861373597,0.28530618686868686,0.0
test,ulsan_006464,DKSR20001285_1,28,4.16,0.0787564082580927,0.38044871794871793,0.0
test,ulsan_006725,DKSR20001286_2,27,3.15,0.1389168661264994,0.2621428571428571,0.0
test,ulsan_013145,DKSR20001651_2,50,6.13,0.08720754938145667,0.40457449700924414,0.0
test,ulsan_008025,DKSR20001353_2,71,8.0,0.1438555660583304,0.1215,0.0
test,ulsan_011413,DKSR20001610_2,13,1.94,0.1983296263081335,0.2545103092783505,0.0
test,ulsan_003184,DKSR20001146_1,4,1.44,0.17901104426320286,0.3572337962962963,0.0
test,ulsan_019995,DKSR20001510_2,23,5.21,0.12178895967143703,0.35760556621880996,0.0
test,ulsan_011907,DKSR20001617_2,24,3.06,0.155120684395208,0.16983932461873638,0.0
test,ulsan_019197,DKSR20001507_1,25,3.25,0.1797977479824898,0.13196153846153846,0.0
test,ulsan_019817,DKSR20001509_1,32,4.66,0.1659079308128088,0.13505901287553648,0.0
test,ulsan_005396,DKSR20001278_1,14,3.15,0.15763813791967138,0.2187037037037037,0.0
test,ulsan_011296,DKSR20001609_1,37,6.42,0.13461818127200376,0.38528686396677053,0.0
test,ulsan_008691,DKSR20001475_1,41,5.0,0.11209294639784917,0.215025,0.0
test,ulsan_026763,DKSR20000979_1,35,5.05,0.1796826144265573,0.21825082508250826,0.0
test,ulsan_025240,DKSR20001156_1,22,4.22,0.1648995112579888,0.3469194312796208,0.0
test,ulsan_024393,DKSR20000963_1,31,4.57,0.13208371565747537,0.2615244347191831,0.0
test,ulsan_003901,DKSR20001165_2,26,4.43,0.11806542322453875,0.4567437923250564,0.0
test,ulsan_008866,DKSR20001476_1,25,2.88,0.15642881774055095,0.2365017361111111,0.0
test,ulsan_012836,DKSR20001650_1,46,4.92,0.18670842759823475,0.07735433604336044,0.0
test,ulsan_014525,DKSR20001032_1,26,4.11,0.13994035350597453,0.20584955393349555,0.0
test,ulsan_014600,DKSR20001032_1,33,3.0499583333333335,0.11981513293457326,0.1972977772920395,0.0
test,ulsan_023888,DKSR20000958_1,42,5.58,0.11142547586173258,0.3134483273596177,0.0
test,ulsan_021833,DKSR20001568_1,21,4.09,0.13186813477728382,0.3368276283618582,0.0
test,ulsan_020308,DKSR20001511_2,24,4.49,0.13232717507228314,0.4666945063103192,0.0
test,ulsan_009313,DKSR20001487_2,13,2.05,0.1713678783566204,0.19839430894308943,0.0
test,ulsan_024103,DKSR20000961_1,39,4.96,0.12985062876326942,0.2381888440860215,0.0
test,ulsan_018032,DKSR20001336_2,15,2.57,0.17287197421919367,0.1863651102464332,0.0
test,ulsan_017013,DKSR20001240_1,9,1.3,0.1519318048222769,0.32477564102564105,0.0
test,ulsan_001190,DKSR20000960_2,36,6.44,0.16590305540397876,0.35827510351966874,0.0
test,ulsan_026084,DKSR20000975_1,31,5.3,0.14275220871283176,0.3455110062893082,0.0
test,ulsan_007001,DKSR20001300_1,12,1.71,0.11386415546251502,0.19717348927875245,0.0
test,ulsan_025367,DKSR20001156_2,29,4.18,0.16401786437972965,0.25347886762360444,0.0
test,ulsan_023847,DKSR20000958_1,26,5.26,0.18950566711885616,0.4089512040557668,0.0
test,ulsan_001537,DKSR20001131_1,30,3.49,0.11479990194785787,0.3233166189111748,0.0
test,ulsan_005360,DKSR20001169_1,15,2.11,0.18398279810166818,0.21648894154818327,0.0
test,ulsan_006398,DKSR20001285_1,13,2.7,0.1711904360690639,0.3258179012345679,0.0
test,ulsan_007030,DKSR20001300_1,20,3.02,0.08152605821954473,0.3649558498896247,0.0
test,ulsan_017774,DKSR20001288_1,24,4.33,0.12790610659662963,0.3508083140877598,0.0
test,ulsan_015359,DKSR20001159_1,12,2.18,0.14790499538920032,0.11488914373088685,0.0
test,ulsan_009225,DKSR20001487_1,16,1.79,0.1335021691312984,0.2644553072625698,0.0
test,ulsan_000091,DKSR20000953_2,12,1.82,0.16301573892196156,0.184478021978022,0.0
test,ulsan_025565,DKSR20000974_2,16,3.72,0.12560848785742104,0.36549059139784945,0.0
test,ulsan_007197,DKSR20001301_1,28,4.05,0.17614509108432982,0.29242798353909466,0.0
test,ulsan_010741,DKSR20001608_2,13,3.78,0.10125619455133655,0.500462962962963,0.0
test,ulsan_020578,DKSR20001512_1,19,3.68,0.11297229667792352,0.247169384057971,0.0
test,ulsan_027323,DKSR20000980_1,49,7.04,0.19482727373854514,0.1361624053030303,0.0
test,ulsan_022191,DKSR20001569_2,15,2.07,0.13579830630139134,0.11151368760064412,0.0
test,ulsan_015620,DKSR20001160_2,5,2.46,0.11693009235557092,0.5795562330623306,0.0
test,ulsan_008553,DKSR20001475_1,26,2.91,0.13527678425391265,0.16532073310423825,0.0
test,ulsan_023916,DKSR20000958_1,24,5.93,0.18144256350368332,0.3394463181562676,0.0
test,ulsan_023822,DKSR20000957_1,43,6.35,0.11067501216481845,0.23602362204724409,0.0
test,ulsan_026570,DKSR20001158_1,12,1.98,0.1921469767071783,0.37066498316498314,0.0
test,ulsan_027171,DKSR20000980_1,35,6.44,0.17398253274868175,0.29920419254658387,0.0
test,ulsan_013116,DKSR20001651_2,33,4.55,0.07750007187705717,0.4008516483516483,0.0
test,ulsan_022395,DKSR20001570_2,37,4.99,0.09235304292011036,0.2399883099532398,0.0
test,ulsan_000555,DKSR20000954_2,25,3.09,0.12295801612535363,0.22873516720604098,0.0
test,ulsan_003853,DKSR20001165_2,39,7.01,0.13006222751876245,0.3380587256300523,0.0
test,ulsan_001682,DKSR20001131_2,26,3.64,0.11024261505220263,0.3399839743589744,0.0
test,ulsan_026935,DKSR20001203_2,18,3.45,0.1628547687333764,0.18434782608695652,0.0
test,ulsan_003238,DKSR20001146_2,14,3.16,0.09848386088029353,0.3746308016877637,0.0
test,ulsan_003927,DKSR20001165_1,44,4.92,0.09818525917584381,0.32347560975609757,0.0
test,ulsan_001857,DKSR20001132_1,32,3.11,0.15923302604199202,0.16734994640943193,0.0
test,ulsan_024911,DKSR20000973_2,11,1.86,0.1776526031336498,0.1802195340501792,0.0
test,ulsan_015320,DKSR20001159_1,30,3.8,0.1286453654980829,0.13651315789473684,0.0
test,ulsan_019217,DKSR20001507_1,44,5.63,0.12751114788755072,0.11919775014801658,0.0
test,ulsan_008087,DKSR20001353_2,24,4.24,0.1638051427256229,0.14635416666666667,0.0
test,ulsan_011170,DKSR20001609_1,5,2.03,0.1770934857591816,0.47204433497536946,0.0
test,ulsan_019266,DKSR20001507_1,8,2.22,0.08922161231288796,0.28920795795795795,0.0
test,ulsan_022813,DKSR20001571_1,45,5.85,0.11482791960514344,0.2808974358974359,0.0
test,ulsan_026334,DKSR20001158_1,17,3.47,0.21978996876202567,0.2462776176753122,0.0
test,ulsan_007215,DKSR20001301_1,56,6.77,0.12338247835978398,0.2725504677498769,0.0
test,ulsan_010449,DKSR20001593_1,16,2.37,0.09124726497226673,0.36264064697609,0.0
test,ulsan_002560,DKSR20001145_2,29,4.26,0.13671295711498987,0.19783841940532082,0.0
test,ulsan_002071,DKSR20001132_2,56,4.95,0.11721972624903779,0.20886363636363636,0.0
test,ulsan_001560,DKSR20001131_2,40,5.38,0.11943160233810375,0.31565210656753406,0.0
test,ulsan_021943,DKSR20001568_2,25,4.05,0.14289503974836765,0.1715329218106996,0.0
test,ulsan_011032,DKSR20001609_1,7,3.39,0.09064911375888886,0.6338249754178957,0.0
test,ulsan_018506,DKSR20001386_2,99,15.06,0.12725199856342265,0.2162433598937583,0.0
test,ulsan_010601,DKSR20001594_2,31,3.14,0.1557685770270277,0.2414808917197452,0.0
test,ulsan_026615,DKSR20000979_2,53,8.76,0.10407109243993742,0.26016457382039576,0.0
test,ulsan_004552,DKSR20001167_2,13,2.97,0.13127832257608757,0.4834175084175084,0.0
test,ulsan_002102,DKSR20001132_1,42,5.41,0.14841386079148908,0.16832255083179298,0.0
test,ulsan_022965,DKSR20001571_1,32,5.22,0.11112635740561835,0.18813856960408684,0.0
test,ulsan_026827,DKSR20000979_1,11,3.32,0.18187879831691978,0.3645958835341365,0.0
test,ulsan_003365,DKSR20001147_2,1,1.34,0.12357167046966798,0.6493781094527363,0.0
test,ulsan_025334,DKSR20001156_1,2,1.35,0.1616609378767527,0.5543518518518519,0.0
test,ulsan_004109,DKSR20001166_2,40,4.91,0.13415580996245138,0.34315173116089615,0.0
test,ulsan_026470,DKSR20001158_1,14,1.73,0.2823044762667742,0.11189788053949903,0.0
test,ulsan_006821,DKSR20001286_2,26,4.55,0.13035855114536626,0.35227106227106225,0.0
test,ulsan_022352,DKSR20001569_2,8,2.35,0.14067272807615278,0.20395390070921987,0.0
test,ulsan_015750,DKSR20001202_2,10,2.0,0.17517026303449665,0.165,0.0
test,ulsan_004698,DKSR20001168_2,10,2.03,0.11280443887105646,0.39482758620689656,0.0
test,ulsan_008274,DKSR20001413_2,31,5.16,0.13195939064076398,0.5044169896640827,0.0
test,ulsan_010691,DKSR20001594_2,44,5.06,0.13891921406207033,0.28243577075098814,0.0
test,ulsan_005897,DKSR20001280_2,28,2.99,0.15264871865844876,0.16429765886287626,0.0
test,ulsan_015766,DKSR20001202_1,19,2.75,0.1450654513629333,0.2942272727272727,0.0
test,ulsan_018458,DKSR20001380_1,58,7.18,0.12967593479175352,0.22914925719591459,0.0
test,ulsan_008556,DKSR20001475_1,16,2.52,0.17290915604152568,0.21395502645502645,0.0
test,ulsan_017888,DKSR20001288_2,22,3.7,0.10934108896895299,0.570304054054054,0.0
test,ulsan_027443,DKSR20001204_2,60,5.76,0.13971928639012518,0.22220052083333333,0.0
test,ulsan_019002,DKSR20001491_1,47,6.79,0.12988585656858653,0.2942255768286696,0.0
test,ulsan_009589,DKSR20001535_2,10,1.88,0.20125739991271965,0.3349512411347518,0.0
test,ulsan_004249,DKSR20001166_1,40,5.23,0.13712533870877439,0.29666985340981517,0.0
test,ulsan_003776,DKSR20001149_1,21,2.5,0.1552269695939422,0.33013333333333333,0.0
test,ulsan_021990,DKSR20001568_1,12,1.74,0.15361685681963097,0.2822318007662835,0.0
test,ulsan_016859,DKSR20001240_2,39,5.08,0.08229382779439441,0.24950787401574803,0.0
test,ulsan_003064,DKSR20001146_1,10,1.5,0.13236822198770395,0.33955555555555555,0.0
test,ulsan_015419,DKSR20001160_2,19,2.83,0.17857450741453196,0.24103356890459363,0.0
test,ulsan_024839,DKSR20000973_2,23,2.8,0.12369495978042813,0.2058184523809524,0.0
test,ulsan_000432,DKSR20000954_1,9,2.0,0.1704308759191433,0.3192291666666667,0.0
test,ulsan_011973,DKSR20001617_2,64,7.4,0.16198896588473163,0.12030405405405406,0.0
test,ulsan_006343,DKSR20001285_1,45,5.18,0.12926959450631922,0.3118484555984556,0.0
test,ulsan_007195,DKSR20001301_1,28,4.06,0.12546739290578723,0.23697660098522166,0.0
test,ulsan_022651,DKSR20001570_1,14,1.9,0.1832508602336705,0.1369736842105263,0.0
test,ulsan_020901,DKSR20001532_2,33,5.81,0.14084295189565876,0.31048479632816983,0.0
test,ulsan_017685,DKSR20001288_1,27,3.99,0.10040389592341195,0.29816207184628235,0.0
test,ulsan_021956,DKSR20001568_1,36,4.51,0.1567803638566779,0.14820768662232076,0.0
test,ulsan_003350,DKSR20001147_1,8,2.02,0.14370971952776435,0.4200701320132013,0.0
test,ulsan_010801,DKSR20001608_1,16,4.35,0.11385258362632403,0.42191570881226054,0.0
test,ulsan_008606,DKSR20001475_2,5,1.41,0.21211619988383829,0.2148936170212766,0.0
test,ulsan_007344,DKSR20001301_1,52,5.95,0.11806343901021578,0.25684873949579834,0.0
test,ulsan_013221,DKSR20001677_2,51,5.63,0.10672491446038357,0.30798549437537004,0.0
test,ulsan_022930,DKSR20001571_2,17,2.61,0.181925320297844,0.15253831417624522,0.0
test,ulsan_003718,DKSR20001149_2,62,6.46,0.08866646728100175,0.3430727554179567,0.0
test,ulsan_024406,DKSR20000963_2,10,2.56,0.13718746873174129,0.4989095052083333,0.0
test,ulsan_002057,DKSR20001132_2,35,5.85,0.11588380497846311,0.38915242165242164,0.0
test,ulsan_007999,DKSR20001352_2,41,7.61,0.13555551241050326,0.27922141918528254,0.0
test,ulsan_000398,DKSR20000953_2,34,4.53,0.11424788864222023,0.19466519499632082,0.0
test,ulsan_008624,DKSR20001475_2,24,3.15,0.15507734289032685,0.18279100529100528,0.0
test,ulsan_026327,DKSR20001158_1,36,5.720083333333333,0.09339851471666871,0.3892790023455369,0.0
test,ulsan_022303,DKSR20001569_2,14,2.81,0.10882597513084089,0.26190688018979835,0.0
test,ulsan_019198,DKSR20001507_1,13,2.51,0.14591409122551788,0.15649070385126163,0.0
test,ulsan_015221,DKSR20001159_1,35,4.32,0.20286885839734853,0.10754243827160494,0.0
test,ulsan_005349,DKSR20001169_1,6,2.32,0.11620159088655264,0.7135596264367816,0.0
test,ulsan_025714,DKSR20001157_1,28,2.77,0.16295640340480305,0.22496991576413958,0.0
test,ulsan_012392,DKSR20001618_1,34,4.21,0.13545373286645937,0.2733669833729216,0.0
test,ulsan_027030,DKSR20001203_2,18,3.19,0.19070387531983485,0.15101880877742946,0.0
test,ulsan_002748,DKSR20001145_1,3,1.14,0.12064947941844596,0.5051169590643275,0.0
test,ulsan_007314,DKSR20001301_1,62,6.08,0.18379922089629408,0.214343475877193,0.0
test,ulsan_001753,DKSR20001131_1,5,1.07,0.16678912046571087,0.2903816199376947,0.0
test,ulsan_004860,DKSR20001168_2,4,1.18,0.15966723480288084,0.3301553672316384,0.0
test,ulsan_018108,DKSR20001336_2,30,3.82,0.15860839391842393,0.30017452006980805,0.0
test,ulsan_023515,DKSR20000955_2,24,3.22,0.11240054147955868,0.2630046583850932,0.0
test,ulsan_005233,DKSR20001169_1,28,3.69,0.14969082728736732,0.19523486901535683,0.0
test,ulsan_013214,DKSR20001677_2,37,4.41,0.12479683733279746,0.2458994708994709,0.0
test,ulsan_009743,DKSR20001536_1,29,3.31,0.15613495746038691,0.2762588116817724,0.0
test,ulsan_019936,DKSR20001509_2,27,3.75,0.10699744786395067,0.21234444444444445,0.0
test,ulsan_008804,DKSR20001476_2,37,4.82,0.10292624381544122,0.3220695020746888,0.0
test,ulsan_017605,DKSR20001287_2,26,5.58,0.10363551784301515,0.5630301672640382,0.0
test,ulsan_010852,DKSR20001608_1,21,4.3,0.10017412969233667,0.45464147286821704,0.0
test,ulsan_003792,DKSR20001149_1,33,5.26,0.14579213574330904,0.33599493029150823,0.0
test,ulsan_006581,DKSR20001286_1,53,2.71,0.16464971759805927,0.16452952029520296,0.0
test,ulsan_015199,DKSR20001159_1,5,1.53,0.21357240072312725,0.13080065359477125,0.0
test,ulsan_024437,DKSR20000963_2,16,3.76,0.17750617613499048,0.41438386524822696,0.0
test,ulsan_003650,DKSR20001149_2,48,7.66,0.11516758976172307,0.4322563098346388,0.0
test,ulsan_004780,DKSR20001168_2,30,4.9,0.133001645386631,0.28270408163265304,0.0
test,ulsan_026395,DKSR20001158_2,13,2.21,0.26266641781575606,0.13374811463046757,0.0
test,ulsan_019352,DKSR20001507_1,36,5.37,0.16212098615803183,0.09830074487895717,0.0
test,ulsan_009969,DKSR20001592_2,25,4.48,0.16811199505827748,0.3579892113095238,0.0
test,ulsan_006224,DKSR20001284_2,24,2.77,0.13475839576940649,0.3012785800240674,0.0
test,ulsan_017338,DKSR20001287_2,24,3.9400833333333334,0.17999511868052728,0.1525771451534443,0.0
test,ulsan_006954,DKSR20001300_1,16,2.34,0.13179907018557482,0.3104166666666667,0.0
test,ulsan_011630,DKSR20001610_2,47,5.46,0.14700272785450771,0.2275946275946276,0.0
test,ulsan_018601,DKSR20001386_2,99,11.92,0.14069828895668945,0.1891394015659955,0.0
test,ulsan_012429,DKSR20001649_1,24,4.82,0.10051936285321265,0.4464038727524205,0.0
test,ulsan_020128,DKSR20001510_2,43,6.75,0.1489659965480594,0.2996358024691358,0.0
test,ulsan_026446,DKSR20001158_1,10,1.81,0.22619821548136348,0.13572744014732965,0.0
test,ulsan_021065,DKSR20001533_1,8,1.9,0.22105008850001007,0.2869956140350877,0.0
test,ulsan_008174,DKSR20001353_1,33,3.65,0.19716482615589231,0.11746575342465754,0.0
test,ulsan_010307,DKSR20001593_2,19,2.69,0.15424591780210856,0.4044764560099133,0.0
test,ulsan_001294,DKSR20001094_1,12,2.33,0.14436433435343085,0.2946530758226037,0.0
test,ulsan_006222,DKSR20001284_2,17,3.23,0.14171536602469306,0.24815531475748195,0.0
test,ulsan_014255,DKSR20001032_2,15,1.83,0.1456463819790521,0.22429417122040074,0.0
test,ulsan_022518,DKSR20001570_1,20,2.39,0.1381188492028864,0.1331415620641562,0.0
test,ulsan_017459,DKSR20001287_1,45,6.88,0.12918150347276683,0.23581031976744185,0.0
test,ulsan_020547,DKSR20001512_1,34,4.54,0.1160334390838851,0.18833516886930984,0.0
test,ulsan_027511,DKSR20001204_1,22,4.72,0.13176895706468048,0.3014565677966102,0.0
test,ulsan_006163,DKSR20001284_1,10,1.15,0.28054158023324405,0.15057971014492755,0.0
test,ulsan_025652,DKSR20000974_1,24,2.75,0.09160884421974787,0.2211969696969697,0.0
test,ulsan_007176,DKSR20001301_1,28,4.62,0.16542625724472446,0.31183261183261185,0.0
test,ulsan_005453,DKSR20001278_2,32,3.95,0.12081996126157736,0.25231012658227847,0.0
test,ulsan_000510,DKSR20000954_2,45,5.22,0.09456112712468066,0.3003671775223499,0.0
test,ulsan_005061,DKSR20001169_1,7,2.25,0.17401123829978904,0.3687962962962963,0.0
test,ulsan_021165,DKSR20001533_1,32,4.79,0.14397206873705545,0.2940588030619346,0.0
test,ulsan_007663,DKSR20001351_2,59,7.86,0.17912841623006798,0.10031806615776082,0.0
test,ulsan_024157,DKSR20000961_2,33,5.76,0.1587013392675504,0.26351273148148147,0.0
test,ulsan_016040,DKSR20001206_1,26,3.47,0.14800280401208343,0.28658741594620557,0.0
test,ulsan_009517,DKSR20001535_2,24,3.92,0.1977887778567608,0.28207908163265305,0.0
test,ulsan_005713,DKSR20001280_1,16,3.45,0.19660539921225362,0.2296256038647343,0.0
test,ulsan_018191,DKSR20001380_1,44,6.53,0.10126353867247204,0.24086268504338948,0.0
test,ulsan_015868,DKSR20001202_2,28,3.91,0.11233638724340796,0.30736359761295823,0.0
test,ulsan_023092,DKSR20000956_1,36,5.11,0.15102304115043014,0.22557893020221786,0.0
test,ulsan_011676,DKSR20001611_2,23,2.89,0.1641869264715183,0.36414359861591694,0.0
test,ulsan_008957,DKSR20001476_2,13,1.8,0.10732620167353919,0.3065277777777778,0.0
test,ulsan_012345,DKSR20001618_2,23,2.83,0.18726003618424536,0.2064929328621908,0.0
test,ulsan_026839,DKSR20000979_1,44,5.83,0.11017926532211438,0.2914022298456261,0.0
test,ulsan_012646,DKSR20001649_2,18,4.32,0.09026548489973298,0.44949845679012346,0.0
test,ulsan_019418,DKSR20001508_1,25,3.73,0.12115692058249329,0.285857908847185,0.0
test,ulsan_021430,DKSR20001537_2,11,4.86,0.2253044398208189,0.24297839506172839,0.0
test,ulsan_004085,DKSR20001165_1,6,1.74,0.08365736496245893,0.5814655172413793,0.0
test,ulsan_011565,DKSR20001610_1,29,3.76,0.11504903596357675,0.24565602836879433,0.0
test,ulsan_022184,DKSR20001569_2,33,4.9,0.14162278985271806,0.13112244897959183,0.0
test,ulsan_025545,DKSR20000974_1,38,6.06,0.08826729114513196,0.2900577557755776,0.0
test,ulsan_003762,DKSR20001149_2,38,4.9,0.08635536077206099,0.44539115646258504,0.0
test,ulsan_020489,DKSR20001511_2,20,2.76,0.17447958853674916,0.2288949275362319,0.0
test,ulsan_021957,DKSR20001568_1,17,2.83,0.10827253953765549,0.3393698468786808,0.0
test,ulsan_019340,DKSR20001507_2,42,5.77,0.14887729227077684,0.16002310803004044,0.0
test,ulsan_024647,DKSR20000962_2,12,2.73,0.12587123498185376,0.28487484737484736,0.0
test,ulsan_002303,DKSR20001144_1,29,3.73,0.13411015048628394,0.2284070598748883,0.0
test,ulsan_022428,DKSR20001570_2,29,3.95,0.13786094777295263,0.23431434599156117,0.0
test,ulsan_016893,DKSR20001240_1,34,3.66,0.18759708114314066,0.1307377049180328,0.0
test,ulsan_016181,DKSR20001206_1,16,2.71,0.22799019788736277,0.1403290282902829,0.0
test,ulsan_021538,DKSR20001537_2,7,1.88,0.17458588177388148,0.17985372340425532,0.0
test,ulsan_009276,DKSR20001487_2,25,3.01,0.10624499582108388,0.4192691029900332,0.0
test,ulsan_004168,DKSR20001166_1,35,4.81,0.10555548858792184,0.34652633402633404,0.0
test,ulsan_023273,DKSR20000955_2,11,1.72,0.23299225787208588,0.17546027131782946,0.0
test,ulsan_009088,DKSR20001487_1,52,7.52,0.07308817832479142,0.45324135638297874,0.0
test,ulsan_013391,DKSR20001677_2,18,2.01,0.1383866342546944,0.39948175787728024,0.0
test,ulsan_004141,DKSR20001166_1,22,4.99,0.13586387024859595,0.3854208416833667,0.0
test,ulsan_014998,DKSR20001033_1,5,1.37,0.1692662064965846,0.30444038929440387,0.0
test,ulsan_011749,DKSR20001611_2,23,2.31,0.19734822606507424,0.29992784992784993,0.0
test,ulsan_013764,DKSR20001715_1,57,7.21,0.15101205529777934,0.26110725843735555,0.0
test,ulsan_022879,DKSR20001571_1,33,5.16,0.12456958600187987,0.29061692506459946,0.0
test,ulsan_010508,DKSR20001594_2,41,5.73,0.12238346828895151,0.31069662594531705,0.0
test,ulsan_019845,DKSR20001509_2,31,4.06,0.1812448985004209,0.10210385878489327,0.0
test,ulsan_019804,DKSR20001509_1,35,5.32,0.15052484606866282,0.12648809523809523,0.0
test,ulsan_001309,DKSR20001094_2,30,4.09,0.13853359798851933,0.17741442542787286,0.0
test,ulsan_027438,DKSR20001204_2,17,2.04,0.22436590646128704,0.11137663398692811,0.0
test,ulsan_011069,DKSR20001609_1,7,3.07,0.1196494175386708,0.6860477741585234,0.0
test,ulsan_025200,DKSR20001156_1,18,2.77,0.1178118957870006,0.42745186522262335,0.0
test,ulsan_022252,DKSR20001569_2,17,2.96,0.1418893007019595,0.11378096846846847,0.0
test,ulsan_017343,DKSR20001287_2,22,2.75,0.09995507426585917,0.3508636363636364,0.0
test,ulsan_002601,DKSR20001145_1,6,2.24,0.1441926269988122,0.4271205357142857,0.0
test,ulsan_008899,DKSR20001476_1,54,6.04,0.152111618803464,0.15990618101545254,0.0
test,ulsan_026093,DKSR20000975_1,30,5.59,0.151173741993661,0.3007453786523554,0.0
test,ulsan_009781,DKSR20001536_2,20,2.8,0.15580630997392947,0.1484672619047619,0.0
test,ulsan_017897,DKSR20001288_1,44,4.35,0.149763207759285,0.22480842911877394,0.0
test,ulsan_027170,DKSR20000980_1,28,3.77,0.14532433348423876,0.31951812555260833,0.0
test,ulsan_003297,DKSR20001147_2,19,4.17,0.12098038737054147,0.4289768185451639,0.0
test,ulsan_014251,DKSR20001032_2,4,0.97,0.18088733361849674,0.26756872852233676,0.0
test,ulsan_020038,DKSR20001510_2,33,5.09,0.1349045003216882,0.25051571709233794,0.0
test,ulsan_000738,DKSR20000954_2,29,4.79,0.13500206929166617,0.25346207376478774,0.0
test,ulsan_002334,DKSR20001144_2,13,2.92,0.07276176255249575,0.40906107305936074,0.0
test,ulsan_025212,DKSR20001156_1,34,4.09,0.11577140093233132,0.298380195599022,0.0
test,ulsan_023583,DKSR20000955_1,17,1.85,0.12715930974466869,0.28128378378378377,0.0
test,ulsan_010963,DKSR20001608_2,7,1.78,0.1168944439034139,0.4684925093632959,0.0
test,ulsan_023068,DKSR20000956_2,25,6.05,0.10213729755013076,0.5583264462809917,0.0
test,ulsan_021103,DKSR20001533_1,23,2.71,0.2140740220147976,0.1677429274292743,0.0
test,ulsan_011851,DKSR20001611_2,9,1.82,0.21934245490176776,0.2156364468864469,0.0
test,ulsan_024147,DKSR20000961_1,28,4.14,0.19974097015361889,0.16310386473429953,0.0
test,ulsan_021055,DKSR20001533_1,14,2.2,0.20359176305527968,0.20111742424242424,0.0
test,ulsan_003141,DKSR20001146_1,38,4.81,0.11442970160977693,0.17784996534996536,0.0
test,ulsan_015695,DKSR20001202_1,24,4.23,0.09739759969889358,0.3764578408195429,0.0
test,ulsan_023849,DKSR20000958_1,36,6.68,0.16152084461033991,0.3067053393213573,0.0
test,ulsan_018653,DKSR20001387_1,67,8.2,0.10849226512534527,0.2657418699186992,0.0
test,ulsan_010460,DKSR20001594_2,24,3.06,0.1521633766210339,0.31379357298474947,0.0
test,ulsan_000709,DKSR20000954_2,11,1.53,0.189894227174356,0.3638616557734205,0.0
test,ulsan_017802,DKSR20001288_1,42,4.67,0.08481127979800264,0.35109743040685226,0.0
test,ulsan_024561,DKSR20000962_1,15,3.02,0.13734536538892034,0.2028973509933775,0.0
test,ulsan_025361,DKSR20001156_2,30,3.92,0.2271248199833654,0.20032950680272107,0.0
test,ulsan_005780,DKSR20001280_2,31,3.42,0.14111752743042447,0.21262183235867446,0.0
test,ulsan_010898,DKSR20001608_2,34,4.45,0.11788937958347064,0.32955992509363297,0.0
test,ulsan_015179,DKSR20001159_1,10,1.91,0.14149634306130854,0.29461169284467714,0.0
test,ulsan_013311,DKSR20001677_2,2,1.18,0.11814380617093086,0.536475988700565,0.0
test,ulsan_011200,DKSR20001609_1,7,1.92,0.1458628164999894,0.5048394097222222,0.0
test,ulsan_005265,DKSR20001169_2,25,4.27,0.16484880414717532,0.36198282591725217,0.0
test,ulsan_004915,DKSR20001168_1,19,4.09,0.10854307295657592,0.3733292583537082,0.0
test,ulsan_006849,DKSR20001286_2,18,2.93,0.11859855010993041,0.41463310580204776,0.0
test,ulsan_002546,DKSR20001145_1,2,1.38,0.1942220061797989,0.5348128019323671,0.0
test,ulsan_004929,DKSR20001168_1,29,3.89,0.14366341472640076,0.32403598971722364,0.0
test,ulsan_016035,DKSR20001206_1,26,3.87,0.160239732508262,0.3527993109388458,0.0
test,ulsan_025901,DKSR20001157_2,3,1.32,0.1399495342303616,0.4287563131313131,0.0
test,ulsan_023985,DKSR20000958_2,25,6.3,0.1197848863682048,0.45681216931216934,0.0
test,ulsan_001749,DKSR20001131_1,14,1.99,0.11161365028427765,0.1623324958123953,0.0
test,ulsan_017516,DKSR20001287_1,19,2.54,0.11852515294565498,0.33579396325459315,0.0
test,ulsan_014092,DKSR20001031_1,23,3.53,0.16964029095604607,0.16903918791312558,0.0
test,ulsan_005719,DKSR20001280_1,57,5.84,0.18418953594439705,0.14848030821917807,0.0
test,ulsan_020805,DKSR20001532_1,37,6.78,0.15661497888311113,0.17684980334316616,0.0
test,ulsan_024616,DKSR20000962_1,21,2.99,0.1524879933716558,0.13481047937569676,0.0
test,ulsan_023467,DKSR20000955_1,16,2.85,0.12803549458993121,0.3184941520467836,0.0
test,ulsan_009345,DKSR20001535_2,15,2.12,0.1816455912459718,0.13924921383647798,0.0
test,ulsan_008911,DKSR20001476_1,28,3.07,0.15264552946440565,0.239942996742671,0.0
test,ulsan_019146,DKSR20001507_1,18,2.32,0.13130472795552126,0.14283405172413793,0.0
test,ulsan_016543,DKSR20001208_2,22,4.14,0.15917845115517437,0.1740438808373591,0.0
test,ulsan_023463,DKSR20000955_2,3,0.86,0.18929207638319273,0.14200581395348838,0.0
test,ulsan_013831,DKSR20001715_2,34,4.62,0.13444736733014254,0.23262085137085137,0.0
test,ulsan_020066,DKSR20001510_1,31,4.52,0.13879712847618386,0.10394542772861357,0.0
test,ulsan_027363,DKSR20000980_1,67,7.44,0.1662072319859225,0.15717405913978494,0.0
test,ulsan_017616,DKSR20001288_2,22,3.41,0.17057226409208448,0.3224217986314761,0.0
test,ulsan_015035,DKSR20001033_1,30,5.3,0.13373166642518677,0.20391509433962265,0.0
test,ulsan_022738,DKSR20001571_1,33,6.29,0.14156060542485022,0.3872747747747748,0.0
test,ulsan_016776,DKSR20001240_2,24,2.89,0.20663117146434595,0.12799884659746252,0.0
test,ulsan_012401,DKSR20001618_1,21,3.66,0.1672750342653757,0.2320469034608379,0.0
test,ulsan_021439,DKSR20001537_2,26,3.19,0.10418007343954303,0.16853448275862068,0.0
test,ulsan_009763,DKSR20001536_1,19,1.78,0.21186448168594965,0.14894662921348314,0.0
test,ulsan_005045,DKSR20001169_2,24,5.770083333333333,0.11279505349264324,0.3596785141751275,0.0
test,ulsan_016636,DKSR20001208_1,15,3.69,0.19244247186415223,0.24507678410117434,0.0
test,ulsan_023525,DKSR20000955_2,16,2.37,0.19547978900809104,0.24265119549929676,0.0
test,ulsan_013220,DKSR20001677_2,11,1.47,0.1244459256866604,0.2364795918367347,0.0
test,ulsan_006232,DKSR20001284_2,18,2.44,0.13011365266733305,0.24989754098360656,0.0
test,ulsan_026530,DKSR20001158_2,51,7.0,0.10996504747858735,0.1740595238095238,0.0
test,ulsan_003000,DKSR20001146_1,22,3.47,0.12904272803226724,0.2730187319884726,0.0
test,ulsan_007334,DKSR20001301_1,51,5.88,0.17554981967198302,0.15656887755102042,0.0
test,ulsan_003032,DKSR20001146_2,21,3.05,0.13873093320544855,0.419672131147541,0.0
test,ulsan_019699,DKSR20001508_1,56,5.41,0.10617044582886213,0.18620609981515712,0.0
test,ulsan_013408,DKSR20001677_1,19,2.76,0.14208619328339497,0.33203502415458935,0.0
test,ulsan_008320,DKSR20001413_1,16,2.1,0.10997047163908963,0.5371031746031746,0.0
test,ulsan_010332,DKSR20001593_1,14,3.56,0.12214795403579505,0.532748127340824,0.0
test,ulsan_010495,DKSR20001594_1,39,5.2,0.1434226953414729,0.2501923076923077,0.0
test,ulsan_018618,DKSR20001387_1,29,6.67,0.14703495242515685,0.489836331834083,0.0
test,ulsan_005422,DKSR20001278_2,46,4.5,0.1819025610521912,0.09868518518518518,0.0
test,ulsan_016670,DKSR20001208_2,9,2.55,0.1634458563205034,0.29049019607843135,0.0
test,ulsan_010743,DKSR20001608_2,38,4.77,0.09029155717819816,0.38031097134870717,0.0
test,ulsan_003997,DKSR20001165_2,45,6.92,0.13970048400131138,0.22627649325626203,0.0
test,ulsan_015748,DKSR20001202_2,35,4.51,0.09582049133806862,0.2217110125646711,0.0
test,ulsan_000272,DKSR20000953_1,39,4.58,0.13030063045476697,0.182268922852984,0.0
test,ulsan_006978,DKSR20001300_1,54,8.5,0.1174518440691614,0.3117156862745098,0.0
test,ulsan_016359,DKSR20001207_1,67,6.49,0.12594524475326546,0.20987416538263995,0.0
test,ulsan_009274,DKSR20001487_2,66,7.23,0.16161992431862707,0.16196980175195944,0.0
test,ulsan_011060,DKSR20001609_1,8,2.51,0.18609830497165902,0.3955511288180611,0.0
test,ulsan_000714,DKSR20000954_2,25,2.94,0.18015409950673159,0.24136904761904762,0.0
test,ulsan_022134,DKSR20001569_1,16,2.5,0.12145687281741914,0.14946666666666666,0.0
test,ulsan_019076,DKSR20001491_2,38,6.17,0.0882935951949507,0.2938951917882226,0.0
test,ulsan_011486,DKSR20001610_2,5,1.3,0.18442304889213434,0.2694871794871795,0.0
test,ulsan_016654,DKSR20001208_1,35,4.7,0.15964053412586005,0.18638297872340426,0.0
test,ulsan_005455,DKSR20001278_2,37,5.02,0.21501509488305762,0.14218127490039842,0.0
test,ulsan_002209,DKSR20001144_1,8,1.97,0.12959959289585354,0.3171319796954315,0.0
test,ulsan_001099,DKSR20000960_1,22,5.28,0.13441971507615025,0.47791982323232324,0.0
test,ulsan_005582,DKSR20001278_1,29,5.97,0.07493957016658093,0.4027219430485762,0.0
test,ulsan_017370,DKSR20001287_1,19,4.33,0.06074697422773935,0.411018090839107,0.0
test,ulsan_018749,DKSR20001388_1,53,9.48,0.12489693061976381,0.3461893459915612,0.0
test,ulsan_004701,DKSR20001168_2,41,4.4,0.12232805563030921,0.286467803030303,0.0
test,ulsan_017246,DKSR20001241_2,38,5.55,0.1651598756228418,0.18232732732732732,0.0
test,ulsan_005555,DKSR20001278_1,43,6.55,0.13287662034022962,0.1687849872773537,0.0
test,ulsan_001157,DKSR20000960_1,16,2.26,0.18738517514107061,0.13062315634218288,0.0
test,ulsan_002803,DKSR20001145_2,17,3.13,0.14452945814778403,0.3094382321618743,0.0
test,ulsan_022490,DKSR20001570_1,4,1.67,0.2245229946063789,0.06976047904191617,0.0
test,ulsan_014632,DKSR20001032_1,12,2.67,0.12426659638619572,0.2777777777777778,0.0
test,ulsan_021744,DKSR20001568_2,15,2.85,0.17513331654363903,0.1126608187134503,0.0
test,ulsan_016437,DKSR20001207_1,25,4.72,0.1636504892210294,0.20316031073446328,0.0
test,ulsan_003386,DKSR20001147_1,19,5.3,0.10232550241410346,0.551627358490566,0.0
test,ulsan_014574,DKSR20001032_2,23,3.05,0.16292221254523973,0.22237704918032786,0.0
test,ulsan_014171,DKSR20001031_2,22,1.7,0.13007796906951602,0.25058823529411767,0.0
test,ulsan_024782,DKSR20000962_2,13,2.76,0.10921415615220197,0.4583786231884058,0.0
test,ulsan_018675,DKSR20001387_1,96,11.66,0.12151206385689617,0.2107525728987993,0.0
test,ulsan_004419,DKSR20001167_1,41,4.02,0.13167379546087268,0.2009950248756219,0.0
test,ulsan_005217,DKSR20001169_1,13,3.15,0.12511815065552284,0.3489814814814815,0.0
test,ulsan_026493,DKSR20001158_2,14,2.81,0.14344973392660337,0.3904211150652432,0.0
test,ulsan_003482,DKSR20001147_1,27,4.44,0.1089236570661603,0.35677552552552555,0.0
test,ulsan_015122,DKSR20001159_2,19,3.74,0.2077360966485011,0.27664884135472373,0.0
test,ulsan_022701,DKSR20001570_1,2,1.13,0.1469245239345491,0.181858407079646,0.0
test,ulsan_024691,DKSR20000962_2,6,3.95,0.08542594451122289,0.5886919831223628,0.0
test,ulsan_006380,DKSR20001285_1,54,5.55,0.1281923719190533,0.26774024024024023,0.0
test,ulsan_026579,DKSR20001158_1,55,7.02,0.11352398211236435,0.3193019943019943,0.0
test,ulsan_003318,DKSR20001147_2,15,3.26,0.1875663024284462,0.14607617586912067,0.0
test,ulsan_020475,DKSR20001511_2,32,5.95,0.14313382838380154,0.29698179271708686,0.0
test,ulsan_007227,DKSR20001301_1,21,3.68,0.14783037416863803,0.533004981884058,0.0
test,ulsan_008017,DKSR20001353_2,85,9.9,0.09051445571034819,0.21269360269360268,0.0
test,ulsan_011647,DKSR20001611_1,16,2.39,0.07609179483751302,0.49306136680613666,0.0
test,ulsan_013713,DKSR20001715_1,37,4.44,0.16271157271850134,0.27690503003003003,0.0
test,ulsan_026358,DKSR20001158_2,18,2.13,0.12442197961900478,0.2544600938967136,0.0
test,ulsan_020572,DKSR20001512_1,34,4.76,0.14538829114763205,0.2288953081232493,0.0
test,ulsan_025122,DKSR20001156_1,7,2.78,0.15922537157472633,0.336810551558753,0.0
test,ulsan_010891,DKSR20001608_1,32,4.95,0.10324647693272833,0.42668350168350166,0.0
test,ulsan_025874,DKSR20001157_2,18,2.33,0.1357983450012329,0.22011802575107295,0.0
test,ulsan_006712,DKSR20001286_2,24,2.39,0.12892440926480278,0.24970362622036263,0.0
test,ulsan_017644,DKSR20001288_1,10,1.8,0.15936647661162642,0.24243055555555557,0.0
test,ulsan_010625,DKSR20001594_2,34,4.93,0.11607213196585611,0.29937457741717377,0.0
test,ulsan_014862,DKSR20001033_2,44,5.48,0.16241523024508248,0.16415754257907542,0.0
test,ulsan_006558,DKSR20001285_1,52,5.46,0.21671641271143505,0.20020604395604397,0.0
test,ulsan_008372,DKSR20001413_2,39,4.8,0.16297088192373912,0.28815104166666666,0.0
test,ulsan_005934,DKSR20001280_1,27,3.63,0.15246604424182916,0.17052341597796145,0.0
test,ulsan_007430,DKSR20001348_1,42,5.72,0.10336513863300173,0.4234411421911422,0.0
test,ulsan_022906,DKSR20001571_1,28,4.83,0.12763630308456073,0.26820220841959974,0.0
test,ulsan_012744,DKSR20001650_1,48,5.92,0.20127852862652135,0.2996480855855856,0.0
test,ulsan_019707,DKSR20001509_2,29,4.59,0.15558153664281346,0.1405773420479303,0.0
test,ulsan_006460,DKSR20001285_1,18,2.09,0.19426396341037874,0.247707336523126,0.0
test,ulsan_013701,DKSR20001715_2,22,4.61,0.09273908063178185,0.4547360809833695,0.0
test,ulsan_004604,DKSR20001167_1,9,2.46,0.13964083475228908,0.4230352303523035,0.0
test,ulsan_019177,DKSR20001507_2,35,5.76,0.11216215034096465,0.1791015625,0.0
test,ulsan_008716,DKSR20001475_1,7,1.01,0.1967660022032491,0.13712871287128714,0.0
test,ulsan_018465,DKSR20001380_2,9,1.76,0.0811125474677116,0.2611268939393939,0.0
test,ulsan_009725,DKSR20001536_1,23,2.42,0.16986032139292265,0.21389462809917356,0.0
test,ulsan_017603,DKSR20001287_2,37,4.77,0.12141497182522927,0.30869147449336126,0.0
test,ulsan_012524,DKSR20001649_2,31,5.17,0.08485886909018518,0.3603723404255319,0.0
test,ulsan_013870,DKSR20001031_2,19,2.3300833333333335,0.11204248274136189,0.37470047566252995,0.0
test,ulsan_006570,DKSR20001286_1,27,4.56,0.13949857135054572,0.32268823099415206,0.0
test,ulsan_026848,DKSR20000979_1,27,6.17,0.11314902450561701,0.6220218800648298,0.0
test,ulsan_025270,DKSR20001156_1,39,5.1,0.12401294745119457,0.26733660130718956,0.0
test,ulsan_008673,DKSR20001475_1,18,3.3,0.14161875992945624,0.20069444444444445,0.0
test,ulsan_023983,DKSR20000958_2,29,5.93,0.1661423215448391,0.2618957279370433,0.0
test,ulsan_017306,DKSR20001287_1,30,3.48,0.1382430116210904,0.2736350574712644,0.0
test,ulsan_007830,DKSR20001352_1,33,5.3,0.13046374388545426,0.25216194968553457,0.0
test,ulsan_022146,DKSR20001569_1,5,1.07,0.1653682045367992,0.1529595015576324,0.0
test,ulsan_012605,DKSR20001649_1,20,4.2,0.10276705924167104,0.40693452380952383,0.0
test,ulsan_001286,DKSR20001094_1,18,2.24,0.11866776228168034,0.24306175595238094,0.0
test,ulsan_002981,DKSR20001146_1,10,2.89,0.1537851401866835,0.5771337946943483,0.0
test,ulsan_005887,DKSR20001280_2,48,5.54,0.11160187820404179,0.20397111913357402,0.0
test,ulsan_011768,DKSR20001611_1,18,3.35,0.0892252255710606,0.3855223880597015,0.0
test,ulsan_025683,DKSR20000974_2,11,2.28,0.18504852701582486,0.20652412280701754,0.0
test,ulsan_011493,DKSR20001610_2,11,1.62,0.1449871787264731,0.3808641975308642,0.0
test,ulsan_010867,DKSR20001608_1,20,4.11,0.1377894728429208,0.3928933495539335,0.0
test,ulsan_000261,DKSR20000953_1,18,2.48,0.18082694684822748,0.15737567204301076,0.0
test,ulsan_021707,DKSR20001568_1,41,4.73,0.10338153892847723,0.22106236786469344,0.0
test,ulsan_021260,DKSR20001534_2,44,6.77,0.1405376031595221,0.29465780403742,0.0
test,ulsan_014478,DKSR20001032_2,29,2.43,0.10269006794995962,0.25308641975308643,0.0
test,ulsan_003796,DKSR20001149_1,54,9.899958333333334,0.13670969448718992,0.35178599236528774,0.0
test,ulsan_016981,DKSR20001240_2,10,2.96,0.10258430859800004,0.4304476351351351,0.0
test,ulsan_018110,DKSR20001336_2,35,3.74,0.167436773836361,0.18449197860962566,0.0
test,ulsan_016250,DKSR20001207_1,17,3.43,0.22734214459837565,0.13622448979591836,0.0
test,ulsan_022160,DKSR20001569_2,22,3.67,0.1523450765236759,0.19459582198001815,0.0
test,ulsan_022878,DKSR20001571_1,22,2.65,0.09289677857296305,0.31992138364779876,0.0
test,ulsan_001867,DKSR20001132_1,20,3.12,0.1418080041920423,0.2388888888888889,0.0
test,ulsan_009273,DKSR20001487_2,19,2.67,0.1402949979349091,0.4833177278401998,0.0
test,ulsan_020318,DKSR20001511_2,41,5.42,0.23703271704731244,0.1551660516605166,0.0
test,ulsan_005543,DKSR20001278_1,11,1.91,0.16097806583170948,0.34107766143106455,0.0
test,ulsan_006870,DKSR20001286_1,46,6.39,0.11970947223081174,0.41896191966614504,0.0
test,ulsan_024272,DKSR20000961_1,31,6.63,0.15063046993273463,0.35877325289089995,0.0
test,ulsan_011116,DKSR20001609_2,45,6.73,0.1340619059013578,0.32165676077265976,0.0
test,ulsan_019964,DKSR20001509_2,22,2.57,0.16699262737343482,0.08578145265888457,0.0
test,ulsan_017657,DKSR20001288_1,61,7.17,0.14622943142098144,0.16248837749883774,0.0
test,ulsan_003604,DKSR20001149_2,52,6.91,0.0985404643953821,0.38646888567293775,0.0
test,ulsan_023644,DKSR20000957_1,18,2.49,0.10529708304398398,0.32233935742971886,0.0
test,ulsan_023388,DKSR20000955_2,29,3.78,0.10327369310262535,0.3386243386243386,0.0
test,ulsan_014471,DKSR20001032_2,23,3.08,0.17001367170237522,0.2844426406926407,0.0
test,ulsan_002328,DKSR20001144_2,16,3.22,0.08828496460052868,0.3420678053830228,0.0
test,ulsan_012460,DKSR20001649_1,25,5.96,0.07792008983767017,0.5284885346756152,0.0
test,ulsan_003154,DKSR20001146_1,9,1.4,0.11242907710419968,0.3740476190476191,0.0
test,ulsan_004095,DKSR20001166_1,43,6.82,0.09852835564257859,0.2935117302052786,0.0
test,ulsan_009880,DKSR20001536_2,21,3.94,0.16988787012161755,0.1375,0.0
test,ulsan_003493,DKSR20001147_1,40,5.23,0.08296918569151794,0.3651131293817718,0.0
test,ulsan_010872,DKSR20001608_1,14,4.08,0.12010483203106345,0.5737132352941177,0.0
test,ulsan_013074,DKSR20001651_2,30,3.38,0.1091271117994784,0.30861686390532544,0.0
test,ulsan_024840,DKSR20000973_2,42,5.75,0.10406018082388314,0.23192753623188406,0.0
test,ulsan_005197,DKSR20001169_2,31,4.84,0.11270963127008549,0.5412448347107438,0.0
test,ulsan_020226,DKSR20001510_1,27,3.83,0.16001670073409183,0.0765230635335074,0.0
test,ulsan_020685,DKSR20001512_2,37,5.11,0.17083064985512353,0.16282615786040444,0.0
test,ulsan_009586,DKSR20001535_2,15,2.74,0.11826127358050648,0.13450425790754258,0.0
test,ulsan_007966,DKSR20001352_2,43,5.79,0.14869561953960508,0.22644645941278066,0.0
test,ulsan_015344,DKSR20001159_1,28,3.37,0.18335159456257563,0.15874134520276953,0.0
test,ulsan_024382,DKSR20000963_2,18,3.13,0.12798982897111738,0.3580537806176784,0.0
test,ulsan_009438,DKSR20001535_2,22,3.25,0.2208683844644034,0.23226923076923076,0.0
test,ulsan_001222,DKSR20001094_2,40,6.07,0.08316058387630595,0.5115046677649643,0.0
test,ulsan_010371,DKSR20001593_1,38,4.72,0.13961868005264583,0.28704978813559323,0.0
test,ulsan_012340,DKSR20001618_2,21,3.14,0.19636603220772092,0.2604432059447983,0.0
test,ulsan_012271,DKSR20001618_1,21,3.22,0.12259382193135386,0.2910326086956522,0.0
test,ulsan_017886,DKSR20001288_2,26,3.9999583333333333,0.16789001538806325,0.2696382253981812,0.0
test,ulsan_007622,DKSR20001351_1,44,4.84,0.14832550008469195,0.19790805785123966,0.0
test,ulsan_002795,DKSR20001145_1,2,0.89,0.17282863339820068,0.3780430711610487,0.0
test,ulsan_009688,DKSR20001536_2,24,4.9,0.19003572356009996,0.16767857142857143,0.0
test,ulsan_006448,DKSR20001285_1,7,1.41,0.16648708691280556,0.42898936170212765,0.0
test,ulsan_006437,DKSR20001285_1,15,1.91,0.14068829587581227,0.3506326352530541,0.0
test,ulsan_017342,DKSR20001287_2,26,4.47,0.08572123993299796,0.282979120059657,0.0
test,ulsan_004778,DKSR20001168_2,18,2.54,0.12272142795393473,0.32107939632545934,0.0
test,ulsan_021397,DKSR20001534_1,17,4.55,0.11940824195574823,0.5547435897435897,0.0
test,ulsan_019828,DKSR20001509_1,10,2.77,0.10064956603615226,0.17904632972322504,0.0
test,ulsan_018856,DKSR20001491_2,36,4.23,0.1693115502880628,0.16599684791174152,0.0
test,ulsan_012008,DKSR20001617_2,46,5.57,0.15211815196781953,0.1462746858168761,0.0
test,ulsan_005958,DKSR20001284_1,12,5.84,0.10439704755548328,0.5163955479452055,0.0
test,ulsan_002692,DKSR20001145_1,41,5.2,0.12555917091412286,0.2834294871794872,0.0
test,ulsan_015465,DKSR20001160_2,26,5.28,0.1540813773581563,0.265167297979798,0.0
test,ulsan_003902,DKSR20001165_2,37,6.27,0.15580631632192218,0.2927897395002658,0.0
test,ulsan_000109,DKSR20000953_2,26,4.44,0.13639619726097507,0.18044294294294294,0.0
test,ulsan_008373,DKSR20001413_2,40,5.68,0.10042482643806169,0.48372212441314555,0.0
test,ulsan_017200,DKSR20001241_2,21,3.63,0.17748300456962024,0.2190082644628099,0.0
test,ulsan_004066,DKSR20001165_1,22,3.91,0.15450608991746673,0.2643009377664109,0.0
test,ulsan_008782,DKSR20001476_2,38,4.28,0.1337457996733474,0.19903621495327103,0.0
test,ulsan_020116,DKSR20001510_1,16,4.18,0.08639568997971589,0.2496810207336523,0.0
test,ulsan_001494,DKSR20001094_2,15,3.3,0.11649551302382717,0.4074747474747475,0.0
test,ulsan_010513,DKSR20001594_2,44,4.49,0.12483352200567717,0.26672234595397176,0.0
test,ulsan_021537,DKSR20001537_2,35,5.51,0.05669910509180325,0.36432244404113734,0.0
test,ulsan_016036,DKSR20001206_1,23,3.72,0.18382494909222225,0.17573924731182797,0.0
test,ulsan_009618,DKSR20001535_2,23,4.13,0.16700420611161923,0.23900322841000807,0.0
test,ulsan_005464,DKSR20001278_2,37,4.55,0.21080795462418467,0.17597985347985348,0.0
test,ulsan_002080,DKSR20001132_2,64,5.99,0.13369118888779027,0.19453255425709515,0.0
test,ulsan_027173,DKSR20000980_1,45,7.08,0.18617201714372678,0.22023305084745762,0.0
test,ulsan_008386,DKSR20001475_1,16,2.37,0.20230443446743687,0.09790787623066104,0.0
test,ulsan_015462,DKSR20001160_2,21,4.18,0.1508344025419584,0.3947268740031898,0.0
test,ulsan_022185,DKSR20001569_2,11,1.88,0.1322482628281398,0.18430851063829787,0.0
test,ulsan_016799,DKSR20001240_1,20,2.71,0.1423514804720799,0.2287207872078721,0.0
test,ulsan_004895,DKSR20001168_1,23,4.32,0.12880056964851436,0.3611111111111111,0.0
test,ulsan_017080,DKSR20001241_2,21,5.49,0.19543142581882103,0.21720552519732847,0.0
test,ulsan_009403,DKSR20001535_1,25,3.09,0.13573553331329172,0.18443905070118663,0.0
test,ulsan_004340,DKSR20001166_1,28,3.74,0.09732463689059304,0.4540106951871658,0.0
test,ulsan_007698,DKSR20001351_1,23,2.67,0.15504580726544678,0.16521535580524344,0.0
test,ulsan_004047,DKSR20001165_1,32,6.96,0.10276922832363403,0.48475814176245213,0.0
test,ulsan_022920,DKSR20001571_2,49,6.97,0.1610049161692066,0.17410927785748445,0.0
test,ulsan_027274,DKSR20000980_2,27,3.23,0.1190170139096323,0.2549793601651187,0.0
test,ulsan_013475,DKSR20001677_2,22,3.46,0.12555247177078988,0.3325505780346821,0.0
test,ulsan_004504,DKSR20001167_2,57,6.72,0.12241334725016956,0.2530877976190476,0.0
test,ulsan_020261,DKSR20001511_1,30,3.98,0.1315020726156565,0.22236180904522612,0.0
test,ulsan_005013,DKSR20001168_1,19,3.08,0.1754144831152834,0.2129599567099567,0.0
test,ulsan_009597,DKSR20001535_2,25,2.52,0.10241638202719013,0.2833994708994709,0.0
test,ulsan_024187,DKSR20000961_2,28,3.96,0.1111842349380576,0.35394570707070705,0.0
test,ulsan_006097,DKSR20001284_2,50,5.56,0.08275159476076134,0.27538968824940047,0.0
test,ulsan_027571,DKSR20001204_1,20,3.86,0.13186844773113982,0.20194300518134714,0.0
test,ulsan_002265,DKSR20001144_2,22,3.98,0.10318176392315083,0.2945142378559464,0.0
test,ulsan_009816,DKSR20001536_2,16,2.12,0.16775906707369576,0.16360062893081762,0.0
test,ulsan_010403,DKSR20001593_1,12,2.4,0.0899155754589692,0.6075694444444445,0.0
test,ulsan_010574,DKSR20001594_2,41,5.37,0.13056635873261122,0.3085195530726257,0.0
test,ulsan_022749,DKSR20001571_2,31,3.49,0.13707391542196243,0.19175023877745942,0.0
test,ulsan_021845,DKSR20001568_2,16,4.17,0.13856425647759932,0.23804956035171862,0.0
test,ulsan_018722,DKSR20001387_1,104,13.66,0.1134428198854634,0.24703513909224012,0.0
test,ulsan_012459,DKSR20001649_1,16,2.42,0.08861662993020532,0.28107782369146006,0.0
test,ulsan_008120,DKSR20001353_1,43,5.36,0.16891260728601232,0.23716573383084577,0.0
test,ulsan_000148,DKSR20000953_1,8,1.23,0.12589101998936467,0.3018970189701897,0.0
test,ulsan_006238,DKSR20001284_2,17,2.71,0.11772512452785484,0.4097632226322263,0.0
test,ulsan_022561,DKSR20001570_1,28,6.26,0.09017711205472626,0.2597710330138445,0.0
test,ulsan_023789,DKSR20000957_2,40,7.34,0.14560241682335404,0.32204246139872844,0.0
test,ulsan_025154,DKSR20001156_1,3,1.26,0.11554864948773301,0.4318452380952381,0.0
test,ulsan_002028,DKSR20001132_1,21,2.25,0.14305909521065197,0.14937037037037038,0.0
test,ulsan_009300,DKSR20001487_2,8,2.94,0.1037331173506277,0.5135062358276644,0.0
test,ulsan_016260,DKSR20001207_2,6,2.17,0.28374826811264103,0.3004416282642089,0.0
test,ulsan_026130,DKSR20000975_2,38,4.35,0.13222618856309687,0.22273946360153257,0.0
test,ulsan_007630,DKSR20001351_1,37,5.74,0.11762016306932337,0.24362659698025552,0.0
test,ulsan_019814,DKSR20001509_2,5,1.78,0.14901508828414195,0.17963483146067416,0.0
test,ulsan_006248,DKSR20001284_2,43,5.92,0.16186177345461625,0.249268018018018,0.0
test,ulsan_004497,DKSR20001167_2,21,4.25,0.10318667365878827,0.1812549019607843,0.0
test,ulsan_012028,DKSR20001617_2,20,3.56,0.22379762760789274,0.162312734082397,0.0
test,ulsan_010127,DKSR20001592_1,20,3.58,0.19708553142216317,0.2910498137802607,0.0
test,ulsan_015824,DKSR20001202_1,43,6.1,0.15099599966173272,0.20948770491803279,0.0
test,ulsan_006194,DKSR20001284_2,19,3.24,0.09712441380977631,0.3885545267489712,0.0
test,ulsan_019211,DKSR20001507_1,38,4.16,0.12025815766904784,0.16071714743589743,0.0
test,ulsan_025487,DKSR20000974_2,32,4.6,0.12522507340834385,0.4289945652173913,0.0
test,ulsan_023232,DKSR20000956_2,34,4.67,0.16903043429865078,0.2081192005710207,0.0
test,ulsan_025747,DKSR20001157_2,19,2.96,0.15327496459785275,0.2083474099099099,0.0
test,ulsan_018973,DKSR20001491_1,40,6.130083333333333,0.18628350149812994,0.18741588613531626,0.0
test,ulsan_001513,DKSR20001131_2,21,2.78,0.14409764456820626,0.2668165467625899,0.0
test,ulsan_025933,DKSR20001157_1,65,6.69,0.12238556498534031,0.23334578973592426,0.0
test,ulsan_026121,DKSR20000975_1,38,5.72,0.15894932492460495,0.2660402097902098,0.0
test,ulsan_023482,DKSR20000955_2,17,1.14,0.19722247813102245,0.3566520467836257,0.0
test,ulsan_004709,DKSR20001168_2,39,4.13,0.11651859090469353,0.28485673930589184,0.0
test,ulsan_018507,DKSR20001386_2,31,3.99,0.13945208625585112,0.19994778613199665,0.0
test,ulsan_021602,DKSR20001537_1,26,4.12,0.15510794129315864,0.29000809061488675,0.0
test,ulsan_016982,DKSR20001240_2,33,4.8,0.07773501868943439,0.30938368055555554,0.0
test,ulsan_007765,DKSR20001351_2,80,10.73,0.1950821034136912,0.08416433675054365,0.0
test,ulsan_020965,DKSR20001532_2,14,3.57,0.2200952037365076,0.22317927170868349,0.0
test,ulsan_015730,DKSR20001202_2,28,3.0,0.15669178051717705,0.20693055555555556,0.0
test,ulsan_015205,DKSR20001159_2,24,5.52,0.15197656942603724,0.42869867149758456,0.0
test,ulsan_011591,DKSR20001610_1,10,2.25,0.12461772031101197,0.3122962962962963,0.0
test,ulsan_024171,DKSR20000961_2,30,4.04,0.17120094833563818,0.18611798679867986,0.0
test,ulsan_015190,DKSR20001159_2,19,3.04,0.15436263820147736,0.2727247807017544,0.0
test,ulsan_004686,DKSR20001168_2,55,6.3,0.12988640935177673,0.25531084656084657,0.0
test,ulsan_016785,DKSR20001240_1,12,2.73,0.09638527049443865,0.3775030525030525,0.0
test,ulsan_001822,DKSR20001132_1,26,4.01,0.1279714811057182,0.23872610141313383,0.0
test,ulsan_009472,DKSR20001535_1,45,5.31,0.15788641767157588,0.14531544256120527,0.0
test,ulsan_023267,DKSR20000955_2,7,1.66,0.22951842059639907,0.09151606425702812,0.0
test,ulsan_003102,DKSR20001146_2,24,3.49,0.10465061402081592,0.32189589302769817,0.0
test,ulsan_002917,DKSR20001146_2,27,3.66,0.10049141058985245,0.3417235883424408,0.0
test,ulsan_012319,DKSR20001618_1,7,1.34,0.11494385762777791,0.2363495024875622,0.0
test,ulsan_013136,DKSR20001651_1,27,3.36,0.08394567451906186,0.26080109126984125,0.0
test,ulsan_004219,DKSR20001166_2,19,3.02,0.12895473881567224,0.4301186534216336,0.0
test,ulsan_015659,DKSR20001202_2,16,4.47,0.12971074659647946,0.4562733035048471,0.0
test,ulsan_017476,DKSR20001287_2,41,5.88,0.17691135160813817,0.2610969387755102,0.0
test,ulsan_012902,DKSR20001651_2,20,3.79,0.08739114752264569,0.4676231310466139,0.0
test,ulsan_002143,DKSR20001144_1,30,5.49,0.12729976608356958,0.2806845780206436,0.0
test,ulsan_003088,DKSR20001146_2,45,4.86,0.19035540552536057,0.14295267489711935,0.0
test,ulsan_017812,DKSR20001288_2,58,6.86,0.14648526408715698,0.19704810495626823,0.0
test,ulsan_023246,DKSR20000956_2,52,5.12,0.14267721924860177,0.21480305989583334,0.0
test,ulsan_016424,DKSR20001207_1,63,6.58,0.18829010484625008,0.14259751773049645,0.0
test,ulsan_025478,DKSR20000974_2,26,4.76,0.10717620497560323,0.29845063025210083,0.0
test,ulsan_022305,DKSR20001569_2,31,4.11,0.12316744645014059,0.15316301703163018,0.0
test,ulsan_012056,DKSR20001617_2,24,3.65,0.14546498150896192,0.14154109589041095,0.0
test,ulsan_014863,DKSR20001033_2,24,3.96,0.15666851061615208,0.3078388047138047,0.0
test,ulsan_025787,DKSR20001157_1,12,2.2,0.11689370616978154,0.3424810606060606,0.0
test,ulsan_025239,DKSR20001156_1,15,2.54,0.15181533897682278,0.3687828083989501,0.0
test,ulsan_012824,DKSR20001650_2,30,5.09,0.1161451450133324,0.36154223968565813,0.0
test,ulsan_010344,DKSR20001593_2,12,1.95,0.15725959382711713,0.40168803418803417,0.0
test,ulsan_009794,DKSR20001536_2,25,4.87,0.11530738692723073,0.3052703627652293,0.0
test,ulsan_012549,DKSR20001649_2,13,3.33,0.07942211220174449,0.5155655655655655,0.0
test,ulsan_017148,DKSR20001241_1,23,3.18,0.18201929545054926,0.18195754716981133,0.0
test,ulsan_011669,DKSR20001611_1,38,4.98,0.09931943301241052,0.39072121820615796,0.0
test,ulsan_004740,DKSR20001168_2,31,3.9,0.11754685257709842,0.3694551282051282,0.0
test,ulsan_010388,DKSR20001593_2,13,2.53,0.20645167909913542,0.32773386034255597,0.0
test,ulsan_001680,DKSR20001131_2,19,2.81,0.12542949468879241,0.4792556346381969,0.0
test,ulsan_023399,DKSR20000955_1,61,6.18,0.13659763168287845,0.16596548004314995,0.0
test,ulsan_005479,DKSR20001278_1,23,3.81,0.19568476413322122,0.15165135608048994,0.0
test,ulsan_001611,DKSR20001131_1,18,1.54,0.13366795510374258,0.22824675324675325,0.0
test,ulsan_012825,DKSR20001650_2,37,4.45,0.11895069910296158,0.3051029962546816,0.0
test,ulsan_012157,DKSR20001618_1,35,5.34,0.09250392311425742,0.31063514357053684,0.0
test,ulsan_014960,DKSR20001033_2,20,2.44,0.13540614085798164,0.2543886612021858,0.0
test,ulsan_003549,DKSR20001147_1,26,2.88,0.11082652290129426,0.3844328703703704,0.0
test,ulsan_014301,DKSR20001032_1,5,1.56,0.14464776582972322,0.39476495726495725,0.0
test,ulsan_010822,DKSR20001608_2,11,2.24,0.13207528171337127,0.49376860119047616,0.0
test,ulsan_020018,DKSR20001510_1,34,5.65,0.11013942632294026,0.15171091445427728,0.0
test,ulsan_017209,DKSR20001241_2,23,3.05,0.1364556727444886,0.25056010928961747,0.0
test,ulsan_008390,DKSR20001475_1,21,3.2700833333333335,0.11702252629819929,0.2423867893274891,0.0
test,ulsan_011818,DKSR20001611_1,31,3.83,0.0661058568334749,0.3765339425587467,0.0
test,ulsan_026997,DKSR20001203_1,39,5.55,0.09543789243227568,0.3472222222222222,0.0
test,ulsan_025571,DKSR20000974_2,16,2.61,0.12728914901485433,0.33643039591315455,0.0
test,ulsan_009405,DKSR20001535_1,24,2.64,0.1699411881105213,0.18880997474747474,0.0
test,ulsan_025280,DKSR20001156_2,14,3.26,0.19585103448592667,0.2497060327198364,0.0
test,ulsan_021677,DKSR20001537_1,36,4.78,0.16310607369287625,0.19664400278940028,0.0
test,ulsan_002688,DKSR20001145_1,6,1.01,0.11685068712382059,0.2957508250825083,0.0
test,ulsan_027118,DKSR20001203_2,17,4.54,0.08509858688390591,0.34840308370044054,0.0
test,ulsan_023013,DKSR20000956_1,36,6.93,0.14440108555593756,0.29904401154401156,0.0
test,ulsan_012342,DKSR20001618_2,24,4.12,0.12460846566654399,0.26727346278317154,0.0
test,ulsan_027584,DKSR20001204_1,32,4.85,0.13933449577548612,0.16983676975945017,0.0
test,ulsan_004310,DKSR20001166_1,38,5.82,0.13884290474983127,0.20801832760595648,0.0
test,ulsan_023713,DKSR20000957_2,36,7.23,0.12802685419637655,0.3388197325956662,0.0
test,ulsan_027358,DKSR20000980_1,2,1.07,0.270893282451409,0.31487538940809967,0.0
test,ulsan_005755,DKSR20001280_2,33,4.13,0.12222579488873814,0.207546408393866,0.0
test,ulsan_014493,DKSR20001032_2,15,2.61,0.13667028919921073,0.2873243933588761,0.0
test,ulsan_008528,DKSR20001475_1,18,2.36,0.1697993368364277,0.1831744350282486,0.0
test,ulsan_019030,DKSR20001491_2,9,1.8,0.16105566311058628,0.3560185185185185,0.0
test,ulsan_027448,DKSR20001204_2,18,2.45,0.1403355336573197,0.21008503401360545,0.0
test,ulsan_023167,DKSR20000956_2,28,6.05,0.1235912507672394,0.4214944903581267,0.0
test,ulsan_008303,DKSR20001413_2,15,3.31,0.07931709678250509,0.6882552870090635,0.0
test,ulsan_014521,DKSR20001032_1,27,4.74,0.1562322643386565,0.19047995780590718,0.0
test,ulsan_021717,DKSR20001568_1,18,3.01,0.08582879159484699,0.34728682170542635,0.0
test,ulsan_024137,DKSR20000961_1,33,6.59,0.18512035845301006,0.1572647951441578,0.0
test,ulsan_013728,DKSR20001715_1,26,3.5,0.16691764231199374,0.1709047619047619,0.0
test,ulsan_000383,DKSR20000953_2,22,4.31,0.18179973175221406,0.07296017014694509,0.0
test,ulsan_008393,DKSR20001475_1,29,3.64,0.0837045697339133,0.32941849816849816,0.0
test,ulsan_005692,DKSR20001280_1,24,2.65,0.22100080994586488,0.17,0.0
test,ulsan_022124,DKSR20001569_1,18,3.19,0.10941875319757215,0.17405956112852664,0.0
test,ulsan_008503,DKSR20001475_2,21,2.14,0.13664226757084671,0.19715732087227414,0.0
test,ulsan_006439,DKSR20001285_1,51,6.08,0.1652255312242069,0.20055509868421054,0.0
test,ulsan_010552,DKSR20001594_2,6,2.04,0.11572349517514285,0.586764705882353,0.0
test,ulsan_014934,DKSR20001033_1,20,3.86,0.15702265542375302,0.26027633851468046,0.0
test,ulsan_025955,DKSR20001157_1,46,4.52,0.15172675214872683,0.1877212389380531,0.0
test,ulsan_020555,DKSR20001512_2,30,3.42,0.14665167166068868,0.11769005847953216,0.0
test,ulsan_027248,DKSR20000980_1,32,4.37,0.1682987108535389,0.24768306636155607,0.0
test,ulsan_011526,DKSR20001610_1,27,3.57,0.11205750304840302,0.2842670401493931,0.0
test,ulsan_005148,DKSR20001169_1,47,5.24,0.14216301353062114,0.20814249363867685,0.0
test,ulsan_000202,DKSR20000953_1,12,2.9,0.15777240875674625,0.4273706896551724,0.0
test,ulsan_023780,DKSR20000957_2,13,2.3,0.13479209293608305,0.2647826086956522,0.0
test,ulsan_026340,DKSR20001158_1,3,0.97,0.14984112139537628,0.19785223367697594,0.0
test,ulsan_013423,DKSR20001677_2,8,1.94,0.12904608925390293,0.40474656357388317,0.0
test,ulsan_013256,DKSR20001677_2,16,2.2,0.1400459110442065,0.23490530303030302,0.0
test,ulsan_020724,DKSR20001512_2,23,4.16,0.16885224427995293,0.21483373397435898,0.0
test,ulsan_024371,DKSR20000963_1,41,5.03,0.12323914684080726,0.21253313452617628,0.0
test,ulsan_024000,DKSR20000958_2,29,6.54,0.09779229055641683,0.40730759429153923,0.0
test,ulsan_025326,DKSR20001156_1,34,6.09,0.12905009797471892,0.2896414887794198,0.0
test,ulsan_007343,DKSR20001301_1,15,1.94,0.2500271124803485,0.23595360824742267,0.0
test,ulsan_007449,DKSR20001348_1,24,4.29,0.11657954315313772,0.4301573426573427,0.0
test,ulsan_026015,DKSR20001157_1,5,3.07,0.19691744386602145,0.4377171552660152,0.0
test,ulsan_020543,DKSR20001512_1,23,3.85,0.16400856574532344,0.15035714285714286,0.0
test,ulsan_021864,DKSR20001568_1,20,2.97,0.13753683813027817,0.19414983164983166,0.0
test,ulsan_002459,DKSR20001144_2,12,2.41,0.09305330830217755,0.46054633471645917,0.0
test,ulsan_005110,DKSR20001169_2,14,3.0,0.15448885741891755,0.3131388888888889,0.0
test,ulsan_022856,DKSR20001571_1,23,3.11,0.15605838574632078,0.18964362272240085,0.0
test,ulsan_002543,DKSR20001145_1,29,3.93,0.12236620809146154,0.37954834605597965,0.0
test,ulsan_019489,DKSR20001508_1,18,2.07,0.11729177746971876,0.13260869565217392,0.0
test,ulsan_015283,DKSR20001159_1,8,2.08,0.10005696991807182,0.2180488782051282,0.0
test,ulsan_026512,DKSR20001158_2,34,4.78,0.13134535245858936,0.3140516039051604,0.0
test,ulsan_014752,DKSR20001033_2,21,3.39,0.13718359399661745,0.2936701081612586,0.0
test,ulsan_013767,DKSR20001715_1,17,2.66,0.13980135410575267,0.21193609022556392,0.0
test,ulsan_010588,DKSR20001594_2,45,5.01,0.11666458756329341,0.3215069860279441,0.0
test,ulsan_025697,DKSR20000974_2,34,4.08,0.1374506862014994,0.262765522875817,0.0
test,ulsan_026124,DKSR20000975_1,35,3.92,0.12208367616053835,0.21712372448979592,0.0
test,ulsan_026029,DKSR20001157_1,17,2.66,0.17123159971580884,0.31339285714285714,0.0
test,ulsan_014051,DKSR20001031_2,37,3.7,0.12346110679282515,0.25204954954954956,0.0
test,ulsan_025595,DKSR20000974_2,13,2.77,0.13280170634408653,0.35827316486161254,0.0
test,ulsan_009571,DKSR20001535_1,52,5.15,0.15932440781896792,0.12823624595469255,0.0
test,ulsan_004020,DKSR20001165_1,12,2.26,0.13887006654190262,0.2969948377581121,0.0
test,ulsan_008589,DKSR20001475_2,58,8.5,0.1415095673065391,0.2271078431372549,0.0
test,ulsan_013034,DKSR20001651_2,27,3.98,0.07561976637484383,0.38805485762144054,0.0
test,ulsan_009733,DKSR20001536_1,13,1.36,0.18469425420154567,0.20306372549019608,0.0
test,ulsan_000032,DKSR20000953_1,20,3.39,0.17532202066806712,0.16897738446411012,0.0
test,ulsan_018399,DKSR20001380_1,25,4.05,0.1379194245164751,0.2765329218106996,0.0
test,ulsan_021241,DKSR20001534_1,25,3.71,0.19100296527667013,0.15573899371069183,0.0
test,ulsan_013604,DKSR20001715_2,13,2.68,0.11371331437911154,0.5802705223880597,0.0
test,ulsan_019731,DKSR20001509_2,41,6.02,0.12083291551778,0.2687153931339978,0.0
test,ulsan_003861,DKSR20001165_2,20,3.25,0.12588038018860231,0.20191025641025642,0.0
test,ulsan_022372,DKSR20001569_1,14,2.95,0.16195711622012948,0.11641242937853108,0.0
test,ulsan_018767,DKSR20001388_1,62,9.52,0.15598703329005736,0.2615677521008403,0.0
test,ulsan_005965,DKSR20001284_2,10,2.79,0.12546644784694766,0.3853793309438471,0.0
test,ulsan_014821,DKSR20001033_1,21,2.129958333333333,0.12367804869010561,0.34701383047399204,0.0
test,ulsan_015100,DKSR20001159_2,2,1.11,0.22050512450787457,0.218506006006006,0.0
test,ulsan_027457,DKSR20001204_2,17,3.46,0.15045957144315097,0.2738078034682081,0.0
test,ulsan_003804,DKSR20001149_2,28,3.1,0.12674465908301724,0.3320161290322581,0.0
test,ulsan_024153,DKSR20000961_1,30,6.72,0.1334730446343059,0.3484312996031746,0.0
test,ulsan_015922,DKSR20001202_1,29,4.59,0.218460863663109,0.20682643427741468,0.0
test,ulsan_013996,DKSR20001031_1,21,3.21,0.11691615929106475,0.3422118380062305,0.0
test,ulsan_013167,DKSR20001677_2,44,4.73,0.11153889443331468,0.24718992248062016,0.0
test,ulsan_007661,DKSR20001351_2,76,8.26,0.16876782546387462,0.12165556900726392,0.0
test,ulsan_002779,DKSR20001145_1,30,3.73,0.09173282246818797,0.26196380697050936,0.0
test,ulsan_018585,DKSR20001386_1,51,5.98,0.13425271952837362,0.19375696767001116,0.0
test,ulsan_024078,DKSR20000961_2,16,4.61,0.1417737575339219,0.6010665220535069,0.0
test,ulsan_024895,DKSR20000973_2,34,6.240083333333334,0.10328509599610285,0.26695690495586333,0.0
test,ulsan_008870,DKSR20001476_1,13,2.75,0.14727981685000463,0.38992424242424245,0.0
test,ulsan_020033,DKSR20001510_2,26,4.010083333333333,0.12506287916697756,0.2914735770245839,0.0
test,ulsan_017416,DKSR20001287_1,30,3.39,0.16526007732089812,0.16305309734513274,0.0
test,ulsan_000373,DKSR20000953_2,35,4.03,0.17905027566719608,0.13332299421009097,0.0
test,ulsan_024066,DKSR20000961_2,50,6.9,0.06301534686194409,0.3263405797101449,0.0
test,ulsan_010894,DKSR20001608_1,12,3.08,0.14496548333206008,0.4550459956709957,0.0
test,ulsan_004391,DKSR20001167_2,24,3.93,0.0934922768449037,0.20329728583545378,0.0
test,ulsan_006646,DKSR20001286_2,32,4.11,0.10677689982509174,0.36819748580697487,0.0
test,ulsan_004038,DKSR20001165_1,24,6.44,0.08445534024372721,0.43572722567287786,0.0
test,ulsan_020889,DKSR20001532_2,34,6.87,0.12740229403218897,0.36411329451722463,0.0
test,ulsan_013695,DKSR20001715_2,14,2.75,0.12707147870336266,0.3866818181818182,0.0
test,ulsan_027250,DKSR20000980_1,48,5.76,0.1384863107583557,0.23694299768518517,0.0
test,ulsan_016867,DKSR20001240_2,34,4.46,0.06700686099610748,0.3407604633781764,0.0
test,ulsan_025751,DKSR20001157_2,13,2.24,0.1548774821249608,0.27440476190476193,0.0
test,ulsan_003302,DKSR20001147_1,5,1.42,0.07249634991450327,0.6934565727699531,0.0
test,ulsan_004512,DKSR20001167_2,45,6.16,0.10969547943932695,0.2598755411255411,0.0
test,ulsan_022463,DKSR20001570_1,24,4.470083333333333,0.15063411154741782,0.19571782778098842,0.0
test,ulsan_009789,DKSR20001536_2,23,4.23,0.19718828975995076,0.13691883372734437,0.0
test,ulsan_002479,DKSR20001144_2,18,3.13,0.13600456386526413,0.2597310969116081,0.0
test,ulsan_025919,DKSR20001157_2,14,1.82,0.09680066973270632,0.2766941391941392,0.0
test,ulsan_004576,DKSR20001167_1,37,5.89,0.1098062836098009,0.36532258064516127,0.0
test,ulsan_008031,DKSR20001353_1,53,7.93,0.1516049329400959,0.25493905002101724,0.0
test,ulsan_008936,DKSR20001476_2,27,4.21,0.11684327484709564,0.17991884402216943,0.0
test,ulsan_019064,DKSR20001491_2,32,5.61,0.1397510292479805,0.2925579322638146,0.0
test,ulsan_021299,DKSR20001534_1,45,8.05,0.13775988863839733,0.2579606625258799,0.0
test,ulsan_005428,DKSR20001278_2,54,6.77,0.17240630080732094,0.14829517479074347,0.0
test,ulsan_024824,DKSR20000962_2,10,2.17,0.09008029586934181,0.325326420890937,0.0
test,ulsan_020230,DKSR20001510_1,19,3.14,0.112092458898579,0.28578821656050957,0.0
test,ulsan_023053,DKSR20000956_2,42,5.54,0.17781586016899822,0.20546028880866427,0.0
test,ulsan_019413,DKSR20001507_1,30,4.66,0.13941718060079814,0.12989985693848355,0.0
test,ulsan_009096,DKSR20001487_1,21,2.75,0.09975202346412478,0.3369848484848485,0.0
test,ulsan_003608,DKSR20001149_1,33,4.34,0.13708804024453555,0.3229358678955453,0.0
test,ulsan_008799,DKSR20001476_2,12,2.4,0.19084722912271312,0.35805555555555557,0.0
test,ulsan_026616,DKSR20000979_1,48,8.2,0.1573553369099586,0.3229725609756098,0.0
test,ulsan_016840,DKSR20001240_1,16,2.97,0.12378121583251936,0.5089225589225589,0.0
test,ulsan_003503,DKSR20001147_2,31,5.75,0.11988102544999549,0.2871086956521739,0.0
test,ulsan_009676,DKSR20001536_1,31,4.15,0.16068144091287795,0.30539156626506025,0.0
test,ulsan_001057,DKSR20000960_2,38,4.21,0.11897844968244092,0.27187252573238324,0.0
test,ulsan_019165,DKSR20001507_2,10,1.97,0.13438301557380292,0.14369712351945854,0.0
test,ulsan_024144,DKSR20000961_1,37,6.75,0.13950259346565833,0.3640555555555556,0.0
test,ulsan_001581,DKSR20001131_2,22,2.94,0.14296453791676056,0.3542233560090703,0.0
test,ulsan_024769,DKSR20000962_2,13,2.52,0.13821279151578875,0.44603174603174606,0.0
test,ulsan_007719,DKSR20001351_1,43,5.62,0.17088838977787887,0.17819543297746146,0.0
test,ulsan_000919,DKSR20000959_1,34,5.88,0.2386395654304685,0.1934736394557823,0.0
test,ulsan_014811,DKSR20001033_1,7,1.02,0.14836008236718468,0.39587418300653593,0.0
test,ulsan_018464,DKSR20001380_2,18,2.72,0.1609104140927016,0.06821384803921568,0.0
test,ulsan_007355,DKSR20001348_1,24,4.1,0.13467699333883926,0.44703252032520324,0.0
test,ulsan_006972,DKSR20001300_2,32,5.43,0.12036465592625734,0.2657918968692449,0.0
test,ulsan_019079,DKSR20001491_2,18,3.82,0.12872263957804259,0.49017233856893544,0.0
test,ulsan_023981,DKSR20000958_2,38,6.85,0.1265533946330286,0.4670742092457421,0.0
test,ulsan_000928,DKSR20000959_2,26,5.37,0.14349250537449057,0.3855058969584109,0.0
test,ulsan_004495,DKSR20001167_1,51,6.45,0.12036334849445691,0.356453488372093,0.0
test,ulsan_010509,DKSR20001594_2,20,3.24,0.10277046072358458,0.4622942386831276,0.0
test,ulsan_000850,DKSR20000959_1,51,6.68,0.1456277148798181,0.3061002994011976,0.0
test,ulsan_018844,DKSR20001388_1,29,3.69,0.16491590196214145,0.2641034327009937,0.0
test,ulsan_010364,DKSR20001593_1,31,4.31,0.16581731828015214,0.21043116782675947,0.0
test,ulsan_009103,DKSR20001487_2,57,5.54,0.16516723359616758,0.2106122141997593,0.0
test,ulsan_000966,DKSR20000959_2,27,3.89,0.1286380660286743,0.17519280205655527,0.0
test,ulsan_002593,DKSR20001145_1,39,4.61,0.12843327476687316,0.24098879248011568,0.0
test,ulsan_003941,DKSR20001165_1,44,6.94,0.15227998686336205,0.42120557156580213,0.0
test,ulsan_002022,DKSR20001132_1,26,3.48,0.10110086550006582,0.2563338122605364,0.0
test,ulsan_014309,DKSR20001032_2,29,3.38,0.18421626267911811,0.14024901380670612,0.0
test,ulsan_007289,DKSR20001301_1,56,7.75,0.10890875150008937,0.2726720430107527,0.0
test,ulsan_022880,DKSR20001571_1,19,2.42,0.20979462427426446,0.12586088154269973,0.0
test,ulsan_009527,DKSR20001535_2,12,1.95,0.21729773295064717,0.1519871794871795,0.0
test,ulsan_008408,DKSR20001475_2,11,1.55,0.12462616036725019,0.2736021505376344,0.0
test,ulsan_011698,DKSR20001611_2,32,2.95,0.19587361580879983,0.1518220338983051,0.0
test,ulsan_009954,DKSR20001592_1,29,4.48,0.11252336744912969,0.3826171875,0.0
test,ulsan_022166,DKSR20001569_2,16,3.66,0.12844489010466864,0.1738274134790528,0.0
test,ulsan_005824,DKSR20001280_2,23,2.99,0.1288711081422702,0.39418896321070235,0.0
test,ulsan_015108,DKSR20001159_2,35,3.79,0.11680822637127397,0.22554969217238346,0.0
test,ulsan_006858,DKSR20001286_2,29,4.68,0.1644574116527832,0.38661858974358976,0.0
test,ulsan_011990,DKSR20001617_2,59,6.46,0.1322274490660079,0.19769091847265222,0.0
test,ulsan_011719,DKSR20001611_1,27,4.07,0.10375124149595938,0.27938165438165435,0.0
test,ulsan_025739,DKSR20001157_2,18,2.42,0.15120162791598626,0.20556129476584023,0.0
test,ulsan_016683,DKSR20001208_2,47,7.14,0.1579081214953469,0.17074579831932774,0.0
test,ulsan_000161,DKSR20000953_1,21,2.78,0.19456707596800796,0.25518585131894483,0.0
test,ulsan_016031,DKSR20001206_1,22,2.9,0.17934160114441255,0.18961206896551724,0.0
test,ulsan_015024,DKSR20001033_1,31,4.2,0.11281801722998168,0.26396825396825396,0.0
test,ulsan_000971,DKSR20000959_2,40,6.72,0.11824784099662924,0.3450706845238095,0.0
test,ulsan_017023,DKSR20001240_2,45,5.22,0.15713349473807853,0.155036717752235,0.0
test,ulsan_002797,DKSR20001145_1,25,3.18,0.1410717488598487,0.3333333333333333,0.0
test,ulsan_007108,DKSR20001300_2,12,3.34,0.12788044623010894,0.3910803393213573,0.0
test,ulsan_007258,DKSR20001301_2,27,3.99,0.12842747634537224,0.14405806182121972,0.0
test,ulsan_017210,DKSR20001241_2,17,3.99,0.20357156101676457,0.2670843776106934,0.0
test,ulsan_014641,DKSR20001033_1,26,4.17,0.13734716425423926,0.29313549160671465,0.0
test,ulsan_003538,DKSR20001147_1,50,6.48,0.08662520671117699,0.35492541152263374,0.0
test,ulsan_010943,DKSR20001608_1,27,4.78,0.13295852233798705,0.28577405857740584,0.0
test,ulsan_024953,DKSR20000973_1,60,8.700083333333334,0.1135126728197153,0.2626794762502275,0.0
test,ulsan_000573,DKSR20000954_1,11,1.97,0.15115071013258463,0.374090524534687,0.0
test,ulsan_018687,DKSR20001387_1,86,9.4,0.09257499923264659,0.25553191489361704,0.0
test,ulsan_021115,DKSR20001533_2,28,5.76,0.15444899030716505,0.1907986111111111,0.0
test,ulsan_023994,DKSR20000958_2,26,6.1,0.12357992908711,0.4189617486338798,0.0
test,ulsan_025090,DKSR20000973_2,17,3.27,0.11692742194480507,0.3829638124362895,0.0
test,ulsan_008201,DKSR20001413_2,40,5.11,0.15986156267468454,0.2937785388127854,0.0
test,ulsan_012504,DKSR20001649_1,31,4.73,0.10991525826539573,0.43005637773079636,0.0
test,ulsan_006476,DKSR20001285_1,60,6.46,0.12005965793663854,0.2514125386996904,0.0
test,ulsan_024142,DKSR20000961_1,25,3.83,0.17289287035885093,0.28314838990426455,0.0
test,ulsan_025288,DKSR20001156_2,12,2.04,0.20860920530737223,0.17177287581699346,0.0
test,ulsan_017544,DKSR20001287_2,37,4.65,0.12378027889982567,0.2618548387096774,0.0
test,ulsan_015188,DKSR20001159_2,2,3.02,0.1602501227665594,0.610789183222958,0.0
test,ulsan_001801,DKSR20001131_2,27,3.5,0.1541232548563989,0.23079761904761906,0.0
test,ulsan_005790,DKSR20001280_2,57,6.46,0.0839360334730989,0.21246775025799794,0.0
test,ulsan_013858,DKSR20001031_1,15,2.81,0.21031961800305943,0.12844009489916963,0.0
test,ulsan_006669,DKSR20001286_1,22,2.11,0.18704035231767085,0.18704581358609795,0.0
test,ulsan_018545,DKSR20001386_2,63,8.46,0.11889634594270442,0.2436859732072498,0.0
test,ulsan_002031,DKSR20001132_1,23,3.21,0.12139134390669107,0.33847352024922117,0.0
test,ulsan_002073,DKSR20001132_2,40,4.29,0.0929786184430881,0.2608780108780109,0.0
test,ulsan_025253,DKSR20001156_1,15,3.3000833333333333,0.10903081366106415,0.5713113305219565,0.0
test,ulsan_025512,DKSR20000974_1,29,3.51,0.12245091329789043,0.223005698005698,0.0
test,ulsan_012231,DKSR20001618_2,34,5.94,0.16554327540458733,0.2439814814814815,0.0
test,ulsan_005319,DKSR20001169_2,7,3.41,0.10396880284080948,0.537866568914956,0.0
test,ulsan_009947,DKSR20001592_1,27,5.29,0.15364503145281416,0.2740469439193447,0.0
test,ulsan_016771,DKSR20001240_2,46,6.58,0.06857554551567667,0.34851190476190474,0.0
test,ulsan_000840,DKSR20000959_2,30,5.96,0.10832472974537515,0.3938688478747204,0.0
test,ulsan_025105,DKSR20000973_2,8,2.75,0.13965118466896695,0.36083333333333334,0.0
test,ulsan_021125,DKSR20001533_2,59,8.88,0.1343093952158539,0.22717717717717717,0.0
test,ulsan_021360,DKSR20001534_1,31,5.59,0.1374175512382482,0.2588550983899821,0.0
test,ulsan_009896,DKSR20001536_1,22,3.01,0.10210197438934639,0.22583056478405317,0.0
test,ulsan_023906,DKSR20000958_2,24,7.09,0.1428998235920313,0.40624706158909263,0.0
test,ulsan_010142,DKSR20001592_1,22,2.8,0.137179311801928,0.3388690476190476,0.0
test,ulsan_017606,DKSR20001288_1,22,4.89,0.14883848715376422,0.49239945466939333,0.0
test,ulsan_017066,DKSR20001241_2,26,5.84,0.12509596687887567,0.39088898401826483,0.0
test,ulsan_005840,DKSR20001280_2,38,4.08,0.11978403408884199,0.244015522875817,0.0
test,ulsan_027015,DKSR20001203_1,24,5.57,0.06797394670349906,0.5606223818073011,0.0
test,ulsan_006090,DKSR20001284_2,27,4.66,0.1227512534487158,0.3449302575107296,0.0
test,ulsan_009441,DKSR20001535_2,37,5.52,0.21908655879710287,0.14652777777777778,0.0
test,ulsan_025061,DKSR20000973_1,40,6.38,0.08646894418412818,0.4274686520376176,0.0
test,ulsan_024984,DKSR20000973_2,41,5.81,0.10790663158438558,0.2370338496844521,0.0
test,ulsan_002038,DKSR20001132_1,44,4.21,0.13995697449883188,0.19513064133016628,0.0
test,ulsan_017229,DKSR20001241_1,20,3.02,0.14037730086850927,0.2238548565121413,0.0
test,ulsan_012489,DKSR20001649_1,23,3.27,0.13813834506786296,0.3302752293577982,0.0
test,ulsan_017880,DKSR20001288_2,22,2.73,0.16067659561306047,0.2475885225885226,0.0
test,ulsan_011877,DKSR20001617_1,27,7.07,0.18045629265980143,0.3942774634606318,0.0
test,ulsan_003767,DKSR20001149_2,49,6.39,0.09948765598168696,0.3192683881064163,0.0
test,ulsan_017871,DKSR20001288_1,29,4.05,0.16086820615137715,0.2930144032921811,0.0
test,ulsan_009289,DKSR20001487_2,25,2.67,0.1835954239853417,0.1601903870162297,0.0
test,ulsan_009029,DKSR20001487_2,7,1.59,0.18932914769193762,0.319916142557652,0.0
test,ulsan_022776,DKSR20001571_1,11,1.64,0.13702736029488405,0.2966209349593496,0.0
test,ulsan_013992,DKSR20001031_1,25,4.57,0.1218721864111499,0.31158825674690005,0.0
test,ulsan_018647,DKSR20001387_1,86,11.31,0.12369085130089337,0.24239979369289713,0.0
test,ulsan_002812,DKSR20001145_2,28,3.49,0.09495389787007152,0.3585482330468004,0.0
test,ulsan_007252,DKSR20001301_2,20,2.5,0.15816830444076563,0.14,0.0
test,ulsan_009767,DKSR20001536_1,21,2.06,0.19591172757761355,0.1692556634304207,0.0
test,ulsan_015186,DKSR20001159_1,4,1.31,0.12591025395458166,0.3024173027989822,0.0
test,ulsan_003585,DKSR20001147_1,6,3.2,0.09830817889979859,0.7368359375,0.0
test,ulsan_007927,DKSR20001352_1,21,3.99,0.20628590278358422,0.17115705931495406,0.0
test,ulsan_024061,DKSR20000961_2,38,6.2,0.10516250979268756,0.21005376344086021,0.0
test,ulsan_005020,DKSR20001168_1,8,2.35,0.17153613286126643,0.36404255319148937,0.0
test,ulsan_023595,DKSR20000955_2,8,1.24,0.2148211168397994,0.2190524193548387,0.0
test,ulsan_001041,DKSR20000960_2,25,3.71,0.1599542970468751,0.20122416891284817,0.0
test,ulsan_002936,DKSR20001146_2,14,2.03,0.11218183837905782,0.34946633825944173,0.0
test,ulsan_000788,DKSR20000959_2,32,6.67,0.11242926497449833,0.3236944027986007,0.0
test,ulsan_020630,DKSR20001512_1,28,4.0,0.20053152455436635,0.23045833333333332,0.0
test,ulsan_022533,DKSR20001570_2,22,3.27,0.16900300469753418,0.1901376146788991,0.0
test,ulsan_024218,DKSR20000961_2,30,5.37,0.11338733494012523,0.3387957790192427,0.0
test,ulsan_000309,DKSR20000953_2,7,1.61,0.15148896947420087,0.18804347826086956,0.0
test,ulsan_003023,DKSR20001146_2,37,3.81,0.16145595488777525,0.21801181102362205,0.0
test,ulsan_019233,DKSR20001507_2,24,4.23,0.14232400955275679,0.22298069345941687,0.0
test,ulsan_002971,DKSR20001146_1,8,1.69,0.11090884019896001,0.2444526627218935,0.0
test,ulsan_008569,DKSR20001475_1,20,3.43,0.08879301721542043,0.30402089407191446,0.0
test,ulsan_019228,DKSR20001507_2,30,5.3,0.13764624279978419,0.18141509433962263,0.0
test,ulsan_000758,DKSR20000954_2,2,0.97,0.15709953526330414,0.5568298969072165,0.0
test,ulsan_005283,DKSR20001169_1,60,7.18,0.1351402012567766,0.23681522748375117,0.0
test,ulsan_001152,DKSR20000960_1,62,6.95,0.09813205229680268,0.30127098321342927,0.0
test,ulsan_003155,DKSR20001146_1,19,2.22,0.11221312943912248,0.2575825825825826,0.0
test,ulsan_025124,DKSR20001156_1,13,2.01,0.14375138042150282,0.3928275290215589,0.0
test,ulsan_026838,DKSR20000979_1,66,6.3,0.11950072282145147,0.2656415343915344,0.0
test,ulsan_006754,DKSR20001286_1,12,2.08,0.22058848970942435,0.17461939102564103,0.0
test,ulsan_007774,DKSR20001352_1,22,2.84,0.15896331428649632,0.14147593896713614,0.0
test,ulsan_006034,DKSR20001284_1,7,1.89,0.23362752214177696,0.2625440917107584,0.0
test,ulsan_016126,DKSR20001206_2,14,2.32,0.15717510153971417,0.13214798850574713,0.0
test,ulsan_013630,DKSR20001715_1,9,1.5,0.1511687213638137,0.4215277777777778,0.0
test,ulsan_009846,DKSR20001536_1,23,2.68,0.18665035735278004,0.21882773631840796,0.0
test,ulsan_016963,DKSR20001240_1,21,5.43,0.17529699285162928,0.4737952731737262,0.0
test,ulsan_004161,DKSR20001166_1,32,4.94,0.12904768391909902,0.24256072874493928,0.0
test,ulsan_022683,DKSR20001570_1,26,2.83,0.14911191209827515,0.10783274440518256,0.0
test,ulsan_002387,DKSR20001144_2,38,4.41,0.1253225058210615,0.33708427815570674,0.0
test,ulsan_021934,DKSR20001568_1,1,0.66,0.21315589243780012,0.24482323232323233,0.0
test,ulsan_009952,DKSR20001592_1,26,3.49,0.14487661055622256,0.29512893982808025,0.0
test,ulsan_010994,DKSR20001608_2,35,4.51,0.12710575278977118,0.31489283074648927,0.0
test,ulsan_018649,DKSR20001387_1,69,11.72,0.10802242336357382,0.31214448236632536,0.0
test,ulsan_002739,DKSR20001145_1,25,3.84,0.15738332325606075,0.2721137152777778,0.0
test,ulsan_005675,DKSR20001280_1,20,3.11,0.20900717125441304,0.17710342979635585,0.0
test,ulsan_019825,DKSR20001509_2,38,7.01,0.12412981547801108,0.18270328102710415,0.0
test,ulsan_018362,DKSR20001380_2,27,3.35,0.08552303082671789,0.2607089552238806,0.0
test,ulsan_025735,DKSR20001157_2,11,2.29,0.12499693713507398,0.33324235807860264,0.0
test,ulsan_015037,DKSR20001033_1,28,2.77,0.13687130605293696,0.1614771359807461,0.0
test,ulsan_008256,DKSR20001413_2,35,4.61,0.11585200518738804,0.3487888647866956,0.0
test,ulsan_017662,DKSR20001288_2,21,3.01,0.21215940184878787,0.17639811738648947,0.0
test,ulsan_009464,DKSR20001535_2,23,3.15,0.17776955665391234,0.1908068783068783,0.0
test,ulsan_027386,DKSR20000980_2,48,8.54,0.11730467764981817,0.5129147150663544,0.0
test,ulsan_027308,DKSR20000980_2,13,2.24,0.11564544620127337,0.37219122023809526,0.0
test,ulsan_011336,DKSR20001609_2,29,4.14,0.0921822948363792,0.4403683574879227,0.0
test,ulsan_018226,DKSR20001380_1,8,3.71,0.07229024182705661,0.7711927223719677,0.0
test,ulsan_011182,DKSR20001609_1,8,2.71,0.13677757962997392,0.5037515375153752,0.0
test,ulsan_024164,DKSR20000961_2,36,6.82,0.1515034019860309,0.27245845552297165,0.0
test,ulsan_013002,DKSR20001651_1,17,2.3700833333333335,0.0887866304013067,0.32621919060511234,0.0
test,ulsan_007268,DKSR20001301_1,46,4.73,0.08222980478610598,0.30853594080338265,0.0
test,ulsan_009996,DKSR20001592_2,46,5.31,0.13105785423384486,0.2908349026993095,0.0
test,ulsan_024407,DKSR20000963_1,17,6.64,0.08820020085946387,0.5702748493975903,0.0
test,ulsan_024729,DKSR20000962_1,29,6.12,0.16374563716006918,0.21327614379084966,0.0
test,ulsan_008999,DKSR20001476_2,15,1.52,0.10179101674932117,0.24498355263157895,0.0
test,ulsan_003703,DKSR20001149_1,27,3.89,0.10944027654683748,0.2816088260497001,0.0
test,ulsan_000951,DKSR20000959_1,28,4.05,0.15862313997057226,0.20059670781893005,0.0
test,ulsan_003324,DKSR20001147_2,2,0.82,0.22669079903007264,0.572459349593496,0.0
test,ulsan_004288,DKSR20001166_2,12,2.1,0.15571025026753338,0.39573412698412697,0.0
test,ulsan_012467,DKSR20001649_1,26,4.0,0.11458167911001714,0.33227083333333335,0.0
test,ulsan_013195,DKSR20001677_1,26,3.44,0.1267792653115225,0.3576187015503876,0.0
test,ulsan_027535,DKSR20001204_2,73,4.77,0.1260524446879721,0.2676013277428372,0.0
test,ulsan_026213,DKSR20000975_2,32,3.99,0.11780549459195507,0.21166457811194653,0.0
test,ulsan_000712,DKSR20000954_2,32,4.27,0.1439850957813933,0.2728727556596409,0.0
test,ulsan_007345,DKSR20001301_1,26,3.37,0.23789189287149065,0.17943867457962415,0.0
test,ulsan_004835,DKSR20001168_2,40,4.6,0.11926215251729175,0.3228623188405797,0.0
test,ulsan_019572,DKSR20001508_2,58,6.44,0.1263914560157738,0.19277303312629399,0.0
test,ulsan_000114,DKSR20000953_2,17,3.0,0.13363963733163522,0.16469444444444445,0.0
test,ulsan_018441,DKSR20001380_1,35,5.34,0.13331189098248694,0.2917602996254682,0.0
test,ulsan_011775,DKSR20001611_2,25,3.88,0.18991307522881934,0.2995382302405498,0.0
test,ulsan_018652,DKSR20001387_1,98,13.57,0.11619533995272006,0.22385470400393023,0.0
test,ulsan_014933,DKSR20001033_1,26,3.17,0.1424232238642087,0.28024447949526815,0.0
test,ulsan_011238,DKSR20001609_2,16,2.23,0.14397944312217378,0.25958520179372196,0.0
test,ulsan_016139,DKSR20001206_2,31,4.89,0.14985694244672604,0.27796523517382415,0.0
test,ulsan_013780,DKSR20001715_1,20,3.79,0.11666420262306916,0.46754617414248023,0.0
test,ulsan_002159,DKSR20001144_2,10,2.4999583333333333,0.1475711641600117,0.35618926982116367,0.0
test,ulsan_019896,DKSR20001509_2,17,3.03,0.13296451762206146,0.17285478547854785,0.0
test,ulsan_013746,DKSR20001715_2,17,3.0,0.08182879248055608,0.3922777777777778,0.0
test,ulsan_020611,DKSR20001512_2,32,4.59,0.16210081979869184,0.13127269426289034,0.0
test,ulsan_003831,DKSR20001165_1,21,5.21,0.11980815487515746,0.34301023672424824,0.0
test,ulsan_020432,DKSR20001511_2,23,3.68,0.13463923008307566,0.2578125,0.0
test,ulsan_025678,DKSR20000974_2,31,3.73,0.16964575706118584,0.22897676496872207,0.0
test,ulsan_007714,DKSR20001351_1,41,4.19,0.16089411089969868,0.15386833731105806,0.0
test,ulsan_001659,DKSR20001131_1,15,2.33,0.12159711714384847,0.34835479256080115,0.0
test,ulsan_011222,DKSR20001609_2,26,2.67,0.11721601307860477,0.3022159800249688,0.0
test,ulsan_007485,DKSR20001348_2,32,7.03,0.1482561454247904,0.4460763394973921,0.0
test,ulsan_025998,DKSR20001157_1,30,3.23,0.1332763274414955,0.16959494324045407,0.0
test,ulsan_022918,DKSR20001571_2,51,7.51,0.1797274302164986,0.1288282290279627,0.0
test,ulsan_022989,DKSR20001571_1,9,1.91,0.11728917706414814,0.262674520069808,0.0
test,ulsan_000194,DKSR20000953_1,14,1.93,0.19082730525070546,0.1966321243523316,0.0
test,ulsan_006820,DKSR20001286_2,20,3.57,0.12833464687957494,0.4952731092436975,0.0
test,ulsan_014833,DKSR20001033_1,16,2.56,0.16791498982863703,0.31389973958333334,0.0
test,ulsan_006200,DKSR20001284_2,30,3.87,0.1332878116063773,0.23176141257536606,0.0
test,ulsan_015397,DKSR20001160_1,26,6.47,0.15414151970464726,0.4393933539412674,0.0
test,ulsan_026204,DKSR20000975_2,39,6.39,0.10827784705386698,0.19597026604068857,0.0
test,ulsan_005344,DKSR20001169_2,15,4.15,0.13863205835602063,0.3551907630522088,0.0
test,ulsan_020950,DKSR20001532_1,33,4.61,0.15556854526271877,0.340500723065799,0.0
test,ulsan_011039,DKSR20001609_2,3,1.6,0.11595227914178802,0.635,0.0
test,ulsan_025788,DKSR20001157_1,20,3.71,0.10529848908504098,0.30670485175202156,0.0
test,ulsan_010864,DKSR20001608_1,14,2.4,0.09887733258959805,0.47854166666666664,0.0
test,ulsan_018565,DKSR20001386_1,66,11.06,0.1459076919973247,0.2765559071729958,0.0
test,ulsan_021667,DKSR20001537_1,16,3.75,0.14545506166180128,0.4650666666666667,0.0
test,ulsan_026097,DKSR20000975_1,40,4.88,0.12975987218093557,0.2880379098360656,0.0
test,ulsan_022948,DKSR20001571_1,39,5.05,0.11844090101940223,0.24433993399339934,0.0
test,ulsan_021624,DKSR20001537_2,21,3.4,0.18356743832252503,0.14855392156862746,0.0
test,ulsan_000006,DKSR20000953_1,17,3.8,0.15564013212838745,0.34469298245614033,0.0
test,ulsan_008549,DKSR20001475_1,15,2.33,0.14021846719388498,0.23272532188841202,0.0
test,ulsan_025335,DKSR20001156_1,23,4.07,0.1323123559891342,0.3298832923832924,0.0
test,ulsan_018405,DKSR20001380_2,24,3.49,0.1431758011580291,0.07939350525310411,0.0
test,ulsan_017734,DKSR20001288_1,9,3.17,0.1311460924567499,0.541745531019979,0.0
test,ulsan_019191,DKSR20001507_1,13,2.16,0.15281605739421153,0.18238811728395063,0.0
test,ulsan_016243,DKSR20001207_1,42,6.15,0.13601182487044775,0.2722493224932249,0.0
test,ulsan_016489,DKSR20001207_1,28,3.62,0.20778359039068078,0.21762200736648252,0.0
test,ulsan_001136,DKSR20000960_2,46,5.58,0.12059609997550659,0.31471774193548385,0.0
test,ulsan_019206,DKSR20001507_1,20,4.66,0.11263417753542349,0.41060443490701004,0.0
test,ulsan_005798,DKSR20001280_2,28,3.89,0.0982395963832565,0.31422450728363327,0.0
test,ulsan_021631,DKSR20001537_2,58,7.95,0.09405966776787132,0.25710691823899373,0.0
test,ulsan_011947,DKSR20001617_1,16,2.07,0.1511914177534739,0.22944847020933978,0.0
test,ulsan_014886,DKSR20001033_2,22,2.54,0.16032985637781108,0.11678149606299212,0.0
test,ulsan_020496,DKSR20001511_1,20,2.81,0.16397037263638486,0.19381672597864769,0.0
test,ulsan_014633,DKSR20001032_1,26,3.58,0.14583742054458426,0.22339385474860335,0.0
test,ulsan_026146,DKSR20000975_2,45,7.39,0.09093908888691589,0.29995489400090214,0.0
test,ulsan_023670,DKSR20000957_1,28,6.74,0.1260686225180542,0.3653437190900099,0.0
test,ulsan_011010,DKSR20001608_1,12,3.01,0.10286099412775838,0.46274916943521593,0.0
test,ulsan_024329,DKSR20000963_1,73,8.31,0.12667795974371693,0.23065082230244685,0.0
test,ulsan_018084,DKSR20001336_1,16,2.56,0.20585489563714615,0.20615234375,0.0
test,ulsan_007769,DKSR20001351_2,29,6.86,0.15509961847194553,0.362481778425656,0.0
test,ulsan_014169,DKSR20001031_2,39,4.05,0.08275847637893913,0.236059670781893,0.0
test,ulsan_002996,DKSR20001146_1,6,1.47,0.11221110728345687,0.31017573696145123,0.0
test,ulsan_027505,DKSR20001204_1,24,3.05,0.13829498070282667,0.17203551912568307,0.0
test,ulsan_016974,DKSR20001240_1,11,1.91,0.16220889311216719,0.3715750436300175,0.0
test,ulsan_019060,DKSR20001491_2,29,3.81,0.12932402245224037,0.33641732283464565,0.0
test,ulsan_005714,DKSR20001280_1,25,4.32,0.19087623079817745,0.23425925925925925,0.0
test,ulsan_019091,DKSR20001491_1,50,6.03,0.17318308959996592,0.20056661138750692,0.0
test,ulsan_010454,DKSR20001594_1,17,2.41,0.12986243748037485,0.3026625172890733,0.0
test,ulsan_025727,DKSR20001157_2,32,4.02,0.15421312538672,0.18168532338308457,0.0
test,ulsan_018640,DKSR20001387_1,41,7.79,0.11861454385785947,0.244966837826273,0.0
test,ulsan_008821,DKSR20001476_2,31,4.25,0.11425353301808981,0.19614705882352942,0.0
test,ulsan_010663,DKSR20001594_2,45,6.46,0.11741922911101667,0.39371775025799793,0.0
test,ulsan_003683,DKSR20001149_1,14,1.79,0.1359358734663927,0.3736731843575419,0.0
test,ulsan_014208,DKSR20001031_1,25,4.2,0.14343994121362214,0.3096130952380952,0.0
test,ulsan_026041,DKSR20001157_1,6,1.17,0.1445168364879654,0.4080840455840456,0.0
test,ulsan_014339,DKSR20001032_2,55,5.53,0.11695132038555446,0.18051537070524412,0.0
test,ulsan_017316,DKSR20001287_1,36,4.17,0.1526542827388886,0.21939448441247003,0.0
test,ulsan_021004,DKSR20001532_1,20,3.15,0.1371861589800036,0.2816798941798942,0.0
test,ulsan_016591,DKSR20001208_1,31,3.48,0.16963430532577325,0.21308668582375478,0.0
test,ulsan_018015,DKSR20001336_1,25,5.02,0.12241144406894774,0.3437583001328021,0.0
test,ulsan_021419,DKSR20001534_2,18,5.1,0.15907810231556227,0.4014787581699346,0.0
test,ulsan_002764,DKSR20001145_1,53,5.67,0.15338898380965185,0.23107730746619637,0.0
test,ulsan_004527,DKSR20001167_2,38,6.76,0.12921252241496226,0.3974050788954635,0.0
test,ulsan_022865,DKSR20001571_1,30,5.88,0.11462811027184057,0.4329435941043084,0.0
test,ulsan_008994,DKSR20001476_2,106,8.97,0.12457332849411246,0.1322742474916388,0.0
test,ulsan_002715,DKSR20001145_2,2,2.06,0.0886642054033656,0.5615493527508091,0.0
test,ulsan_001004,DKSR20000960_2,22,3.88,0.13142066158437232,0.35542310996563575,0.0
test,ulsan_026376,DKSR20001158_2,33,6.26,0.10099068049532611,0.29497470713525026,0.0
test,ulsan_016793,DKSR20001240_1,12,3.69,0.16190351395874714,0.5099028906955736,0.0
test,ulsan_004550,DKSR20001167_2,41,3.69,0.14496893983344303,0.15547651309846433,0.0
test,ulsan_012631,DKSR20001649_1,22,3.78,0.08968765255456065,0.5564594356261023,0.0
test,ulsan_023298,DKSR20000955_1,14,3.2,0.1966266850048582,0.15216145833333333,0.0
test,ulsan_012927,DKSR20001651_1,30,3.79,0.11187451800153501,0.29739445910290235,0.0
test,ulsan_002940,DKSR20001146_2,29,3.35,0.12295080450559177,0.3434701492537313,0.0
test,ulsan_000891,DKSR20000959_1,35,3.69,0.1278926768882634,0.3387420957542909,0.0
test,ulsan_011422,DKSR20001610_1,10,2.34,0.11553716934448818,0.4129095441595442,0.0
test,ulsan_011111,DKSR20001609_2,34,5.32,0.1080831917601454,0.4018405388471178,0.0
test,ulsan_004839,DKSR20001168_2,48,6.88,0.11294678909981096,0.349109738372093,0.0
test,ulsan_021512,DKSR20001537_2,12,2.5,0.05800979011629272,0.37865,0.0
test,ulsan_003005,DKSR20001146_2,17,2.63,0.12456285811341392,0.3971324461343473,0.0
test,ulsan_008659,DKSR20001475_1,14,3.13,0.22822811073273122,0.20489882854100105,0.0
test,ulsan_021884,DKSR20001568_1,37,4.63,0.10480049302652651,0.23091252699784018,0.0
test,ulsan_020921,DKSR20001532_1,45,7.12,0.08299024236118265,0.3525866104868914,0.0
test,ulsan_026441,DKSR20001158_1,47,6.57,0.18495587379278755,0.2588914256722476,0.0
test,ulsan_016331,DKSR20001207_2,5,1.91,0.20783026736978763,0.3797338568935428,0.0
test,ulsan_017533,DKSR20001287_2,30,4.17,0.11010553389959457,0.3884392486011191,0.0
test,ulsan_014987,DKSR20001033_1,41,4.49,0.13332396726559423,0.23605233853006682,0.0
test,ulsan_003629,DKSR20001149_2,38,5.03,0.12134569828647522,0.35340457256461233,0.0
test,ulsan_010144,DKSR20001592_1,20,2.97,0.12785562228527206,0.32013187429854095,0.0
test,ulsan_018268,DKSR20001380_2,28,4.28,0.13438656534120075,0.22083333333333333,0.0
test,ulsan_001407,DKSR20001094_2,26,4.28,0.11143841568680138,0.38781152647975076,0.0
test,ulsan_020744,DKSR20001512_2,23,3.8,0.06827399247957792,0.3676206140350877,0.0
test,ulsan_019721,DKSR20001509_1,24,3.95,0.11657275410447254,0.19778481012658228,0.0
test,ulsan_024230,DKSR20000961_2,39,6.31,0.15341543936989552,0.20213285789751717,0.0
test,ulsan_021179,DKSR20001533_1,37,5.12,0.07309725999782764,0.3050048828125,0.0
test,ulsan_021481,DKSR20001537_1,31,4.68,0.16750119277868863,0.20802172364672364,0.0
test,ulsan_022322,DKSR20001569_1,19,2.1,0.10658892661585681,0.1473015873015873,0.0
test,ulsan_025792,DKSR20001157_1,7,1.04,0.11054723487410176,0.2860576923076923,0.0
test,ulsan_009641,DKSR20001536_1,32,4.92,0.14396490358083466,0.4546578590785908,0.0
test,ulsan_002672,DKSR20001145_1,28,3.64,0.1191035391083159,0.31599130036630035,0.0
test,ulsan_027044,DKSR20001203_1,24,4.24,0.1370560018593924,0.36828812893081764,0.0
test,ulsan_027477,DKSR20001204_2,23,4.45,0.14227246691962253,0.30034644194756555,0.0
test,ulsan_014668,DKSR20001033_2,34,3.85,0.15930527090519808,0.15386363636363637,0.0
test,ulsan_027588,DKSR20001204_1,13,2.92,0.15179017197025904,0.14810216894977168,0.0
test,ulsan_013209,DKSR20001677_2,8,1.66,0.13981346102597111,0.49216867469879516,0.0
test,ulsan_020766,DKSR20001512_1,29,4.61,0.08657722516567856,0.25537780187997106,0.0
test,ulsan_006811,DKSR20001286_2,21,2.85,0.14907518118914828,0.27769005847953215,0.0
test,ulsan_015171,DKSR20001159_2,16,2.88,0.15318621203850738,0.23832465277777778,0.0
test,ulsan_016351,DKSR20001207_1,19,3.65,0.12310800187236827,0.27528538812785386,0.0
test,ulsan_024925,DKSR20000973_1,36,5.74,0.12095788237971178,0.3173925667828107,0.0
test,ulsan_003280,DKSR20001147_2,13,2.31,0.1353406030897052,0.31971500721500723,0.0
test,ulsan_024759,DKSR20000962_2,11,3.54,0.10566423862603762,0.37793079096045196,0.0
test,ulsan_015539,DKSR20001160_1,15,2.75,0.16687239163871367,0.19543939393939394,0.0
test,ulsan_011582,DKSR20001610_2,24,4.44,0.13416144348690245,0.2986204954954955,0.0
test,ulsan_003250,DKSR20001146_2,13,3.79,0.13605490840809784,0.388764291996482,0.0
test,ulsan_009510,DKSR20001535_2,14,2.09,0.17407697467326957,0.22727272727272727,0.0
test,ulsan_023632,DKSR20000957_1,30,6.22,0.1138629985079687,0.2804796355841372,0.0
test,ulsan_024175,DKSR20000961_2,36,5.24,0.13178218363013033,0.24387722646310434,0.0
test,ulsan_022092,DKSR20001569_2,22,4.54,0.16444134557708703,0.18265418502202643,0.0
test,ulsan_002093,DKSR20001132_1,15,1.6,0.1522364298099012,0.24736979166666667,0.0
test,ulsan_009048,DKSR20001487_1,38,5.6,0.15191178064443422,0.2013467261904762,0.0
test,ulsan_027495,DKSR20001204_1,16,2.38,0.1692952681810393,0.1535014005602241,0.0
test,ulsan_020204,DKSR20001510_2,21,4.19,0.1181821050698548,0.2727326968973747,0.0
test,ulsan_020284,DKSR20001511_2,20,4.69,0.1282069426383025,0.5736673773987206,0.0
test,ulsan_013424,DKSR20001677_2,19,3.1,0.10724083075701127,0.4067204301075269,0.0
test,ulsan_015651,DKSR20001160_2,13,3.04,0.13906540824089403,0.436499451754386,0.0
test,ulsan_008397,DKSR20001475_1,32,3.93,0.18552949055252152,0.18428753180661578,0.0
test,ulsan_024731,DKSR20000962_1,20,3.46,0.11415210901274069,0.1839234104046243,0.0
test,ulsan_016018,DKSR20001206_1,47,4.64,0.19955992669707723,0.1772539511494253,0.0
test,ulsan_027281,DKSR20000980_2,25,2.97,0.13906777193306047,0.25729517396184065,0.0
test,ulsan_018543,DKSR20001386_2,72,11.36,0.1416766881102783,0.2717319542253521,0.0
test,ulsan_017450,DKSR20001287_2,24,4.37,0.12746367867489092,0.31505530129672005,0.0
test,ulsan_010161,DKSR20001592_1,44,4.72,0.13802541483527092,0.2850635593220339,0.0
test,ulsan_023761,DKSR20000957_2,41,6.69,0.1345511005335105,0.27757847533632285,0.0
test,ulsan_012477,DKSR20001649_2,33,5.8,0.07550892583592951,0.3429382183908046,0.0
test,ulsan_026030,DKSR20001157_1,2,1.41,0.1570570477273329,0.5273640661938535,0.0
test,ulsan_019420,DKSR20001508_1,27,4.13,0.08304729546705551,0.3308010492332526,0.0
test,ulsan_015772,DKSR20001202_2,25,3.05,0.13408150834744426,0.25348360655737706,0.0
test,ulsan_027153,DKSR20001203_1,31,8.67,0.10092174164694238,0.5343281430219147,0.0
test,ulsan_025055,DKSR20000973_1,28,4.22,0.09854829550233138,0.37695497630331753,0.0
test,ulsan_016238,DKSR20001207_1,31,3.87,0.15128424216380695,0.28095391903531436,0.0
test,ulsan_024937,DKSR20000973_1,34,5.73,0.11647537955122658,0.23760180337405468,0.0
test,ulsan_025554,DKSR20000974_1,8,2.81,0.07982452814316048,0.7191874258600237,0.0
test,ulsan_005238,DKSR20001169_1,14,2.02,0.1678274633809798,0.308766501650165,0.0
test,ulsan_011268,DKSR20001609_2,34,3.45,0.16066289514626775,0.3065096618357488,0.0
test,ulsan_002843,DKSR20001145_1,37,5.79,0.11424161326994954,0.24446603339090386,0.0
test,ulsan_014753,DKSR20001033_2,10,1.88,0.14793705747743666,0.1931072695035461,0.0
test,ulsan_015168,DKSR20001159_2,14,1.87,0.20658565025049633,0.11836007130124777,0.0
test,ulsan_005346,DKSR20001169_1,25,4.17,0.1136835381008207,0.35827338129496406,0.0
test,ulsan_005812,DKSR20001280_2,25,3.38,0.17883114512902967,0.23952169625246547,0.0
test,ulsan_022213,DKSR20001569_2,49,6.21,0.15205311519035733,0.11413714439076758,0.0
test,ulsan_014876,DKSR20001033_2,8,1.85,0.17298603307197244,0.3567342342342342,0.0
test,ulsan_012655,DKSR20001649_2,9,2.47,0.059015056386049244,0.6894062078272605,0.0
test,ulsan_011031,DKSR20001609_1,4,5.49,0.08783165307482815,0.8384790528233151,0.0
test,ulsan_000289,DKSR20000953_1,23,2.86,0.16005675427972385,0.258784965034965,0.0
test,ulsan_012785,DKSR20001650_2,26,4.52,0.0961218750404908,0.41969026548672567,0.0
test,ulsan_015177,DKSR20001159_1,5,3.07,0.1707811017440446,0.3796959826275787,0.0
test,ulsan_019257,DKSR20001507_1,18,3.02,0.12156345240195228,0.16163079470198677,0.0
test,ulsan_006686,DKSR20001286_1,22,2.72,0.1311000308353623,0.2952205882352941,0.0
test,ulsan_003030,DKSR20001146_2,9,1.77,0.1365482568849708,0.32248116760828627,0.0
test,ulsan_005436,DKSR20001278_2,32,3.86,0.16402219403167687,0.22271157167530226,0.0
test,ulsan_018818,DKSR20001388_2,93,13.6,0.11193524788490028,0.24514399509803922,0.0
test,ulsan_022307,DKSR20001569_2,36,5.79,0.1609192959925099,0.11283103051237767,0.0
test,ulsan_021048,DKSR20001533_2,25,3.62,0.13950006416632707,0.25310773480662985,0.0
test,ulsan_022458,DKSR20001570_1,5,2.16,0.12733117829812926,0.24998070987654322,0.0
test,ulsan_002319,DKSR20001144_1,16,2.66,0.10545005021358402,0.3744517543859649,0.0
test,ulsan_008720,DKSR20001476_1,24,5.58,0.11525275775906701,0.49949223416965355,0.0
test,ulsan_023451,DKSR20000955_2,11,1.59,0.14075252578885392,0.22138364779874214,0.0
test,ulsan_019662,DKSR20001508_2,20,3.24,0.1380655728684447,0.2589763374485597,0.0
test,ulsan_007447,DKSR20001348_1,30,4.98,0.13847361251881504,0.3722305890227577,0.0
test,ulsan_003428,DKSR20001147_1,16,2.45,0.11727026591643151,0.37914965986394555,0.0
test,ulsan_002621,DKSR20001145_1,44,4.81,0.10960706635581284,0.39190921690921693,0.0
test,ulsan_024966,DKSR20000973_2,33,4.26,0.08880152479819153,0.3076388888888889,0.0
test,ulsan_023547,DKSR20000955_1,7,1.57,0.2018576051218134,0.27505307855626326,0.0
test,ulsan_023291,DKSR20000955_1,8,2.79,0.24920095909738918,0.07725507765830346,0.0
test,ulsan_005791,DKSR20001280_2,23,2.43,0.1272261450548958,0.21021947873799726,0.0
test,ulsan_019294,DKSR20001507_2,30,3.04,0.13583946075208586,0.12032620614035087,0.0
test,ulsan_024445,DKSR20000963_2,39,4.4,0.13614610994788984,0.3515056818181818,0.0
test,ulsan_008297,DKSR20001413_2,37,6.0,0.10884653558901208,0.46906944444444443,0.0
test,ulsan_010270,DKSR20001593_2,30,3.04,0.1977128483666501,0.23338815789473685,0.0
test,ulsan_009721,DKSR20001536_1,32,4.03,0.1586445922903989,0.2923904052936311,0.0
test,ulsan_025562,DKSR20000974_2,22,4.04,0.14440637575205775,0.2944203795379538,0.0
test,ulsan_010385,DKSR20001593_2,28,4.48,0.18660771158521686,0.28038504464285713,0.0
test,ulsan_014205,DKSR20001031_1,33,4.23,0.14756586172386454,0.2827620173364854,0.0
test,ulsan_003111,DKSR20001146_2,34,3.19,0.10269416566492143,0.2429858934169279,0.0
test,ulsan_003631,DKSR20001149_2,41,5.0,0.12972545647624087,0.3143166666666667,0.0
test,ulsan_026591,DKSR20001158_1,27,4.51,0.14840047748848056,0.24437361419068737,0.0
test,ulsan_010562,DKSR20001594_1,28,3.77,0.14334812066455768,0.318578691423519,0.0
test,ulsan_023271,DKSR20000955_2,44,6.89,0.13326945603225537,0.23072085147556845,0.0
test,ulsan_026197,DKSR20000975_2,40,4.9,0.10454597174246791,0.23732142857142857,0.0
test,ulsan_020903,DKSR20001532_2,55,8.46,0.13796275882332942,0.1605890464933018,0.0
